Stopping services and wiping volumes...

  cache:    DISABLED
  consumer: SLOW (0.05s/event)
  saga:     fast
  stream:   redis-stream :6379  (no memory limit)

Starting services...
time="2026-04-26T04:04:54+05:30" level=warning msg="/Users/akankshawattamwar/Desktop/CS315/CQRS/docker-compose.yml: the attribute `version` is obsolete, it will be ignored, please remove it to avoid potential confusion"
#1 [internal] load local bake definitions
#1 reading from stdin 1.05kB done
#1 DONE 0.0s

#2 [consumer internal] load build definition from Dockerfile
#2 transferring dockerfile: 186B done
#2 DONE 0.0s

#3 [saga internal] load build definition from Dockerfile
#3 transferring dockerfile: 365B done
#3 DONE 0.0s

#4 [consumer internal] load metadata for docker.io/library/python:3.12-slim
#4 DONE 1.6s

#5 [consumer internal] load .dockerignore
#5 transferring context: 2B done
#5 DONE 0.0s

#6 [saga internal] load .dockerignore
#6 transferring context: 2B done
#6 DONE 0.0s

#7 [consumer internal] load build context
#7 transferring context: 308B done
#7 DONE 0.0s

#8 [consumer 1/7] FROM docker.io/library/python:3.12-slim@sha256:46cb7cc2877e60fbd5e21a9ae6115c30ace7a077b9f8772da879e4590c18c2e3
#8 resolve docker.io/library/python:3.12-slim@sha256:46cb7cc2877e60fbd5e21a9ae6115c30ace7a077b9f8772da879e4590c18c2e3 done
#8 DONE 0.0s

#9 [saga 2/7] WORKDIR /service
#9 CACHED

#10 [consumer 2/5] WORKDIR /app
#10 CACHED

#11 [saga internal] load build context
#11 transferring context: 386B done
#11 DONE 0.0s

#12 [consumer 3/5] COPY requirements.txt .
#12 DONE 0.0s

#13 [saga 3/7] COPY saga/requirements.txt saga/
#13 DONE 0.0s

#14 [saga 4/7] RUN pip install --no-cache-dir -r saga/requirements.txt
#14 1.448 Collecting pymongo==4.7.2 (from -r saga/requirements.txt (line 1))
#14 1.522   Downloading pymongo-4.7.2-cp312-cp312-manylinux_2_17_aarch64.manylinux2014_aarch64.whl.metadata (22 kB)
#14 1.584 Collecting redis==5.0.5 (from -r saga/requirements.txt (line 2))
#14 1.603   Downloading redis-5.0.5-py3-none-any.whl.metadata (9.3 kB)
#14 1.665 Collecting psycopg2-binary==2.9.9 (from -r saga/requirements.txt (line 3))
#14 1.692   Downloading psycopg2_binary-2.9.9-cp312-cp312-manylinux_2_17_aarch64.manylinux2014_aarch64.whl.metadata (4.4 kB)
#14 1.727 Collecting dnspython<3.0.0,>=1.16.0 (from pymongo==4.7.2->-r saga/requirements.txt (line 1))
#14 1.747   Downloading dnspython-2.8.0-py3-none-any.whl.metadata (5.7 kB)
#14 1.778 Downloading pymongo-4.7.2-cp312-cp312-manylinux_2_17_aarch64.manylinux2014_aarch64.whl (688 kB)
#14 2.005    ━━━━━━━━━━━━━━━━━━━━━━━━━━━━━━━━━━━━━━━━ 689.0/689.0 kB 4.1 MB/s eta 0:00:00
#14 2.034 Downloading redis-5.0.5-py3-none-any.whl (251 kB)
#14 2.091 Downloading psycopg2_binary-2.9.9-cp312-cp312-manylinux_2_17_aarch64.manylinux2014_aarch64.whl (2.9 MB)
#14 2.911    ━━━━━━━━━━━━━━━━━━━━━━━━━━━━━━━━━━━━━━━━ 2.9/2.9 MB 3.5 MB/s eta 0:00:00
#14 2.940 Downloading dnspython-2.8.0-py3-none-any.whl (331 kB)
#14 3.000 Installing collected packages: redis, psycopg2-binary, dnspython, pymongo
#14 3.352 Successfully installed dnspython-2.8.0 psycopg2-binary-2.9.9 pymongo-4.7.2 redis-5.0.5
#14 3.352 WARNING: Running pip as the 'root' user can result in broken permissions and conflicting behaviour with the system package manager, possibly rendering your system unusable. It is recommended to use a virtual environment instead: https://pip.pypa.io/warnings/venv. Use the --root-user-action option if you know what you are doing and want to suppress this warning.
#14 3.465 
#14 3.465 [notice] A new release of pip is available: 25.0.1 -> 26.0.1
#14 3.465 [notice] To update, run: pip install --upgrade pip
#14 DONE 3.6s

#15 [saga 5/7] COPY write-api/events.py write-api/
#15 DONE 0.0s

#16 [saga 6/7] COPY saga/ saga/
#16 DONE 0.0s

#17 [saga 7/7] WORKDIR /service/saga
#17 DONE 0.0s

#18 [consumer 4/5] RUN pip install --no-cache-dir -r requirements.txt
#18 1.476 Collecting pymongo==4.7.2 (from -r requirements.txt (line 1))
#18 1.544   Downloading pymongo-4.7.2-cp312-cp312-manylinux_2_17_aarch64.manylinux2014_aarch64.whl.metadata (22 kB)
#18 1.605 Collecting redis==5.0.5 (from -r requirements.txt (line 2))
#18 1.624   Downloading redis-5.0.5-py3-none-any.whl.metadata (9.3 kB)
#18 1.682 Collecting psycopg2-binary==2.9.9 (from -r requirements.txt (line 3))
#18 1.702   Downloading psycopg2_binary-2.9.9-cp312-cp312-manylinux_2_17_aarch64.manylinux2014_aarch64.whl.metadata (4.4 kB)
#18 1.734 Collecting dnspython<3.0.0,>=1.16.0 (from pymongo==4.7.2->-r requirements.txt (line 1))
#18 1.756   Downloading dnspython-2.8.0-py3-none-any.whl.metadata (5.7 kB)
#18 1.781 Downloading pymongo-4.7.2-cp312-cp312-manylinux_2_17_aarch64.manylinux2014_aarch64.whl (688 kB)
#18 2.041    ━━━━━━━━━━━━━━━━━━━━━━━━━━━━━━━━━━━━━━━━ 689.0/689.0 kB 3.3 MB/s eta 0:00:00
#18 2.062 Downloading redis-5.0.5-py3-none-any.whl (251 kB)
#18 2.204 Downloading psycopg2_binary-2.9.9-cp312-cp312-manylinux_2_17_aarch64.manylinux2014_aarch64.whl (2.9 MB)
#18 3.037    ━━━━━━━━━━━━━━━━━━━━━━━━━━━━━━━━━━━━━━━━ 2.9/2.9 MB 3.5 MB/s eta 0:00:00
#18 3.055 Downloading dnspython-2.8.0-py3-none-any.whl (331 kB)
#18 3.109 Installing collected packages: redis, psycopg2-binary, dnspython, pymongo
#18 3.447 Successfully installed dnspython-2.8.0 psycopg2-binary-2.9.9 pymongo-4.7.2 redis-5.0.5
#18 3.447 WARNING: Running pip as the 'root' user can result in broken permissions and conflicting behaviour with the system package manager, possibly rendering your system unusable. It is recommended to use a virtual environment instead: https://pip.pypa.io/warnings/venv. Use the --root-user-action option if you know what you are doing and want to suppress this warning.
#18 3.577 
#18 3.577 [notice] A new release of pip is available: 25.0.1 -> 26.0.1
#18 3.577 [notice] To update, run: pip install --upgrade pip
#18 DONE 3.6s

#19 [consumer 5/5] COPY . .
#19 DONE 0.0s

#20 [consumer] exporting to image
#20 exporting layers
#20 exporting layers 0.6s done
#20 exporting manifest sha256:434bd9db9bf86aca7c8c7a948f5a2991356fad6c87d2c93b7b6ce952a5850fe4 done
#20 exporting config sha256:ff9e469b21c8a87e1d2619981c09864ee6b4dcbfde8720f5a36af39df1bd26af done
#20 exporting attestation manifest sha256:4dcdcf213eb950ab86e7dfc6ad2415fd88c235a80d778a1053cd420b37c2cb3f done
#20 exporting manifest list sha256:9720ec1788e93b6c5b3b070bddd82eeacabba5beedf776e4f137fee5cdd415e7 done
#20 naming to docker.io/library/cqrs-consumer:latest done
#20 unpacking to docker.io/library/cqrs-consumer:latest 0.1s done
#20 DONE 0.7s

#21 [saga] exporting to image
#21 exporting layers 0.6s done
#21 exporting manifest sha256:bd55d24ca2f257bddfd56a130e53d1f61bd250b33bf847a120065f09b6a838c9 done
#21 exporting config sha256:72f8f9cb303eeb2cc8980d95c7a36d23cd027100f718d2e99cb94fcfd820ef56 done
#21 exporting attestation manifest sha256:155b9e65530e9f4958d23819f68ad959c0268099a02a2f421a98c77234b4f04b done
#21 exporting manifest list sha256:f89897f67063acfbae782d08ba2c5ebf7366e02f15346102b523151288079658 done
#21 naming to docker.io/library/cqrs-saga:latest done
#21 unpacking to docker.io/library/cqrs-saga:latest 0.2s done
#21 DONE 0.8s

#22 [consumer] resolving provenance for metadata file
#22 DONE 0.0s

#23 [saga] resolving provenance for metadata file
#23 DONE 0.0s
 cqrs-saga  Built
 cqrs-consumer  Built
time="2026-04-26T04:05:01+05:30" level=warning msg="/Users/akankshawattamwar/Desktop/CS315/CQRS/docker-compose.yml: the attribute `version` is obsolete, it will be ignored, please remove it to avoid potential confusion"
#1 [internal] load local bake definitions
#1 reading from stdin 2.42kB done
#1 DONE 0.0s

#2 [consumer internal] load build definition from Dockerfile
#2 transferring dockerfile: 186B done
#2 DONE 0.0s

#3 [read-api internal] load build definition from Dockerfile
#3 transferring dockerfile: 225B done
#3 DONE 0.0s

#4 [write-api internal] load build definition from Dockerfile
#4 transferring dockerfile: 225B done
#4 DONE 0.0s

#5 [saga internal] load build definition from Dockerfile
#5 transferring dockerfile: 365B done
#5 DONE 0.0s

#6 [frontend internal] load build definition from Dockerfile
#6 transferring dockerfile: 271B done
#6 DONE 0.0s

#7 [saga internal] load metadata for docker.io/library/python:3.12-slim
#7 DONE 0.4s

#8 [read-api internal] load .dockerignore
#8 transferring context: 2B done
#8 DONE 0.0s

#9 [write-api internal] load .dockerignore
#9 transferring context: 2B done
#9 DONE 0.0s

#10 [saga internal] load .dockerignore
#10 transferring context: 2B done
#10 DONE 0.0s

#11 [consumer internal] load .dockerignore
#11 transferring context: 2B done
#11 DONE 0.0s

#12 [read-api internal] load build context
#12 transferring context: 258B done
#12 DONE 0.0s

#13 [write-api internal] load build context
#13 transferring context: 341B done
#13 DONE 0.0s

#14 [consumer internal] load build context
#14 transferring context: 308B done
#14 DONE 0.0s

#15 [saga 1/5] FROM docker.io/library/python:3.12-slim@sha256:46cb7cc2877e60fbd5e21a9ae6115c30ace7a077b9f8772da879e4590c18c2e3
#15 resolve docker.io/library/python:3.12-slim@sha256:46cb7cc2877e60fbd5e21a9ae6115c30ace7a077b9f8772da879e4590c18c2e3 0.0s done
#15 DONE 0.0s

#16 [saga internal] load build context
#16 transferring context: 386B done
#16 DONE 0.0s

#17 [write-api 3/5] COPY requirements.txt .
#17 CACHED

#18 [write-api 4/5] RUN pip install --no-cache-dir -r requirements.txt
#18 CACHED

#19 [read-api 4/5] RUN pip install --no-cache-dir -r requirements.txt
#19 CACHED

#20 [read-api 3/5] COPY requirements.txt .
#20 CACHED

#21 [write-api 5/5] COPY . .
#21 CACHED

#22 [read-api 5/5] COPY . .
#22 CACHED

#23 [consumer 2/5] WORKDIR /app
#23 CACHED

#24 [consumer 4/5] RUN pip install --no-cache-dir -r requirements.txt
#24 CACHED

#25 [consumer 3/5] COPY requirements.txt .
#25 CACHED

#26 [consumer 5/5] COPY . .
#26 CACHED

#27 [write-api] exporting to image
#27 exporting layers
#27 exporting layers done
#27 exporting manifest sha256:92a21a99b40b6531c5801222236f42d6aa7bbf8b65d7634fc566f9392602e764 done
#27 exporting config sha256:be9fb26fa271ebf0c525960e70f2e967c21bf78a1eb2b7a7dc06e6d3ff4d3f55 done
#27 exporting attestation manifest sha256:385dd934cdd8e04cf4bc6d4d0d637ce31cfad505dce10d4de167687cfd894528 0.0s done
#27 exporting manifest list sha256:d7c69a0e9db7d1723816fa392b31f47b906a316777ae12276ff68d12312f295e done
#27 naming to docker.io/library/cqrs-write-api:latest done
#27 unpacking to docker.io/library/cqrs-write-api:latest 0.0s done
#27 DONE 0.1s

#28 [read-api] exporting to image
#28 exporting layers done
#28 exporting manifest sha256:c63ee61fb06e4bd063e843362129b868354c2f94e2566ad3c11bbd0548881470 done
#28 exporting config sha256:46bb870cf8127e2823c379c44ac9a3c0d6ee66fd1b3343341206f22ff23f7f62 done
#28 exporting attestation manifest sha256:e9c62ba9c8b6806c1c542860ebd2d081e2313c176fc0e2d22a82f593ff9496d4 0.0s done
#28 exporting manifest list sha256:11524195a197400fa285f2c74a38b72199e8492350e8ce79f682556fa19893b5 done
#28 naming to docker.io/library/cqrs-read-api:latest done
#28 unpacking to docker.io/library/cqrs-read-api:latest done
#28 DONE 0.1s

#29 [consumer] exporting to image
#29 exporting layers done
#29 exporting manifest sha256:434bd9db9bf86aca7c8c7a948f5a2991356fad6c87d2c93b7b6ce952a5850fe4 done
#29 exporting config sha256:ff9e469b21c8a87e1d2619981c09864ee6b4dcbfde8720f5a36af39df1bd26af done
#29 exporting attestation manifest sha256:3cf76970c27e30d1cd6716a1109083f6d68da1875f698284cfdb46f26e824b2e 0.0s done
#29 exporting manifest list sha256:4d144ce390ecde0ce0fe8ed459a01f56851035e4d34d3354f482b63624dc9c61 done
#29 naming to docker.io/library/cqrs-consumer:latest done
#29 unpacking to docker.io/library/cqrs-consumer:latest 0.0s done
#29 DONE 0.1s

#30 [saga 2/7] WORKDIR /service
#30 CACHED

#31 [saga 5/7] COPY write-api/events.py write-api/
#31 CACHED

#32 [saga 3/7] COPY saga/requirements.txt saga/
#32 CACHED

#33 [saga 6/7] COPY saga/ saga/
#33 CACHED

#34 [saga 4/7] RUN pip install --no-cache-dir -r saga/requirements.txt
#34 CACHED

#35 [saga 7/7] WORKDIR /service/saga
#35 CACHED

#36 [saga] exporting to image
#36 exporting layers done
#36 exporting manifest sha256:bd55d24ca2f257bddfd56a130e53d1f61bd250b33bf847a120065f09b6a838c9 done
#36 exporting config sha256:72f8f9cb303eeb2cc8980d95c7a36d23cd027100f718d2e99cb94fcfd820ef56 done
#36 exporting attestation manifest sha256:13f5ac87aaee6cb0c2d28438d0eab2b1b0ef1525e1ce251ea6f8990e23a12277 done
#36 exporting manifest list sha256:44ed5bf6ed65959509c276eb80e86376c67e2c78951186c49110c7ea006d3a87 done
#36 naming to docker.io/library/cqrs-saga:latest done
#36 unpacking to docker.io/library/cqrs-saga:latest 0.0s done
#36 DONE 0.1s

#37 [read-api] resolving provenance for metadata file
#37 DONE 0.0s

#38 [write-api] resolving provenance for metadata file
#38 DONE 0.0s

#39 [consumer] resolving provenance for metadata file
#39 DONE 0.0s

#40 [saga] resolving provenance for metadata file
#40 DONE 0.0s

#41 [frontend internal] load metadata for docker.io/library/node:20-alpine
#41 ...

#42 [frontend internal] load metadata for docker.io/library/nginx:alpine
#42 DONE 1.2s

#41 [frontend internal] load metadata for docker.io/library/node:20-alpine
#41 DONE 1.8s

#43 [frontend internal] load .dockerignore
#43 transferring context: 2B done
#43 DONE 0.0s

#44 [frontend build 1/6] FROM docker.io/library/node:20-alpine@sha256:fb4cd12c85ee03686f6af5362a0b0d56d50c58a04632e6c0fb8363f609372293
#44 resolve docker.io/library/node:20-alpine@sha256:fb4cd12c85ee03686f6af5362a0b0d56d50c58a04632e6c0fb8363f609372293 0.0s done
#44 DONE 0.0s

#45 [frontend stage-1 1/3] FROM docker.io/library/nginx:alpine@sha256:5616878291a2eed594aee8db4dade5878cf7edcb475e59193904b198d9b830de
#45 resolve docker.io/library/nginx:alpine@sha256:5616878291a2eed594aee8db4dade5878cf7edcb475e59193904b198d9b830de 0.0s done
#45 DONE 0.0s

#46 [frontend internal] load build context
#46 transferring context: 185.58kB 0.1s done
#46 DONE 0.1s

#47 [frontend stage-1 2/3] COPY --from=build /app/dist /usr/share/nginx/html
#47 CACHED

#48 [frontend build 3/6] COPY package.json ./
#48 CACHED

#49 [frontend build 6/6] RUN npm run build
#49 CACHED

#50 [frontend build 2/6] WORKDIR /app
#50 CACHED

#51 [frontend build 4/6] RUN npm install
#51 CACHED

#52 [frontend build 5/6] COPY . .
#52 CACHED

#53 [frontend stage-1 3/3] COPY nginx.conf /etc/nginx/conf.d/default.conf
#53 CACHED

#54 [frontend] exporting to image
#54 exporting layers done
#54 exporting manifest sha256:32782dd8e2053c61118ccbb621867087941de406675097f92803716fedafab00 done
#54 exporting config sha256:64d46ad231b32d64275256ac207db88e0b5dd078678dcdc752d464f80305d609 done
#54 exporting attestation manifest sha256:2a3a58ad421295db1591be8e10e5e99a14f0c079e0c617516f9335045f0e2220 done
#54 exporting manifest list sha256:6e7d519730757e1997c99dff1cb5521f442715710f7e065b1a1632761cce7f1a
#54 exporting manifest list sha256:6e7d519730757e1997c99dff1cb5521f442715710f7e065b1a1632761cce7f1a done
#54 naming to docker.io/library/cqrs-frontend:latest done
#54 unpacking to docker.io/library/cqrs-frontend:latest done
#54 DONE 0.0s

#55 [frontend] resolving provenance for metadata file
#55 DONE 0.0s
 cqrs-saga  Built
 cqrs-frontend  Built
 cqrs-write-api  Built
 cqrs-consumer  Built
 cqrs-read-api  Built
 Network cqrs_default  Creating
 Network cqrs_default  Created
 Volume "cqrs_mongo_data"  Creating
 Volume "cqrs_mongo_data"  Created
 Volume "cqrs_postgres_data"  Creating
 Volume "cqrs_postgres_data"  Created
 Container cqrs-redis-cache-1  Creating
 Container cqrs-postgres-1  Creating
 Container cqrs-mongodb-1  Creating
 Container cqrs-redis-stream-1  Creating
 Container cqrs-mongodb-1  Created
 Container cqrs-redis-stream-1  Created
 Container cqrs-redis-cache-1  Created
 Container cqrs-write-api-1  Creating
 Container cqrs-postgres-1  Created
 Container cqrs-consumer-1  Creating
 Container cqrs-saga-1  Creating
 Container cqrs-read-api-1  Creating
 Container cqrs-read-api-1  Created
 Container cqrs-frontend-1  Creating
 Container cqrs-write-api-1  Created
 Container cqrs-consumer-1  Created
 Container cqrs-saga-1  Created
 Container cqrs-frontend-1  Created
 Container cqrs-redis-stream-1  Starting
 Container cqrs-mongodb-1  Starting
 Container cqrs-redis-cache-1  Starting
 Container cqrs-postgres-1  Starting
 Container cqrs-redis-cache-1  Started
 Container cqrs-postgres-1  Started
 Container cqrs-redis-cache-1  Waiting
 Container cqrs-postgres-1  Waiting
 Container cqrs-mongodb-1  Started
 Container cqrs-redis-stream-1  Started
 Container cqrs-redis-stream-1  Waiting
 Container cqrs-mongodb-1  Waiting
 Container cqrs-redis-stream-1  Waiting
 Container cqrs-postgres-1  Waiting
 Container cqrs-postgres-1  Waiting
 Container cqrs-mongodb-1  Waiting
 Container cqrs-redis-stream-1  Waiting
 Container cqrs-redis-cache-1  Waiting
 Container cqrs-mongodb-1  Waiting
 Container cqrs-redis-cache-1  Healthy
 Container cqrs-postgres-1  Healthy
 Container cqrs-redis-cache-1  Healthy
 Container cqrs-read-api-1  Starting
 Container cqrs-redis-stream-1  Healthy
 Container cqrs-redis-stream-1  Healthy
 Container cqrs-postgres-1  Healthy
 Container cqrs-redis-stream-1  Healthy
 Container cqrs-postgres-1  Healthy
 Container cqrs-read-api-1  Started
 Container cqrs-frontend-1  Starting
 Container cqrs-frontend-1  Started
 Container cqrs-mongodb-1  Healthy
 Container cqrs-mongodb-1  Healthy
 Container cqrs-mongodb-1  Healthy
 Container cqrs-consumer-1  Starting
 Container cqrs-saga-1  Starting
 Container cqrs-write-api-1  Starting
 Container cqrs-saga-1  Started
 Container cqrs-consumer-1  Started
 Container cqrs-write-api-1  Started
Waiting for APIs to be ready...
Clearing MongoDB events and sagas...
time="2026-04-26T04:05:16+05:30" level=warning msg="/Users/akankshawattamwar/Desktop/CS315/CQRS/docker-compose.yml: the attribute `version` is obsolete, it will be ignored, please remove it to avoid potential confusion"
MongoDB cleared
All services up.
Logs: docker compose logs -f [write-api|read-api|consumer|saga]

[1m=======================================================[0m
[1m  EVENTUAL CONSISTENCY DEMO — 500 orders[0m
[1m=======================================================[0m

  Write path:  Write API → MongoDB → Redis Stream
  Read path:   Consumer → PostgreSQL ← Read API
  Cache:       DISABLED (DISABLE_CACHE set)

[96mOrder 1/500:[0m
  [     10ms]  [91mstale[0m    (poll #1)  order=aeea7aa3
  [     72ms]  [92mVISIBLE[0m  (poll #2, X-Cache: MISS)  order=aeea7aa3

[96mOrder 2/500:[0m
  [      3ms]  [91mstale[0m    (poll #1)  order=a60bf064
  [     59ms]  [91mstale[0m    (poll #2)  order=a60bf064
  [    119ms]  [91mstale[0m    (poll #3)  order=a60bf064
  [    183ms]  [91mstale[0m    (poll #4)  order=a60bf064
  [    244ms]  [92mVISIBLE[0m  (poll #5, X-Cache: MISS)  order=a60bf064

[96mOrder 3/500:[0m
  [      7ms]  [91mstale[0m    (poll #1)  order=4c0037ae
  [     70ms]  [91mstale[0m    (poll #2)  order=4c0037ae
  [    135ms]  [91mstale[0m    (poll #3)  order=4c0037ae
  [    201ms]  [92mVISIBLE[0m  (poll #4, X-Cache: MISS)  order=4c0037ae

[96mOrder 4/500:[0m
  [      8ms]  [91mstale[0m    (poll #1)  order=706d36cd
  [     69ms]  [91mstale[0m    (poll #2)  order=706d36cd
  [    136ms]  [91mstale[0m    (poll #3)  order=706d36cd
  [    196ms]  [91mstale[0m    (poll #4)  order=706d36cd
  [    255ms]  [92mVISIBLE[0m  (poll #5, X-Cache: MISS)  order=706d36cd

[96mOrder 5/500:[0m
  [      4ms]  [91mstale[0m    (poll #1)  order=ffcdddb0
  [     65ms]  [91mstale[0m    (poll #2)  order=ffcdddb0
  [    127ms]  [91mstale[0m    (poll #3)  order=ffcdddb0
  [    194ms]  [91mstale[0m    (poll #4)  order=ffcdddb0
  [    260ms]  [92mVISIBLE[0m  (poll #5, X-Cache: MISS)  order=ffcdddb0

[96mOrder 6/500:[0m
  [      6ms]  [91mstale[0m    (poll #1)  order=d622d658
  [     69ms]  [91mstale[0m    (poll #2)  order=d622d658
  [    134ms]  [91mstale[0m    (poll #3)  order=d622d658
  [    203ms]  [92mVISIBLE[0m  (poll #4, X-Cache: MISS)  order=d622d658

[96mOrder 7/500:[0m
  [     10ms]  [91mstale[0m    (poll #1)  order=78ba086b
  [     69ms]  [91mstale[0m    (poll #2)  order=78ba086b
  [    126ms]  [91mstale[0m    (poll #3)  order=78ba086b
  [    190ms]  [92mVISIBLE[0m  (poll #4, X-Cache: MISS)  order=78ba086b

[96mOrder 8/500:[0m
  [      4ms]  [91mstale[0m    (poll #1)  order=dd1370d8
  [     65ms]  [91mstale[0m    (poll #2)  order=dd1370d8
  [    128ms]  [91mstale[0m    (poll #3)  order=dd1370d8
  [    194ms]  [91mstale[0m    (poll #4)  order=dd1370d8
  [    262ms]  [92mVISIBLE[0m  (poll #5, X-Cache: MISS)  order=dd1370d8

[96mOrder 9/500:[0m
  [      5ms]  [91mstale[0m    (poll #1)  order=3cff09ce
  [     66ms]  [91mstale[0m    (poll #2)  order=3cff09ce
  [    128ms]  [91mstale[0m    (poll #3)  order=3cff09ce
  [    194ms]  [91mstale[0m    (poll #4)  order=3cff09ce
  [    260ms]  [92mVISIBLE[0m  (poll #5, X-Cache: MISS)  order=3cff09ce

[96mOrder 10/500:[0m
  [      5ms]  [91mstale[0m    (poll #1)  order=78dd0329
  [     66ms]  [91mstale[0m    (poll #2)  order=78dd0329
  [    131ms]  [91mstale[0m    (poll #3)  order=78dd0329
  [    191ms]  [91mstale[0m    (poll #4)  order=78dd0329
  [    258ms]  [92mVISIBLE[0m  (poll #5, X-Cache: MISS)  order=78dd0329

[96mOrder 11/500:[0m
  [      6ms]  [91mstale[0m    (poll #1)  order=7e7e7e95
  [     67ms]  [91mstale[0m    (poll #2)  order=7e7e7e95
  [    131ms]  [91mstale[0m    (poll #3)  order=7e7e7e95
  [    197ms]  [91mstale[0m    (poll #4)  order=7e7e7e95
  [    264ms]  [92mVISIBLE[0m  (poll #5, X-Cache: MISS)  order=7e7e7e95

[96mOrder 12/500:[0m
  [      8ms]  [91mstale[0m    (poll #1)  order=35fa4f3b
  [     70ms]  [91mstale[0m    (poll #2)  order=35fa4f3b
  [    133ms]  [91mstale[0m    (poll #3)  order=35fa4f3b
  [    201ms]  [91mstale[0m    (poll #4)  order=35fa4f3b
  [    264ms]  [92mVISIBLE[0m  (poll #5, X-Cache: MISS)  order=35fa4f3b

[96mOrder 13/500:[0m
  [      5ms]  [91mstale[0m    (poll #1)  order=7c098592
  [     74ms]  [91mstale[0m    (poll #2)  order=7c098592
  [    134ms]  [91mstale[0m    (poll #3)  order=7c098592
  [    195ms]  [91mstale[0m    (poll #4)  order=7c098592
  [    256ms]  [92mVISIBLE[0m  (poll #5, X-Cache: MISS)  order=7c098592

[96mOrder 14/500:[0m
  [      3ms]  [91mstale[0m    (poll #1)  order=bf17d70a
  [     62ms]  [91mstale[0m    (poll #2)  order=bf17d70a
  [    123ms]  [91mstale[0m    (poll #3)  order=bf17d70a
  [    192ms]  [91mstale[0m    (poll #4)  order=bf17d70a
  [    266ms]  [92mVISIBLE[0m  (poll #5, X-Cache: MISS)  order=bf17d70a

[96mOrder 15/500:[0m
  [      4ms]  [91mstale[0m    (poll #1)  order=a20af935
  [     65ms]  [91mstale[0m    (poll #2)  order=a20af935
  [    123ms]  [91mstale[0m    (poll #3)  order=a20af935
  [    189ms]  [91mstale[0m    (poll #4)  order=a20af935
  [    258ms]  [92mVISIBLE[0m  (poll #5, X-Cache: MISS)  order=a20af935

[96mOrder 16/500:[0m
  [      8ms]  [91mstale[0m    (poll #1)  order=f1f41e95
  [     73ms]  [91mstale[0m    (poll #2)  order=f1f41e95
  [    139ms]  [91mstale[0m    (poll #3)  order=f1f41e95
  [    202ms]  [91mstale[0m    (poll #4)  order=f1f41e95
  [    269ms]  [92mVISIBLE[0m  (poll #5, X-Cache: MISS)  order=f1f41e95

[96mOrder 17/500:[0m
  [      6ms]  [91mstale[0m    (poll #1)  order=79357970
  [     66ms]  [91mstale[0m    (poll #2)  order=79357970
  [    130ms]  [91mstale[0m    (poll #3)  order=79357970
  [    198ms]  [91mstale[0m    (poll #4)  order=79357970
  [    267ms]  [92mVISIBLE[0m  (poll #5, X-Cache: MISS)  order=79357970

[96mOrder 18/500:[0m
  [      9ms]  [91mstale[0m    (poll #1)  order=9497fafd
  [     74ms]  [91mstale[0m    (poll #2)  order=9497fafd
  [    145ms]  [91mstale[0m    (poll #3)  order=9497fafd
  [    213ms]  [92mVISIBLE[0m  (poll #4, X-Cache: MISS)  order=9497fafd

[96mOrder 19/500:[0m
  [      9ms]  [91mstale[0m    (poll #1)  order=3772900e
  [     74ms]  [91mstale[0m    (poll #2)  order=3772900e
  [    141ms]  [91mstale[0m    (poll #3)  order=3772900e
  [    204ms]  [91mstale[0m    (poll #4)  order=3772900e
  [    273ms]  [92mVISIBLE[0m  (poll #5, X-Cache: MISS)  order=3772900e

[96mOrder 20/500:[0m
  [      8ms]  [91mstale[0m    (poll #1)  order=63728577
  [     70ms]  [91mstale[0m    (poll #2)  order=63728577
  [    131ms]  [91mstale[0m    (poll #3)  order=63728577
  [    219ms]  [92mVISIBLE[0m  (poll #4, X-Cache: MISS)  order=63728577

[96mOrder 21/500:[0m
  [      3ms]  [91mstale[0m    (poll #1)  order=9a660886
  [     59ms]  [91mstale[0m    (poll #2)  order=9a660886
  [    118ms]  [91mstale[0m    (poll #3)  order=9a660886
  [    186ms]  [91mstale[0m    (poll #4)  order=9a660886
  [    253ms]  [92mVISIBLE[0m  (poll #5, X-Cache: MISS)  order=9a660886

[96mOrder 22/500:[0m
  [      7ms]  [91mstale[0m    (poll #1)  order=51e23569
  [     67ms]  [91mstale[0m    (poll #2)  order=51e23569
  [    129ms]  [91mstale[0m    (poll #3)  order=51e23569
  [    198ms]  [91mstale[0m    (poll #4)  order=51e23569
  [    264ms]  [92mVISIBLE[0m  (poll #5, X-Cache: MISS)  order=51e23569

[96mOrder 23/500:[0m
  [      8ms]  [91mstale[0m    (poll #1)  order=57f3839f
  [     68ms]  [91mstale[0m    (poll #2)  order=57f3839f
  [    134ms]  [91mstale[0m    (poll #3)  order=57f3839f
  [    210ms]  [91mstale[0m    (poll #4)  order=57f3839f
  [    273ms]  [92mVISIBLE[0m  (poll #5, X-Cache: MISS)  order=57f3839f

[96mOrder 24/500:[0m
  [      8ms]  [91mstale[0m    (poll #1)  order=76496eda
  [     67ms]  [91mstale[0m    (poll #2)  order=76496eda
  [    131ms]  [91mstale[0m    (poll #3)  order=76496eda
  [    196ms]  [92mVISIBLE[0m  (poll #4, X-Cache: MISS)  order=76496eda

[96mOrder 25/500:[0m
  [      7ms]  [91mstale[0m    (poll #1)  order=8480a373
  [     68ms]  [91mstale[0m    (poll #2)  order=8480a373
  [    128ms]  [91mstale[0m    (poll #3)  order=8480a373
  [    191ms]  [91mstale[0m    (poll #4)  order=8480a373
  [    258ms]  [92mVISIBLE[0m  (poll #5, X-Cache: MISS)  order=8480a373

[96mOrder 26/500:[0m
  [      6ms]  [91mstale[0m    (poll #1)  order=9c080f7a
  [     69ms]  [91mstale[0m    (poll #2)  order=9c080f7a
  [    128ms]  [91mstale[0m    (poll #3)  order=9c080f7a
  [    192ms]  [91mstale[0m    (poll #4)  order=9c080f7a
  [    261ms]  [92mVISIBLE[0m  (poll #5, X-Cache: MISS)  order=9c080f7a

[96mOrder 27/500:[0m
  [     10ms]  [91mstale[0m    (poll #1)  order=814ae0b9
  [     74ms]  [91mstale[0m    (poll #2)  order=814ae0b9
  [    135ms]  [91mstale[0m    (poll #3)  order=814ae0b9
  [    194ms]  [91mstale[0m    (poll #4)  order=814ae0b9
  [    253ms]  [92mVISIBLE[0m  (poll #5, X-Cache: MISS)  order=814ae0b9

[96mOrder 28/500:[0m
  [      5ms]  [91mstale[0m    (poll #1)  order=b2e42bc7
  [     64ms]  [91mstale[0m    (poll #2)  order=b2e42bc7
  [    128ms]  [91mstale[0m    (poll #3)  order=b2e42bc7
  [    197ms]  [91mstale[0m    (poll #4)  order=b2e42bc7
  [    268ms]  [92mVISIBLE[0m  (poll #5, X-Cache: MISS)  order=b2e42bc7

[96mOrder 29/500:[0m
  [      7ms]  [91mstale[0m    (poll #1)  order=678a5a90
  [     69ms]  [91mstale[0m    (poll #2)  order=678a5a90
  [    135ms]  [91mstale[0m    (poll #3)  order=678a5a90
  [    200ms]  [92mVISIBLE[0m  (poll #4, X-Cache: MISS)  order=678a5a90

[96mOrder 30/500:[0m
  [      3ms]  [91mstale[0m    (poll #1)  order=3fffb45e
  [     60ms]  [91mstale[0m    (poll #2)  order=3fffb45e
  [    122ms]  [91mstale[0m    (poll #3)  order=3fffb45e
  [    183ms]  [91mstale[0m    (poll #4)  order=3fffb45e
  [    246ms]  [92mVISIBLE[0m  (poll #5, X-Cache: MISS)  order=3fffb45e

[96mOrder 31/500:[0m
  [      6ms]  [91mstale[0m    (poll #1)  order=39715e8b
  [     68ms]  [91mstale[0m    (poll #2)  order=39715e8b
  [    128ms]  [91mstale[0m    (poll #3)  order=39715e8b
  [    196ms]  [91mstale[0m    (poll #4)  order=39715e8b
  [    259ms]  [92mVISIBLE[0m  (poll #5, X-Cache: MISS)  order=39715e8b

[96mOrder 32/500:[0m
  [      6ms]  [91mstale[0m    (poll #1)  order=1cd0ca46
  [     68ms]  [91mstale[0m    (poll #2)  order=1cd0ca46
  [    125ms]  [91mstale[0m    (poll #3)  order=1cd0ca46
  [    182ms]  [91mstale[0m    (poll #4)  order=1cd0ca46
  [    248ms]  [92mVISIBLE[0m  (poll #5, X-Cache: MISS)  order=1cd0ca46

[96mOrder 33/500:[0m
  [      4ms]  [91mstale[0m    (poll #1)  order=ffeeecbe
  [     61ms]  [91mstale[0m    (poll #2)  order=ffeeecbe
  [    118ms]  [91mstale[0m    (poll #3)  order=ffeeecbe
  [    178ms]  [91mstale[0m    (poll #4)  order=ffeeecbe
  [    239ms]  [92mVISIBLE[0m  (poll #5, X-Cache: MISS)  order=ffeeecbe

[96mOrder 34/500:[0m
  [      4ms]  [91mstale[0m    (poll #1)  order=f13185f5
  [     63ms]  [91mstale[0m    (poll #2)  order=f13185f5
  [    122ms]  [91mstale[0m    (poll #3)  order=f13185f5
  [    184ms]  [91mstale[0m    (poll #4)  order=f13185f5
  [    244ms]  [92mVISIBLE[0m  (poll #5, X-Cache: MISS)  order=f13185f5

[96mOrder 35/500:[0m
  [      5ms]  [91mstale[0m    (poll #1)  order=7c4100fb
  [     66ms]  [91mstale[0m    (poll #2)  order=7c4100fb
  [    129ms]  [91mstale[0m    (poll #3)  order=7c4100fb
  [    192ms]  [91mstale[0m    (poll #4)  order=7c4100fb
  [    257ms]  [92mVISIBLE[0m  (poll #5, X-Cache: MISS)  order=7c4100fb

[96mOrder 36/500:[0m
  [      6ms]  [91mstale[0m    (poll #1)  order=946740d2
  [     70ms]  [91mstale[0m    (poll #2)  order=946740d2
  [    133ms]  [91mstale[0m    (poll #3)  order=946740d2
  [    203ms]  [92mVISIBLE[0m  (poll #4, X-Cache: MISS)  order=946740d2

[96mOrder 37/500:[0m
  [      5ms]  [91mstale[0m    (poll #1)  order=7c501fce
  [     68ms]  [91mstale[0m    (poll #2)  order=7c501fce
  [    130ms]  [91mstale[0m    (poll #3)  order=7c501fce
  [    198ms]  [91mstale[0m    (poll #4)  order=7c501fce
  [    269ms]  [92mVISIBLE[0m  (poll #5, X-Cache: MISS)  order=7c501fce

[96mOrder 38/500:[0m
  [      8ms]  [91mstale[0m    (poll #1)  order=47e040d3
  [     72ms]  [91mstale[0m    (poll #2)  order=47e040d3
  [    134ms]  [91mstale[0m    (poll #3)  order=47e040d3
  [    202ms]  [91mstale[0m    (poll #4)  order=47e040d3
  [    269ms]  [92mVISIBLE[0m  (poll #5, X-Cache: MISS)  order=47e040d3

[96mOrder 39/500:[0m
  [      8ms]  [91mstale[0m    (poll #1)  order=c74b2051
  [     68ms]  [91mstale[0m    (poll #2)  order=c74b2051
  [    132ms]  [91mstale[0m    (poll #3)  order=c74b2051
  [    198ms]  [91mstale[0m    (poll #4)  order=c74b2051
  [    264ms]  [92mVISIBLE[0m  (poll #5, X-Cache: MISS)  order=c74b2051

[96mOrder 40/500:[0m
  [      9ms]  [91mstale[0m    (poll #1)  order=e53a05a0
  [     74ms]  [91mstale[0m    (poll #2)  order=e53a05a0
  [    140ms]  [92mVISIBLE[0m  (poll #3, X-Cache: MISS)  order=e53a05a0

[96mOrder 41/500:[0m
  [      5ms]  [91mstale[0m    (poll #1)  order=15293d3b
  [     83ms]  [91mstale[0m    (poll #2)  order=15293d3b
  [    162ms]  [91mstale[0m    (poll #3)  order=15293d3b
  [    227ms]  [91mstale[0m    (poll #4)  order=15293d3b
  [    290ms]  [92mVISIBLE[0m  (poll #5, X-Cache: MISS)  order=15293d3b

[96mOrder 42/500:[0m
  [     10ms]  [91mstale[0m    (poll #1)  order=445d92a5
  [     68ms]  [91mstale[0m    (poll #2)  order=445d92a5
  [    133ms]  [91mstale[0m    (poll #3)  order=445d92a5
  [    196ms]  [91mstale[0m    (poll #4)  order=445d92a5
  [    257ms]  [92mVISIBLE[0m  (poll #5, X-Cache: MISS)  order=445d92a5

[96mOrder 43/500:[0m
  [      4ms]  [91mstale[0m    (poll #1)  order=76203b0f
  [     59ms]  [91mstale[0m    (poll #2)  order=76203b0f
  [    121ms]  [91mstale[0m    (poll #3)  order=76203b0f
  [    184ms]  [91mstale[0m    (poll #4)  order=76203b0f
  [    246ms]  [92mVISIBLE[0m  (poll #5, X-Cache: MISS)  order=76203b0f

[96mOrder 44/500:[0m
  [      6ms]  [91mstale[0m    (poll #1)  order=01e503d4
  [     65ms]  [91mstale[0m    (poll #2)  order=01e503d4
  [    126ms]  [91mstale[0m    (poll #3)  order=01e503d4
  [    191ms]  [91mstale[0m    (poll #4)  order=01e503d4
  [    261ms]  [92mVISIBLE[0m  (poll #5, X-Cache: MISS)  order=01e503d4

[96mOrder 45/500:[0m
  [      7ms]  [91mstale[0m    (poll #1)  order=5b0e60a0
  [     71ms]  [91mstale[0m    (poll #2)  order=5b0e60a0
  [    135ms]  [91mstale[0m    (poll #3)  order=5b0e60a0
  [    204ms]  [91mstale[0m    (poll #4)  order=5b0e60a0
  [    273ms]  [92mVISIBLE[0m  (poll #5, X-Cache: MISS)  order=5b0e60a0

[96mOrder 46/500:[0m
  [      8ms]  [91mstale[0m    (poll #1)  order=f94ce1e6
  [     72ms]  [91mstale[0m    (poll #2)  order=f94ce1e6
  [    136ms]  [91mstale[0m    (poll #3)  order=f94ce1e6
  [    207ms]  [92mVISIBLE[0m  (poll #4, X-Cache: MISS)  order=f94ce1e6

[96mOrder 47/500:[0m
  [      6ms]  [91mstale[0m    (poll #1)  order=6c3beec0
  [     70ms]  [91mstale[0m    (poll #2)  order=6c3beec0
  [    134ms]  [91mstale[0m    (poll #3)  order=6c3beec0
  [    203ms]  [91mstale[0m    (poll #4)  order=6c3beec0
  [    270ms]  [92mVISIBLE[0m  (poll #5, X-Cache: MISS)  order=6c3beec0

[96mOrder 48/500:[0m
  [      9ms]  [91mstale[0m    (poll #1)  order=1050b6fe
  [     73ms]  [91mstale[0m    (poll #2)  order=1050b6fe
  [    138ms]  [91mstale[0m    (poll #3)  order=1050b6fe
  [    201ms]  [92mVISIBLE[0m  (poll #4, X-Cache: MISS)  order=1050b6fe

[96mOrder 49/500:[0m
  [      8ms]  [91mstale[0m    (poll #1)  order=1f747714
  [     71ms]  [91mstale[0m    (poll #2)  order=1f747714
  [    133ms]  [91mstale[0m    (poll #3)  order=1f747714
  [    200ms]  [91mstale[0m    (poll #4)  order=1f747714
  [    271ms]  [92mVISIBLE[0m  (poll #5, X-Cache: MISS)  order=1f747714

[96mOrder 50/500:[0m
  [      9ms]  [91mstale[0m    (poll #1)  order=dd618ebb
  [     73ms]  [91mstale[0m    (poll #2)  order=dd618ebb
  [    134ms]  [91mstale[0m    (poll #3)  order=dd618ebb
  [    196ms]  [92mVISIBLE[0m  (poll #4, X-Cache: MISS)  order=dd618ebb

[96mOrder 51/500:[0m
  [      7ms]  [91mstale[0m    (poll #1)  order=2b8eab0f
  [     70ms]  [91mstale[0m    (poll #2)  order=2b8eab0f
  [    131ms]  [91mstale[0m    (poll #3)  order=2b8eab0f
  [    198ms]  [91mstale[0m    (poll #4)  order=2b8eab0f
  [    260ms]  [92mVISIBLE[0m  (poll #5, X-Cache: MISS)  order=2b8eab0f

[96mOrder 52/500:[0m
  [      3ms]  [91mstale[0m    (poll #1)  order=1ca72707
  [     62ms]  [91mstale[0m    (poll #2)  order=1ca72707
  [    122ms]  [91mstale[0m    (poll #3)  order=1ca72707
  [    184ms]  [91mstale[0m    (poll #4)  order=1ca72707
  [    249ms]  [92mVISIBLE[0m  (poll #5, X-Cache: MISS)  order=1ca72707

[96mOrder 53/500:[0m
  [      8ms]  [91mstale[0m    (poll #1)  order=737e3337
  [     72ms]  [91mstale[0m    (poll #2)  order=737e3337
  [    136ms]  [91mstale[0m    (poll #3)  order=737e3337
  [    200ms]  [91mstale[0m    (poll #4)  order=737e3337
  [    271ms]  [92mVISIBLE[0m  (poll #5, X-Cache: MISS)  order=737e3337

[96mOrder 54/500:[0m
  [      9ms]  [91mstale[0m    (poll #1)  order=4fe7065a
  [     70ms]  [91mstale[0m    (poll #2)  order=4fe7065a
  [    137ms]  [91mstale[0m    (poll #3)  order=4fe7065a
  [    205ms]  [91mstale[0m    (poll #4)  order=4fe7065a
  [    274ms]  [92mVISIBLE[0m  (poll #5, X-Cache: MISS)  order=4fe7065a

[96mOrder 55/500:[0m
  [      8ms]  [91mstale[0m    (poll #1)  order=86b4053b
  [     70ms]  [91mstale[0m    (poll #2)  order=86b4053b
  [    135ms]  [91mstale[0m    (poll #3)  order=86b4053b
  [    201ms]  [91mstale[0m    (poll #4)  order=86b4053b
  [    273ms]  [92mVISIBLE[0m  (poll #5, X-Cache: MISS)  order=86b4053b

[96mOrder 56/500:[0m
  [      7ms]  [91mstale[0m    (poll #1)  order=1e14722b
  [     72ms]  [91mstale[0m    (poll #2)  order=1e14722b
  [    139ms]  [91mstale[0m    (poll #3)  order=1e14722b
  [    209ms]  [92mVISIBLE[0m  (poll #4, X-Cache: MISS)  order=1e14722b

[96mOrder 57/500:[0m
  [      8ms]  [91mstale[0m    (poll #1)  order=500dea24
  [     71ms]  [91mstale[0m    (poll #2)  order=500dea24
  [    137ms]  [91mstale[0m    (poll #3)  order=500dea24
  [    203ms]  [91mstale[0m    (poll #4)  order=500dea24
  [    275ms]  [92mVISIBLE[0m  (poll #5, X-Cache: MISS)  order=500dea24

[96mOrder 58/500:[0m
  [      5ms]  [91mstale[0m    (poll #1)  order=c6c0be69
  [     64ms]  [91mstale[0m    (poll #2)  order=c6c0be69
  [    142ms]  [91mstale[0m    (poll #3)  order=c6c0be69
  [    202ms]  [92mVISIBLE[0m  (poll #4, X-Cache: MISS)  order=c6c0be69

[96mOrder 59/500:[0m
  [      6ms]  [91mstale[0m    (poll #1)  order=57e1c050
  [     64ms]  [91mstale[0m    (poll #2)  order=57e1c050
  [    127ms]  [91mstale[0m    (poll #3)  order=57e1c050
  [    194ms]  [92mVISIBLE[0m  (poll #4, X-Cache: MISS)  order=57e1c050

[96mOrder 60/500:[0m
  [     10ms]  [91mstale[0m    (poll #1)  order=4345e111
  [     71ms]  [91mstale[0m    (poll #2)  order=4345e111
  [    133ms]  [91mstale[0m    (poll #3)  order=4345e111
  [    198ms]  [91mstale[0m    (poll #4)  order=4345e111
  [    264ms]  [92mVISIBLE[0m  (poll #5, X-Cache: MISS)  order=4345e111

[96mOrder 61/500:[0m
  [      8ms]  [91mstale[0m    (poll #1)  order=96613775
  [     70ms]  [91mstale[0m    (poll #2)  order=96613775
  [    136ms]  [91mstale[0m    (poll #3)  order=96613775
  [    202ms]  [92mVISIBLE[0m  (poll #4, X-Cache: MISS)  order=96613775

[96mOrder 62/500:[0m
  [      8ms]  [91mstale[0m    (poll #1)  order=c017fb70
  [     71ms]  [91mstale[0m    (poll #2)  order=c017fb70
  [    133ms]  [91mstale[0m    (poll #3)  order=c017fb70
  [    200ms]  [91mstale[0m    (poll #4)  order=c017fb70
  [    269ms]  [92mVISIBLE[0m  (poll #5, X-Cache: MISS)  order=c017fb70

[96mOrder 63/500:[0m
  [      8ms]  [91mstale[0m    (poll #1)  order=e129f9cd
  [     68ms]  [91mstale[0m    (poll #2)  order=e129f9cd
  [    135ms]  [91mstale[0m    (poll #3)  order=e129f9cd
  [    201ms]  [91mstale[0m    (poll #4)  order=e129f9cd
  [    267ms]  [92mVISIBLE[0m  (poll #5, X-Cache: MISS)  order=e129f9cd

[96mOrder 64/500:[0m
  [      7ms]  [91mstale[0m    (poll #1)  order=ec5e8555
  [     69ms]  [91mstale[0m    (poll #2)  order=ec5e8555
  [    130ms]  [91mstale[0m    (poll #3)  order=ec5e8555
  [    200ms]  [92mVISIBLE[0m  (poll #4, X-Cache: MISS)  order=ec5e8555

[96mOrder 65/500:[0m
  [      7ms]  [91mstale[0m    (poll #1)  order=36ae1efe
  [     72ms]  [91mstale[0m    (poll #2)  order=36ae1efe
  [    133ms]  [91mstale[0m    (poll #3)  order=36ae1efe
  [    197ms]  [91mstale[0m    (poll #4)  order=36ae1efe
  [    267ms]  [92mVISIBLE[0m  (poll #5, X-Cache: MISS)  order=36ae1efe

[96mOrder 66/500:[0m
  [      9ms]  [91mstale[0m    (poll #1)  order=9df65645
  [     71ms]  [91mstale[0m    (poll #2)  order=9df65645
  [    135ms]  [91mstale[0m    (poll #3)  order=9df65645
  [    200ms]  [91mstale[0m    (poll #4)  order=9df65645
  [    273ms]  [92mVISIBLE[0m  (poll #5, X-Cache: MISS)  order=9df65645

[96mOrder 67/500:[0m
  [      7ms]  [91mstale[0m    (poll #1)  order=9f0ddd4b
  [     67ms]  [91mstale[0m    (poll #2)  order=9f0ddd4b
  [    127ms]  [91mstale[0m    (poll #3)  order=9f0ddd4b
  [    189ms]  [91mstale[0m    (poll #4)  order=9f0ddd4b
  [    257ms]  [92mVISIBLE[0m  (poll #5, X-Cache: MISS)  order=9f0ddd4b

[96mOrder 68/500:[0m
  [      8ms]  [91mstale[0m    (poll #1)  order=f38b2d41
  [     71ms]  [91mstale[0m    (poll #2)  order=f38b2d41
  [    137ms]  [91mstale[0m    (poll #3)  order=f38b2d41
  [    204ms]  [91mstale[0m    (poll #4)  order=f38b2d41
  [    272ms]  [92mVISIBLE[0m  (poll #5, X-Cache: MISS)  order=f38b2d41

[96mOrder 69/500:[0m
  [      7ms]  [91mstale[0m    (poll #1)  order=5d4ffa52
  [     69ms]  [91mstale[0m    (poll #2)  order=5d4ffa52
  [    134ms]  [91mstale[0m    (poll #3)  order=5d4ffa52
  [    199ms]  [92mVISIBLE[0m  (poll #4, X-Cache: MISS)  order=5d4ffa52

[96mOrder 70/500:[0m
  [      9ms]  [91mstale[0m    (poll #1)  order=147ee276
  [     70ms]  [91mstale[0m    (poll #2)  order=147ee276
  [    136ms]  [91mstale[0m    (poll #3)  order=147ee276
  [    200ms]  [91mstale[0m    (poll #4)  order=147ee276
  [    261ms]  [92mVISIBLE[0m  (poll #5, X-Cache: MISS)  order=147ee276

[96mOrder 71/500:[0m
  [     16ms]  [91mstale[0m    (poll #1)  order=40d82cf5
  [     85ms]  [91mstale[0m    (poll #2)  order=40d82cf5
  [    144ms]  [91mstale[0m    (poll #3)  order=40d82cf5
  [    208ms]  [91mstale[0m    (poll #4)  order=40d82cf5
  [    267ms]  [92mVISIBLE[0m  (poll #5, X-Cache: MISS)  order=40d82cf5

[96mOrder 72/500:[0m
  [      5ms]  [91mstale[0m    (poll #1)  order=ac1cf885
  [     61ms]  [91mstale[0m    (poll #2)  order=ac1cf885
  [    124ms]  [91mstale[0m    (poll #3)  order=ac1cf885
  [    184ms]  [91mstale[0m    (poll #4)  order=ac1cf885
  [    253ms]  [92mVISIBLE[0m  (poll #5, X-Cache: MISS)  order=ac1cf885

[96mOrder 73/500:[0m
  [      5ms]  [91mstale[0m    (poll #1)  order=1d14dfd9
  [     73ms]  [91mstale[0m    (poll #2)  order=1d14dfd9
  [    136ms]  [91mstale[0m    (poll #3)  order=1d14dfd9
  [    208ms]  [91mstale[0m    (poll #4)  order=1d14dfd9
  [    269ms]  [92mVISIBLE[0m  (poll #5, X-Cache: MISS)  order=1d14dfd9

[96mOrder 74/500:[0m
  [      4ms]  [91mstale[0m    (poll #1)  order=0fe5ec8b
  [     60ms]  [91mstale[0m    (poll #2)  order=0fe5ec8b
  [    119ms]  [91mstale[0m    (poll #3)  order=0fe5ec8b
  [    184ms]  [91mstale[0m    (poll #4)  order=0fe5ec8b
  [    251ms]  [92mVISIBLE[0m  (poll #5, X-Cache: MISS)  order=0fe5ec8b

[96mOrder 75/500:[0m
  [      6ms]  [91mstale[0m    (poll #1)  order=6c3bd17c
  [     69ms]  [91mstale[0m    (poll #2)  order=6c3bd17c
  [    129ms]  [91mstale[0m    (poll #3)  order=6c3bd17c
  [    195ms]  [91mstale[0m    (poll #4)  order=6c3bd17c
  [    263ms]  [92mVISIBLE[0m  (poll #5, X-Cache: MISS)  order=6c3bd17c

[96mOrder 76/500:[0m
  [      7ms]  [91mstale[0m    (poll #1)  order=ad5a76b9
  [     71ms]  [91mstale[0m    (poll #2)  order=ad5a76b9
  [    137ms]  [91mstale[0m    (poll #3)  order=ad5a76b9
  [    205ms]  [91mstale[0m    (poll #4)  order=ad5a76b9
  [    272ms]  [92mVISIBLE[0m  (poll #5, X-Cache: MISS)  order=ad5a76b9

[96mOrder 77/500:[0m
  [      8ms]  [91mstale[0m    (poll #1)  order=257ba5c2
  [     71ms]  [91mstale[0m    (poll #2)  order=257ba5c2
  [    135ms]  [91mstale[0m    (poll #3)  order=257ba5c2
  [    201ms]  [92mVISIBLE[0m  (poll #4, X-Cache: MISS)  order=257ba5c2

[96mOrder 78/500:[0m
  [      7ms]  [91mstale[0m    (poll #1)  order=f6ec2f79
  [     72ms]  [91mstale[0m    (poll #2)  order=f6ec2f79
  [    138ms]  [91mstale[0m    (poll #3)  order=f6ec2f79
  [    206ms]  [91mstale[0m    (poll #4)  order=f6ec2f79
  [    273ms]  [92mVISIBLE[0m  (poll #5, X-Cache: MISS)  order=f6ec2f79

[96mOrder 79/500:[0m
  [      4ms]  [91mstale[0m    (poll #1)  order=265e3a9e
  [     65ms]  [91mstale[0m    (poll #2)  order=265e3a9e
  [    127ms]  [91mstale[0m    (poll #3)  order=265e3a9e
  [    192ms]  [91mstale[0m    (poll #4)  order=265e3a9e
  [    258ms]  [92mVISIBLE[0m  (poll #5, X-Cache: MISS)  order=265e3a9e

[96mOrder 80/500:[0m
  [      9ms]  [91mstale[0m    (poll #1)  order=8ad56879
  [     69ms]  [91mstale[0m    (poll #2)  order=8ad56879
  [    131ms]  [91mstale[0m    (poll #3)  order=8ad56879
  [    200ms]  [91mstale[0m    (poll #4)  order=8ad56879
  [    265ms]  [92mVISIBLE[0m  (poll #5, X-Cache: MISS)  order=8ad56879

[96mOrder 81/500:[0m
  [      4ms]  [91mstale[0m    (poll #1)  order=02011d80
  [     63ms]  [91mstale[0m    (poll #2)  order=02011d80
  [    121ms]  [91mstale[0m    (poll #3)  order=02011d80
  [    183ms]  [91mstale[0m    (poll #4)  order=02011d80
  [    242ms]  [92mVISIBLE[0m  (poll #5, X-Cache: MISS)  order=02011d80

[96mOrder 82/500:[0m
  [      6ms]  [91mstale[0m    (poll #1)  order=72823ab2
  [     69ms]  [91mstale[0m    (poll #2)  order=72823ab2
  [    133ms]  [91mstale[0m    (poll #3)  order=72823ab2
  [    205ms]  [92mVISIBLE[0m  (poll #4, X-Cache: MISS)  order=72823ab2

[96mOrder 83/500:[0m
  [      8ms]  [91mstale[0m    (poll #1)  order=2ecf795f
  [     71ms]  [91mstale[0m    (poll #2)  order=2ecf795f
  [    136ms]  [91mstale[0m    (poll #3)  order=2ecf795f
  [    200ms]  [91mstale[0m    (poll #4)  order=2ecf795f
  [    268ms]  [92mVISIBLE[0m  (poll #5, X-Cache: MISS)  order=2ecf795f

[96mOrder 84/500:[0m
  [      7ms]  [91mstale[0m    (poll #1)  order=cff38a64
  [     71ms]  [91mstale[0m    (poll #2)  order=cff38a64
  [    135ms]  [91mstale[0m    (poll #3)  order=cff38a64
  [    204ms]  [91mstale[0m    (poll #4)  order=cff38a64
  [    272ms]  [92mVISIBLE[0m  (poll #5, X-Cache: MISS)  order=cff38a64

[96mOrder 85/500:[0m
  [      7ms]  [91mstale[0m    (poll #1)  order=3e5e1d39
  [     65ms]  [91mstale[0m    (poll #2)  order=3e5e1d39
  [    128ms]  [91mstale[0m    (poll #3)  order=3e5e1d39
  [    195ms]  [92mVISIBLE[0m  (poll #4, X-Cache: MISS)  order=3e5e1d39

[96mOrder 86/500:[0m
  [      7ms]  [91mstale[0m    (poll #1)  order=d4b1d0c3
  [     70ms]  [91mstale[0m    (poll #2)  order=d4b1d0c3
  [    138ms]  [91mstale[0m    (poll #3)  order=d4b1d0c3
  [    210ms]  [92mVISIBLE[0m  (poll #4, X-Cache: MISS)  order=d4b1d0c3

[96mOrder 87/500:[0m
  [      7ms]  [91mstale[0m    (poll #1)  order=ef41f65d
  [     70ms]  [91mstale[0m    (poll #2)  order=ef41f65d
  [    133ms]  [91mstale[0m    (poll #3)  order=ef41f65d
  [    195ms]  [92mVISIBLE[0m  (poll #4, X-Cache: MISS)  order=ef41f65d

[96mOrder 88/500:[0m
  [      6ms]  [91mstale[0m    (poll #1)  order=3a2bcec0
  [     68ms]  [91mstale[0m    (poll #2)  order=3a2bcec0
  [    134ms]  [91mstale[0m    (poll #3)  order=3a2bcec0
  [    200ms]  [91mstale[0m    (poll #4)  order=3a2bcec0
  [    264ms]  [92mVISIBLE[0m  (poll #5, X-Cache: MISS)  order=3a2bcec0

[96mOrder 89/500:[0m
  [      6ms]  [91mstale[0m    (poll #1)  order=33820f18
  [     64ms]  [91mstale[0m    (poll #2)  order=33820f18
  [    125ms]  [91mstale[0m    (poll #3)  order=33820f18
  [    194ms]  [91mstale[0m    (poll #4)  order=33820f18
  [    263ms]  [92mVISIBLE[0m  (poll #5, X-Cache: MISS)  order=33820f18

[96mOrder 90/500:[0m
  [      7ms]  [91mstale[0m    (poll #1)  order=d9450f75
  [     65ms]  [91mstale[0m    (poll #2)  order=d9450f75
  [    126ms]  [91mstale[0m    (poll #3)  order=d9450f75
  [    189ms]  [91mstale[0m    (poll #4)  order=d9450f75
  [    255ms]  [92mVISIBLE[0m  (poll #5, X-Cache: MISS)  order=d9450f75

[96mOrder 91/500:[0m
  [      5ms]  [91mstale[0m    (poll #1)  order=b5dc1244
  [     64ms]  [91mstale[0m    (poll #2)  order=b5dc1244
  [    128ms]  [91mstale[0m    (poll #3)  order=b5dc1244
  [    193ms]  [92mVISIBLE[0m  (poll #4, X-Cache: MISS)  order=b5dc1244

[96mOrder 92/500:[0m
  [      8ms]  [91mstale[0m    (poll #1)  order=94967f93
  [     72ms]  [91mstale[0m    (poll #2)  order=94967f93
  [    152ms]  [91mstale[0m    (poll #3)  order=94967f93
  [    233ms]  [92mVISIBLE[0m  (poll #4, X-Cache: MISS)  order=94967f93

[96mOrder 93/500:[0m
  [      5ms]  [91mstale[0m    (poll #1)  order=22f9ce4c
  [     63ms]  [91mstale[0m    (poll #2)  order=22f9ce4c
  [    126ms]  [91mstale[0m    (poll #3)  order=22f9ce4c
  [    187ms]  [91mstale[0m    (poll #4)  order=22f9ce4c
  [    251ms]  [92mVISIBLE[0m  (poll #5, X-Cache: MISS)  order=22f9ce4c

[96mOrder 94/500:[0m
  [      9ms]  [91mstale[0m    (poll #1)  order=3ff9f2c4
  [     69ms]  [91mstale[0m    (poll #2)  order=3ff9f2c4
  [    136ms]  [91mstale[0m    (poll #3)  order=3ff9f2c4
  [    205ms]  [91mstale[0m    (poll #4)  order=3ff9f2c4
  [    277ms]  [92mVISIBLE[0m  (poll #5, X-Cache: MISS)  order=3ff9f2c4

[96mOrder 95/500:[0m
  [      8ms]  [91mstale[0m    (poll #1)  order=f793e74e
  [     67ms]  [91mstale[0m    (poll #2)  order=f793e74e
  [    132ms]  [91mstale[0m    (poll #3)  order=f793e74e
  [    198ms]  [92mVISIBLE[0m  (poll #4, X-Cache: MISS)  order=f793e74e

[96mOrder 96/500:[0m
  [      7ms]  [91mstale[0m    (poll #1)  order=0b3f80bd
  [     71ms]  [91mstale[0m    (poll #2)  order=0b3f80bd
  [    135ms]  [91mstale[0m    (poll #3)  order=0b3f80bd
  [    206ms]  [92mVISIBLE[0m  (poll #4, X-Cache: MISS)  order=0b3f80bd

[96mOrder 97/500:[0m
  [      7ms]  [91mstale[0m    (poll #1)  order=36338ee4
  [     71ms]  [91mstale[0m    (poll #2)  order=36338ee4
  [    132ms]  [91mstale[0m    (poll #3)  order=36338ee4
  [    197ms]  [91mstale[0m    (poll #4)  order=36338ee4
  [    267ms]  [92mVISIBLE[0m  (poll #5, X-Cache: MISS)  order=36338ee4

[96mOrder 98/500:[0m
  [      9ms]  [91mstale[0m    (poll #1)  order=5923b694
  [     71ms]  [91mstale[0m    (poll #2)  order=5923b694
  [    134ms]  [91mstale[0m    (poll #3)  order=5923b694
  [    200ms]  [91mstale[0m    (poll #4)  order=5923b694
  [    271ms]  [92mVISIBLE[0m  (poll #5, X-Cache: MISS)  order=5923b694

[96mOrder 99/500:[0m
  [     10ms]  [91mstale[0m    (poll #1)  order=04a1c0a9
  [     72ms]  [91mstale[0m    (poll #2)  order=04a1c0a9
  [    135ms]  [91mstale[0m    (poll #3)  order=04a1c0a9
  [    201ms]  [92mVISIBLE[0m  (poll #4, X-Cache: MISS)  order=04a1c0a9

[96mOrder 100/500:[0m
  [      8ms]  [91mstale[0m    (poll #1)  order=8f6edd84
  [     69ms]  [91mstale[0m    (poll #2)  order=8f6edd84
  [    132ms]  [91mstale[0m    (poll #3)  order=8f6edd84
  [    198ms]  [91mstale[0m    (poll #4)  order=8f6edd84
  [    272ms]  [92mVISIBLE[0m  (poll #5, X-Cache: MISS)  order=8f6edd84

[96mOrder 101/500:[0m
  [      9ms]  [91mstale[0m    (poll #1)  order=8180f66e
  [     73ms]  [91mstale[0m    (poll #2)  order=8180f66e
  [    139ms]  [91mstale[0m    (poll #3)  order=8180f66e
  [    206ms]  [91mstale[0m    (poll #4)  order=8180f66e
  [    278ms]  [92mVISIBLE[0m  (poll #5, X-Cache: MISS)  order=8180f66e

[96mOrder 102/500:[0m
  [      9ms]  [91mstale[0m    (poll #1)  order=252e0374
  [     74ms]  [91mstale[0m    (poll #2)  order=252e0374
  [    141ms]  [91mstale[0m    (poll #3)  order=252e0374
  [    206ms]  [92mVISIBLE[0m  (poll #4, X-Cache: MISS)  order=252e0374

[96mOrder 103/500:[0m
  [      7ms]  [91mstale[0m    (poll #1)  order=679b9485
  [     71ms]  [91mstale[0m    (poll #2)  order=679b9485
  [    132ms]  [91mstale[0m    (poll #3)  order=679b9485
  [    200ms]  [91mstale[0m    (poll #4)  order=679b9485
  [    271ms]  [92mVISIBLE[0m  (poll #5, X-Cache: MISS)  order=679b9485

[96mOrder 104/500:[0m
  [      9ms]  [91mstale[0m    (poll #1)  order=c0e4c88b
  [     74ms]  [91mstale[0m    (poll #2)  order=c0e4c88b
  [    141ms]  [91mstale[0m    (poll #3)  order=c0e4c88b
  [    209ms]  [91mstale[0m    (poll #4)  order=c0e4c88b
  [    282ms]  [92mVISIBLE[0m  (poll #5, X-Cache: MISS)  order=c0e4c88b

[96mOrder 105/500:[0m
  [      8ms]  [91mstale[0m    (poll #1)  order=e4d03972
  [     67ms]  [91mstale[0m    (poll #2)  order=e4d03972
  [    131ms]  [91mstale[0m    (poll #3)  order=e4d03972
  [    197ms]  [92mVISIBLE[0m  (poll #4, X-Cache: MISS)  order=e4d03972

[96mOrder 106/500:[0m
  [      8ms]  [91mstale[0m    (poll #1)  order=5d9ec02f
  [     72ms]  [91mstale[0m    (poll #2)  order=5d9ec02f
  [    135ms]  [91mstale[0m    (poll #3)  order=5d9ec02f
  [    203ms]  [91mstale[0m    (poll #4)  order=5d9ec02f
  [    275ms]  [92mVISIBLE[0m  (poll #5, X-Cache: MISS)  order=5d9ec02f

[96mOrder 107/500:[0m
  [      7ms]  [91mstale[0m    (poll #1)  order=9030f695
  [     70ms]  [91mstale[0m    (poll #2)  order=9030f695
  [    134ms]  [91mstale[0m    (poll #3)  order=9030f695
  [    198ms]  [91mstale[0m    (poll #4)  order=9030f695
  [    263ms]  [92mVISIBLE[0m  (poll #5, X-Cache: MISS)  order=9030f695

[96mOrder 108/500:[0m
  [      9ms]  [91mstale[0m    (poll #1)  order=6a105bbd
  [     70ms]  [91mstale[0m    (poll #2)  order=6a105bbd
  [    133ms]  [91mstale[0m    (poll #3)  order=6a105bbd
  [    200ms]  [92mVISIBLE[0m  (poll #4, X-Cache: MISS)  order=6a105bbd

[96mOrder 109/500:[0m
  [      7ms]  [91mstale[0m    (poll #1)  order=3835df64
  [     67ms]  [91mstale[0m    (poll #2)  order=3835df64
  [    126ms]  [91mstale[0m    (poll #3)  order=3835df64
  [    182ms]  [91mstale[0m    (poll #4)  order=3835df64
  [    241ms]  [92mVISIBLE[0m  (poll #5, X-Cache: MISS)  order=3835df64

[96mOrder 110/500:[0m
  [      4ms]  [91mstale[0m    (poll #1)  order=71b85f2e
  [     65ms]  [91mstale[0m    (poll #2)  order=71b85f2e
  [    124ms]  [91mstale[0m    (poll #3)  order=71b85f2e
  [    189ms]  [91mstale[0m    (poll #4)  order=71b85f2e
  [    254ms]  [92mVISIBLE[0m  (poll #5, X-Cache: MISS)  order=71b85f2e

[96mOrder 111/500:[0m
  [      8ms]  [91mstale[0m    (poll #1)  order=2fa4c0aa
  [     73ms]  [91mstale[0m    (poll #2)  order=2fa4c0aa
  [    140ms]  [91mstale[0m    (poll #3)  order=2fa4c0aa
  [    204ms]  [92mVISIBLE[0m  (poll #4, X-Cache: MISS)  order=2fa4c0aa

[96mOrder 112/500:[0m
  [      6ms]  [91mstale[0m    (poll #1)  order=2107ee5e
  [     64ms]  [91mstale[0m    (poll #2)  order=2107ee5e
  [    130ms]  [91mstale[0m    (poll #3)  order=2107ee5e
  [    189ms]  [91mstale[0m    (poll #4)  order=2107ee5e
  [    251ms]  [92mVISIBLE[0m  (poll #5, X-Cache: MISS)  order=2107ee5e

[96mOrder 113/500:[0m
  [      3ms]  [91mstale[0m    (poll #1)  order=0fb289bb
  [     63ms]  [91mstale[0m    (poll #2)  order=0fb289bb
  [    124ms]  [91mstale[0m    (poll #3)  order=0fb289bb
  [    184ms]  [91mstale[0m    (poll #4)  order=0fb289bb
  [    246ms]  [92mVISIBLE[0m  (poll #5, X-Cache: MISS)  order=0fb289bb

[96mOrder 114/500:[0m
  [      5ms]  [91mstale[0m    (poll #1)  order=fe94f53a
  [     66ms]  [91mstale[0m    (poll #2)  order=fe94f53a
  [    131ms]  [91mstale[0m    (poll #3)  order=fe94f53a
  [    195ms]  [91mstale[0m    (poll #4)  order=fe94f53a
  [    270ms]  [92mVISIBLE[0m  (poll #5, X-Cache: MISS)  order=fe94f53a

[96mOrder 115/500:[0m
  [      9ms]  [91mstale[0m    (poll #1)  order=5497ca8c
  [     71ms]  [91mstale[0m    (poll #2)  order=5497ca8c
  [    136ms]  [91mstale[0m    (poll #3)  order=5497ca8c
  [    203ms]  [91mstale[0m    (poll #4)  order=5497ca8c
  [    269ms]  [92mVISIBLE[0m  (poll #5, X-Cache: MISS)  order=5497ca8c

[96mOrder 116/500:[0m
  [      9ms]  [91mstale[0m    (poll #1)  order=ec62dd0e
  [     68ms]  [91mstale[0m    (poll #2)  order=ec62dd0e
  [    130ms]  [91mstale[0m    (poll #3)  order=ec62dd0e
  [    197ms]  [91mstale[0m    (poll #4)  order=ec62dd0e
  [    271ms]  [92mVISIBLE[0m  (poll #5, X-Cache: MISS)  order=ec62dd0e

[96mOrder 117/500:[0m
  [      7ms]  [91mstale[0m    (poll #1)  order=481fd247
  [     69ms]  [91mstale[0m    (poll #2)  order=481fd247
  [    131ms]  [91mstale[0m    (poll #3)  order=481fd247
  [    192ms]  [91mstale[0m    (poll #4)  order=481fd247
  [    259ms]  [92mVISIBLE[0m  (poll #5, X-Cache: MISS)  order=481fd247

[96mOrder 118/500:[0m
  [      7ms]  [91mstale[0m    (poll #1)  order=9d52cdc0
  [     68ms]  [91mstale[0m    (poll #2)  order=9d52cdc0
  [    134ms]  [91mstale[0m    (poll #3)  order=9d52cdc0
  [    203ms]  [92mVISIBLE[0m  (poll #4, X-Cache: MISS)  order=9d52cdc0

[96mOrder 119/500:[0m
  [      7ms]  [91mstale[0m    (poll #1)  order=f9a6f0f6
  [     70ms]  [91mstale[0m    (poll #2)  order=f9a6f0f6
  [    130ms]  [91mstale[0m    (poll #3)  order=f9a6f0f6
  [    192ms]  [91mstale[0m    (poll #4)  order=f9a6f0f6
  [    254ms]  [92mVISIBLE[0m  (poll #5, X-Cache: MISS)  order=f9a6f0f6

[96mOrder 120/500:[0m
  [      4ms]  [91mstale[0m    (poll #1)  order=f3dfa00c
  [     65ms]  [91mstale[0m    (poll #2)  order=f3dfa00c
  [    128ms]  [91mstale[0m    (poll #3)  order=f3dfa00c
  [    193ms]  [91mstale[0m    (poll #4)  order=f3dfa00c
  [    262ms]  [92mVISIBLE[0m  (poll #5, X-Cache: MISS)  order=f3dfa00c

[96mOrder 121/500:[0m
  [      9ms]  [91mstale[0m    (poll #1)  order=3b2f3434
  [     74ms]  [91mstale[0m    (poll #2)  order=3b2f3434
  [    139ms]  [91mstale[0m    (poll #3)  order=3b2f3434
  [    205ms]  [91mstale[0m    (poll #4)  order=3b2f3434
  [    274ms]  [92mVISIBLE[0m  (poll #5, X-Cache: MISS)  order=3b2f3434

[96mOrder 122/500:[0m
  [      8ms]  [91mstale[0m    (poll #1)  order=c9b4073c
  [     72ms]  [91mstale[0m    (poll #2)  order=c9b4073c
  [    139ms]  [91mstale[0m    (poll #3)  order=c9b4073c
  [    209ms]  [92mVISIBLE[0m  (poll #4, X-Cache: MISS)  order=c9b4073c

[96mOrder 123/500:[0m
  [      8ms]  [91mstale[0m    (poll #1)  order=2cae9f1f
  [     68ms]  [91mstale[0m    (poll #2)  order=2cae9f1f
  [    127ms]  [91mstale[0m    (poll #3)  order=2cae9f1f
  [    187ms]  [91mstale[0m    (poll #4)  order=2cae9f1f
  [    252ms]  [92mVISIBLE[0m  (poll #5, X-Cache: MISS)  order=2cae9f1f

[96mOrder 124/500:[0m
  [      9ms]  [91mstale[0m    (poll #1)  order=8c8261e6
  [     72ms]  [91mstale[0m    (poll #2)  order=8c8261e6
  [    139ms]  [91mstale[0m    (poll #3)  order=8c8261e6
  [    207ms]  [92mVISIBLE[0m  (poll #4, X-Cache: MISS)  order=8c8261e6

[96mOrder 125/500:[0m
  [      7ms]  [91mstale[0m    (poll #1)  order=d9b7457d
  [     71ms]  [91mstale[0m    (poll #2)  order=d9b7457d
  [    137ms]  [91mstale[0m    (poll #3)  order=d9b7457d
  [    205ms]  [91mstale[0m    (poll #4)  order=d9b7457d
  [    273ms]  [92mVISIBLE[0m  (poll #5, X-Cache: MISS)  order=d9b7457d

[96mOrder 126/500:[0m
  [      9ms]  [91mstale[0m    (poll #1)  order=a5cfb853
  [     74ms]  [91mstale[0m    (poll #2)  order=a5cfb853
  [    137ms]  [91mstale[0m    (poll #3)  order=a5cfb853
  [    203ms]  [91mstale[0m    (poll #4)  order=a5cfb853
  [    271ms]  [92mVISIBLE[0m  (poll #5, X-Cache: MISS)  order=a5cfb853

[96mOrder 127/500:[0m
  [      6ms]  [91mstale[0m    (poll #1)  order=b7e2cc77
  [     69ms]  [91mstale[0m    (poll #2)  order=b7e2cc77
  [    130ms]  [91mstale[0m    (poll #3)  order=b7e2cc77
  [    194ms]  [91mstale[0m    (poll #4)  order=b7e2cc77
  [    261ms]  [92mVISIBLE[0m  (poll #5, X-Cache: MISS)  order=b7e2cc77

[96mOrder 128/500:[0m
  [      7ms]  [91mstale[0m    (poll #1)  order=79cc3a01
  [     69ms]  [91mstale[0m    (poll #2)  order=79cc3a01
  [    136ms]  [91mstale[0m    (poll #3)  order=79cc3a01
  [    199ms]  [92mVISIBLE[0m  (poll #4, X-Cache: MISS)  order=79cc3a01

[96mOrder 129/500:[0m
  [      3ms]  [91mstale[0m    (poll #1)  order=cc0c1d70
  [     63ms]  [91mstale[0m    (poll #2)  order=cc0c1d70
  [    124ms]  [91mstale[0m    (poll #3)  order=cc0c1d70
  [    185ms]  [91mstale[0m    (poll #4)  order=cc0c1d70
  [    251ms]  [92mVISIBLE[0m  (poll #5, X-Cache: MISS)  order=cc0c1d70

[96mOrder 130/500:[0m
  [      9ms]  [91mstale[0m    (poll #1)  order=5e1b8436
  [     69ms]  [91mstale[0m    (poll #2)  order=5e1b8436
  [    131ms]  [91mstale[0m    (poll #3)  order=5e1b8436
  [    198ms]  [91mstale[0m    (poll #4)  order=5e1b8436
  [    269ms]  [92mVISIBLE[0m  (poll #5, X-Cache: MISS)  order=5e1b8436

[96mOrder 131/500:[0m
  [      9ms]  [91mstale[0m    (poll #1)  order=ec7e0fcc
  [     69ms]  [91mstale[0m    (poll #2)  order=ec7e0fcc
  [    136ms]  [91mstale[0m    (poll #3)  order=ec7e0fcc
  [    203ms]  [91mstale[0m    (poll #4)  order=ec7e0fcc
  [    274ms]  [92mVISIBLE[0m  (poll #5, X-Cache: MISS)  order=ec7e0fcc

[96mOrder 132/500:[0m
  [      9ms]  [91mstale[0m    (poll #1)  order=75857762
  [     72ms]  [91mstale[0m    (poll #2)  order=75857762
  [    134ms]  [91mstale[0m    (poll #3)  order=75857762
  [    202ms]  [92mVISIBLE[0m  (poll #4, X-Cache: MISS)  order=75857762

[96mOrder 133/500:[0m
  [      6ms]  [91mstale[0m    (poll #1)  order=5e63b27e
  [     69ms]  [91mstale[0m    (poll #2)  order=5e63b27e
  [    133ms]  [91mstale[0m    (poll #3)  order=5e63b27e
  [    196ms]  [91mstale[0m    (poll #4)  order=5e63b27e
  [    264ms]  [92mVISIBLE[0m  (poll #5, X-Cache: MISS)  order=5e63b27e

[96mOrder 134/500:[0m
  [      9ms]  [91mstale[0m    (poll #1)  order=96f46c06
  [     69ms]  [91mstale[0m    (poll #2)  order=96f46c06
  [    135ms]  [91mstale[0m    (poll #3)  order=96f46c06
  [    204ms]  [91mstale[0m    (poll #4)  order=96f46c06
  [    277ms]  [92mVISIBLE[0m  (poll #5, X-Cache: MISS)  order=96f46c06

[96mOrder 135/500:[0m
  [      9ms]  [91mstale[0m    (poll #1)  order=690e7169
  [     73ms]  [91mstale[0m    (poll #2)  order=690e7169
  [    135ms]  [91mstale[0m    (poll #3)  order=690e7169
  [    199ms]  [92mVISIBLE[0m  (poll #4, X-Cache: MISS)  order=690e7169

[96mOrder 136/500:[0m
  [      7ms]  [91mstale[0m    (poll #1)  order=4c4a9a16
  [     67ms]  [91mstale[0m    (poll #2)  order=4c4a9a16
  [    125ms]  [91mstale[0m    (poll #3)  order=4c4a9a16
  [    194ms]  [91mstale[0m    (poll #4)  order=4c4a9a16
  [    266ms]  [92mVISIBLE[0m  (poll #5, X-Cache: MISS)  order=4c4a9a16

[96mOrder 137/500:[0m
  [      9ms]  [91mstale[0m    (poll #1)  order=f2582606
  [     75ms]  [91mstale[0m    (poll #2)  order=f2582606
  [    136ms]  [91mstale[0m    (poll #3)  order=f2582606
  [    204ms]  [92mVISIBLE[0m  (poll #4, X-Cache: MISS)  order=f2582606

[96mOrder 138/500:[0m
  [      7ms]  [91mstale[0m    (poll #1)  order=dd7dba17
  [     68ms]  [91mstale[0m    (poll #2)  order=dd7dba17
  [    130ms]  [91mstale[0m    (poll #3)  order=dd7dba17
  [    195ms]  [91mstale[0m    (poll #4)  order=dd7dba17
  [    263ms]  [92mVISIBLE[0m  (poll #5, X-Cache: MISS)  order=dd7dba17

[96mOrder 139/500:[0m
  [      7ms]  [91mstale[0m    (poll #1)  order=2d881cf3
  [     68ms]  [91mstale[0m    (poll #2)  order=2d881cf3
  [    135ms]  [91mstale[0m    (poll #3)  order=2d881cf3
  [    196ms]  [92mVISIBLE[0m  (poll #4, X-Cache: MISS)  order=2d881cf3

[96mOrder 140/500:[0m
  [      5ms]  [91mstale[0m    (poll #1)  order=c7d0a723
  [     65ms]  [91mstale[0m    (poll #2)  order=c7d0a723
  [    130ms]  [91mstale[0m    (poll #3)  order=c7d0a723
  [    195ms]  [91mstale[0m    (poll #4)  order=c7d0a723
  [    265ms]  [92mVISIBLE[0m  (poll #5, X-Cache: MISS)  order=c7d0a723

[96mOrder 141/500:[0m
  [      6ms]  [91mstale[0m    (poll #1)  order=ac3abf9c
  [     65ms]  [91mstale[0m    (poll #2)  order=ac3abf9c
  [    125ms]  [91mstale[0m    (poll #3)  order=ac3abf9c
  [    191ms]  [91mstale[0m    (poll #4)  order=ac3abf9c
  [    259ms]  [92mVISIBLE[0m  (poll #5, X-Cache: MISS)  order=ac3abf9c

[96mOrder 142/500:[0m
  [      8ms]  [91mstale[0m    (poll #1)  order=12b78afb
  [     73ms]  [91mstale[0m    (poll #2)  order=12b78afb
  [    139ms]  [91mstale[0m    (poll #3)  order=12b78afb
  [    209ms]  [92mVISIBLE[0m  (poll #4, X-Cache: MISS)  order=12b78afb

[96mOrder 143/500:[0m
  [      7ms]  [91mstale[0m    (poll #1)  order=5cf02b25
  [     69ms]  [91mstale[0m    (poll #2)  order=5cf02b25
  [    133ms]  [91mstale[0m    (poll #3)  order=5cf02b25
  [    200ms]  [91mstale[0m    (poll #4)  order=5cf02b25
  [    273ms]  [92mVISIBLE[0m  (poll #5, X-Cache: MISS)  order=5cf02b25

[96mOrder 144/500:[0m
  [      8ms]  [91mstale[0m    (poll #1)  order=1cccc2f6
  [     72ms]  [91mstale[0m    (poll #2)  order=1cccc2f6
  [    133ms]  [91mstale[0m    (poll #3)  order=1cccc2f6
  [    196ms]  [91mstale[0m    (poll #4)  order=1cccc2f6
  [    267ms]  [92mVISIBLE[0m  (poll #5, X-Cache: MISS)  order=1cccc2f6

[96mOrder 145/500:[0m
  [      8ms]  [91mstale[0m    (poll #1)  order=35cc8a28
  [     71ms]  [91mstale[0m    (poll #2)  order=35cc8a28
  [    136ms]  [91mstale[0m    (poll #3)  order=35cc8a28
  [    201ms]  [91mstale[0m    (poll #4)  order=35cc8a28
  [    267ms]  [92mVISIBLE[0m  (poll #5, X-Cache: MISS)  order=35cc8a28

[96mOrder 146/500:[0m
  [      7ms]  [91mstale[0m    (poll #1)  order=e3ccb160
  [     69ms]  [91mstale[0m    (poll #2)  order=e3ccb160
  [    131ms]  [91mstale[0m    (poll #3)  order=e3ccb160
  [    195ms]  [92mVISIBLE[0m  (poll #4, X-Cache: MISS)  order=e3ccb160

[96mOrder 147/500:[0m
  [      6ms]  [91mstale[0m    (poll #1)  order=de1be186
  [     64ms]  [91mstale[0m    (poll #2)  order=de1be186
  [    121ms]  [91mstale[0m    (poll #3)  order=de1be186
  [    182ms]  [91mstale[0m    (poll #4)  order=de1be186
  [    242ms]  [92mVISIBLE[0m  (poll #5, X-Cache: MISS)  order=de1be186

[96mOrder 148/500:[0m
  [      3ms]  [91mstale[0m    (poll #1)  order=109f2cd3
  [     62ms]  [91mstale[0m    (poll #2)  order=109f2cd3
  [    123ms]  [91mstale[0m    (poll #3)  order=109f2cd3
  [    184ms]  [91mstale[0m    (poll #4)  order=109f2cd3
  [    247ms]  [92mVISIBLE[0m  (poll #5, X-Cache: MISS)  order=109f2cd3

[96mOrder 149/500:[0m
  [      4ms]  [91mstale[0m    (poll #1)  order=44324e9c
  [     66ms]  [91mstale[0m    (poll #2)  order=44324e9c
  [    129ms]  [91mstale[0m    (poll #3)  order=44324e9c
  [    195ms]  [91mstale[0m    (poll #4)  order=44324e9c
  [    262ms]  [92mVISIBLE[0m  (poll #5, X-Cache: MISS)  order=44324e9c

[96mOrder 150/500:[0m
  [      9ms]  [91mstale[0m    (poll #1)  order=09bacbe7
  [     71ms]  [91mstale[0m    (poll #2)  order=09bacbe7
  [    137ms]  [91mstale[0m    (poll #3)  order=09bacbe7
  [    207ms]  [91mstale[0m    (poll #4)  order=09bacbe7
  [    271ms]  [92mVISIBLE[0m  (poll #5, X-Cache: MISS)  order=09bacbe7

[96mOrder 151/500:[0m
  [      7ms]  [91mstale[0m    (poll #1)  order=bc4bcd96
  [     72ms]  [91mstale[0m    (poll #2)  order=bc4bcd96
  [    132ms]  [91mstale[0m    (poll #3)  order=bc4bcd96
  [    194ms]  [91mstale[0m    (poll #4)  order=bc4bcd96
  [    255ms]  [92mVISIBLE[0m  (poll #5, X-Cache: MISS)  order=bc4bcd96

[96mOrder 152/500:[0m
  [      4ms]  [91mstale[0m    (poll #1)  order=52c7c813
  [     61ms]  [91mstale[0m    (poll #2)  order=52c7c813
  [    120ms]  [91mstale[0m    (poll #3)  order=52c7c813
  [    183ms]  [91mstale[0m    (poll #4)  order=52c7c813
  [    242ms]  [92mVISIBLE[0m  (poll #5, X-Cache: MISS)  order=52c7c813

[96mOrder 153/500:[0m
  [      5ms]  [91mstale[0m    (poll #1)  order=d805d2bc
  [     64ms]  [91mstale[0m    (poll #2)  order=d805d2bc
  [    126ms]  [91mstale[0m    (poll #3)  order=d805d2bc
  [    191ms]  [91mstale[0m    (poll #4)  order=d805d2bc
  [    262ms]  [92mVISIBLE[0m  (poll #5, X-Cache: MISS)  order=d805d2bc

[96mOrder 154/500:[0m
  [      8ms]  [91mstale[0m    (poll #1)  order=e604e149
  [     68ms]  [91mstale[0m    (poll #2)  order=e604e149
  [    130ms]  [91mstale[0m    (poll #3)  order=e604e149
  [    200ms]  [92mVISIBLE[0m  (poll #4, X-Cache: MISS)  order=e604e149

[96mOrder 155/500:[0m
  [      7ms]  [91mstale[0m    (poll #1)  order=11a4f92d
  [     72ms]  [91mstale[0m    (poll #2)  order=11a4f92d
  [    136ms]  [91mstale[0m    (poll #3)  order=11a4f92d
  [    200ms]  [92mVISIBLE[0m  (poll #4, X-Cache: MISS)  order=11a4f92d

[96mOrder 156/500:[0m
  [      5ms]  [91mstale[0m    (poll #1)  order=e5d84e65
  [     68ms]  [91mstale[0m    (poll #2)  order=e5d84e65
  [    132ms]  [91mstale[0m    (poll #3)  order=e5d84e65
  [    196ms]  [92mVISIBLE[0m  (poll #4, X-Cache: MISS)  order=e5d84e65

[96mOrder 157/500:[0m
  [      7ms]  [91mstale[0m    (poll #1)  order=72897fb0
  [     66ms]  [91mstale[0m    (poll #2)  order=72897fb0
  [    130ms]  [91mstale[0m    (poll #3)  order=72897fb0
  [    195ms]  [91mstale[0m    (poll #4)  order=72897fb0
  [    260ms]  [92mVISIBLE[0m  (poll #5, X-Cache: MISS)  order=72897fb0

[96mOrder 158/500:[0m
  [      5ms]  [91mstale[0m    (poll #1)  order=62f9fb07
  [     62ms]  [91mstale[0m    (poll #2)  order=62f9fb07
  [    124ms]  [91mstale[0m    (poll #3)  order=62f9fb07
  [    185ms]  [91mstale[0m    (poll #4)  order=62f9fb07
  [    252ms]  [92mVISIBLE[0m  (poll #5, X-Cache: MISS)  order=62f9fb07

[96mOrder 159/500:[0m
  [      7ms]  [91mstale[0m    (poll #1)  order=84d14c47
  [     70ms]  [91mstale[0m    (poll #2)  order=84d14c47
  [    135ms]  [91mstale[0m    (poll #3)  order=84d14c47
  [    206ms]  [91mstale[0m    (poll #4)  order=84d14c47
  [    276ms]  [92mVISIBLE[0m  (poll #5, X-Cache: MISS)  order=84d14c47

[96mOrder 160/500:[0m
  [      8ms]  [91mstale[0m    (poll #1)  order=a53b4a59
  [     73ms]  [91mstale[0m    (poll #2)  order=a53b4a59
  [    139ms]  [91mstale[0m    (poll #3)  order=a53b4a59
  [    210ms]  [91mstale[0m    (poll #4)  order=a53b4a59
  [    279ms]  [92mVISIBLE[0m  (poll #5, X-Cache: MISS)  order=a53b4a59

[96mOrder 161/500:[0m
  [      9ms]  [91mstale[0m    (poll #1)  order=c13cc410
  [     74ms]  [91mstale[0m    (poll #2)  order=c13cc410
  [    141ms]  [91mstale[0m    (poll #3)  order=c13cc410
  [    208ms]  [92mVISIBLE[0m  (poll #4, X-Cache: MISS)  order=c13cc410

[96mOrder 162/500:[0m
  [      9ms]  [91mstale[0m    (poll #1)  order=f95c2975
  [     69ms]  [91mstale[0m    (poll #2)  order=f95c2975
  [    133ms]  [91mstale[0m    (poll #3)  order=f95c2975
  [    200ms]  [91mstale[0m    (poll #4)  order=f95c2975
  [    273ms]  [92mVISIBLE[0m  (poll #5, X-Cache: MISS)  order=f95c2975

[96mOrder 163/500:[0m
  [     10ms]  [91mstale[0m    (poll #1)  order=eab75238
  [     71ms]  [91mstale[0m    (poll #2)  order=eab75238
  [    133ms]  [91mstale[0m    (poll #3)  order=eab75238
  [    196ms]  [91mstale[0m    (poll #4)  order=eab75238
  [    265ms]  [92mVISIBLE[0m  (poll #5, X-Cache: MISS)  order=eab75238

[96mOrder 164/500:[0m
  [      6ms]  [91mstale[0m    (poll #1)  order=fa532b42
  [     72ms]  [91mstale[0m    (poll #2)  order=fa532b42
  [    137ms]  [91mstale[0m    (poll #3)  order=fa532b42
  [    199ms]  [91mstale[0m    (poll #4)  order=fa532b42
  [    270ms]  [92mVISIBLE[0m  (poll #5, X-Cache: MISS)  order=fa532b42

[96mOrder 165/500:[0m
  [      5ms]  [91mstale[0m    (poll #1)  order=7976ca3a
  [     68ms]  [91mstale[0m    (poll #2)  order=7976ca3a
  [    131ms]  [91mstale[0m    (poll #3)  order=7976ca3a
  [    199ms]  [91mstale[0m    (poll #4)  order=7976ca3a
  [    269ms]  [92mVISIBLE[0m  (poll #5, X-Cache: MISS)  order=7976ca3a

[96mOrder 166/500:[0m
  [      8ms]  [91mstale[0m    (poll #1)  order=fce11087
  [     71ms]  [91mstale[0m    (poll #2)  order=fce11087
  [    135ms]  [91mstale[0m    (poll #3)  order=fce11087
  [    202ms]  [92mVISIBLE[0m  (poll #4, X-Cache: MISS)  order=fce11087

[96mOrder 167/500:[0m
  [      6ms]  [91mstale[0m    (poll #1)  order=35204faf
  [     67ms]  [91mstale[0m    (poll #2)  order=35204faf
  [    128ms]  [91mstale[0m    (poll #3)  order=35204faf
  [    188ms]  [91mstale[0m    (poll #4)  order=35204faf
  [    251ms]  [92mVISIBLE[0m  (poll #5, X-Cache: MISS)  order=35204faf

[96mOrder 168/500:[0m
  [      5ms]  [91mstale[0m    (poll #1)  order=69790aa7
  [     65ms]  [91mstale[0m    (poll #2)  order=69790aa7
  [    129ms]  [91mstale[0m    (poll #3)  order=69790aa7
  [    195ms]  [91mstale[0m    (poll #4)  order=69790aa7
  [    269ms]  [92mVISIBLE[0m  (poll #5, X-Cache: MISS)  order=69790aa7

[96mOrder 169/500:[0m
  [     10ms]  [91mstale[0m    (poll #1)  order=b9f83e2d
  [     75ms]  [91mstale[0m    (poll #2)  order=b9f83e2d
  [    138ms]  [91mstale[0m    (poll #3)  order=b9f83e2d
  [    208ms]  [91mstale[0m    (poll #4)  order=b9f83e2d
  [    280ms]  [92mVISIBLE[0m  (poll #5, X-Cache: MISS)  order=b9f83e2d

[96mOrder 170/500:[0m
  [      9ms]  [91mstale[0m    (poll #1)  order=be59ef02
  [     70ms]  [91mstale[0m    (poll #2)  order=be59ef02
  [    135ms]  [91mstale[0m    (poll #3)  order=be59ef02
  [    202ms]  [92mVISIBLE[0m  (poll #4, X-Cache: MISS)  order=be59ef02

[96mOrder 171/500:[0m
  [      7ms]  [91mstale[0m    (poll #1)  order=33c04652
  [     68ms]  [91mstale[0m    (poll #2)  order=33c04652
  [    131ms]  [91mstale[0m    (poll #3)  order=33c04652
  [    201ms]  [91mstale[0m    (poll #4)  order=33c04652
  [    269ms]  [92mVISIBLE[0m  (poll #5, X-Cache: MISS)  order=33c04652

[96mOrder 172/500:[0m
  [      9ms]  [91mstale[0m    (poll #1)  order=fa2bcc9f
  [     69ms]  [91mstale[0m    (poll #2)  order=fa2bcc9f
  [    132ms]  [91mstale[0m    (poll #3)  order=fa2bcc9f
  [    198ms]  [91mstale[0m    (poll #4)  order=fa2bcc9f
  [    271ms]  [92mVISIBLE[0m  (poll #5, X-Cache: MISS)  order=fa2bcc9f

[96mOrder 173/500:[0m
  [      7ms]  [91mstale[0m    (poll #1)  order=153bd126
  [     69ms]  [91mstale[0m    (poll #2)  order=153bd126
  [    130ms]  [91mstale[0m    (poll #3)  order=153bd126
  [    191ms]  [91mstale[0m    (poll #4)  order=153bd126
  [    259ms]  [92mVISIBLE[0m  (poll #5, X-Cache: MISS)  order=153bd126

[96mOrder 174/500:[0m
  [      9ms]  [91mstale[0m    (poll #1)  order=5c361f36
  [     72ms]  [91mstale[0m    (poll #2)  order=5c361f36
  [    139ms]  [91mstale[0m    (poll #3)  order=5c361f36
  [    210ms]  [91mstale[0m    (poll #4)  order=5c361f36
  [    272ms]  [92mVISIBLE[0m  (poll #5, X-Cache: MISS)  order=5c361f36

[96mOrder 175/500:[0m
  [      8ms]  [91mstale[0m    (poll #1)  order=9cf75512
  [     71ms]  [91mstale[0m    (poll #2)  order=9cf75512
  [    136ms]  [91mstale[0m    (poll #3)  order=9cf75512
  [    197ms]  [92mVISIBLE[0m  (poll #4, X-Cache: MISS)  order=9cf75512

[96mOrder 176/500:[0m
  [      6ms]  [91mstale[0m    (poll #1)  order=49bbe136
  [     66ms]  [91mstale[0m    (poll #2)  order=49bbe136
  [    134ms]  [91mstale[0m    (poll #3)  order=49bbe136
  [    200ms]  [91mstale[0m    (poll #4)  order=49bbe136
  [    271ms]  [92mVISIBLE[0m  (poll #5, X-Cache: MISS)  order=49bbe136

[96mOrder 177/500:[0m
  [      7ms]  [91mstale[0m    (poll #1)  order=1f9bd233
  [     71ms]  [91mstale[0m    (poll #2)  order=1f9bd233
  [    133ms]  [91mstale[0m    (poll #3)  order=1f9bd233
  [    197ms]  [91mstale[0m    (poll #4)  order=1f9bd233
  [    261ms]  [92mVISIBLE[0m  (poll #5, X-Cache: MISS)  order=1f9bd233

[96mOrder 178/500:[0m
  [      8ms]  [91mstale[0m    (poll #1)  order=063a2703
  [     70ms]  [91mstale[0m    (poll #2)  order=063a2703
  [    130ms]  [91mstale[0m    (poll #3)  order=063a2703
  [    193ms]  [91mstale[0m    (poll #4)  order=063a2703
  [    260ms]  [92mVISIBLE[0m  (poll #5, X-Cache: MISS)  order=063a2703

[96mOrder 179/500:[0m
  [      6ms]  [91mstale[0m    (poll #1)  order=287e7c7e
  [     67ms]  [91mstale[0m    (poll #2)  order=287e7c7e
  [    137ms]  [91mstale[0m    (poll #3)  order=287e7c7e
  [    202ms]  [92mVISIBLE[0m  (poll #4, X-Cache: MISS)  order=287e7c7e

[96mOrder 180/500:[0m
  [      6ms]  [91mstale[0m    (poll #1)  order=a653ff50
  [     69ms]  [91mstale[0m    (poll #2)  order=a653ff50
  [    134ms]  [91mstale[0m    (poll #3)  order=a653ff50
  [    200ms]  [91mstale[0m    (poll #4)  order=a653ff50
  [    260ms]  [92mVISIBLE[0m  (poll #5, X-Cache: MISS)  order=a653ff50

[96mOrder 181/500:[0m
  [      5ms]  [91mstale[0m    (poll #1)  order=5371429d
  [     63ms]  [91mstale[0m    (poll #2)  order=5371429d
  [    125ms]  [91mstale[0m    (poll #3)  order=5371429d
  [    187ms]  [91mstale[0m    (poll #4)  order=5371429d
  [    250ms]  [92mVISIBLE[0m  (poll #5, X-Cache: MISS)  order=5371429d

[96mOrder 182/500:[0m
  [      4ms]  [91mstale[0m    (poll #1)  order=d1a9fa17
  [     61ms]  [91mstale[0m    (poll #2)  order=d1a9fa17
  [    123ms]  [91mstale[0m    (poll #3)  order=d1a9fa17
  [    186ms]  [91mstale[0m    (poll #4)  order=d1a9fa17
  [    255ms]  [92mVISIBLE[0m  (poll #5, X-Cache: MISS)  order=d1a9fa17

[96mOrder 183/500:[0m
  [      4ms]  [91mstale[0m    (poll #1)  order=2ffafb27
  [     66ms]  [91mstale[0m    (poll #2)  order=2ffafb27
  [    124ms]  [91mstale[0m    (poll #3)  order=2ffafb27
  [    184ms]  [91mstale[0m    (poll #4)  order=2ffafb27
  [    249ms]  [92mVISIBLE[0m  (poll #5, X-Cache: MISS)  order=2ffafb27

[96mOrder 184/500:[0m
  [      6ms]  [91mstale[0m    (poll #1)  order=64a99b20
  [     68ms]  [91mstale[0m    (poll #2)  order=64a99b20
  [    131ms]  [91mstale[0m    (poll #3)  order=64a99b20
  [    200ms]  [91mstale[0m    (poll #4)  order=64a99b20
  [    268ms]  [92mVISIBLE[0m  (poll #5, X-Cache: MISS)  order=64a99b20

[96mOrder 185/500:[0m
  [      9ms]  [91mstale[0m    (poll #1)  order=b552368c
  [     71ms]  [91mstale[0m    (poll #2)  order=b552368c
  [    129ms]  [91mstale[0m    (poll #3)  order=b552368c
  [    192ms]  [91mstale[0m    (poll #4)  order=b552368c
  [    252ms]  [92mVISIBLE[0m  (poll #5, X-Cache: MISS)  order=b552368c

[96mOrder 186/500:[0m
  [      5ms]  [91mstale[0m    (poll #1)  order=85d3323b
  [     65ms]  [91mstale[0m    (poll #2)  order=85d3323b
  [    124ms]  [91mstale[0m    (poll #3)  order=85d3323b
  [    187ms]  [92mVISIBLE[0m  (poll #4, X-Cache: MISS)  order=85d3323b

[96mOrder 187/500:[0m
  [      4ms]  [91mstale[0m    (poll #1)  order=6550c53e
  [     64ms]  [91mstale[0m    (poll #2)  order=6550c53e
  [    127ms]  [91mstale[0m    (poll #3)  order=6550c53e
  [    192ms]  [91mstale[0m    (poll #4)  order=6550c53e
  [    260ms]  [92mVISIBLE[0m  (poll #5, X-Cache: MISS)  order=6550c53e

[96mOrder 188/500:[0m
  [      8ms]  [91mstale[0m    (poll #1)  order=b68c1e5a
  [     67ms]  [91mstale[0m    (poll #2)  order=b68c1e5a
  [    131ms]  [91mstale[0m    (poll #3)  order=b68c1e5a
  [    198ms]  [91mstale[0m    (poll #4)  order=b68c1e5a
  [    272ms]  [92mVISIBLE[0m  (poll #5, X-Cache: MISS)  order=b68c1e5a

[96mOrder 189/500:[0m
  [      8ms]  [91mstale[0m    (poll #1)  order=c717d1f4
  [     68ms]  [91mstale[0m    (poll #2)  order=c717d1f4
  [    130ms]  [91mstale[0m    (poll #3)  order=c717d1f4
  [    193ms]  [91mstale[0m    (poll #4)  order=c717d1f4
  [    259ms]  [92mVISIBLE[0m  (poll #5, X-Cache: MISS)  order=c717d1f4

[96mOrder 190/500:[0m
  [      9ms]  [91mstale[0m    (poll #1)  order=bba4fe68
  [     73ms]  [91mstale[0m    (poll #2)  order=bba4fe68
  [    138ms]  [91mstale[0m    (poll #3)  order=bba4fe68
  [    202ms]  [92mVISIBLE[0m  (poll #4, X-Cache: MISS)  order=bba4fe68

[96mOrder 191/500:[0m
  [      6ms]  [91mstale[0m    (poll #1)  order=87309f71
  [     68ms]  [91mstale[0m    (poll #2)  order=87309f71
  [    130ms]  [91mstale[0m    (poll #3)  order=87309f71
  [    190ms]  [91mstale[0m    (poll #4)  order=87309f71
  [    254ms]  [92mVISIBLE[0m  (poll #5, X-Cache: MISS)  order=87309f71

[96mOrder 192/500:[0m
  [      6ms]  [91mstale[0m    (poll #1)  order=1cf71080
  [     69ms]  [91mstale[0m    (poll #2)  order=1cf71080
  [    131ms]  [91mstale[0m    (poll #3)  order=1cf71080
  [    192ms]  [91mstale[0m    (poll #4)  order=1cf71080
  [    258ms]  [92mVISIBLE[0m  (poll #5, X-Cache: MISS)  order=1cf71080

[96mOrder 193/500:[0m
  [      6ms]  [91mstale[0m    (poll #1)  order=c5384216
  [     66ms]  [91mstale[0m    (poll #2)  order=c5384216
  [    131ms]  [91mstale[0m    (poll #3)  order=c5384216
  [    194ms]  [91mstale[0m    (poll #4)  order=c5384216
  [    258ms]  [92mVISIBLE[0m  (poll #5, X-Cache: MISS)  order=c5384216

[96mOrder 194/500:[0m
  [      8ms]  [91mstale[0m    (poll #1)  order=a54bdd8a
  [     74ms]  [91mstale[0m    (poll #2)  order=a54bdd8a
  [    137ms]  [91mstale[0m    (poll #3)  order=a54bdd8a
  [    206ms]  [92mVISIBLE[0m  (poll #4, X-Cache: MISS)  order=a54bdd8a

[96mOrder 195/500:[0m
  [      6ms]  [91mstale[0m    (poll #1)  order=468afa41
  [     64ms]  [91mstale[0m    (poll #2)  order=468afa41
  [    128ms]  [91mstale[0m    (poll #3)  order=468afa41
  [    186ms]  [91mstale[0m    (poll #4)  order=468afa41
  [    249ms]  [92mVISIBLE[0m  (poll #5, X-Cache: MISS)  order=468afa41

[96mOrder 196/500:[0m
  [      4ms]  [91mstale[0m    (poll #1)  order=5abc2842
  [     64ms]  [91mstale[0m    (poll #2)  order=5abc2842
  [    123ms]  [91mstale[0m    (poll #3)  order=5abc2842
  [    186ms]  [91mstale[0m    (poll #4)  order=5abc2842
  [    253ms]  [92mVISIBLE[0m  (poll #5, X-Cache: MISS)  order=5abc2842

[96mOrder 197/500:[0m
  [      7ms]  [91mstale[0m    (poll #1)  order=06539970
  [     70ms]  [91mstale[0m    (poll #2)  order=06539970
  [    130ms]  [91mstale[0m    (poll #3)  order=06539970
  [    194ms]  [91mstale[0m    (poll #4)  order=06539970
  [    261ms]  [92mVISIBLE[0m  (poll #5, X-Cache: MISS)  order=06539970

[96mOrder 198/500:[0m
  [      8ms]  [91mstale[0m    (poll #1)  order=4e219d41
  [     67ms]  [91mstale[0m    (poll #2)  order=4e219d41
  [    130ms]  [91mstale[0m    (poll #3)  order=4e219d41
  [    199ms]  [91mstale[0m    (poll #4)  order=4e219d41
  [    261ms]  [92mVISIBLE[0m  (poll #5, X-Cache: MISS)  order=4e219d41

[96mOrder 199/500:[0m
  [      8ms]  [91mstale[0m    (poll #1)  order=1447c27e
  [     67ms]  [91mstale[0m    (poll #2)  order=1447c27e
  [    132ms]  [91mstale[0m    (poll #3)  order=1447c27e
  [    201ms]  [91mstale[0m    (poll #4)  order=1447c27e
  [    273ms]  [92mVISIBLE[0m  (poll #5, X-Cache: MISS)  order=1447c27e

[96mOrder 200/500:[0m
  [      9ms]  [91mstale[0m    (poll #1)  order=dac64e60
  [     74ms]  [91mstale[0m    (poll #2)  order=dac64e60
  [    139ms]  [92mVISIBLE[0m  (poll #3, X-Cache: MISS)  order=dac64e60

[96mOrder 201/500:[0m
  [      7ms]  [91mstale[0m    (poll #1)  order=95476d64
  [     67ms]  [91mstale[0m    (poll #2)  order=95476d64
  [    127ms]  [91mstale[0m    (poll #3)  order=95476d64
  [    198ms]  [91mstale[0m    (poll #4)  order=95476d64
  [    269ms]  [92mVISIBLE[0m  (poll #5, X-Cache: MISS)  order=95476d64

[96mOrder 202/500:[0m
  [      9ms]  [91mstale[0m    (poll #1)  order=faf37d90
  [     70ms]  [91mstale[0m    (poll #2)  order=faf37d90
  [    136ms]  [91mstale[0m    (poll #3)  order=faf37d90
  [    203ms]  [91mstale[0m    (poll #4)  order=faf37d90
  [    279ms]  [92mVISIBLE[0m  (poll #5, X-Cache: MISS)  order=faf37d90

[96mOrder 203/500:[0m
  [      6ms]  [91mstale[0m    (poll #1)  order=e3a745d0
  [     69ms]  [91mstale[0m    (poll #2)  order=e3a745d0
  [    135ms]  [91mstale[0m    (poll #3)  order=e3a745d0
  [    201ms]  [91mstale[0m    (poll #4)  order=e3a745d0
  [    270ms]  [92mVISIBLE[0m  (poll #5, X-Cache: MISS)  order=e3a745d0

[96mOrder 204/500:[0m
  [      9ms]  [91mstale[0m    (poll #1)  order=daa137f1
  [     74ms]  [91mstale[0m    (poll #2)  order=daa137f1
  [    139ms]  [91mstale[0m    (poll #3)  order=daa137f1
  [    207ms]  [92mVISIBLE[0m  (poll #4, X-Cache: MISS)  order=daa137f1

[96mOrder 205/500:[0m
  [      7ms]  [91mstale[0m    (poll #1)  order=b470f147
  [     69ms]  [91mstale[0m    (poll #2)  order=b470f147
  [    131ms]  [91mstale[0m    (poll #3)  order=b470f147
  [    204ms]  [92mVISIBLE[0m  (poll #4, X-Cache: MISS)  order=b470f147

[96mOrder 206/500:[0m
  [      5ms]  [91mstale[0m    (poll #1)  order=b3df0778
  [     66ms]  [91mstale[0m    (poll #2)  order=b3df0778
  [    125ms]  [91mstale[0m    (poll #3)  order=b3df0778
  [    189ms]  [91mstale[0m    (poll #4)  order=b3df0778
  [    252ms]  [92mVISIBLE[0m  (poll #5, X-Cache: MISS)  order=b3df0778

[96mOrder 207/500:[0m
  [      7ms]  [91mstale[0m    (poll #1)  order=1d6328cb
  [     71ms]  [91mstale[0m    (poll #2)  order=1d6328cb
  [    138ms]  [91mstale[0m    (poll #3)  order=1d6328cb
  [    195ms]  [91mstale[0m    (poll #4)  order=1d6328cb
  [    258ms]  [92mVISIBLE[0m  (poll #5, X-Cache: MISS)  order=1d6328cb

[96mOrder 208/500:[0m
  [      6ms]  [91mstale[0m    (poll #1)  order=d3dd7dd1
  [     68ms]  [91mstale[0m    (poll #2)  order=d3dd7dd1
  [    131ms]  [91mstale[0m    (poll #3)  order=d3dd7dd1
  [    197ms]  [91mstale[0m    (poll #4)  order=d3dd7dd1
  [    264ms]  [92mVISIBLE[0m  (poll #5, X-Cache: MISS)  order=d3dd7dd1

[96mOrder 209/500:[0m
  [     10ms]  [91mstale[0m    (poll #1)  order=52143d54
  [     73ms]  [91mstale[0m    (poll #2)  order=52143d54
  [    142ms]  [91mstale[0m    (poll #3)  order=52143d54
  [    215ms]  [91mstale[0m    (poll #4)  order=52143d54
  [    285ms]  [92mVISIBLE[0m  (poll #5, X-Cache: MISS)  order=52143d54

[96mOrder 210/500:[0m
  [      9ms]  [91mstale[0m    (poll #1)  order=dfa9d9dd
  [     71ms]  [91mstale[0m    (poll #2)  order=dfa9d9dd
  [    135ms]  [91mstale[0m    (poll #3)  order=dfa9d9dd
  [    205ms]  [92mVISIBLE[0m  (poll #4, X-Cache: MISS)  order=dfa9d9dd

[96mOrder 211/500:[0m
  [      7ms]  [91mstale[0m    (poll #1)  order=3af25176
  [     72ms]  [91mstale[0m    (poll #2)  order=3af25176
  [    137ms]  [91mstale[0m    (poll #3)  order=3af25176
  [    197ms]  [91mstale[0m    (poll #4)  order=3af25176
  [    261ms]  [92mVISIBLE[0m  (poll #5, X-Cache: MISS)  order=3af25176

[96mOrder 212/500:[0m
  [      6ms]  [91mstale[0m    (poll #1)  order=94c135bd
  [     69ms]  [91mstale[0m    (poll #2)  order=94c135bd
  [    133ms]  [91mstale[0m    (poll #3)  order=94c135bd
  [    195ms]  [91mstale[0m    (poll #4)  order=94c135bd
  [    270ms]  [92mVISIBLE[0m  (poll #5, X-Cache: MISS)  order=94c135bd

[96mOrder 213/500:[0m
  [     10ms]  [91mstale[0m    (poll #1)  order=3790e027
  [     72ms]  [91mstale[0m    (poll #2)  order=3790e027
  [    138ms]  [91mstale[0m    (poll #3)  order=3790e027
  [    204ms]  [91mstale[0m    (poll #4)  order=3790e027
  [    271ms]  [92mVISIBLE[0m  (poll #5, X-Cache: MISS)  order=3790e027

[96mOrder 214/500:[0m
  [      7ms]  [91mstale[0m    (poll #1)  order=e256ffa6
  [     68ms]  [91mstale[0m    (poll #2)  order=e256ffa6
  [    134ms]  [91mstale[0m    (poll #3)  order=e256ffa6
  [    195ms]  [91mstale[0m    (poll #4)  order=e256ffa6
  [    252ms]  [92mVISIBLE[0m  (poll #5, X-Cache: MISS)  order=e256ffa6

[96mOrder 215/500:[0m
  [      5ms]  [91mstale[0m    (poll #1)  order=cbb2aaf1
  [     63ms]  [91mstale[0m    (poll #2)  order=cbb2aaf1
  [    128ms]  [91mstale[0m    (poll #3)  order=cbb2aaf1
  [    193ms]  [91mstale[0m    (poll #4)  order=cbb2aaf1
  [    262ms]  [92mVISIBLE[0m  (poll #5, X-Cache: MISS)  order=cbb2aaf1

[96mOrder 216/500:[0m
  [      7ms]  [91mstale[0m    (poll #1)  order=5bb8434e
  [     71ms]  [91mstale[0m    (poll #2)  order=5bb8434e
  [    137ms]  [91mstale[0m    (poll #3)  order=5bb8434e
  [    204ms]  [92mVISIBLE[0m  (poll #4, X-Cache: MISS)  order=5bb8434e

[96mOrder 217/500:[0m
  [      7ms]  [91mstale[0m    (poll #1)  order=95a229a4
  [     70ms]  [91mstale[0m    (poll #2)  order=95a229a4
  [    134ms]  [91mstale[0m    (poll #3)  order=95a229a4
  [    200ms]  [91mstale[0m    (poll #4)  order=95a229a4
  [    272ms]  [92mVISIBLE[0m  (poll #5, X-Cache: MISS)  order=95a229a4

[96mOrder 218/500:[0m
  [      9ms]  [91mstale[0m    (poll #1)  order=a665af99
  [     72ms]  [91mstale[0m    (poll #2)  order=a665af99
  [    135ms]  [91mstale[0m    (poll #3)  order=a665af99
  [    200ms]  [91mstale[0m    (poll #4)  order=a665af99
  [    267ms]  [92mVISIBLE[0m  (poll #5, X-Cache: MISS)  order=a665af99

[96mOrder 219/500:[0m
  [      7ms]  [91mstale[0m    (poll #1)  order=dc757230
  [     69ms]  [91mstale[0m    (poll #2)  order=dc757230
  [    133ms]  [91mstale[0m    (poll #3)  order=dc757230
  [    200ms]  [92mVISIBLE[0m  (poll #4, X-Cache: MISS)  order=dc757230

[96mOrder 220/500:[0m
  [      9ms]  [91mstale[0m    (poll #1)  order=667636b9
  [     74ms]  [91mstale[0m    (poll #2)  order=667636b9
  [    139ms]  [91mstale[0m    (poll #3)  order=667636b9
  [    203ms]  [91mstale[0m    (poll #4)  order=667636b9
  [    267ms]  [92mVISIBLE[0m  (poll #5, X-Cache: MISS)  order=667636b9

[96mOrder 221/500:[0m
  [      4ms]  [91mstale[0m    (poll #1)  order=35ff2b0c
  [     64ms]  [91mstale[0m    (poll #2)  order=35ff2b0c
  [    127ms]  [91mstale[0m    (poll #3)  order=35ff2b0c
  [    186ms]  [91mstale[0m    (poll #4)  order=35ff2b0c
  [    254ms]  [92mVISIBLE[0m  (poll #5, X-Cache: MISS)  order=35ff2b0c

[96mOrder 222/500:[0m
  [      6ms]  [91mstale[0m    (poll #1)  order=2f923008
  [     69ms]  [91mstale[0m    (poll #2)  order=2f923008
  [    135ms]  [91mstale[0m    (poll #3)  order=2f923008
  [    200ms]  [91mstale[0m    (poll #4)  order=2f923008
  [    262ms]  [92mVISIBLE[0m  (poll #5, X-Cache: MISS)  order=2f923008

[96mOrder 223/500:[0m
  [      7ms]  [91mstale[0m    (poll #1)  order=11716c71
  [     67ms]  [91mstale[0m    (poll #2)  order=11716c71
  [    129ms]  [91mstale[0m    (poll #3)  order=11716c71
  [    211ms]  [91mstale[0m    (poll #4)  order=11716c71
  [    268ms]  [92mVISIBLE[0m  (poll #5, X-Cache: MISS)  order=11716c71

[96mOrder 224/500:[0m
  [      5ms]  [91mstale[0m    (poll #1)  order=1c257a4a
  [     64ms]  [91mstale[0m    (poll #2)  order=1c257a4a
  [    127ms]  [91mstale[0m    (poll #3)  order=1c257a4a
  [    189ms]  [91mstale[0m    (poll #4)  order=1c257a4a
  [    247ms]  [92mVISIBLE[0m  (poll #5, X-Cache: MISS)  order=1c257a4a

[96mOrder 225/500:[0m
  [      4ms]  [91mstale[0m    (poll #1)  order=103216e4
  [     61ms]  [91mstale[0m    (poll #2)  order=103216e4
  [    123ms]  [91mstale[0m    (poll #3)  order=103216e4
  [    186ms]  [91mstale[0m    (poll #4)  order=103216e4
  [    247ms]  [92mVISIBLE[0m  (poll #5, X-Cache: MISS)  order=103216e4

[96mOrder 226/500:[0m
  [      7ms]  [91mstale[0m    (poll #1)  order=e7963025
  [     71ms]  [91mstale[0m    (poll #2)  order=e7963025
  [    132ms]  [91mstale[0m    (poll #3)  order=e7963025
  [    199ms]  [91mstale[0m    (poll #4)  order=e7963025
  [    262ms]  [92mVISIBLE[0m  (poll #5, X-Cache: MISS)  order=e7963025

[96mOrder 227/500:[0m
  [      7ms]  [91mstale[0m    (poll #1)  order=84a324b0
  [     71ms]  [91mstale[0m    (poll #2)  order=84a324b0
  [    136ms]  [91mstale[0m    (poll #3)  order=84a324b0
  [    200ms]  [91mstale[0m    (poll #4)  order=84a324b0
  [    266ms]  [92mVISIBLE[0m  (poll #5, X-Cache: MISS)  order=84a324b0

[96mOrder 228/500:[0m
  [      6ms]  [91mstale[0m    (poll #1)  order=66bc9f8f
  [     69ms]  [91mstale[0m    (poll #2)  order=66bc9f8f
  [    133ms]  [91mstale[0m    (poll #3)  order=66bc9f8f
  [    200ms]  [91mstale[0m    (poll #4)  order=66bc9f8f
  [    269ms]  [92mVISIBLE[0m  (poll #5, X-Cache: MISS)  order=66bc9f8f

[96mOrder 229/500:[0m
  [      7ms]  [91mstale[0m    (poll #1)  order=f642f2c5
  [     67ms]  [91mstale[0m    (poll #2)  order=f642f2c5
  [    130ms]  [91mstale[0m    (poll #3)  order=f642f2c5
  [    190ms]  [91mstale[0m    (poll #4)  order=f642f2c5
  [    249ms]  [92mVISIBLE[0m  (poll #5, X-Cache: MISS)  order=f642f2c5

[96mOrder 230/500:[0m
  [      4ms]  [91mstale[0m    (poll #1)  order=94fbdc54
  [     60ms]  [91mstale[0m    (poll #2)  order=94fbdc54
  [    120ms]  [91mstale[0m    (poll #3)  order=94fbdc54
  [    183ms]  [91mstale[0m    (poll #4)  order=94fbdc54
  [    243ms]  [92mVISIBLE[0m  (poll #5, X-Cache: MISS)  order=94fbdc54

[96mOrder 231/500:[0m
  [      6ms]  [91mstale[0m    (poll #1)  order=da8ec550
  [     69ms]  [91mstale[0m    (poll #2)  order=da8ec550
  [    134ms]  [91mstale[0m    (poll #3)  order=da8ec550
  [    198ms]  [91mstale[0m    (poll #4)  order=da8ec550
  [    263ms]  [92mVISIBLE[0m  (poll #5, X-Cache: MISS)  order=da8ec550

[96mOrder 232/500:[0m
  [      6ms]  [91mstale[0m    (poll #1)  order=23a4f74c
  [     62ms]  [91mstale[0m    (poll #2)  order=23a4f74c
  [    126ms]  [91mstale[0m    (poll #3)  order=23a4f74c
  [    192ms]  [91mstale[0m    (poll #4)  order=23a4f74c
  [    261ms]  [92mVISIBLE[0m  (poll #5, X-Cache: MISS)  order=23a4f74c

[96mOrder 233/500:[0m
  [     10ms]  [91mstale[0m    (poll #1)  order=1481a0e9
  [     75ms]  [91mstale[0m    (poll #2)  order=1481a0e9
  [    133ms]  [91mstale[0m    (poll #3)  order=1481a0e9
  [    194ms]  [92mVISIBLE[0m  (poll #4, X-Cache: MISS)  order=1481a0e9

[96mOrder 234/500:[0m
  [      5ms]  [91mstale[0m    (poll #1)  order=70c62c5a
  [     65ms]  [91mstale[0m    (poll #2)  order=70c62c5a
  [    125ms]  [91mstale[0m    (poll #3)  order=70c62c5a
  [    188ms]  [91mstale[0m    (poll #4)  order=70c62c5a
  [    251ms]  [92mVISIBLE[0m  (poll #5, X-Cache: MISS)  order=70c62c5a

[96mOrder 235/500:[0m
  [      4ms]  [91mstale[0m    (poll #1)  order=682f6431
  [     60ms]  [91mstale[0m    (poll #2)  order=682f6431
  [    118ms]  [91mstale[0m    (poll #3)  order=682f6431
  [    192ms]  [91mstale[0m    (poll #4)  order=682f6431
  [    264ms]  [92mVISIBLE[0m  (poll #5, X-Cache: MISS)  order=682f6431

[96mOrder 236/500:[0m
  [      9ms]  [91mstale[0m    (poll #1)  order=96d323bd
  [     74ms]  [91mstale[0m    (poll #2)  order=96d323bd
  [    137ms]  [91mstale[0m    (poll #3)  order=96d323bd
  [    201ms]  [91mstale[0m    (poll #4)  order=96d323bd
  [    266ms]  [92mVISIBLE[0m  (poll #5, X-Cache: MISS)  order=96d323bd

[96mOrder 237/500:[0m
  [      7ms]  [91mstale[0m    (poll #1)  order=0f509124
  [     70ms]  [91mstale[0m    (poll #2)  order=0f509124
  [    136ms]  [91mstale[0m    (poll #3)  order=0f509124
  [    201ms]  [91mstale[0m    (poll #4)  order=0f509124
  [    272ms]  [92mVISIBLE[0m  (poll #5, X-Cache: MISS)  order=0f509124

[96mOrder 238/500:[0m
  [      9ms]  [91mstale[0m    (poll #1)  order=4dd476f9
  [     70ms]  [91mstale[0m    (poll #2)  order=4dd476f9
  [    133ms]  [91mstale[0m    (poll #3)  order=4dd476f9
  [    199ms]  [92mVISIBLE[0m  (poll #4, X-Cache: MISS)  order=4dd476f9

[96mOrder 239/500:[0m
  [     10ms]  [91mstale[0m    (poll #1)  order=0116c281
  [     74ms]  [91mstale[0m    (poll #2)  order=0116c281
  [    138ms]  [91mstale[0m    (poll #3)  order=0116c281
  [    205ms]  [91mstale[0m    (poll #4)  order=0116c281
  [    270ms]  [92mVISIBLE[0m  (poll #5, X-Cache: MISS)  order=0116c281

[96mOrder 240/500:[0m
  [      8ms]  [91mstale[0m    (poll #1)  order=d24f3575
  [     68ms]  [91mstale[0m    (poll #2)  order=d24f3575
  [    132ms]  [91mstale[0m    (poll #3)  order=d24f3575
  [    201ms]  [91mstale[0m    (poll #4)  order=d24f3575
  [    272ms]  [92mVISIBLE[0m  (poll #5, X-Cache: MISS)  order=d24f3575

[96mOrder 241/500:[0m
  [      8ms]  [91mstale[0m    (poll #1)  order=fc46b483
  [     70ms]  [91mstale[0m    (poll #2)  order=fc46b483
  [    132ms]  [91mstale[0m    (poll #3)  order=fc46b483
  [    197ms]  [91mstale[0m    (poll #4)  order=fc46b483
  [    265ms]  [92mVISIBLE[0m  (poll #5, X-Cache: MISS)  order=fc46b483

[96mOrder 242/500:[0m
  [      9ms]  [91mstale[0m    (poll #1)  order=9297b1ff
  [     70ms]  [91mstale[0m    (poll #2)  order=9297b1ff
  [    133ms]  [91mstale[0m    (poll #3)  order=9297b1ff
  [    201ms]  [92mVISIBLE[0m  (poll #4, X-Cache: MISS)  order=9297b1ff

[96mOrder 243/500:[0m
  [      8ms]  [91mstale[0m    (poll #1)  order=22a66abf
  [     72ms]  [91mstale[0m    (poll #2)  order=22a66abf
  [    138ms]  [91mstale[0m    (poll #3)  order=22a66abf
  [    199ms]  [91mstale[0m    (poll #4)  order=22a66abf
  [    263ms]  [92mVISIBLE[0m  (poll #5, X-Cache: MISS)  order=22a66abf

[96mOrder 244/500:[0m
  [      5ms]  [91mstale[0m    (poll #1)  order=30500f60
  [     65ms]  [91mstale[0m    (poll #2)  order=30500f60
  [    128ms]  [91mstale[0m    (poll #3)  order=30500f60
  [    193ms]  [91mstale[0m    (poll #4)  order=30500f60
  [    265ms]  [92mVISIBLE[0m  (poll #5, X-Cache: MISS)  order=30500f60

[96mOrder 245/500:[0m
  [      6ms]  [91mstale[0m    (poll #1)  order=8e7c5d05
  [     66ms]  [91mstale[0m    (poll #2)  order=8e7c5d05
  [    128ms]  [91mstale[0m    (poll #3)  order=8e7c5d05
  [    195ms]  [91mstale[0m    (poll #4)  order=8e7c5d05
  [    266ms]  [92mVISIBLE[0m  (poll #5, X-Cache: MISS)  order=8e7c5d05

[96mOrder 246/500:[0m
  [      7ms]  [91mstale[0m    (poll #1)  order=9d2be471
  [     67ms]  [91mstale[0m    (poll #2)  order=9d2be471
  [    128ms]  [91mstale[0m    (poll #3)  order=9d2be471
  [    197ms]  [91mstale[0m    (poll #4)  order=9d2be471
  [    265ms]  [92mVISIBLE[0m  (poll #5, X-Cache: MISS)  order=9d2be471

[96mOrder 247/500:[0m
  [      9ms]  [91mstale[0m    (poll #1)  order=cfbc3255
  [     73ms]  [91mstale[0m    (poll #2)  order=cfbc3255
  [    136ms]  [91mstale[0m    (poll #3)  order=cfbc3255
  [    200ms]  [92mVISIBLE[0m  (poll #4, X-Cache: MISS)  order=cfbc3255

[96mOrder 248/500:[0m
  [      7ms]  [91mstale[0m    (poll #1)  order=f012d462
  [     70ms]  [91mstale[0m    (poll #2)  order=f012d462
  [    134ms]  [91mstale[0m    (poll #3)  order=f012d462
  [    200ms]  [92mVISIBLE[0m  (poll #4, X-Cache: MISS)  order=f012d462

[96mOrder 249/500:[0m
  [      6ms]  [91mstale[0m    (poll #1)  order=b1629372
  [     69ms]  [91mstale[0m    (poll #2)  order=b1629372
  [    132ms]  [91mstale[0m    (poll #3)  order=b1629372
  [    200ms]  [91mstale[0m    (poll #4)  order=b1629372
  [    271ms]  [92mVISIBLE[0m  (poll #5, X-Cache: MISS)  order=b1629372

[96mOrder 250/500:[0m
  [      8ms]  [91mstale[0m    (poll #1)  order=942e9da5
  [     72ms]  [91mstale[0m    (poll #2)  order=942e9da5
  [    137ms]  [91mstale[0m    (poll #3)  order=942e9da5
  [    204ms]  [91mstale[0m    (poll #4)  order=942e9da5
  [    276ms]  [92mVISIBLE[0m  (poll #5, X-Cache: MISS)  order=942e9da5

[96mOrder 251/500:[0m
  [      8ms]  [91mstale[0m    (poll #1)  order=c11ac1e0
  [     70ms]  [91mstale[0m    (poll #2)  order=c11ac1e0
  [    134ms]  [91mstale[0m    (poll #3)  order=c11ac1e0
  [    200ms]  [92mVISIBLE[0m  (poll #4, X-Cache: MISS)  order=c11ac1e0

[96mOrder 252/500:[0m
  [      9ms]  [91mstale[0m    (poll #1)  order=5e8bb9e7
  [     70ms]  [91mstale[0m    (poll #2)  order=5e8bb9e7
  [    135ms]  [91mstale[0m    (poll #3)  order=5e8bb9e7
  [    200ms]  [92mVISIBLE[0m  (poll #4, X-Cache: MISS)  order=5e8bb9e7

[96mOrder 253/500:[0m
  [      7ms]  [91mstale[0m    (poll #1)  order=72c76ea9
  [     69ms]  [91mstale[0m    (poll #2)  order=72c76ea9
  [    133ms]  [91mstale[0m    (poll #3)  order=72c76ea9
  [    200ms]  [91mstale[0m    (poll #4)  order=72c76ea9
  [    267ms]  [92mVISIBLE[0m  (poll #5, X-Cache: MISS)  order=72c76ea9

[96mOrder 254/500:[0m
  [      8ms]  [91mstale[0m    (poll #1)  order=08c1b7ad
  [     73ms]  [91mstale[0m    (poll #2)  order=08c1b7ad
  [    139ms]  [91mstale[0m    (poll #3)  order=08c1b7ad
  [    203ms]  [91mstale[0m    (poll #4)  order=08c1b7ad
  [    272ms]  [92mVISIBLE[0m  (poll #5, X-Cache: MISS)  order=08c1b7ad

[96mOrder 255/500:[0m
  [      8ms]  [91mstale[0m    (poll #1)  order=40440c02
  [     69ms]  [91mstale[0m    (poll #2)  order=40440c02
  [    135ms]  [91mstale[0m    (poll #3)  order=40440c02
  [    201ms]  [91mstale[0m    (poll #4)  order=40440c02
  [    269ms]  [92mVISIBLE[0m  (poll #5, X-Cache: MISS)  order=40440c02

[96mOrder 256/500:[0m
  [     10ms]  [91mstale[0m    (poll #1)  order=b6ffadca
  [     71ms]  [91mstale[0m    (poll #2)  order=b6ffadca
  [    131ms]  [91mstale[0m    (poll #3)  order=b6ffadca
  [    197ms]  [92mVISIBLE[0m  (poll #4, X-Cache: MISS)  order=b6ffadca

[96mOrder 257/500:[0m
  [      8ms]  [91mstale[0m    (poll #1)  order=04eab40f
  [     72ms]  [91mstale[0m    (poll #2)  order=04eab40f
  [    138ms]  [91mstale[0m    (poll #3)  order=04eab40f
  [    207ms]  [91mstale[0m    (poll #4)  order=04eab40f
  [    278ms]  [92mVISIBLE[0m  (poll #5, X-Cache: MISS)  order=04eab40f

[96mOrder 258/500:[0m
  [      9ms]  [91mstale[0m    (poll #1)  order=55e48cb1
  [     71ms]  [91mstale[0m    (poll #2)  order=55e48cb1
  [    136ms]  [91mstale[0m    (poll #3)  order=55e48cb1
  [    203ms]  [91mstale[0m    (poll #4)  order=55e48cb1
  [    273ms]  [92mVISIBLE[0m  (poll #5, X-Cache: MISS)  order=55e48cb1

[96mOrder 259/500:[0m
  [      9ms]  [91mstale[0m    (poll #1)  order=c048aca0
  [     71ms]  [91mstale[0m    (poll #2)  order=c048aca0
  [    136ms]  [91mstale[0m    (poll #3)  order=c048aca0
  [    200ms]  [92mVISIBLE[0m  (poll #4, X-Cache: MISS)  order=c048aca0

[96mOrder 260/500:[0m
  [      6ms]  [91mstale[0m    (poll #1)  order=3e477e81
  [     65ms]  [91mstale[0m    (poll #2)  order=3e477e81
  [    124ms]  [91mstale[0m    (poll #3)  order=3e477e81
  [    189ms]  [91mstale[0m    (poll #4)  order=3e477e81
  [    259ms]  [92mVISIBLE[0m  (poll #5, X-Cache: MISS)  order=3e477e81

[96mOrder 261/500:[0m
  [      9ms]  [91mstale[0m    (poll #1)  order=0efed2d6
  [     68ms]  [91mstale[0m    (poll #2)  order=0efed2d6
  [    129ms]  [91mstale[0m    (poll #3)  order=0efed2d6
  [    191ms]  [91mstale[0m    (poll #4)  order=0efed2d6
  [    253ms]  [92mVISIBLE[0m  (poll #5, X-Cache: MISS)  order=0efed2d6

[96mOrder 262/500:[0m
  [      5ms]  [91mstale[0m    (poll #1)  order=befd4f76
  [     65ms]  [91mstale[0m    (poll #2)  order=befd4f76
  [    123ms]  [91mstale[0m    (poll #3)  order=befd4f76
  [    187ms]  [91mstale[0m    (poll #4)  order=befd4f76
  [    250ms]  [92mVISIBLE[0m  (poll #5, X-Cache: MISS)  order=befd4f76

[96mOrder 263/500:[0m
  [      4ms]  [91mstale[0m    (poll #1)  order=a4812a61
  [     63ms]  [91mstale[0m    (poll #2)  order=a4812a61
  [    123ms]  [91mstale[0m    (poll #3)  order=a4812a61
  [    185ms]  [91mstale[0m    (poll #4)  order=a4812a61
  [    250ms]  [92mVISIBLE[0m  (poll #5, X-Cache: MISS)  order=a4812a61

[96mOrder 264/500:[0m
  [      8ms]  [91mstale[0m    (poll #1)  order=69be6d51
  [     72ms]  [91mstale[0m    (poll #2)  order=69be6d51
  [    137ms]  [91mstale[0m    (poll #3)  order=69be6d51
  [    200ms]  [92mVISIBLE[0m  (poll #4, X-Cache: MISS)  order=69be6d51

[96mOrder 265/500:[0m
  [      7ms]  [91mstale[0m    (poll #1)  order=f2658a80
  [     70ms]  [91mstale[0m    (poll #2)  order=f2658a80
  [    134ms]  [91mstale[0m    (poll #3)  order=f2658a80
  [    201ms]  [92mVISIBLE[0m  (poll #4, X-Cache: MISS)  order=f2658a80

[96mOrder 266/500:[0m
  [      7ms]  [91mstale[0m    (poll #1)  order=298c2dae
  [     71ms]  [91mstale[0m    (poll #2)  order=298c2dae
  [    134ms]  [91mstale[0m    (poll #3)  order=298c2dae
  [    197ms]  [91mstale[0m    (poll #4)  order=298c2dae
  [    265ms]  [92mVISIBLE[0m  (poll #5, X-Cache: MISS)  order=298c2dae

[96mOrder 267/500:[0m
  [      9ms]  [91mstale[0m    (poll #1)  order=608fe3f8
  [     69ms]  [91mstale[0m    (poll #2)  order=608fe3f8
  [    133ms]  [91mstale[0m    (poll #3)  order=608fe3f8
  [    196ms]  [91mstale[0m    (poll #4)  order=608fe3f8
  [    268ms]  [92mVISIBLE[0m  (poll #5, X-Cache: MISS)  order=608fe3f8

[96mOrder 268/500:[0m
  [     10ms]  [91mstale[0m    (poll #1)  order=14695622
  [     73ms]  [91mstale[0m    (poll #2)  order=14695622
  [    137ms]  [91mstale[0m    (poll #3)  order=14695622
  [    195ms]  [92mVISIBLE[0m  (poll #4, X-Cache: MISS)  order=14695622

[96mOrder 269/500:[0m
  [      4ms]  [91mstale[0m    (poll #1)  order=d1f4d2af
  [     60ms]  [91mstale[0m    (poll #2)  order=d1f4d2af
  [    121ms]  [91mstale[0m    (poll #3)  order=d1f4d2af
  [    182ms]  [92mVISIBLE[0m  (poll #4, X-Cache: MISS)  order=d1f4d2af

[96mOrder 270/500:[0m
  [      4ms]  [91mstale[0m    (poll #1)  order=9bce396d
  [     62ms]  [91mstale[0m    (poll #2)  order=9bce396d
  [    123ms]  [91mstale[0m    (poll #3)  order=9bce396d
  [    186ms]  [91mstale[0m    (poll #4)  order=9bce396d
  [    251ms]  [92mVISIBLE[0m  (poll #5, X-Cache: MISS)  order=9bce396d

[96mOrder 271/500:[0m
  [      7ms]  [91mstale[0m    (poll #1)  order=740e7b6f
  [     72ms]  [91mstale[0m    (poll #2)  order=740e7b6f
  [    137ms]  [91mstale[0m    (poll #3)  order=740e7b6f
  [    200ms]  [91mstale[0m    (poll #4)  order=740e7b6f
  [    269ms]  [92mVISIBLE[0m  (poll #5, X-Cache: MISS)  order=740e7b6f

[96mOrder 272/500:[0m
  [      4ms]  [91mstale[0m    (poll #1)  order=69bb04c6
  [     64ms]  [91mstale[0m    (poll #2)  order=69bb04c6
  [    124ms]  [91mstale[0m    (poll #3)  order=69bb04c6
  [    188ms]  [91mstale[0m    (poll #4)  order=69bb04c6
  [    250ms]  [92mVISIBLE[0m  (poll #5, X-Cache: MISS)  order=69bb04c6

[96mOrder 273/500:[0m
  [      7ms]  [91mstale[0m    (poll #1)  order=049ce21b
  [     67ms]  [91mstale[0m    (poll #2)  order=049ce21b
  [    132ms]  [91mstale[0m    (poll #3)  order=049ce21b
  [    196ms]  [92mVISIBLE[0m  (poll #4, X-Cache: MISS)  order=049ce21b

[96mOrder 274/500:[0m
  [      7ms]  [91mstale[0m    (poll #1)  order=3d7cf821
  [     70ms]  [91mstale[0m    (poll #2)  order=3d7cf821
  [    134ms]  [91mstale[0m    (poll #3)  order=3d7cf821
  [    202ms]  [91mstale[0m    (poll #4)  order=3d7cf821
  [    273ms]  [92mVISIBLE[0m  (poll #5, X-Cache: MISS)  order=3d7cf821

[96mOrder 275/500:[0m
  [      9ms]  [91mstale[0m    (poll #1)  order=1645dc8e
  [     71ms]  [91mstale[0m    (poll #2)  order=1645dc8e
  [    137ms]  [91mstale[0m    (poll #3)  order=1645dc8e
  [    199ms]  [91mstale[0m    (poll #4)  order=1645dc8e
  [    268ms]  [92mVISIBLE[0m  (poll #5, X-Cache: MISS)  order=1645dc8e

[96mOrder 276/500:[0m
  [      7ms]  [91mstale[0m    (poll #1)  order=ec477d76
  [     68ms]  [91mstale[0m    (poll #2)  order=ec477d76
  [    134ms]  [91mstale[0m    (poll #3)  order=ec477d76
  [    197ms]  [91mstale[0m    (poll #4)  order=ec477d76
  [    265ms]  [92mVISIBLE[0m  (poll #5, X-Cache: MISS)  order=ec477d76

[96mOrder 277/500:[0m
  [      7ms]  [91mstale[0m    (poll #1)  order=c0b695b9
  [     68ms]  [91mstale[0m    (poll #2)  order=c0b695b9
  [    131ms]  [91mstale[0m    (poll #3)  order=c0b695b9
  [    200ms]  [92mVISIBLE[0m  (poll #4, X-Cache: MISS)  order=c0b695b9

[96mOrder 278/500:[0m
  [      8ms]  [91mstale[0m    (poll #1)  order=14046f47
  [     72ms]  [91mstale[0m    (poll #2)  order=14046f47
  [    131ms]  [91mstale[0m    (poll #3)  order=14046f47
  [    194ms]  [92mVISIBLE[0m  (poll #4, X-Cache: MISS)  order=14046f47

[96mOrder 279/500:[0m
  [      8ms]  [91mstale[0m    (poll #1)  order=01f9b659
  [     72ms]  [91mstale[0m    (poll #2)  order=01f9b659
  [    135ms]  [91mstale[0m    (poll #3)  order=01f9b659
  [    199ms]  [91mstale[0m    (poll #4)  order=01f9b659
  [    265ms]  [92mVISIBLE[0m  (poll #5, X-Cache: MISS)  order=01f9b659

[96mOrder 280/500:[0m
  [      7ms]  [91mstale[0m    (poll #1)  order=a15cab83
  [     72ms]  [91mstale[0m    (poll #2)  order=a15cab83
  [    136ms]  [91mstale[0m    (poll #3)  order=a15cab83
  [    201ms]  [91mstale[0m    (poll #4)  order=a15cab83
  [    272ms]  [92mVISIBLE[0m  (poll #5, X-Cache: MISS)  order=a15cab83

[96mOrder 281/500:[0m
  [      8ms]  [91mstale[0m    (poll #1)  order=6dbdb584
  [     72ms]  [91mstale[0m    (poll #2)  order=6dbdb584
  [    137ms]  [91mstale[0m    (poll #3)  order=6dbdb584
  [    201ms]  [91mstale[0m    (poll #4)  order=6dbdb584
  [    270ms]  [92mVISIBLE[0m  (poll #5, X-Cache: MISS)  order=6dbdb584

[96mOrder 282/500:[0m
  [     10ms]  [91mstale[0m    (poll #1)  order=aef08840
  [     76ms]  [91mstale[0m    (poll #2)  order=aef08840
  [    142ms]  [91mstale[0m    (poll #3)  order=aef08840
  [    201ms]  [92mVISIBLE[0m  (poll #4, X-Cache: MISS)  order=aef08840

[96mOrder 283/500:[0m
  [      7ms]  [91mstale[0m    (poll #1)  order=24c6f0f7
  [     68ms]  [91mstale[0m    (poll #2)  order=24c6f0f7
  [    131ms]  [91mstale[0m    (poll #3)  order=24c6f0f7
  [    193ms]  [91mstale[0m    (poll #4)  order=24c6f0f7
  [    252ms]  [92mVISIBLE[0m  (poll #5, X-Cache: MISS)  order=24c6f0f7

[96mOrder 284/500:[0m
  [      6ms]  [91mstale[0m    (poll #1)  order=9dfb0f1a
  [     64ms]  [91mstale[0m    (poll #2)  order=9dfb0f1a
  [    123ms]  [91mstale[0m    (poll #3)  order=9dfb0f1a
  [    189ms]  [92mVISIBLE[0m  (poll #4, X-Cache: MISS)  order=9dfb0f1a

[96mOrder 285/500:[0m
  [      9ms]  [91mstale[0m    (poll #1)  order=7b9b4022
  [     68ms]  [91mstale[0m    (poll #2)  order=7b9b4022
  [    130ms]  [91mstale[0m    (poll #3)  order=7b9b4022
  [    198ms]  [91mstale[0m    (poll #4)  order=7b9b4022
  [    268ms]  [92mVISIBLE[0m  (poll #5, X-Cache: MISS)  order=7b9b4022

[96mOrder 286/500:[0m
  [      7ms]  [91mstale[0m    (poll #1)  order=cf3f7da9
  [     70ms]  [91mstale[0m    (poll #2)  order=cf3f7da9
  [    128ms]  [91mstale[0m    (poll #3)  order=cf3f7da9
  [    191ms]  [92mVISIBLE[0m  (poll #4, X-Cache: MISS)  order=cf3f7da9

[96mOrder 287/500:[0m
  [      7ms]  [91mstale[0m    (poll #1)  order=abd25d35
  [     70ms]  [91mstale[0m    (poll #2)  order=abd25d35
  [    133ms]  [91mstale[0m    (poll #3)  order=abd25d35
  [    199ms]  [91mstale[0m    (poll #4)  order=abd25d35
  [    268ms]  [92mVISIBLE[0m  (poll #5, X-Cache: MISS)  order=abd25d35

[96mOrder 288/500:[0m
  [      6ms]  [91mstale[0m    (poll #1)  order=4bc506ec
  [     65ms]  [91mstale[0m    (poll #2)  order=4bc506ec
  [    126ms]  [91mstale[0m    (poll #3)  order=4bc506ec
  [    191ms]  [91mstale[0m    (poll #4)  order=4bc506ec
  [    258ms]  [92mVISIBLE[0m  (poll #5, X-Cache: MISS)  order=4bc506ec

[96mOrder 289/500:[0m
  [     14ms]  [91mstale[0m    (poll #1)  order=0e76cea3
  [     74ms]  [91mstale[0m    (poll #2)  order=0e76cea3
  [    138ms]  [91mstale[0m    (poll #3)  order=0e76cea3
  [    201ms]  [92mVISIBLE[0m  (poll #4, X-Cache: MISS)  order=0e76cea3

[96mOrder 290/500:[0m
  [      9ms]  [91mstale[0m    (poll #1)  order=a06eded0
  [     69ms]  [91mstale[0m    (poll #2)  order=a06eded0
  [    133ms]  [91mstale[0m    (poll #3)  order=a06eded0
  [    197ms]  [91mstale[0m    (poll #4)  order=a06eded0
  [    267ms]  [92mVISIBLE[0m  (poll #5, X-Cache: MISS)  order=a06eded0

[96mOrder 291/500:[0m
  [      9ms]  [91mstale[0m    (poll #1)  order=ab0dcf91
  [     69ms]  [91mstale[0m    (poll #2)  order=ab0dcf91
  [    134ms]  [91mstale[0m    (poll #3)  order=ab0dcf91
  [    201ms]  [91mstale[0m    (poll #4)  order=ab0dcf91
  [    261ms]  [92mVISIBLE[0m  (poll #5, X-Cache: MISS)  order=ab0dcf91

[96mOrder 292/500:[0m
  [      6ms]  [91mstale[0m    (poll #1)  order=c61a3767
  [     69ms]  [91mstale[0m    (poll #2)  order=c61a3767
  [    132ms]  [91mstale[0m    (poll #3)  order=c61a3767
  [    198ms]  [92mVISIBLE[0m  (poll #4, X-Cache: MISS)  order=c61a3767

[96mOrder 293/500:[0m
  [      9ms]  [91mstale[0m    (poll #1)  order=e5be8014
  [     73ms]  [91mstale[0m    (poll #2)  order=e5be8014
  [    136ms]  [91mstale[0m    (poll #3)  order=e5be8014
  [    204ms]  [91mstale[0m    (poll #4)  order=e5be8014
  [    277ms]  [92mVISIBLE[0m  (poll #5, X-Cache: MISS)  order=e5be8014

[96mOrder 294/500:[0m
  [      7ms]  [91mstale[0m    (poll #1)  order=8dcf90c3
  [     71ms]  [91mstale[0m    (poll #2)  order=8dcf90c3
  [    135ms]  [91mstale[0m    (poll #3)  order=8dcf90c3
  [    199ms]  [92mVISIBLE[0m  (poll #4, X-Cache: MISS)  order=8dcf90c3

[96mOrder 295/500:[0m
  [      9ms]  [91mstale[0m    (poll #1)  order=ae7a59fa
  [     72ms]  [91mstale[0m    (poll #2)  order=ae7a59fa
  [    138ms]  [91mstale[0m    (poll #3)  order=ae7a59fa
  [    202ms]  [91mstale[0m    (poll #4)  order=ae7a59fa
  [    267ms]  [92mVISIBLE[0m  (poll #5, X-Cache: MISS)  order=ae7a59fa

[96mOrder 296/500:[0m
  [      6ms]  [91mstale[0m    (poll #1)  order=57bac25d
  [     69ms]  [91mstale[0m    (poll #2)  order=57bac25d
  [    134ms]  [91mstale[0m    (poll #3)  order=57bac25d
  [    199ms]  [92mVISIBLE[0m  (poll #4, X-Cache: MISS)  order=57bac25d

[96mOrder 297/500:[0m
  [      8ms]  [91mstale[0m    (poll #1)  order=ef2da7ef
  [     69ms]  [91mstale[0m    (poll #2)  order=ef2da7ef
  [    134ms]  [91mstale[0m    (poll #3)  order=ef2da7ef
  [    201ms]  [91mstale[0m    (poll #4)  order=ef2da7ef
  [    272ms]  [92mVISIBLE[0m  (poll #5, X-Cache: MISS)  order=ef2da7ef

[96mOrder 298/500:[0m
  [     10ms]  [91mstale[0m    (poll #1)  order=98413a74
  [     71ms]  [91mstale[0m    (poll #2)  order=98413a74
  [    136ms]  [91mstale[0m    (poll #3)  order=98413a74
  [    204ms]  [91mstale[0m    (poll #4)  order=98413a74
  [    274ms]  [92mVISIBLE[0m  (poll #5, X-Cache: MISS)  order=98413a74

[96mOrder 299/500:[0m
  [      4ms]  [91mstale[0m    (poll #1)  order=e4c5f91e
  [     66ms]  [91mstale[0m    (poll #2)  order=e4c5f91e
  [    126ms]  [91mstale[0m    (poll #3)  order=e4c5f91e
  [    189ms]  [92mVISIBLE[0m  (poll #4, X-Cache: MISS)  order=e4c5f91e

[96mOrder 300/500:[0m
  [      5ms]  [91mstale[0m    (poll #1)  order=d5878419
  [     64ms]  [91mstale[0m    (poll #2)  order=d5878419
  [    128ms]  [91mstale[0m    (poll #3)  order=d5878419
  [    188ms]  [91mstale[0m    (poll #4)  order=d5878419
  [    246ms]  [92mVISIBLE[0m  (poll #5, X-Cache: MISS)  order=d5878419

[96mOrder 301/500:[0m
  [      4ms]  [91mstale[0m    (poll #1)  order=d05b6378
  [     63ms]  [91mstale[0m    (poll #2)  order=d05b6378
  [    125ms]  [91mstale[0m    (poll #3)  order=d05b6378
  [    184ms]  [91mstale[0m    (poll #4)  order=d05b6378
  [    244ms]  [92mVISIBLE[0m  (poll #5, X-Cache: MISS)  order=d05b6378

[96mOrder 302/500:[0m
  [      5ms]  [91mstale[0m    (poll #1)  order=96379454
  [     63ms]  [91mstale[0m    (poll #2)  order=96379454
  [    126ms]  [91mstale[0m    (poll #3)  order=96379454
  [    183ms]  [91mstale[0m    (poll #4)  order=96379454
  [    246ms]  [92mVISIBLE[0m  (poll #5, X-Cache: MISS)  order=96379454

[96mOrder 303/500:[0m
  [      5ms]  [91mstale[0m    (poll #1)  order=45202b8a
  [     66ms]  [91mstale[0m    (poll #2)  order=45202b8a
  [    125ms]  [91mstale[0m    (poll #3)  order=45202b8a
  [    186ms]  [92mVISIBLE[0m  (poll #4, X-Cache: MISS)  order=45202b8a

[96mOrder 304/500:[0m
  [      5ms]  [91mstale[0m    (poll #1)  order=feb808cc
  [     66ms]  [91mstale[0m    (poll #2)  order=feb808cc
  [    126ms]  [91mstale[0m    (poll #3)  order=feb808cc
  [    188ms]  [91mstale[0m    (poll #4)  order=feb808cc
  [    256ms]  [92mVISIBLE[0m  (poll #5, X-Cache: MISS)  order=feb808cc

[96mOrder 305/500:[0m
  [      7ms]  [91mstale[0m    (poll #1)  order=2240bb38
  [     69ms]  [91mstale[0m    (poll #2)  order=2240bb38
  [    132ms]  [91mstale[0m    (poll #3)  order=2240bb38
  [    198ms]  [92mVISIBLE[0m  (poll #4, X-Cache: MISS)  order=2240bb38

[96mOrder 306/500:[0m
  [      7ms]  [91mstale[0m    (poll #1)  order=cf4f0674
  [     69ms]  [91mstale[0m    (poll #2)  order=cf4f0674
  [    134ms]  [91mstale[0m    (poll #3)  order=cf4f0674
  [    198ms]  [92mVISIBLE[0m  (poll #4, X-Cache: MISS)  order=cf4f0674

[96mOrder 307/500:[0m
  [      7ms]  [91mstale[0m    (poll #1)  order=79ab50fd
  [     67ms]  [91mstale[0m    (poll #2)  order=79ab50fd
  [    129ms]  [91mstale[0m    (poll #3)  order=79ab50fd
  [    195ms]  [91mstale[0m    (poll #4)  order=79ab50fd
  [    260ms]  [92mVISIBLE[0m  (poll #5, X-Cache: MISS)  order=79ab50fd

[96mOrder 308/500:[0m
  [      5ms]  [91mstale[0m    (poll #1)  order=dfc48829
  [     66ms]  [91mstale[0m    (poll #2)  order=dfc48829
  [    126ms]  [91mstale[0m    (poll #3)  order=dfc48829
  [    189ms]  [91mstale[0m    (poll #4)  order=dfc48829
  [    255ms]  [92mVISIBLE[0m  (poll #5, X-Cache: MISS)  order=dfc48829

[96mOrder 309/500:[0m
  [      8ms]  [91mstale[0m    (poll #1)  order=5dc29c71
  [     72ms]  [91mstale[0m    (poll #2)  order=5dc29c71
  [    136ms]  [91mstale[0m    (poll #3)  order=5dc29c71
  [    194ms]  [91mstale[0m    (poll #4)  order=5dc29c71
  [    256ms]  [92mVISIBLE[0m  (poll #5, X-Cache: MISS)  order=5dc29c71

[96mOrder 310/500:[0m
  [      4ms]  [91mstale[0m    (poll #1)  order=2104e645
  [     63ms]  [91mstale[0m    (poll #2)  order=2104e645
  [    122ms]  [91mstale[0m    (poll #3)  order=2104e645
  [    180ms]  [92mVISIBLE[0m  (poll #4, X-Cache: MISS)  order=2104e645

[96mOrder 311/500:[0m
  [      5ms]  [91mstale[0m    (poll #1)  order=ca3c608f
  [     66ms]  [91mstale[0m    (poll #2)  order=ca3c608f
  [    125ms]  [91mstale[0m    (poll #3)  order=ca3c608f
  [    189ms]  [91mstale[0m    (poll #4)  order=ca3c608f
  [    251ms]  [92mVISIBLE[0m  (poll #5, X-Cache: MISS)  order=ca3c608f

[96mOrder 312/500:[0m
  [      3ms]  [91mstale[0m    (poll #1)  order=bfee797f
  [     63ms]  [91mstale[0m    (poll #2)  order=bfee797f
  [    125ms]  [91mstale[0m    (poll #3)  order=bfee797f
  [    189ms]  [91mstale[0m    (poll #4)  order=bfee797f
  [    255ms]  [92mVISIBLE[0m  (poll #5, X-Cache: MISS)  order=bfee797f

[96mOrder 313/500:[0m
  [      7ms]  [91mstale[0m    (poll #1)  order=604e8677
  [     67ms]  [91mstale[0m    (poll #2)  order=604e8677
  [    128ms]  [91mstale[0m    (poll #3)  order=604e8677
  [    196ms]  [91mstale[0m    (poll #4)  order=604e8677
  [    265ms]  [92mVISIBLE[0m  (poll #5, X-Cache: MISS)  order=604e8677

[96mOrder 314/500:[0m
  [     10ms]  [91mstale[0m    (poll #1)  order=fe5325bc
  [     75ms]  [91mstale[0m    (poll #2)  order=fe5325bc
  [    137ms]  [91mstale[0m    (poll #3)  order=fe5325bc
  [    205ms]  [91mstale[0m    (poll #4)  order=fe5325bc
  [    275ms]  [92mVISIBLE[0m  (poll #5, X-Cache: MISS)  order=fe5325bc

[96mOrder 315/500:[0m
  [      6ms]  [91mstale[0m    (poll #1)  order=a1a381c8
  [     68ms]  [91mstale[0m    (poll #2)  order=a1a381c8
  [    130ms]  [91mstale[0m    (poll #3)  order=a1a381c8
  [    192ms]  [91mstale[0m    (poll #4)  order=a1a381c8
  [    255ms]  [92mVISIBLE[0m  (poll #5, X-Cache: MISS)  order=a1a381c8

[96mOrder 316/500:[0m
  [      6ms]  [91mstale[0m    (poll #1)  order=9f7de282
  [     66ms]  [91mstale[0m    (poll #2)  order=9f7de282
  [    128ms]  [91mstale[0m    (poll #3)  order=9f7de282
  [    195ms]  [91mstale[0m    (poll #4)  order=9f7de282
  [    261ms]  [92mVISIBLE[0m  (poll #5, X-Cache: MISS)  order=9f7de282

[96mOrder 317/500:[0m
  [     10ms]  [91mstale[0m    (poll #1)  order=0fdf3903
  [     73ms]  [91mstale[0m    (poll #2)  order=0fdf3903
  [    139ms]  [91mstale[0m    (poll #3)  order=0fdf3903
  [    203ms]  [92mVISIBLE[0m  (poll #4, X-Cache: MISS)  order=0fdf3903

[96mOrder 318/500:[0m
  [      7ms]  [91mstale[0m    (poll #1)  order=3938795c
  [     66ms]  [91mstale[0m    (poll #2)  order=3938795c
  [    127ms]  [91mstale[0m    (poll #3)  order=3938795c
  [    195ms]  [91mstale[0m    (poll #4)  order=3938795c
  [    263ms]  [92mVISIBLE[0m  (poll #5, X-Cache: MISS)  order=3938795c

[96mOrder 319/500:[0m
  [      7ms]  [91mstale[0m    (poll #1)  order=e08e8c12
  [     67ms]  [91mstale[0m    (poll #2)  order=e08e8c12
  [    133ms]  [91mstale[0m    (poll #3)  order=e08e8c12
  [    197ms]  [92mVISIBLE[0m  (poll #4, X-Cache: MISS)  order=e08e8c12

[96mOrder 320/500:[0m
  [      6ms]  [91mstale[0m    (poll #1)  order=bfc1f8ac
  [     69ms]  [91mstale[0m    (poll #2)  order=bfc1f8ac
  [    130ms]  [91mstale[0m    (poll #3)  order=bfc1f8ac
  [    192ms]  [92mVISIBLE[0m  (poll #4, X-Cache: MISS)  order=bfc1f8ac

[96mOrder 321/500:[0m
  [      9ms]  [91mstale[0m    (poll #1)  order=d00e3080
  [     73ms]  [91mstale[0m    (poll #2)  order=d00e3080
  [    138ms]  [91mstale[0m    (poll #3)  order=d00e3080
  [    205ms]  [91mstale[0m    (poll #4)  order=d00e3080
  [    273ms]  [92mVISIBLE[0m  (poll #5, X-Cache: MISS)  order=d00e3080

[96mOrder 322/500:[0m
  [      9ms]  [91mstale[0m    (poll #1)  order=53a3dc59
  [     72ms]  [91mstale[0m    (poll #2)  order=53a3dc59
  [    136ms]  [91mstale[0m    (poll #3)  order=53a3dc59
  [    200ms]  [91mstale[0m    (poll #4)  order=53a3dc59
  [    260ms]  [92mVISIBLE[0m  (poll #5, X-Cache: MISS)  order=53a3dc59

[96mOrder 323/500:[0m
  [      5ms]  [91mstale[0m    (poll #1)  order=f180a8d9
  [     66ms]  [91mstale[0m    (poll #2)  order=f180a8d9
  [    126ms]  [91mstale[0m    (poll #3)  order=f180a8d9
  [    189ms]  [91mstale[0m    (poll #4)  order=f180a8d9
  [    249ms]  [92mVISIBLE[0m  (poll #5, X-Cache: MISS)  order=f180a8d9

[96mOrder 324/500:[0m
  [      7ms]  [91mstale[0m    (poll #1)  order=006c3440
  [     69ms]  [91mstale[0m    (poll #2)  order=006c3440
  [    129ms]  [91mstale[0m    (poll #3)  order=006c3440
  [    192ms]  [91mstale[0m    (poll #4)  order=006c3440
  [    259ms]  [92mVISIBLE[0m  (poll #5, X-Cache: MISS)  order=006c3440

[96mOrder 325/500:[0m
  [     10ms]  [91mstale[0m    (poll #1)  order=5ab2fd90
  [     74ms]  [91mstale[0m    (poll #2)  order=5ab2fd90
  [    141ms]  [91mstale[0m    (poll #3)  order=5ab2fd90
  [    210ms]  [91mstale[0m    (poll #4)  order=5ab2fd90
  [    277ms]  [92mVISIBLE[0m  (poll #5, X-Cache: MISS)  order=5ab2fd90

[96mOrder 326/500:[0m
  [     10ms]  [91mstale[0m    (poll #1)  order=a4a04eeb
  [     69ms]  [91mstale[0m    (poll #2)  order=a4a04eeb
  [    133ms]  [91mstale[0m    (poll #3)  order=a4a04eeb
  [    200ms]  [92mVISIBLE[0m  (poll #4, X-Cache: MISS)  order=a4a04eeb

[96mOrder 327/500:[0m
  [     10ms]  [91mstale[0m    (poll #1)  order=1b9021f6
  [     73ms]  [91mstale[0m    (poll #2)  order=1b9021f6
  [    136ms]  [91mstale[0m    (poll #3)  order=1b9021f6
  [    197ms]  [91mstale[0m    (poll #4)  order=1b9021f6
  [    263ms]  [92mVISIBLE[0m  (poll #5, X-Cache: MISS)  order=1b9021f6

[96mOrder 328/500:[0m
  [      9ms]  [91mstale[0m    (poll #1)  order=3061fb81
  [     73ms]  [91mstale[0m    (poll #2)  order=3061fb81
  [    139ms]  [91mstale[0m    (poll #3)  order=3061fb81
  [    201ms]  [91mstale[0m    (poll #4)  order=3061fb81
  [    265ms]  [92mVISIBLE[0m  (poll #5, X-Cache: MISS)  order=3061fb81

[96mOrder 329/500:[0m
  [      9ms]  [91mstale[0m    (poll #1)  order=478e2cac
  [     71ms]  [91mstale[0m    (poll #2)  order=478e2cac
  [    136ms]  [91mstale[0m    (poll #3)  order=478e2cac
  [    200ms]  [91mstale[0m    (poll #4)  order=478e2cac
  [    264ms]  [92mVISIBLE[0m  (poll #5, X-Cache: MISS)  order=478e2cac

[96mOrder 330/500:[0m
  [      7ms]  [91mstale[0m    (poll #1)  order=be5222b4
  [     71ms]  [91mstale[0m    (poll #2)  order=be5222b4
  [    135ms]  [91mstale[0m    (poll #3)  order=be5222b4
  [    203ms]  [91mstale[0m    (poll #4)  order=be5222b4
  [    270ms]  [92mVISIBLE[0m  (poll #5, X-Cache: MISS)  order=be5222b4

[96mOrder 331/500:[0m
  [      8ms]  [91mstale[0m    (poll #1)  order=569ac6a5
  [     70ms]  [91mstale[0m    (poll #2)  order=569ac6a5
  [    136ms]  [91mstale[0m    (poll #3)  order=569ac6a5
  [    199ms]  [92mVISIBLE[0m  (poll #4, X-Cache: MISS)  order=569ac6a5

[96mOrder 332/500:[0m
  [      8ms]  [91mstale[0m    (poll #1)  order=c23fa273
  [     71ms]  [91mstale[0m    (poll #2)  order=c23fa273
  [    135ms]  [91mstale[0m    (poll #3)  order=c23fa273
  [    200ms]  [91mstale[0m    (poll #4)  order=c23fa273
  [    272ms]  [92mVISIBLE[0m  (poll #5, X-Cache: MISS)  order=c23fa273

[96mOrder 333/500:[0m
  [      9ms]  [91mstale[0m    (poll #1)  order=942de3d5
  [     72ms]  [91mstale[0m    (poll #2)  order=942de3d5
  [    135ms]  [91mstale[0m    (poll #3)  order=942de3d5
  [    199ms]  [91mstale[0m    (poll #4)  order=942de3d5
  [    265ms]  [92mVISIBLE[0m  (poll #5, X-Cache: MISS)  order=942de3d5

[96mOrder 334/500:[0m
  [     10ms]  [91mstale[0m    (poll #1)  order=7b6c5ce4
  [     75ms]  [91mstale[0m    (poll #2)  order=7b6c5ce4
  [    139ms]  [91mstale[0m    (poll #3)  order=7b6c5ce4
  [    202ms]  [91mstale[0m    (poll #4)  order=7b6c5ce4
  [    270ms]  [92mVISIBLE[0m  (poll #5, X-Cache: MISS)  order=7b6c5ce4

[96mOrder 335/500:[0m
  [      8ms]  [91mstale[0m    (poll #1)  order=20697eeb
  [     72ms]  [91mstale[0m    (poll #2)  order=20697eeb
  [    135ms]  [91mstale[0m    (poll #3)  order=20697eeb
  [    202ms]  [92mVISIBLE[0m  (poll #4, X-Cache: MISS)  order=20697eeb

[96mOrder 336/500:[0m
  [      9ms]  [91mstale[0m    (poll #1)  order=23709cad
  [     71ms]  [91mstale[0m    (poll #2)  order=23709cad
  [    136ms]  [91mstale[0m    (poll #3)  order=23709cad
  [    206ms]  [91mstale[0m    (poll #4)  order=23709cad
  [    272ms]  [92mVISIBLE[0m  (poll #5, X-Cache: MISS)  order=23709cad

[96mOrder 337/500:[0m
  [     10ms]  [91mstale[0m    (poll #1)  order=f0edddf2
  [     71ms]  [91mstale[0m    (poll #2)  order=f0edddf2
  [    132ms]  [91mstale[0m    (poll #3)  order=f0edddf2
  [    194ms]  [91mstale[0m    (poll #4)  order=f0edddf2
  [    258ms]  [92mVISIBLE[0m  (poll #5, X-Cache: MISS)  order=f0edddf2

[96mOrder 338/500:[0m
  [     10ms]  [91mstale[0m    (poll #1)  order=4d8b096a
  [     74ms]  [91mstale[0m    (poll #2)  order=4d8b096a
  [    137ms]  [91mstale[0m    (poll #3)  order=4d8b096a
  [    198ms]  [91mstale[0m    (poll #4)  order=4d8b096a
  [    265ms]  [92mVISIBLE[0m  (poll #5, X-Cache: MISS)  order=4d8b096a

[96mOrder 339/500:[0m
  [      7ms]  [91mstale[0m    (poll #1)  order=a551fb42
  [     66ms]  [91mstale[0m    (poll #2)  order=a551fb42
  [    123ms]  [91mstale[0m    (poll #3)  order=a551fb42
  [    190ms]  [91mstale[0m    (poll #4)  order=a551fb42
  [    253ms]  [92mVISIBLE[0m  (poll #5, X-Cache: MISS)  order=a551fb42

[96mOrder 340/500:[0m
  [      5ms]  [91mstale[0m    (poll #1)  order=44a876ca
  [     64ms]  [91mstale[0m    (poll #2)  order=44a876ca
  [    124ms]  [91mstale[0m    (poll #3)  order=44a876ca
  [    186ms]  [91mstale[0m    (poll #4)  order=44a876ca
  [    253ms]  [92mVISIBLE[0m  (poll #5, X-Cache: MISS)  order=44a876ca

[96mOrder 341/500:[0m
  [      9ms]  [91mstale[0m    (poll #1)  order=f9a61635
  [     73ms]  [91mstale[0m    (poll #2)  order=f9a61635
  [    135ms]  [91mstale[0m    (poll #3)  order=f9a61635
  [    195ms]  [91mstale[0m    (poll #4)  order=f9a61635
  [    257ms]  [92mVISIBLE[0m  (poll #5, X-Cache: MISS)  order=f9a61635

[96mOrder 342/500:[0m
  [      4ms]  [91mstale[0m    (poll #1)  order=9562e5c1
  [     64ms]  [91mstale[0m    (poll #2)  order=9562e5c1
  [    125ms]  [91mstale[0m    (poll #3)  order=9562e5c1
  [    188ms]  [91mstale[0m    (poll #4)  order=9562e5c1
  [    254ms]  [92mVISIBLE[0m  (poll #5, X-Cache: MISS)  order=9562e5c1

[96mOrder 343/500:[0m
  [      7ms]  [91mstale[0m    (poll #1)  order=4c9d4c8d
  [     68ms]  [91mstale[0m    (poll #2)  order=4c9d4c8d
  [    129ms]  [91mstale[0m    (poll #3)  order=4c9d4c8d
  [    196ms]  [91mstale[0m    (poll #4)  order=4c9d4c8d
  [    265ms]  [92mVISIBLE[0m  (poll #5, X-Cache: MISS)  order=4c9d4c8d

[96mOrder 344/500:[0m
  [      8ms]  [91mstale[0m    (poll #1)  order=284c37c9
  [     72ms]  [91mstale[0m    (poll #2)  order=284c37c9
  [    137ms]  [91mstale[0m    (poll #3)  order=284c37c9
  [    201ms]  [91mstale[0m    (poll #4)  order=284c37c9
  [    267ms]  [92mVISIBLE[0m  (poll #5, X-Cache: MISS)  order=284c37c9

[96mOrder 345/500:[0m
  [      9ms]  [91mstale[0m    (poll #1)  order=2cbb1fe5
  [     73ms]  [91mstale[0m    (poll #2)  order=2cbb1fe5
  [    140ms]  [91mstale[0m    (poll #3)  order=2cbb1fe5
  [    199ms]  [92mVISIBLE[0m  (poll #4, X-Cache: MISS)  order=2cbb1fe5

[96mOrder 346/500:[0m
  [      6ms]  [91mstale[0m    (poll #1)  order=16eb661e
  [     69ms]  [91mstale[0m    (poll #2)  order=16eb661e
  [    134ms]  [91mstale[0m    (poll #3)  order=16eb661e
  [    200ms]  [91mstale[0m    (poll #4)  order=16eb661e
  [    267ms]  [92mVISIBLE[0m  (poll #5, X-Cache: MISS)  order=16eb661e

[96mOrder 347/500:[0m
  [      9ms]  [91mstale[0m    (poll #1)  order=fd248670
  [     71ms]  [91mstale[0m    (poll #2)  order=fd248670
  [    131ms]  [91mstale[0m    (poll #3)  order=fd248670
  [    198ms]  [91mstale[0m    (poll #4)  order=fd248670
  [    268ms]  [92mVISIBLE[0m  (poll #5, X-Cache: MISS)  order=fd248670

[96mOrder 348/500:[0m
  [      5ms]  [91mstale[0m    (poll #1)  order=f0f36c7b
  [     65ms]  [91mstale[0m    (poll #2)  order=f0f36c7b
  [    126ms]  [91mstale[0m    (poll #3)  order=f0f36c7b
  [    184ms]  [91mstale[0m    (poll #4)  order=f0f36c7b
  [    240ms]  [92mVISIBLE[0m  (poll #5, X-Cache: MISS)  order=f0f36c7b

[96mOrder 349/500:[0m
  [      5ms]  [91mstale[0m    (poll #1)  order=2067f986
  [     63ms]  [91mstale[0m    (poll #2)  order=2067f986
  [    124ms]  [91mstale[0m    (poll #3)  order=2067f986
  [    184ms]  [91mstale[0m    (poll #4)  order=2067f986
  [    248ms]  [92mVISIBLE[0m  (poll #5, X-Cache: MISS)  order=2067f986

[96mOrder 350/500:[0m
  [      5ms]  [91mstale[0m    (poll #1)  order=d3602012
  [     67ms]  [91mstale[0m    (poll #2)  order=d3602012
  [    128ms]  [91mstale[0m    (poll #3)  order=d3602012
  [    193ms]  [91mstale[0m    (poll #4)  order=d3602012
  [    262ms]  [92mVISIBLE[0m  (poll #5, X-Cache: MISS)  order=d3602012

[96mOrder 351/500:[0m
  [      9ms]  [91mstale[0m    (poll #1)  order=023798e2
  [     72ms]  [91mstale[0m    (poll #2)  order=023798e2
  [    135ms]  [91mstale[0m    (poll #3)  order=023798e2
  [    203ms]  [91mstale[0m    (poll #4)  order=023798e2
  [    272ms]  [92mVISIBLE[0m  (poll #5, X-Cache: MISS)  order=023798e2

[96mOrder 352/500:[0m
  [     10ms]  [91mstale[0m    (poll #1)  order=c6a5a120
  [     74ms]  [91mstale[0m    (poll #2)  order=c6a5a120
  [    138ms]  [91mstale[0m    (poll #3)  order=c6a5a120
  [    204ms]  [92mVISIBLE[0m  (poll #4, X-Cache: MISS)  order=c6a5a120

[96mOrder 353/500:[0m
  [      7ms]  [91mstale[0m    (poll #1)  order=3830e29e
  [     71ms]  [91mstale[0m    (poll #2)  order=3830e29e
  [    132ms]  [91mstale[0m    (poll #3)  order=3830e29e
  [    197ms]  [92mVISIBLE[0m  (poll #4, X-Cache: MISS)  order=3830e29e

[96mOrder 354/500:[0m
  [      6ms]  [91mstale[0m    (poll #1)  order=a139531e
  [     67ms]  [91mstale[0m    (poll #2)  order=a139531e
  [    130ms]  [91mstale[0m    (poll #3)  order=a139531e
  [    195ms]  [91mstale[0m    (poll #4)  order=a139531e
  [    263ms]  [92mVISIBLE[0m  (poll #5, X-Cache: MISS)  order=a139531e

[96mOrder 355/500:[0m
  [      8ms]  [91mstale[0m    (poll #1)  order=f21f5756
  [     72ms]  [91mstale[0m    (poll #2)  order=f21f5756
  [    136ms]  [91mstale[0m    (poll #3)  order=f21f5756
  [    201ms]  [91mstale[0m    (poll #4)  order=f21f5756
  [    272ms]  [92mVISIBLE[0m  (poll #5, X-Cache: MISS)  order=f21f5756

[96mOrder 356/500:[0m
  [     10ms]  [91mstale[0m    (poll #1)  order=e288010b
  [     71ms]  [91mstale[0m    (poll #2)  order=e288010b
  [    133ms]  [91mstale[0m    (poll #3)  order=e288010b
  [    197ms]  [91mstale[0m    (poll #4)  order=e288010b
  [    263ms]  [92mVISIBLE[0m  (poll #5, X-Cache: MISS)  order=e288010b

[96mOrder 357/500:[0m
  [      8ms]  [91mstale[0m    (poll #1)  order=077d4135
  [     70ms]  [91mstale[0m    (poll #2)  order=077d4135
  [    131ms]  [91mstale[0m    (poll #3)  order=077d4135
  [    193ms]  [92mVISIBLE[0m  (poll #4, X-Cache: MISS)  order=077d4135

[96mOrder 358/500:[0m
  [      7ms]  [91mstale[0m    (poll #1)  order=8c1ffba8
  [     71ms]  [91mstale[0m    (poll #2)  order=8c1ffba8
  [    132ms]  [91mstale[0m    (poll #3)  order=8c1ffba8
  [    201ms]  [91mstale[0m    (poll #4)  order=8c1ffba8
  [    273ms]  [92mVISIBLE[0m  (poll #5, X-Cache: MISS)  order=8c1ffba8

[96mOrder 359/500:[0m
  [      7ms]  [91mstale[0m    (poll #1)  order=1cbb6360
  [     67ms]  [91mstale[0m    (poll #2)  order=1cbb6360
  [    129ms]  [91mstale[0m    (poll #3)  order=1cbb6360
  [    196ms]  [92mVISIBLE[0m  (poll #4, X-Cache: MISS)  order=1cbb6360

[96mOrder 360/500:[0m
  [      7ms]  [91mstale[0m    (poll #1)  order=9387a3e5
  [     67ms]  [91mstale[0m    (poll #2)  order=9387a3e5
  [    132ms]  [91mstale[0m    (poll #3)  order=9387a3e5
  [    193ms]  [91mstale[0m    (poll #4)  order=9387a3e5
  [    258ms]  [92mVISIBLE[0m  (poll #5, X-Cache: MISS)  order=9387a3e5

[96mOrder 361/500:[0m
  [      6ms]  [91mstale[0m    (poll #1)  order=02851339
  [     66ms]  [91mstale[0m    (poll #2)  order=02851339
  [    125ms]  [91mstale[0m    (poll #3)  order=02851339
  [    184ms]  [91mstale[0m    (poll #4)  order=02851339
  [    245ms]  [92mVISIBLE[0m  (poll #5, X-Cache: MISS)  order=02851339

[96mOrder 362/500:[0m
  [      7ms]  [91mstale[0m    (poll #1)  order=02886a18
  [     71ms]  [91mstale[0m    (poll #2)  order=02886a18
  [    132ms]  [91mstale[0m    (poll #3)  order=02886a18
  [    195ms]  [91mstale[0m    (poll #4)  order=02886a18
  [    263ms]  [92mVISIBLE[0m  (poll #5, X-Cache: MISS)  order=02886a18

[96mOrder 363/500:[0m
  [      9ms]  [91mstale[0m    (poll #1)  order=fe845882
  [     74ms]  [91mstale[0m    (poll #2)  order=fe845882
  [    137ms]  [91mstale[0m    (poll #3)  order=fe845882
  [    201ms]  [91mstale[0m    (poll #4)  order=fe845882
  [    268ms]  [92mVISIBLE[0m  (poll #5, X-Cache: MISS)  order=fe845882

[96mOrder 364/500:[0m
  [     10ms]  [91mstale[0m    (poll #1)  order=19fa3d1f
  [     74ms]  [91mstale[0m    (poll #2)  order=19fa3d1f
  [    137ms]  [91mstale[0m    (poll #3)  order=19fa3d1f
  [    203ms]  [92mVISIBLE[0m  (poll #4, X-Cache: MISS)  order=19fa3d1f

[96mOrder 365/500:[0m
  [      5ms]  [91mstale[0m    (poll #1)  order=237de5a4
  [     65ms]  [91mstale[0m    (poll #2)  order=237de5a4
  [    128ms]  [91mstale[0m    (poll #3)  order=237de5a4
  [    194ms]  [91mstale[0m    (poll #4)  order=237de5a4
  [    265ms]  [92mVISIBLE[0m  (poll #5, X-Cache: MISS)  order=237de5a4

[96mOrder 366/500:[0m
  [      9ms]  [91mstale[0m    (poll #1)  order=fab19d8e
  [     69ms]  [91mstale[0m    (poll #2)  order=fab19d8e
  [    131ms]  [91mstale[0m    (poll #3)  order=fab19d8e
  [    193ms]  [92mVISIBLE[0m  (poll #4, X-Cache: MISS)  order=fab19d8e

[96mOrder 367/500:[0m
  [      6ms]  [91mstale[0m    (poll #1)  order=76403439
  [     65ms]  [91mstale[0m    (poll #2)  order=76403439
  [    129ms]  [91mstale[0m    (poll #3)  order=76403439
  [    198ms]  [91mstale[0m    (poll #4)  order=76403439
  [    263ms]  [92mVISIBLE[0m  (poll #5, X-Cache: MISS)  order=76403439

[96mOrder 368/500:[0m
  [      9ms]  [91mstale[0m    (poll #1)  order=cf738790
  [     72ms]  [91mstale[0m    (poll #2)  order=cf738790
  [    137ms]  [91mstale[0m    (poll #3)  order=cf738790
  [    200ms]  [91mstale[0m    (poll #4)  order=cf738790
  [    264ms]  [92mVISIBLE[0m  (poll #5, X-Cache: MISS)  order=cf738790

[96mOrder 369/500:[0m
  [      7ms]  [91mstale[0m    (poll #1)  order=ca05eb83
  [     70ms]  [91mstale[0m    (poll #2)  order=ca05eb83
  [    134ms]  [91mstale[0m    (poll #3)  order=ca05eb83
  [    201ms]  [91mstale[0m    (poll #4)  order=ca05eb83
  [    272ms]  [92mVISIBLE[0m  (poll #5, X-Cache: MISS)  order=ca05eb83

[96mOrder 370/500:[0m
  [     10ms]  [91mstale[0m    (poll #1)  order=2e0494ce
  [     74ms]  [91mstale[0m    (poll #2)  order=2e0494ce
  [    134ms]  [91mstale[0m    (poll #3)  order=2e0494ce
  [    198ms]  [92mVISIBLE[0m  (poll #4, X-Cache: MISS)  order=2e0494ce

[96mOrder 371/500:[0m
  [      8ms]  [91mstale[0m    (poll #1)  order=f0f701a4
  [     70ms]  [91mstale[0m    (poll #2)  order=f0f701a4
  [    133ms]  [91mstale[0m    (poll #3)  order=f0f701a4
  [    201ms]  [91mstale[0m    (poll #4)  order=f0f701a4
  [    268ms]  [92mVISIBLE[0m  (poll #5, X-Cache: MISS)  order=f0f701a4

[96mOrder 372/500:[0m
  [      8ms]  [91mstale[0m    (poll #1)  order=192a4935
  [     72ms]  [91mstale[0m    (poll #2)  order=192a4935
  [    135ms]  [91mstale[0m    (poll #3)  order=192a4935
  [    200ms]  [91mstale[0m    (poll #4)  order=192a4935
  [    262ms]  [92mVISIBLE[0m  (poll #5, X-Cache: MISS)  order=192a4935

[96mOrder 373/500:[0m
  [      6ms]  [91mstale[0m    (poll #1)  order=3fadcbe0
  [     68ms]  [91mstale[0m    (poll #2)  order=3fadcbe0
  [    134ms]  [91mstale[0m    (poll #3)  order=3fadcbe0
  [    200ms]  [91mstale[0m    (poll #4)  order=3fadcbe0
  [    268ms]  [92mVISIBLE[0m  (poll #5, X-Cache: MISS)  order=3fadcbe0

[96mOrder 374/500:[0m
  [      8ms]  [91mstale[0m    (poll #1)  order=f9fb59c4
  [     68ms]  [91mstale[0m    (poll #2)  order=f9fb59c4
  [    135ms]  [91mstale[0m    (poll #3)  order=f9fb59c4
  [    200ms]  [91mstale[0m    (poll #4)  order=f9fb59c4
  [    269ms]  [92mVISIBLE[0m  (poll #5, X-Cache: MISS)  order=f9fb59c4

[96mOrder 375/500:[0m
  [     10ms]  [91mstale[0m    (poll #1)  order=6b7b5c5e
  [     74ms]  [91mstale[0m    (poll #2)  order=6b7b5c5e
  [    140ms]  [91mstale[0m    (poll #3)  order=6b7b5c5e
  [    203ms]  [92mVISIBLE[0m  (poll #4, X-Cache: MISS)  order=6b7b5c5e

[96mOrder 376/500:[0m
  [      6ms]  [91mstale[0m    (poll #1)  order=cb40a2e7
  [     64ms]  [91mstale[0m    (poll #2)  order=cb40a2e7
  [    128ms]  [91mstale[0m    (poll #3)  order=cb40a2e7
  [    192ms]  [91mstale[0m    (poll #4)  order=cb40a2e7
  [    262ms]  [92mVISIBLE[0m  (poll #5, X-Cache: MISS)  order=cb40a2e7

[96mOrder 377/500:[0m
  [     10ms]  [91mstale[0m    (poll #1)  order=fdeb67d5
  [     71ms]  [91mstale[0m    (poll #2)  order=fdeb67d5
  [    129ms]  [91mstale[0m    (poll #3)  order=fdeb67d5
  [    190ms]  [91mstale[0m    (poll #4)  order=fdeb67d5
  [    253ms]  [92mVISIBLE[0m  (poll #5, X-Cache: MISS)  order=fdeb67d5

[96mOrder 378/500:[0m
  [      4ms]  [91mstale[0m    (poll #1)  order=72c6571d
  [     63ms]  [91mstale[0m    (poll #2)  order=72c6571d
  [    123ms]  [91mstale[0m    (poll #3)  order=72c6571d
  [    186ms]  [92mVISIBLE[0m  (poll #4, X-Cache: MISS)  order=72c6571d

[96mOrder 379/500:[0m
  [      6ms]  [91mstale[0m    (poll #1)  order=cda47153
  [     67ms]  [91mstale[0m    (poll #2)  order=cda47153
  [    128ms]  [91mstale[0m    (poll #3)  order=cda47153
  [    196ms]  [91mstale[0m    (poll #4)  order=cda47153
  [    261ms]  [92mVISIBLE[0m  (poll #5, X-Cache: MISS)  order=cda47153

[96mOrder 380/500:[0m
  [      5ms]  [91mstale[0m    (poll #1)  order=05d5992f
  [     65ms]  [91mstale[0m    (poll #2)  order=05d5992f
  [    128ms]  [91mstale[0m    (poll #3)  order=05d5992f
  [    190ms]  [92mVISIBLE[0m  (poll #4, X-Cache: MISS)  order=05d5992f

[96mOrder 381/500:[0m
  [      4ms]  [91mstale[0m    (poll #1)  order=04079683
  [     65ms]  [91mstale[0m    (poll #2)  order=04079683
  [    125ms]  [91mstale[0m    (poll #3)  order=04079683
  [    188ms]  [91mstale[0m    (poll #4)  order=04079683
  [    256ms]  [92mVISIBLE[0m  (poll #5, X-Cache: MISS)  order=04079683

[96mOrder 382/500:[0m
  [      7ms]  [91mstale[0m    (poll #1)  order=40788401
  [     66ms]  [91mstale[0m    (poll #2)  order=40788401
  [    128ms]  [91mstale[0m    (poll #3)  order=40788401
  [    195ms]  [91mstale[0m    (poll #4)  order=40788401
  [    263ms]  [92mVISIBLE[0m  (poll #5, X-Cache: MISS)  order=40788401

[96mOrder 383/500:[0m
  [     10ms]  [91mstale[0m    (poll #1)  order=c27ed5c8
  [     75ms]  [91mstale[0m    (poll #2)  order=c27ed5c8
  [    139ms]  [91mstale[0m    (poll #3)  order=c27ed5c8
  [    207ms]  [91mstale[0m    (poll #4)  order=c27ed5c8
  [    273ms]  [92mVISIBLE[0m  (poll #5, X-Cache: MISS)  order=c27ed5c8

[96mOrder 384/500:[0m
  [      5ms]  [91mstale[0m    (poll #1)  order=b7a67ff1
  [     66ms]  [91mstale[0m    (poll #2)  order=b7a67ff1
  [    129ms]  [91mstale[0m    (poll #3)  order=b7a67ff1
  [    195ms]  [91mstale[0m    (poll #4)  order=b7a67ff1
  [    265ms]  [92mVISIBLE[0m  (poll #5, X-Cache: MISS)  order=b7a67ff1

[96mOrder 385/500:[0m
  [      9ms]  [91mstale[0m    (poll #1)  order=d435c85d
  [     70ms]  [91mstale[0m    (poll #2)  order=d435c85d
  [    134ms]  [91mstale[0m    (poll #3)  order=d435c85d
  [    196ms]  [91mstale[0m    (poll #4)  order=d435c85d
  [    261ms]  [92mVISIBLE[0m  (poll #5, X-Cache: MISS)  order=d435c85d

[96mOrder 386/500:[0m
  [      8ms]  [91mstale[0m    (poll #1)  order=1acaceef
  [     68ms]  [91mstale[0m    (poll #2)  order=1acaceef
  [    133ms]  [91mstale[0m    (poll #3)  order=1acaceef
  [    198ms]  [92mVISIBLE[0m  (poll #4, X-Cache: MISS)  order=1acaceef

[96mOrder 387/500:[0m
  [      7ms]  [91mstale[0m    (poll #1)  order=59bd6310
  [     68ms]  [91mstale[0m    (poll #2)  order=59bd6310
  [    126ms]  [91mstale[0m    (poll #3)  order=59bd6310
  [    216ms]  [91mstale[0m    (poll #4)  order=59bd6310
  [    279ms]  [92mVISIBLE[0m  (poll #5, X-Cache: MISS)  order=59bd6310

[96mOrder 388/500:[0m
  [      5ms]  [91mstale[0m    (poll #1)  order=7ae15fcc
  [     60ms]  [91mstale[0m    (poll #2)  order=7ae15fcc
  [    119ms]  [91mstale[0m    (poll #3)  order=7ae15fcc
  [    178ms]  [91mstale[0m    (poll #4)  order=7ae15fcc
  [    236ms]  [92mVISIBLE[0m  (poll #5, X-Cache: MISS)  order=7ae15fcc

[96mOrder 389/500:[0m
  [      5ms]  [91mstale[0m    (poll #1)  order=0b061155
  [     65ms]  [91mstale[0m    (poll #2)  order=0b061155
  [    129ms]  [91mstale[0m    (poll #3)  order=0b061155
  [    194ms]  [91mstale[0m    (poll #4)  order=0b061155
  [    265ms]  [92mVISIBLE[0m  (poll #5, X-Cache: MISS)  order=0b061155

[96mOrder 390/500:[0m
  [      8ms]  [91mstale[0m    (poll #1)  order=7661a2c3
  [     71ms]  [91mstale[0m    (poll #2)  order=7661a2c3
  [    135ms]  [91mstale[0m    (poll #3)  order=7661a2c3
  [    201ms]  [92mVISIBLE[0m  (poll #4, X-Cache: MISS)  order=7661a2c3

[96mOrder 391/500:[0m
  [      8ms]  [91mstale[0m    (poll #1)  order=8471ebd3
  [     72ms]  [91mstale[0m    (poll #2)  order=8471ebd3
  [    132ms]  [91mstale[0m    (poll #3)  order=8471ebd3
  [    199ms]  [91mstale[0m    (poll #4)  order=8471ebd3
  [    266ms]  [92mVISIBLE[0m  (poll #5, X-Cache: MISS)  order=8471ebd3

[96mOrder 392/500:[0m
  [      7ms]  [91mstale[0m    (poll #1)  order=7757ddc5
  [     67ms]  [91mstale[0m    (poll #2)  order=7757ddc5
  [    131ms]  [91mstale[0m    (poll #3)  order=7757ddc5
  [    198ms]  [91mstale[0m    (poll #4)  order=7757ddc5
  [    266ms]  [92mVISIBLE[0m  (poll #5, X-Cache: MISS)  order=7757ddc5

[96mOrder 393/500:[0m
  [      8ms]  [91mstale[0m    (poll #1)  order=c8662129
  [     73ms]  [91mstale[0m    (poll #2)  order=c8662129
  [    136ms]  [91mstale[0m    (poll #3)  order=c8662129
  [    205ms]  [91mstale[0m    (poll #4)  order=c8662129
  [    274ms]  [92mVISIBLE[0m  (poll #5, X-Cache: MISS)  order=c8662129

[96mOrder 394/500:[0m
  [      7ms]  [91mstale[0m    (poll #1)  order=c4e3bb1c
  [     71ms]  [91mstale[0m    (poll #2)  order=c4e3bb1c
  [    135ms]  [91mstale[0m    (poll #3)  order=c4e3bb1c
  [    201ms]  [92mVISIBLE[0m  (poll #4, X-Cache: MISS)  order=c4e3bb1c

[96mOrder 395/500:[0m
  [      8ms]  [91mstale[0m    (poll #1)  order=69970b59
  [     72ms]  [91mstale[0m    (poll #2)  order=69970b59
  [    133ms]  [91mstale[0m    (poll #3)  order=69970b59
  [    191ms]  [91mstale[0m    (poll #4)  order=69970b59
  [    255ms]  [92mVISIBLE[0m  (poll #5, X-Cache: MISS)  order=69970b59

[96mOrder 396/500:[0m
  [      8ms]  [91mstale[0m    (poll #1)  order=e67a3a56
  [     73ms]  [91mstale[0m    (poll #2)  order=e67a3a56
  [    137ms]  [91mstale[0m    (poll #3)  order=e67a3a56
  [    200ms]  [91mstale[0m    (poll #4)  order=e67a3a56
  [    268ms]  [92mVISIBLE[0m  (poll #5, X-Cache: MISS)  order=e67a3a56

[96mOrder 397/500:[0m
  [      8ms]  [91mstale[0m    (poll #1)  order=669df400
  [     73ms]  [91mstale[0m    (poll #2)  order=669df400
  [    138ms]  [91mstale[0m    (poll #3)  order=669df400
  [    203ms]  [92mVISIBLE[0m  (poll #4, X-Cache: MISS)  order=669df400

[96mOrder 398/500:[0m
  [      8ms]  [91mstale[0m    (poll #1)  order=eaa00f0c
  [     71ms]  [91mstale[0m    (poll #2)  order=eaa00f0c
  [    130ms]  [91mstale[0m    (poll #3)  order=eaa00f0c
  [    190ms]  [91mstale[0m    (poll #4)  order=eaa00f0c
  [    258ms]  [92mVISIBLE[0m  (poll #5, X-Cache: MISS)  order=eaa00f0c

[96mOrder 399/500:[0m
  [      7ms]  [91mstale[0m    (poll #1)  order=e037bd6c
  [     68ms]  [91mstale[0m    (poll #2)  order=e037bd6c
  [    129ms]  [91mstale[0m    (poll #3)  order=e037bd6c
  [    194ms]  [91mstale[0m    (poll #4)  order=e037bd6c
  [    257ms]  [92mVISIBLE[0m  (poll #5, X-Cache: MISS)  order=e037bd6c

[96mOrder 400/500:[0m
  [      4ms]  [91mstale[0m    (poll #1)  order=06494a14
  [     65ms]  [91mstale[0m    (poll #2)  order=06494a14
  [    125ms]  [91mstale[0m    (poll #3)  order=06494a14
  [    188ms]  [91mstale[0m    (poll #4)  order=06494a14
  [    256ms]  [92mVISIBLE[0m  (poll #5, X-Cache: MISS)  order=06494a14

[96mOrder 401/500:[0m
  [      9ms]  [91mstale[0m    (poll #1)  order=d8aaab09
  [     70ms]  [91mstale[0m    (poll #2)  order=d8aaab09
  [    134ms]  [91mstale[0m    (poll #3)  order=d8aaab09
  [    199ms]  [91mstale[0m    (poll #4)  order=d8aaab09
  [    269ms]  [92mVISIBLE[0m  (poll #5, X-Cache: MISS)  order=d8aaab09

[96mOrder 402/500:[0m
  [     10ms]  [91mstale[0m    (poll #1)  order=f6b74be5
  [     73ms]  [91mstale[0m    (poll #2)  order=f6b74be5
  [    136ms]  [91mstale[0m    (poll #3)  order=f6b74be5
  [    199ms]  [92mVISIBLE[0m  (poll #4, X-Cache: MISS)  order=f6b74be5

[96mOrder 403/500:[0m
  [      7ms]  [91mstale[0m    (poll #1)  order=07ce15d2
  [     68ms]  [91mstale[0m    (poll #2)  order=07ce15d2
  [    131ms]  [91mstale[0m    (poll #3)  order=07ce15d2
  [    197ms]  [91mstale[0m    (poll #4)  order=07ce15d2
  [    271ms]  [92mVISIBLE[0m  (poll #5, X-Cache: MISS)  order=07ce15d2

[96mOrder 404/500:[0m
  [      8ms]  [91mstale[0m    (poll #1)  order=270b6c1e
  [     66ms]  [91mstale[0m    (poll #2)  order=270b6c1e
  [    131ms]  [91mstale[0m    (poll #3)  order=270b6c1e
  [    196ms]  [91mstale[0m    (poll #4)  order=270b6c1e
  [    259ms]  [92mVISIBLE[0m  (poll #5, X-Cache: MISS)  order=270b6c1e

[96mOrder 405/500:[0m
  [      8ms]  [91mstale[0m    (poll #1)  order=c2721cf2
  [     66ms]  [91mstale[0m    (poll #2)  order=c2721cf2
  [    130ms]  [91mstale[0m    (poll #3)  order=c2721cf2
  [    197ms]  [91mstale[0m    (poll #4)  order=c2721cf2
  [    265ms]  [92mVISIBLE[0m  (poll #5, X-Cache: MISS)  order=c2721cf2

[96mOrder 406/500:[0m
  [      8ms]  [91mstale[0m    (poll #1)  order=e4504051
  [     71ms]  [91mstale[0m    (poll #2)  order=e4504051
  [    136ms]  [91mstale[0m    (poll #3)  order=e4504051
  [    198ms]  [91mstale[0m    (poll #4)  order=e4504051
  [    278ms]  [92mVISIBLE[0m  (poll #5, X-Cache: MISS)  order=e4504051

[96mOrder 407/500:[0m
  [      6ms]  [91mstale[0m    (poll #1)  order=cfa4ebe6
  [     67ms]  [91mstale[0m    (poll #2)  order=cfa4ebe6
  [    126ms]  [91mstale[0m    (poll #3)  order=cfa4ebe6
  [    191ms]  [92mVISIBLE[0m  (poll #4, X-Cache: MISS)  order=cfa4ebe6

[96mOrder 408/500:[0m
  [      7ms]  [91mstale[0m    (poll #1)  order=6b8647c8
  [     67ms]  [91mstale[0m    (poll #2)  order=6b8647c8
  [    130ms]  [91mstale[0m    (poll #3)  order=6b8647c8
  [    195ms]  [91mstale[0m    (poll #4)  order=6b8647c8
  [    282ms]  [92mVISIBLE[0m  (poll #5, X-Cache: MISS)  order=6b8647c8

[96mOrder 409/500:[0m
  [      7ms]  [91mstale[0m    (poll #1)  order=70fff9b6
  [     66ms]  [91mstale[0m    (poll #2)  order=70fff9b6
  [    131ms]  [91mstale[0m    (poll #3)  order=70fff9b6
  [    197ms]  [91mstale[0m    (poll #4)  order=70fff9b6
  [    267ms]  [92mVISIBLE[0m  (poll #5, X-Cache: MISS)  order=70fff9b6

[96mOrder 410/500:[0m
  [      7ms]  [91mstale[0m    (poll #1)  order=9d3d3e8c
  [     66ms]  [91mstale[0m    (poll #2)  order=9d3d3e8c
  [    126ms]  [91mstale[0m    (poll #3)  order=9d3d3e8c
  [    190ms]  [91mstale[0m    (poll #4)  order=9d3d3e8c
  [    253ms]  [92mVISIBLE[0m  (poll #5, X-Cache: MISS)  order=9d3d3e8c

[96mOrder 411/500:[0m
  [      8ms]  [91mstale[0m    (poll #1)  order=bfa5a8fd
  [     68ms]  [91mstale[0m    (poll #2)  order=bfa5a8fd
  [    130ms]  [91mstale[0m    (poll #3)  order=bfa5a8fd
  [    191ms]  [91mstale[0m    (poll #4)  order=bfa5a8fd
  [    249ms]  [92mVISIBLE[0m  (poll #5, X-Cache: MISS)  order=bfa5a8fd

[96mOrder 412/500:[0m
  [      6ms]  [91mstale[0m    (poll #1)  order=72a617b0
  [     63ms]  [91mstale[0m    (poll #2)  order=72a617b0
  [    128ms]  [91mstale[0m    (poll #3)  order=72a617b0
  [    200ms]  [91mstale[0m    (poll #4)  order=72a617b0
  [    264ms]  [92mVISIBLE[0m  (poll #5, X-Cache: MISS)  order=72a617b0

[96mOrder 413/500:[0m
  [      4ms]  [91mstale[0m    (poll #1)  order=00f54e4d
  [     60ms]  [91mstale[0m    (poll #2)  order=00f54e4d
  [    142ms]  [91mstale[0m    (poll #3)  order=00f54e4d
  [    202ms]  [91mstale[0m    (poll #4)  order=00f54e4d
  [    259ms]  [92mVISIBLE[0m  (poll #5, X-Cache: MISS)  order=00f54e4d

[96mOrder 414/500:[0m
  [      5ms]  [91mstale[0m    (poll #1)  order=63881839
  [     67ms]  [91mstale[0m    (poll #2)  order=63881839
  [    132ms]  [91mstale[0m    (poll #3)  order=63881839
  [    198ms]  [92mVISIBLE[0m  (poll #4, X-Cache: MISS)  order=63881839

[96mOrder 415/500:[0m
  [      7ms]  [91mstale[0m    (poll #1)  order=eafce419
  [     69ms]  [91mstale[0m    (poll #2)  order=eafce419
  [    131ms]  [91mstale[0m    (poll #3)  order=eafce419
  [    190ms]  [91mstale[0m    (poll #4)  order=eafce419
  [    249ms]  [91mstale[0m    (poll #5)  order=eafce419
  [    307ms]  [92mVISIBLE[0m  (poll #6, X-Cache: MISS)  order=eafce419

[96mOrder 416/500:[0m
  [      4ms]  [91mstale[0m    (poll #1)  order=725e2246
  [     64ms]  [91mstale[0m    (poll #2)  order=725e2246
  [    123ms]  [91mstale[0m    (poll #3)  order=725e2246
  [    185ms]  [91mstale[0m    (poll #4)  order=725e2246
  [    251ms]  [92mVISIBLE[0m  (poll #5, X-Cache: MISS)  order=725e2246

[96mOrder 417/500:[0m
  [      8ms]  [91mstale[0m    (poll #1)  order=921a0313
  [     73ms]  [91mstale[0m    (poll #2)  order=921a0313
  [    132ms]  [91mstale[0m    (poll #3)  order=921a0313
  [    195ms]  [91mstale[0m    (poll #4)  order=921a0313
  [    266ms]  [92mVISIBLE[0m  (poll #5, X-Cache: MISS)  order=921a0313

[96mOrder 418/500:[0m
  [      5ms]  [91mstale[0m    (poll #1)  order=1fbb3928
  [     63ms]  [91mstale[0m    (poll #2)  order=1fbb3928
  [    128ms]  [91mstale[0m    (poll #3)  order=1fbb3928
  [    191ms]  [92mVISIBLE[0m  (poll #4, X-Cache: MISS)  order=1fbb3928

[96mOrder 419/500:[0m
  [      4ms]  [91mstale[0m    (poll #1)  order=ecebfdf3
  [     65ms]  [91mstale[0m    (poll #2)  order=ecebfdf3
  [    128ms]  [91mstale[0m    (poll #3)  order=ecebfdf3
  [    189ms]  [91mstale[0m    (poll #4)  order=ecebfdf3
  [    252ms]  [92mVISIBLE[0m  (poll #5, X-Cache: MISS)  order=ecebfdf3

[96mOrder 420/500:[0m
  [      7ms]  [91mstale[0m    (poll #1)  order=507cf221
  [     66ms]  [91mstale[0m    (poll #2)  order=507cf221
  [    131ms]  [91mstale[0m    (poll #3)  order=507cf221
  [    194ms]  [91mstale[0m    (poll #4)  order=507cf221
  [    260ms]  [92mVISIBLE[0m  (poll #5, X-Cache: MISS)  order=507cf221

[96mOrder 421/500:[0m
  [      9ms]  [91mstale[0m    (poll #1)  order=2865f3b7
  [     72ms]  [91mstale[0m    (poll #2)  order=2865f3b7
  [    136ms]  [91mstale[0m    (poll #3)  order=2865f3b7
  [    196ms]  [92mVISIBLE[0m  (poll #4, X-Cache: MISS)  order=2865f3b7

[96mOrder 422/500:[0m
  [      5ms]  [91mstale[0m    (poll #1)  order=c502fb68
  [     62ms]  [91mstale[0m    (poll #2)  order=c502fb68
  [    126ms]  [91mstale[0m    (poll #3)  order=c502fb68
  [    191ms]  [91mstale[0m    (poll #4)  order=c502fb68
  [    254ms]  [92mVISIBLE[0m  (poll #5, X-Cache: MISS)  order=c502fb68

[96mOrder 423/500:[0m
  [     10ms]  [91mstale[0m    (poll #1)  order=c5c74942
  [     74ms]  [91mstale[0m    (poll #2)  order=c5c74942
  [    133ms]  [91mstale[0m    (poll #3)  order=c5c74942
  [    194ms]  [91mstale[0m    (poll #4)  order=c5c74942
  [    278ms]  [92mVISIBLE[0m  (poll #5, X-Cache: MISS)  order=c5c74942

[96mOrder 424/500:[0m
  [      5ms]  [91mstale[0m    (poll #1)  order=0d438ea4
  [     64ms]  [91mstale[0m    (poll #2)  order=0d438ea4
  [    128ms]  [91mstale[0m    (poll #3)  order=0d438ea4
  [    190ms]  [91mstale[0m    (poll #4)  order=0d438ea4
  [    259ms]  [92mVISIBLE[0m  (poll #5, X-Cache: MISS)  order=0d438ea4

[96mOrder 425/500:[0m
  [     10ms]  [91mstale[0m    (poll #1)  order=7ad1ffc5
  [     76ms]  [91mstale[0m    (poll #2)  order=7ad1ffc5
  [    139ms]  [91mstale[0m    (poll #3)  order=7ad1ffc5
  [    199ms]  [91mstale[0m    (poll #4)  order=7ad1ffc5
  [    260ms]  [92mVISIBLE[0m  (poll #5, X-Cache: MISS)  order=7ad1ffc5

[96mOrder 426/500:[0m
  [      5ms]  [91mstale[0m    (poll #1)  order=3a2b9814
  [     66ms]  [91mstale[0m    (poll #2)  order=3a2b9814
  [    129ms]  [91mstale[0m    (poll #3)  order=3a2b9814
  [    186ms]  [91mstale[0m    (poll #4)  order=3a2b9814
  [    244ms]  [92mVISIBLE[0m  (poll #5, X-Cache: MISS)  order=3a2b9814

[96mOrder 427/500:[0m
  [      4ms]  [91mstale[0m    (poll #1)  order=6609b0f8
  [     61ms]  [91mstale[0m    (poll #2)  order=6609b0f8
  [    120ms]  [91mstale[0m    (poll #3)  order=6609b0f8
  [    185ms]  [91mstale[0m    (poll #4)  order=6609b0f8
  [    248ms]  [92mVISIBLE[0m  (poll #5, X-Cache: MISS)  order=6609b0f8

[96mOrder 428/500:[0m
  [      5ms]  [91mstale[0m    (poll #1)  order=b4f707b4
  [     66ms]  [91mstale[0m    (poll #2)  order=b4f707b4
  [    131ms]  [91mstale[0m    (poll #3)  order=b4f707b4
  [    194ms]  [91mstale[0m    (poll #4)  order=b4f707b4
  [    266ms]  [92mVISIBLE[0m  (poll #5, X-Cache: MISS)  order=b4f707b4

[96mOrder 429/500:[0m
  [      7ms]  [91mstale[0m    (poll #1)  order=8566bbe8
  [     69ms]  [91mstale[0m    (poll #2)  order=8566bbe8
  [    131ms]  [91mstale[0m    (poll #3)  order=8566bbe8
  [    193ms]  [91mstale[0m    (poll #4)  order=8566bbe8
  [    257ms]  [92mVISIBLE[0m  (poll #5, X-Cache: MISS)  order=8566bbe8

[96mOrder 430/500:[0m
  [      8ms]  [91mstale[0m    (poll #1)  order=a9aeab9b
  [     72ms]  [91mstale[0m    (poll #2)  order=a9aeab9b
  [    137ms]  [91mstale[0m    (poll #3)  order=a9aeab9b
  [    203ms]  [91mstale[0m    (poll #4)  order=a9aeab9b
  [    270ms]  [92mVISIBLE[0m  (poll #5, X-Cache: MISS)  order=a9aeab9b

[96mOrder 431/500:[0m
  [     10ms]  [91mstale[0m    (poll #1)  order=bd8ac6f5
  [     70ms]  [91mstale[0m    (poll #2)  order=bd8ac6f5
  [    136ms]  [91mstale[0m    (poll #3)  order=bd8ac6f5
  [    202ms]  [92mVISIBLE[0m  (poll #4, X-Cache: MISS)  order=bd8ac6f5

[96mOrder 432/500:[0m
  [      8ms]  [91mstale[0m    (poll #1)  order=404d2ce9
  [     69ms]  [91mstale[0m    (poll #2)  order=404d2ce9
  [    131ms]  [91mstale[0m    (poll #3)  order=404d2ce9
  [    202ms]  [92mVISIBLE[0m  (poll #4, X-Cache: MISS)  order=404d2ce9

[96mOrder 433/500:[0m
  [      5ms]  [91mstale[0m    (poll #1)  order=80912440
  [     64ms]  [91mstale[0m    (poll #2)  order=80912440
  [    124ms]  [91mstale[0m    (poll #3)  order=80912440
  [    189ms]  [91mstale[0m    (poll #4)  order=80912440
  [    255ms]  [92mVISIBLE[0m  (poll #5, X-Cache: MISS)  order=80912440

[96mOrder 434/500:[0m
  [      9ms]  [91mstale[0m    (poll #1)  order=2a9f9944
  [     73ms]  [91mstale[0m    (poll #2)  order=2a9f9944
  [    137ms]  [91mstale[0m    (poll #3)  order=2a9f9944
  [    203ms]  [91mstale[0m    (poll #4)  order=2a9f9944
  [    269ms]  [92mVISIBLE[0m  (poll #5, X-Cache: MISS)  order=2a9f9944

[96mOrder 435/500:[0m
  [      8ms]  [91mstale[0m    (poll #1)  order=b638121c
  [     71ms]  [91mstale[0m    (poll #2)  order=b638121c
  [    135ms]  [91mstale[0m    (poll #3)  order=b638121c
  [    199ms]  [92mVISIBLE[0m  (poll #4, X-Cache: MISS)  order=b638121c

[96mOrder 436/500:[0m
  [      8ms]  [91mstale[0m    (poll #1)  order=d1297952
  [     72ms]  [91mstale[0m    (poll #2)  order=d1297952
  [    136ms]  [91mstale[0m    (poll #3)  order=d1297952
  [    200ms]  [91mstale[0m    (poll #4)  order=d1297952
  [    272ms]  [92mVISIBLE[0m  (poll #5, X-Cache: MISS)  order=d1297952

[96mOrder 437/500:[0m
  [      5ms]  [91mstale[0m    (poll #1)  order=5d33e9b5
  [     63ms]  [91mstale[0m    (poll #2)  order=5d33e9b5
  [    119ms]  [91mstale[0m    (poll #3)  order=5d33e9b5
  [    189ms]  [91mstale[0m    (poll #4)  order=5d33e9b5
  [    254ms]  [92mVISIBLE[0m  (poll #5, X-Cache: MISS)  order=5d33e9b5

[96mOrder 438/500:[0m
  [      6ms]  [91mstale[0m    (poll #1)  order=35583c65
  [     65ms]  [91mstale[0m    (poll #2)  order=35583c65
  [    128ms]  [91mstale[0m    (poll #3)  order=35583c65
  [    188ms]  [91mstale[0m    (poll #4)  order=35583c65
  [    255ms]  [92mVISIBLE[0m  (poll #5, X-Cache: MISS)  order=35583c65

[96mOrder 439/500:[0m
  [      5ms]  [91mstale[0m    (poll #1)  order=78941616
  [     66ms]  [91mstale[0m    (poll #2)  order=78941616
  [    124ms]  [91mstale[0m    (poll #3)  order=78941616
  [    189ms]  [92mVISIBLE[0m  (poll #4, X-Cache: MISS)  order=78941616

[96mOrder 440/500:[0m
  [      7ms]  [91mstale[0m    (poll #1)  order=fde3ea89
  [     71ms]  [91mstale[0m    (poll #2)  order=fde3ea89
  [    134ms]  [91mstale[0m    (poll #3)  order=fde3ea89
  [    198ms]  [92mVISIBLE[0m  (poll #4, X-Cache: MISS)  order=fde3ea89

[96mOrder 441/500:[0m
  [      6ms]  [91mstale[0m    (poll #1)  order=df79e47e
  [     67ms]  [91mstale[0m    (poll #2)  order=df79e47e
  [    132ms]  [91mstale[0m    (poll #3)  order=df79e47e
  [    197ms]  [91mstale[0m    (poll #4)  order=df79e47e
  [    267ms]  [92mVISIBLE[0m  (poll #5, X-Cache: MISS)  order=df79e47e

[96mOrder 442/500:[0m
  [      8ms]  [91mstale[0m    (poll #1)  order=5aa25c71
  [     74ms]  [91mstale[0m    (poll #2)  order=5aa25c71
  [    139ms]  [91mstale[0m    (poll #3)  order=5aa25c71
  [    202ms]  [92mVISIBLE[0m  (poll #4, X-Cache: MISS)  order=5aa25c71

[96mOrder 443/500:[0m
  [      8ms]  [91mstale[0m    (poll #1)  order=ea853bbd
  [     71ms]  [91mstale[0m    (poll #2)  order=ea853bbd
  [    134ms]  [91mstale[0m    (poll #3)  order=ea853bbd
  [    197ms]  [91mstale[0m    (poll #4)  order=ea853bbd
  [    269ms]  [92mVISIBLE[0m  (poll #5, X-Cache: MISS)  order=ea853bbd

[96mOrder 444/500:[0m
  [     11ms]  [91mstale[0m    (poll #1)  order=0dd4c9a4
  [     70ms]  [91mstale[0m    (poll #2)  order=0dd4c9a4
  [    133ms]  [91mstale[0m    (poll #3)  order=0dd4c9a4
  [    198ms]  [91mstale[0m    (poll #4)  order=0dd4c9a4
  [    267ms]  [92mVISIBLE[0m  (poll #5, X-Cache: MISS)  order=0dd4c9a4

[96mOrder 445/500:[0m
  [      5ms]  [91mstale[0m    (poll #1)  order=85755b3c
  [     64ms]  [91mstale[0m    (poll #2)  order=85755b3c
  [    128ms]  [91mstale[0m    (poll #3)  order=85755b3c
  [    193ms]  [91mstale[0m    (poll #4)  order=85755b3c
  [    258ms]  [92mVISIBLE[0m  (poll #5, X-Cache: MISS)  order=85755b3c

[96mOrder 446/500:[0m
  [      7ms]  [91mstale[0m    (poll #1)  order=85551887
  [     69ms]  [91mstale[0m    (poll #2)  order=85551887
  [    131ms]  [91mstale[0m    (poll #3)  order=85551887
  [    195ms]  [91mstale[0m    (poll #4)  order=85551887
  [    259ms]  [92mVISIBLE[0m  (poll #5, X-Cache: MISS)  order=85551887

[96mOrder 447/500:[0m
  [      8ms]  [91mstale[0m    (poll #1)  order=261e2a47
  [     72ms]  [91mstale[0m    (poll #2)  order=261e2a47
  [    134ms]  [91mstale[0m    (poll #3)  order=261e2a47
  [    199ms]  [91mstale[0m    (poll #4)  order=261e2a47
  [    267ms]  [92mVISIBLE[0m  (poll #5, X-Cache: MISS)  order=261e2a47

[96mOrder 448/500:[0m
  [     11ms]  [91mstale[0m    (poll #1)  order=72304f2e
  [     74ms]  [91mstale[0m    (poll #2)  order=72304f2e
  [    139ms]  [91mstale[0m    (poll #3)  order=72304f2e
  [    203ms]  [92mVISIBLE[0m  (poll #4, X-Cache: MISS)  order=72304f2e

[96mOrder 449/500:[0m
  [      7ms]  [91mstale[0m    (poll #1)  order=d35f9d9d
  [     64ms]  [91mstale[0m    (poll #2)  order=d35f9d9d
  [    125ms]  [91mstale[0m    (poll #3)  order=d35f9d9d
  [    190ms]  [91mstale[0m    (poll #4)  order=d35f9d9d
  [    256ms]  [92mVISIBLE[0m  (poll #5, X-Cache: MISS)  order=d35f9d9d

[96mOrder 450/500:[0m
  [     10ms]  [91mstale[0m    (poll #1)  order=d7cfeb7e
  [     74ms]  [91mstale[0m    (poll #2)  order=d7cfeb7e
  [    138ms]  [91mstale[0m    (poll #3)  order=d7cfeb7e
  [    204ms]  [92mVISIBLE[0m  (poll #4, X-Cache: MISS)  order=d7cfeb7e

[96mOrder 451/500:[0m
  [      8ms]  [91mstale[0m    (poll #1)  order=98e5296c
  [     67ms]  [91mstale[0m    (poll #2)  order=98e5296c
  [    127ms]  [91mstale[0m    (poll #3)  order=98e5296c
  [    190ms]  [91mstale[0m    (poll #4)  order=98e5296c
  [    253ms]  [92mVISIBLE[0m  (poll #5, X-Cache: MISS)  order=98e5296c

[96mOrder 452/500:[0m
  [      6ms]  [91mstale[0m    (poll #1)  order=1bb4358e
  [     66ms]  [91mstale[0m    (poll #2)  order=1bb4358e
  [    130ms]  [91mstale[0m    (poll #3)  order=1bb4358e
  [    191ms]  [91mstale[0m    (poll #4)  order=1bb4358e
  [    255ms]  [92mVISIBLE[0m  (poll #5, X-Cache: MISS)  order=1bb4358e

[96mOrder 453/500:[0m
  [      8ms]  [91mstale[0m    (poll #1)  order=f54b9d6e
  [     72ms]  [91mstale[0m    (poll #2)  order=f54b9d6e
  [    134ms]  [91mstale[0m    (poll #3)  order=f54b9d6e
  [    197ms]  [91mstale[0m    (poll #4)  order=f54b9d6e
  [    260ms]  [92mVISIBLE[0m  (poll #5, X-Cache: MISS)  order=f54b9d6e

[96mOrder 454/500:[0m
  [      4ms]  [91mstale[0m    (poll #1)  order=260a31ef
  [     60ms]  [91mstale[0m    (poll #2)  order=260a31ef
  [    139ms]  [91mstale[0m    (poll #3)  order=260a31ef
  [    201ms]  [92mVISIBLE[0m  (poll #4, X-Cache: MISS)  order=260a31ef

[96mOrder 455/500:[0m
  [      4ms]  [91mstale[0m    (poll #1)  order=87da20d3
  [     64ms]  [91mstale[0m    (poll #2)  order=87da20d3
  [    126ms]  [91mstale[0m    (poll #3)  order=87da20d3
  [    189ms]  [91mstale[0m    (poll #4)  order=87da20d3
  [    255ms]  [92mVISIBLE[0m  (poll #5, X-Cache: MISS)  order=87da20d3

[96mOrder 456/500:[0m
  [      5ms]  [91mstale[0m    (poll #1)  order=7c004c11
  [     64ms]  [91mstale[0m    (poll #2)  order=7c004c11
  [    132ms]  [91mstale[0m    (poll #3)  order=7c004c11
  [    197ms]  [92mVISIBLE[0m  (poll #4, X-Cache: MISS)  order=7c004c11

[96mOrder 457/500:[0m
  [      5ms]  [91mstale[0m    (poll #1)  order=360e4385
  [     62ms]  [91mstale[0m    (poll #2)  order=360e4385
  [    125ms]  [91mstale[0m    (poll #3)  order=360e4385
  [    190ms]  [91mstale[0m    (poll #4)  order=360e4385
  [    251ms]  [92mVISIBLE[0m  (poll #5, X-Cache: MISS)  order=360e4385

[96mOrder 458/500:[0m
  [      6ms]  [91mstale[0m    (poll #1)  order=760f82e4
  [     68ms]  [91mstale[0m    (poll #2)  order=760f82e4
  [    126ms]  [91mstale[0m    (poll #3)  order=760f82e4
  [    191ms]  [91mstale[0m    (poll #4)  order=760f82e4
  [    256ms]  [92mVISIBLE[0m  (poll #5, X-Cache: MISS)  order=760f82e4

[96mOrder 459/500:[0m
  [      6ms]  [91mstale[0m    (poll #1)  order=d4779bbe
  [     65ms]  [91mstale[0m    (poll #2)  order=d4779bbe
  [    127ms]  [91mstale[0m    (poll #3)  order=d4779bbe
  [    195ms]  [91mstale[0m    (poll #4)  order=d4779bbe
  [    262ms]  [92mVISIBLE[0m  (poll #5, X-Cache: MISS)  order=d4779bbe

[96mOrder 460/500:[0m
  [     10ms]  [91mstale[0m    (poll #1)  order=20e11c0a
  [     75ms]  [91mstale[0m    (poll #2)  order=20e11c0a
  [    137ms]  [91mstale[0m    (poll #3)  order=20e11c0a
  [    196ms]  [91mstale[0m    (poll #4)  order=20e11c0a
  [    266ms]  [92mVISIBLE[0m  (poll #5, X-Cache: MISS)  order=20e11c0a

[96mOrder 461/500:[0m
  [      8ms]  [91mstale[0m    (poll #1)  order=1684eada
  [     69ms]  [91mstale[0m    (poll #2)  order=1684eada
  [    131ms]  [91mstale[0m    (poll #3)  order=1684eada
  [    196ms]  [91mstale[0m    (poll #4)  order=1684eada
  [    264ms]  [92mVISIBLE[0m  (poll #5, X-Cache: MISS)  order=1684eada

[96mOrder 462/500:[0m
  [     12ms]  [91mstale[0m    (poll #1)  order=978dcd14
  [     74ms]  [91mstale[0m    (poll #2)  order=978dcd14
  [    139ms]  [91mstale[0m    (poll #3)  order=978dcd14
  [    203ms]  [91mstale[0m    (poll #4)  order=978dcd14
  [    272ms]  [92mVISIBLE[0m  (poll #5, X-Cache: MISS)  order=978dcd14

[96mOrder 463/500:[0m
  [      8ms]  [91mstale[0m    (poll #1)  order=97619156
  [     72ms]  [91mstale[0m    (poll #2)  order=97619156
  [    135ms]  [91mstale[0m    (poll #3)  order=97619156
  [    203ms]  [92mVISIBLE[0m  (poll #4, X-Cache: MISS)  order=97619156

[96mOrder 464/500:[0m
  [      7ms]  [91mstale[0m    (poll #1)  order=a612a435
  [     69ms]  [91mstale[0m    (poll #2)  order=a612a435
  [    131ms]  [91mstale[0m    (poll #3)  order=a612a435
  [    193ms]  [92mVISIBLE[0m  (poll #4, X-Cache: MISS)  order=a612a435

[96mOrder 465/500:[0m
  [      4ms]  [91mstale[0m    (poll #1)  order=e0dbdaf8
  [     65ms]  [91mstale[0m    (poll #2)  order=e0dbdaf8
  [    124ms]  [91mstale[0m    (poll #3)  order=e0dbdaf8
  [    185ms]  [91mstale[0m    (poll #4)  order=e0dbdaf8
  [    250ms]  [92mVISIBLE[0m  (poll #5, X-Cache: MISS)  order=e0dbdaf8

[96mOrder 466/500:[0m
  [      8ms]  [91mstale[0m    (poll #1)  order=d1ffb47c
  [     69ms]  [91mstale[0m    (poll #2)  order=d1ffb47c
  [    130ms]  [91mstale[0m    (poll #3)  order=d1ffb47c
  [    189ms]  [91mstale[0m    (poll #4)  order=d1ffb47c
  [    248ms]  [92mVISIBLE[0m  (poll #5, X-Cache: MISS)  order=d1ffb47c

[96mOrder 467/500:[0m
  [      3ms]  [91mstale[0m    (poll #1)  order=f44254fc
  [     63ms]  [91mstale[0m    (poll #2)  order=f44254fc
  [    125ms]  [91mstale[0m    (poll #3)  order=f44254fc
  [    184ms]  [91mstale[0m    (poll #4)  order=f44254fc
  [    253ms]  [92mVISIBLE[0m  (poll #5, X-Cache: MISS)  order=f44254fc

[96mOrder 468/500:[0m
  [      4ms]  [91mstale[0m    (poll #1)  order=c172137e
  [     60ms]  [91mstale[0m    (poll #2)  order=c172137e
  [    119ms]  [91mstale[0m    (poll #3)  order=c172137e
  [    181ms]  [91mstale[0m    (poll #4)  order=c172137e
  [    247ms]  [92mVISIBLE[0m  (poll #5, X-Cache: MISS)  order=c172137e

[96mOrder 469/500:[0m
  [      7ms]  [91mstale[0m    (poll #1)  order=9e4fe06d
  [     66ms]  [91mstale[0m    (poll #2)  order=9e4fe06d
  [    125ms]  [91mstale[0m    (poll #3)  order=9e4fe06d
  [    189ms]  [92mVISIBLE[0m  (poll #4, X-Cache: MISS)  order=9e4fe06d

[96mOrder 470/500:[0m
  [      7ms]  [91mstale[0m    (poll #1)  order=fb41b74b
  [     69ms]  [91mstale[0m    (poll #2)  order=fb41b74b
  [    131ms]  [91mstale[0m    (poll #3)  order=fb41b74b
  [    195ms]  [91mstale[0m    (poll #4)  order=fb41b74b
  [    265ms]  [92mVISIBLE[0m  (poll #5, X-Cache: MISS)  order=fb41b74b

[96mOrder 471/500:[0m
  [     11ms]  [91mstale[0m    (poll #1)  order=1f9ae525
  [     77ms]  [91mstale[0m    (poll #2)  order=1f9ae525
  [    140ms]  [92mVISIBLE[0m  (poll #3, X-Cache: MISS)  order=1f9ae525

[96mOrder 472/500:[0m
  [      6ms]  [91mstale[0m    (poll #1)  order=c28bcfd7
  [     69ms]  [91mstale[0m    (poll #2)  order=c28bcfd7
  [    132ms]  [91mstale[0m    (poll #3)  order=c28bcfd7
  [    192ms]  [91mstale[0m    (poll #4)  order=c28bcfd7
  [    258ms]  [92mVISIBLE[0m  (poll #5, X-Cache: MISS)  order=c28bcfd7

[96mOrder 473/500:[0m
  [      8ms]  [91mstale[0m    (poll #1)  order=d5669f07
  [     71ms]  [91mstale[0m    (poll #2)  order=d5669f07
  [    135ms]  [91mstale[0m    (poll #3)  order=d5669f07
  [    202ms]  [91mstale[0m    (poll #4)  order=d5669f07
  [    273ms]  [92mVISIBLE[0m  (poll #5, X-Cache: MISS)  order=d5669f07

[96mOrder 474/500:[0m
  [      8ms]  [91mstale[0m    (poll #1)  order=4a850fd9
  [     67ms]  [91mstale[0m    (poll #2)  order=4a850fd9
  [    129ms]  [91mstale[0m    (poll #3)  order=4a850fd9
  [    197ms]  [91mstale[0m    (poll #4)  order=4a850fd9
  [    267ms]  [92mVISIBLE[0m  (poll #5, X-Cache: MISS)  order=4a850fd9

[96mOrder 475/500:[0m
  [      9ms]  [91mstale[0m    (poll #1)  order=7dc6bf45
  [     73ms]  [91mstale[0m    (poll #2)  order=7dc6bf45
  [    135ms]  [91mstale[0m    (poll #3)  order=7dc6bf45
  [    204ms]  [92mVISIBLE[0m  (poll #4, X-Cache: MISS)  order=7dc6bf45

[96mOrder 476/500:[0m
  [      9ms]  [91mstale[0m    (poll #1)  order=2e40459d
  [     72ms]  [91mstale[0m    (poll #2)  order=2e40459d
  [    132ms]  [91mstale[0m    (poll #3)  order=2e40459d
  [    196ms]  [92mVISIBLE[0m  (poll #4, X-Cache: MISS)  order=2e40459d

[96mOrder 477/500:[0m
  [      7ms]  [91mstale[0m    (poll #1)  order=e95990bd
  [     67ms]  [91mstale[0m    (poll #2)  order=e95990bd
  [    129ms]  [91mstale[0m    (poll #3)  order=e95990bd
  [    189ms]  [91mstale[0m    (poll #4)  order=e95990bd
  [    257ms]  [92mVISIBLE[0m  (poll #5, X-Cache: MISS)  order=e95990bd

[96mOrder 478/500:[0m
  [      5ms]  [91mstale[0m    (poll #1)  order=e112c1b0
  [     67ms]  [91mstale[0m    (poll #2)  order=e112c1b0
  [    128ms]  [91mstale[0m    (poll #3)  order=e112c1b0
  [    188ms]  [92mVISIBLE[0m  (poll #4, X-Cache: MISS)  order=e112c1b0

[96mOrder 479/500:[0m
  [      6ms]  [91mstale[0m    (poll #1)  order=24d3bd5a
  [     66ms]  [91mstale[0m    (poll #2)  order=24d3bd5a
  [    128ms]  [91mstale[0m    (poll #3)  order=24d3bd5a
  [    191ms]  [91mstale[0m    (poll #4)  order=24d3bd5a
  [    261ms]  [92mVISIBLE[0m  (poll #5, X-Cache: MISS)  order=24d3bd5a

[96mOrder 480/500:[0m
  [      8ms]  [91mstale[0m    (poll #1)  order=1240b8ca
  [     70ms]  [91mstale[0m    (poll #2)  order=1240b8ca
  [    129ms]  [91mstale[0m    (poll #3)  order=1240b8ca
  [    193ms]  [91mstale[0m    (poll #4)  order=1240b8ca
  [    260ms]  [92mVISIBLE[0m  (poll #5, X-Cache: MISS)  order=1240b8ca

[96mOrder 481/500:[0m
  [      9ms]  [91mstale[0m    (poll #1)  order=a016ee73
  [     73ms]  [91mstale[0m    (poll #2)  order=a016ee73
  [    133ms]  [91mstale[0m    (poll #3)  order=a016ee73
  [    198ms]  [91mstale[0m    (poll #4)  order=a016ee73
  [    266ms]  [92mVISIBLE[0m  (poll #5, X-Cache: MISS)  order=a016ee73

[96mOrder 482/500:[0m
  [     11ms]  [91mstale[0m    (poll #1)  order=2b6d8b54
  [     75ms]  [91mstale[0m    (poll #2)  order=2b6d8b54
  [    140ms]  [91mstale[0m    (poll #3)  order=2b6d8b54
  [    210ms]  [91mstale[0m    (poll #4)  order=2b6d8b54
  [    280ms]  [92mVISIBLE[0m  (poll #5, X-Cache: MISS)  order=2b6d8b54

[96mOrder 483/500:[0m
  [     10ms]  [91mstale[0m    (poll #1)  order=6a21fd11
  [     75ms]  [91mstale[0m    (poll #2)  order=6a21fd11
  [    141ms]  [91mstale[0m    (poll #3)  order=6a21fd11
  [    211ms]  [92mVISIBLE[0m  (poll #4, X-Cache: MISS)  order=6a21fd11

[96mOrder 484/500:[0m
  [      4ms]  [91mstale[0m    (poll #1)  order=5a032423
  [     63ms]  [91mstale[0m    (poll #2)  order=5a032423
  [    126ms]  [91mstale[0m    (poll #3)  order=5a032423
  [    191ms]  [91mstale[0m    (poll #4)  order=5a032423
  [    261ms]  [92mVISIBLE[0m  (poll #5, X-Cache: MISS)  order=5a032423

[96mOrder 485/500:[0m
  [     10ms]  [91mstale[0m    (poll #1)  order=7b221239
  [     73ms]  [91mstale[0m    (poll #2)  order=7b221239
  [    134ms]  [91mstale[0m    (poll #3)  order=7b221239
  [    197ms]  [91mstale[0m    (poll #4)  order=7b221239
  [    269ms]  [92mVISIBLE[0m  (poll #5, X-Cache: MISS)  order=7b221239

[96mOrder 486/500:[0m
  [      9ms]  [91mstale[0m    (poll #1)  order=8145a796
  [     70ms]  [91mstale[0m    (poll #2)  order=8145a796
  [    133ms]  [91mstale[0m    (poll #3)  order=8145a796
  [    199ms]  [91mstale[0m    (poll #4)  order=8145a796
  [    266ms]  [92mVISIBLE[0m  (poll #5, X-Cache: MISS)  order=8145a796

[96mOrder 487/500:[0m
  [     10ms]  [91mstale[0m    (poll #1)  order=aff704a6
  [     74ms]  [91mstale[0m    (poll #2)  order=aff704a6
  [    140ms]  [91mstale[0m    (poll #3)  order=aff704a6
  [    202ms]  [91mstale[0m    (poll #4)  order=aff704a6
  [    266ms]  [92mVISIBLE[0m  (poll #5, X-Cache: MISS)  order=aff704a6

[96mOrder 488/500:[0m
  [      9ms]  [91mstale[0m    (poll #1)  order=17d70739
  [     70ms]  [91mstale[0m    (poll #2)  order=17d70739
  [    135ms]  [91mstale[0m    (poll #3)  order=17d70739
  [    201ms]  [92mVISIBLE[0m  (poll #4, X-Cache: MISS)  order=17d70739

[96mOrder 489/500:[0m
  [      8ms]  [91mstale[0m    (poll #1)  order=1f5e1b51
  [     73ms]  [91mstale[0m    (poll #2)  order=1f5e1b51
  [    137ms]  [91mstale[0m    (poll #3)  order=1f5e1b51
  [    204ms]  [92mVISIBLE[0m  (poll #4, X-Cache: MISS)  order=1f5e1b51

[96mOrder 490/500:[0m
  [      8ms]  [91mstale[0m    (poll #1)  order=1beb5235
  [     67ms]  [91mstale[0m    (poll #2)  order=1beb5235
  [    128ms]  [91mstale[0m    (poll #3)  order=1beb5235
  [    194ms]  [91mstale[0m    (poll #4)  order=1beb5235
  [    264ms]  [92mVISIBLE[0m  (poll #5, X-Cache: MISS)  order=1beb5235

[96mOrder 491/500:[0m
  [      6ms]  [91mstale[0m    (poll #1)  order=8cc32546
  [     68ms]  [91mstale[0m    (poll #2)  order=8cc32546
  [    134ms]  [91mstale[0m    (poll #3)  order=8cc32546
  [    196ms]  [91mstale[0m    (poll #4)  order=8cc32546
  [    262ms]  [92mVISIBLE[0m  (poll #5, X-Cache: MISS)  order=8cc32546

[96mOrder 492/500:[0m
  [      8ms]  [91mstale[0m    (poll #1)  order=1f2d4bac
  [     69ms]  [91mstale[0m    (poll #2)  order=1f2d4bac
  [    133ms]  [91mstale[0m    (poll #3)  order=1f2d4bac
  [    200ms]  [91mstale[0m    (poll #4)  order=1f2d4bac
  [    267ms]  [92mVISIBLE[0m  (poll #5, X-Cache: MISS)  order=1f2d4bac

[96mOrder 493/500:[0m
  [      4ms]  [91mstale[0m    (poll #1)  order=1d541f2c
  [     63ms]  [91mstale[0m    (poll #2)  order=1d541f2c
  [    126ms]  [91mstale[0m    (poll #3)  order=1d541f2c
  [    184ms]  [91mstale[0m    (poll #4)  order=1d541f2c
  [    243ms]  [92mVISIBLE[0m  (poll #5, X-Cache: MISS)  order=1d541f2c

[96mOrder 494/500:[0m
  [      6ms]  [91mstale[0m    (poll #1)  order=a054aa22
  [     67ms]  [91mstale[0m    (poll #2)  order=a054aa22
  [    131ms]  [91mstale[0m    (poll #3)  order=a054aa22
  [    195ms]  [91mstale[0m    (poll #4)  order=a054aa22
  [    262ms]  [92mVISIBLE[0m  (poll #5, X-Cache: MISS)  order=a054aa22

[96mOrder 495/500:[0m
  [     12ms]  [91mstale[0m    (poll #1)  order=7ee7aaa2
  [     79ms]  [91mstale[0m    (poll #2)  order=7ee7aaa2
  [    139ms]  [91mstale[0m    (poll #3)  order=7ee7aaa2
  [    204ms]  [92mVISIBLE[0m  (poll #4, X-Cache: MISS)  order=7ee7aaa2

[96mOrder 496/500:[0m
  [      9ms]  [91mstale[0m    (poll #1)  order=2aa89590
  [     73ms]  [91mstale[0m    (poll #2)  order=2aa89590
  [    137ms]  [91mstale[0m    (poll #3)  order=2aa89590
  [    196ms]  [91mstale[0m    (poll #4)  order=2aa89590
  [    260ms]  [92mVISIBLE[0m  (poll #5, X-Cache: MISS)  order=2aa89590

[96mOrder 497/500:[0m
  [      6ms]  [91mstale[0m    (poll #1)  order=ac7ebbc3
  [     69ms]  [91mstale[0m    (poll #2)  order=ac7ebbc3
  [    131ms]  [91mstale[0m    (poll #3)  order=ac7ebbc3
  [    194ms]  [91mstale[0m    (poll #4)  order=ac7ebbc3
  [    254ms]  [92mVISIBLE[0m  (poll #5, X-Cache: MISS)  order=ac7ebbc3

[96mOrder 498/500:[0m
  [      7ms]  [91mstale[0m    (poll #1)  order=ff843337
  [     68ms]  [91mstale[0m    (poll #2)  order=ff843337
  [    131ms]  [91mstale[0m    (poll #3)  order=ff843337
  [    194ms]  [91mstale[0m    (poll #4)  order=ff843337
  [    264ms]  [92mVISIBLE[0m  (poll #5, X-Cache: MISS)  order=ff843337

[96mOrder 499/500:[0m
  [     11ms]  [91mstale[0m    (poll #1)  order=6efd5b7b
  [     72ms]  [91mstale[0m    (poll #2)  order=6efd5b7b
  [    137ms]  [91mstale[0m    (poll #3)  order=6efd5b7b
  [    200ms]  [92mVISIBLE[0m  (poll #4, X-Cache: MISS)  order=6efd5b7b

[96mOrder 500/500:[0m
  [      7ms]  [91mstale[0m    (poll #1)  order=5151ddf4
  [     70ms]  [91mstale[0m    (poll #2)  order=5151ddf4
  [    133ms]  [91mstale[0m    (poll #3)  order=5151ddf4
  [    198ms]  [92mVISIBLE[0m  (poll #4, X-Cache: MISS)  order=5151ddf4

[1m=======================================================[0m
[1m  RESULTS  (N=500)[0m
[1m=======================================================[0m

  metric                    value
  --------------------------------
  consistency lag ms  
    p50                    258.5
    p95                    274.1
    p99                    281.6
    min                     72.4
    max                    307.2
  avg polls/read             4.7

  [93mWhat this means:[0m
  A user who placed an order and immediately refreshed
  would have seen no order for up to 307ms.
  During this window the read side is STALE — MongoDB has
  the event, but PostgreSQL has not projected it yet.

  [92mThe RYW cache fixes this:[0m
    bash restart.sh --delay 2   # same consumer lag, cache ON
    python scripts/consistency_demo.py
  → Every read returns in ~1ms (cache HIT, no PG needed).

