Stopping services and wiping volumes...

  cache:    DISABLED
  consumer: SLOW (0.10s/event)
  saga:     fast
  stream:   redis-stream :6379  (no memory limit)

Starting services...
time="2026-04-26T04:08:47+05:30" level=warning msg="/Users/akankshawattamwar/Desktop/CS315/CQRS/docker-compose.yml: the attribute `version` is obsolete, it will be ignored, please remove it to avoid potential confusion"
#1 [internal] load local bake definitions
#1 reading from stdin 1.05kB done
#1 DONE 0.0s

#2 [consumer internal] load build definition from Dockerfile
#2 transferring dockerfile: 186B done
#2 DONE 0.0s

#3 [saga internal] load build definition from Dockerfile
#3 transferring dockerfile: 365B done
#3 DONE 0.0s

#4 [consumer internal] load metadata for docker.io/library/python:3.12-slim
#4 DONE 1.0s

#5 [consumer internal] load .dockerignore
#5 transferring context: 2B done
#5 DONE 0.0s

#6 [saga internal] load .dockerignore
#6 transferring context: 2B done
#6 DONE 0.0s

#7 [consumer internal] load build context
#7 transferring context: 308B done
#7 DONE 0.0s

#8 [consumer 1/5] FROM docker.io/library/python:3.12-slim@sha256:46cb7cc2877e60fbd5e21a9ae6115c30ace7a077b9f8772da879e4590c18c2e3
#8 resolve docker.io/library/python:3.12-slim@sha256:46cb7cc2877e60fbd5e21a9ae6115c30ace7a077b9f8772da879e4590c18c2e3 done
#8 DONE 0.0s

#9 [saga 2/7] WORKDIR /service
#9 CACHED

#10 [consumer 2/5] WORKDIR /app
#10 CACHED

#11 [saga internal] load build context
#11 transferring context: 386B done
#11 DONE 0.0s

#12 [consumer 3/5] COPY requirements.txt .
#12 DONE 0.0s

#13 [saga 3/7] COPY saga/requirements.txt saga/
#13 DONE 0.0s

#14 [saga 4/7] RUN pip install --no-cache-dir -r saga/requirements.txt
#14 1.390 Collecting pymongo==4.7.2 (from -r saga/requirements.txt (line 1))
#14 1.469   Downloading pymongo-4.7.2-cp312-cp312-manylinux_2_17_aarch64.manylinux2014_aarch64.whl.metadata (22 kB)
#14 1.553 Collecting redis==5.0.5 (from -r saga/requirements.txt (line 2))
#14 1.579   Downloading redis-5.0.5-py3-none-any.whl.metadata (9.3 kB)
#14 1.658 Collecting psycopg2-binary==2.9.9 (from -r saga/requirements.txt (line 3))
#14 1.684   Downloading psycopg2_binary-2.9.9-cp312-cp312-manylinux_2_17_aarch64.manylinux2014_aarch64.whl.metadata (4.4 kB)
#14 1.735 Collecting dnspython<3.0.0,>=1.16.0 (from pymongo==4.7.2->-r saga/requirements.txt (line 1))
#14 1.854   Downloading dnspython-2.8.0-py3-none-any.whl.metadata (5.7 kB)
#14 1.927 Downloading pymongo-4.7.2-cp312-cp312-manylinux_2_17_aarch64.manylinux2014_aarch64.whl (688 kB)
#14 2.337    ━━━━━━━━━━━━━━━━━━━━━━━━━━━━━━━━━━━━━━━━ 689.0/689.0 kB 2.3 MB/s eta 0:00:00
#14 2.372 Downloading redis-5.0.5-py3-none-any.whl (251 kB)
#14 2.468 Downloading psycopg2_binary-2.9.9-cp312-cp312-manylinux_2_17_aarch64.manylinux2014_aarch64.whl (2.9 MB)
#14 3.184    ━━━━━━━━━━━━━━━━━━━━━━━━━━━━━━━━━━━━━━━━ 2.9/2.9 MB 3.9 MB/s eta 0:00:00
#14 3.216 Downloading dnspython-2.8.0-py3-none-any.whl (331 kB)
#14 3.266 Installing collected packages: redis, psycopg2-binary, dnspython, pymongo
#14 3.607 Successfully installed dnspython-2.8.0 psycopg2-binary-2.9.9 pymongo-4.7.2 redis-5.0.5
#14 3.607 WARNING: Running pip as the 'root' user can result in broken permissions and conflicting behaviour with the system package manager, possibly rendering your system unusable. It is recommended to use a virtual environment instead: https://pip.pypa.io/warnings/venv. Use the --root-user-action option if you know what you are doing and want to suppress this warning.
#14 3.740 
#14 3.740 [notice] A new release of pip is available: 25.0.1 -> 26.0.1
#14 3.740 [notice] To update, run: pip install --upgrade pip
#14 DONE 3.9s

#15 [consumer 4/5] RUN pip install --no-cache-dir -r requirements.txt
#15 1.399 Collecting pymongo==4.7.2 (from -r requirements.txt (line 1))
#15 1.469   Downloading pymongo-4.7.2-cp312-cp312-manylinux_2_17_aarch64.manylinux2014_aarch64.whl.metadata (22 kB)
#15 1.534 Collecting redis==5.0.5 (from -r requirements.txt (line 2))
#15 1.558   Downloading redis-5.0.5-py3-none-any.whl.metadata (9.3 kB)
#15 1.613 Collecting psycopg2-binary==2.9.9 (from -r requirements.txt (line 3))
#15 1.635   Downloading psycopg2_binary-2.9.9-cp312-cp312-manylinux_2_17_aarch64.manylinux2014_aarch64.whl.metadata (4.4 kB)
#15 1.672 Collecting dnspython<3.0.0,>=1.16.0 (from pymongo==4.7.2->-r requirements.txt (line 1))
#15 1.698   Downloading dnspython-2.8.0-py3-none-any.whl.metadata (5.7 kB)
#15 1.745 Downloading pymongo-4.7.2-cp312-cp312-manylinux_2_17_aarch64.manylinux2014_aarch64.whl (688 kB)
#15 2.299    ━━━━━━━━━━━━━━━━━━━━━━━━━━━━━━━━━━━━━━━━ 689.0/689.0 kB 1.8 MB/s eta 0:00:00
#15 2.326 Downloading redis-5.0.5-py3-none-any.whl (251 kB)
#15 2.401 Downloading psycopg2_binary-2.9.9-cp312-cp312-manylinux_2_17_aarch64.manylinux2014_aarch64.whl (2.9 MB)
#15 3.151    ━━━━━━━━━━━━━━━━━━━━━━━━━━━━━━━━━━━━━━━━ 2.9/2.9 MB 3.9 MB/s eta 0:00:00
#15 3.185 Downloading dnspython-2.8.0-py3-none-any.whl (331 kB)
#15 3.254 Installing collected packages: redis, psycopg2-binary, dnspython, pymongo
#15 3.609 Successfully installed dnspython-2.8.0 psycopg2-binary-2.9.9 pymongo-4.7.2 redis-5.0.5
#15 3.610 WARNING: Running pip as the 'root' user can result in broken permissions and conflicting behaviour with the system package manager, possibly rendering your system unusable. It is recommended to use a virtual environment instead: https://pip.pypa.io/warnings/venv. Use the --root-user-action option if you know what you are doing and want to suppress this warning.
#15 3.954 
#15 3.954 [notice] A new release of pip is available: 25.0.1 -> 26.0.1
#15 3.954 [notice] To update, run: pip install --upgrade pip
#15 DONE 4.0s

#16 [saga 5/7] COPY write-api/events.py write-api/
#16 DONE 0.0s

#17 [saga 6/7] COPY saga/ saga/
#17 DONE 0.0s

#18 [saga 7/7] WORKDIR /service/saga
#18 DONE 0.0s

#19 [saga] exporting to image
#19 exporting layers
#19 ...

#20 [consumer 5/5] COPY . .
#20 DONE 0.0s

#21 [consumer] exporting to image
#21 exporting layers 0.5s done
#21 exporting manifest sha256:89b58b448ae53f5093fea9ba4cdc4532161a568d07337d37b6220aaa5cf94030 done
#21 exporting config sha256:9a1ed8e15ad78b34762b76a34e3df669acb4f08e25ed4d2e054c4abecfd98577 done
#21 exporting attestation manifest sha256:9f900bd033db2c289529b2b4c9efb2e7d32170e236ee215ff6348adac960de4f done
#21 exporting manifest list sha256:f0da2b2713797e9b7248ff19e59a48374ce3d3355d260be6ce0677598f94e555 done
#21 naming to docker.io/library/cqrs-consumer:latest
#21 ...

#19 [saga] exporting to image
#19 exporting layers 0.6s done
#19 exporting manifest sha256:fe08bfe66b960acb8233af2588a8766cd48f272ce0683598c3fc61c86300c7d7 done
#19 exporting config sha256:e6731c50558c0b3f36246ae3ea40b66e66eee996332f5d2ed86203c647efa613 done
#19 exporting attestation manifest sha256:ac2fb8b2ab11d74f3c1f6d3d8f08a88f88c5f840cd946256f6b62d9c9ed26089 done
#19 exporting manifest list sha256:c8434d0e63e932f053cb388339fee27637c3e37cf0cb755433f4b1a9ea74e941 done
#19 naming to docker.io/library/cqrs-saga:latest done
#19 unpacking to docker.io/library/cqrs-saga:latest 0.1s done
#19 DONE 0.7s

#21 [consumer] exporting to image
#21 naming to docker.io/library/cqrs-consumer:latest done
#21 unpacking to docker.io/library/cqrs-consumer:latest 0.1s done
#21 DONE 0.8s

#22 [saga] resolving provenance for metadata file
#22 DONE 0.0s

#23 [consumer] resolving provenance for metadata file
#23 DONE 0.0s
 cqrs-saga  Built
 cqrs-consumer  Built
time="2026-04-26T04:08:54+05:30" level=warning msg="/Users/akankshawattamwar/Desktop/CS315/CQRS/docker-compose.yml: the attribute `version` is obsolete, it will be ignored, please remove it to avoid potential confusion"
#1 [internal] load local bake definitions
#1 reading from stdin 2.42kB done
#1 DONE 0.0s

#2 [saga internal] load build definition from Dockerfile
#2 transferring dockerfile: 365B done
#2 DONE 0.0s

#3 [read-api internal] load build definition from Dockerfile
#3 transferring dockerfile: 225B done
#3 DONE 0.0s

#4 [write-api internal] load build definition from Dockerfile
#4 transferring dockerfile: 225B done
#4 DONE 0.0s

#5 [consumer internal] load build definition from Dockerfile
#5 transferring dockerfile: 186B done
#5 DONE 0.0s

#6 [frontend internal] load build definition from Dockerfile
#6 transferring dockerfile: 271B done
#6 DONE 0.0s

#7 [consumer internal] load metadata for docker.io/library/python:3.12-slim
#7 DONE 0.4s

#8 [consumer internal] load .dockerignore
#8 transferring context: 2B done
#8 DONE 0.0s

#9 [write-api internal] load .dockerignore
#9 transferring context: 2B done
#9 DONE 0.0s

#10 [saga internal] load .dockerignore
#10 transferring context: 2B done
#10 DONE 0.0s

#11 [read-api internal] load .dockerignore
#11 transferring context: 2B done
#11 DONE 0.0s

#12 [consumer internal] load build context
#12 transferring context: 308B done
#12 DONE 0.0s

#13 [write-api internal] load build context
#13 transferring context: 341B done
#13 DONE 0.0s

#14 [read-api internal] load build context
#14 transferring context: 258B done
#14 DONE 0.0s

#15 [consumer 1/5] FROM docker.io/library/python:3.12-slim@sha256:46cb7cc2877e60fbd5e21a9ae6115c30ace7a077b9f8772da879e4590c18c2e3
#15 resolve docker.io/library/python:3.12-slim@sha256:46cb7cc2877e60fbd5e21a9ae6115c30ace7a077b9f8772da879e4590c18c2e3 0.0s done
#15 DONE 0.0s

#16 [saga internal] load build context
#16 transferring context: 386B done
#16 DONE 0.0s

#17 [write-api 4/5] RUN pip install --no-cache-dir -r requirements.txt
#17 CACHED

#18 [write-api 3/5] COPY requirements.txt .
#18 CACHED

#19 [read-api 4/5] RUN pip install --no-cache-dir -r requirements.txt
#19 CACHED

#20 [read-api 3/5] COPY requirements.txt .
#20 CACHED

#21 [consumer 3/5] COPY requirements.txt .
#21 CACHED

#22 [consumer 4/5] RUN pip install --no-cache-dir -r requirements.txt
#22 CACHED

#23 [read-api 2/5] WORKDIR /app
#23 CACHED

#24 [write-api 5/5] COPY . .
#24 CACHED

#25 [read-api 5/5] COPY . .
#25 CACHED

#26 [consumer 5/5] COPY . .
#26 CACHED

#27 [consumer] exporting to image
#27 exporting layers
#27 ...

#28 [saga 4/7] RUN pip install --no-cache-dir -r saga/requirements.txt
#28 CACHED

#29 [saga 6/7] COPY saga/ saga/
#29 CACHED

#30 [saga 2/7] WORKDIR /service
#30 CACHED

#31 [saga 3/7] COPY saga/requirements.txt saga/
#31 CACHED

#32 [saga 5/7] COPY write-api/events.py write-api/
#32 CACHED

#27 [consumer] exporting to image
#27 exporting layers done
#27 exporting manifest sha256:89b58b448ae53f5093fea9ba4cdc4532161a568d07337d37b6220aaa5cf94030 done
#27 exporting config sha256:9a1ed8e15ad78b34762b76a34e3df669acb4f08e25ed4d2e054c4abecfd98577 done
#27 exporting attestation manifest sha256:f06b1ff74066e8449ec79cc9b1207107bd273acd3929a9d68cb3a3c60d2ed144 0.0s done
#27 exporting manifest list sha256:fa3b7b5534998647b3c3c916cd60b0bebc07b7ec2c5305f837d67895c66fc43c done
#27 naming to docker.io/library/cqrs-consumer:latest done
#27 unpacking to docker.io/library/cqrs-consumer:latest done
#27 DONE 0.1s

#33 [read-api] exporting to image
#33 exporting layers done
#33 exporting manifest sha256:c63ee61fb06e4bd063e843362129b868354c2f94e2566ad3c11bbd0548881470 done
#33 exporting config sha256:46bb870cf8127e2823c379c44ac9a3c0d6ee66fd1b3343341206f22ff23f7f62 done
#33 exporting attestation manifest sha256:2f56598d97ef96fc6d0baf1012ca160763abf8d2bd5df95a23c7d72b2f2ff606 0.0s done
#33 exporting manifest list sha256:eac36ff5c50a616c48680c8bb043e330422a13707ba19862d9d050b6b068a0fb done
#33 naming to docker.io/library/cqrs-read-api:latest done
#33 unpacking to docker.io/library/cqrs-read-api:latest done
#33 DONE 0.1s

#34 [write-api] exporting to image
#34 exporting layers done
#34 exporting manifest sha256:92a21a99b40b6531c5801222236f42d6aa7bbf8b65d7634fc566f9392602e764 done
#34 exporting config sha256:be9fb26fa271ebf0c525960e70f2e967c21bf78a1eb2b7a7dc06e6d3ff4d3f55 done
#34 exporting attestation manifest sha256:7839206e11c7f65fcb203dcfe1f2a14fb92ea14d0cfbac6226bfe9ff38178e2a 0.0s done
#34 exporting manifest list sha256:35ec660ed998a92c6dd4e8b030225c236f106a88e4cc7a366794e9e1d3d9cba3 done
#34 naming to docker.io/library/cqrs-write-api:latest done
#34 unpacking to docker.io/library/cqrs-write-api:latest done
#34 DONE 0.1s

#35 [saga 7/7] WORKDIR /service/saga
#35 CACHED

#36 [saga] exporting to image
#36 exporting layers done
#36 exporting manifest sha256:fe08bfe66b960acb8233af2588a8766cd48f272ce0683598c3fc61c86300c7d7 done
#36 exporting config sha256:e6731c50558c0b3f36246ae3ea40b66e66eee996332f5d2ed86203c647efa613 done
#36 exporting attestation manifest sha256:77fbdd5b29c10a025065e304c820978dfaf79d6868ee6aac416619ec4aab23a1 0.0s done
#36 exporting manifest list sha256:0520bb8415ffceaf1315476f99929b506e25c8210f06e63c7c19d7292d371bbe done
#36 naming to docker.io/library/cqrs-saga:latest done
#36 unpacking to docker.io/library/cqrs-saga:latest done
#36 DONE 0.1s

#37 [read-api] resolving provenance for metadata file
#37 DONE 0.0s

#38 [write-api] resolving provenance for metadata file
#38 DONE 0.0s

#39 [consumer] resolving provenance for metadata file
#39 DONE 0.0s

#40 [saga] resolving provenance for metadata file
#40 DONE 0.0s

#41 [frontend internal] load metadata for docker.io/library/node:20-alpine
#41 DONE 0.9s

#42 [frontend internal] load metadata for docker.io/library/nginx:alpine
#42 DONE 0.9s

#43 [frontend internal] load .dockerignore
#43 transferring context: 2B done
#43 DONE 0.0s

#44 [frontend build 1/6] FROM docker.io/library/node:20-alpine@sha256:fb4cd12c85ee03686f6af5362a0b0d56d50c58a04632e6c0fb8363f609372293
#44 resolve docker.io/library/node:20-alpine@sha256:fb4cd12c85ee03686f6af5362a0b0d56d50c58a04632e6c0fb8363f609372293 0.0s done
#44 DONE 0.0s

#45 [frontend stage-1 1/3] FROM docker.io/library/nginx:alpine@sha256:5616878291a2eed594aee8db4dade5878cf7edcb475e59193904b198d9b830de
#45 resolve docker.io/library/nginx:alpine@sha256:5616878291a2eed594aee8db4dade5878cf7edcb475e59193904b198d9b830de 0.0s done
#45 DONE 0.0s

#46 [frontend internal] load build context
#46 transferring context: 185.58kB 0.1s done
#46 DONE 0.1s

#47 [frontend build 2/6] WORKDIR /app
#47 CACHED

#48 [frontend build 4/6] RUN npm install
#48 CACHED

#49 [frontend stage-1 2/3] COPY --from=build /app/dist /usr/share/nginx/html
#49 CACHED

#50 [frontend build 3/6] COPY package.json ./
#50 CACHED

#51 [frontend build 5/6] COPY . .
#51 CACHED

#52 [frontend build 6/6] RUN npm run build
#52 CACHED

#53 [frontend stage-1 3/3] COPY nginx.conf /etc/nginx/conf.d/default.conf
#53 CACHED

#54 [frontend] exporting to image
#54 exporting layers done
#54 exporting manifest sha256:32782dd8e2053c61118ccbb621867087941de406675097f92803716fedafab00 done
#54 exporting config sha256:64d46ad231b32d64275256ac207db88e0b5dd078678dcdc752d464f80305d609 done
#54 exporting attestation manifest sha256:5c17483e6c27cf0a9af023d446d60a01ae6ef292fa16724a94c0097d32cd2213 done
#54 exporting manifest list sha256:0eae36e11940455306db182a9510e0015d2dd2e2f937bf0101ad5d8b8d8e25e7 done
#54 naming to docker.io/library/cqrs-frontend:latest done
#54 unpacking to docker.io/library/cqrs-frontend:latest done
#54 DONE 0.1s

#55 [frontend] resolving provenance for metadata file
#55 DONE 0.0s
 cqrs-read-api  Built
 cqrs-write-api  Built
 cqrs-consumer  Built
 cqrs-saga  Built
 cqrs-frontend  Built
 Network cqrs_default  Creating
 Network cqrs_default  Created
 Volume "cqrs_mongo_data"  Creating
 Volume "cqrs_mongo_data"  Created
 Volume "cqrs_postgres_data"  Creating
 Volume "cqrs_postgres_data"  Created
 Container cqrs-redis-cache-1  Creating
 Container cqrs-postgres-1  Creating
 Container cqrs-mongodb-1  Creating
 Container cqrs-redis-stream-1  Creating
 Container cqrs-mongodb-1  Created
 Container cqrs-redis-cache-1  Created
 Container cqrs-redis-stream-1  Created
 Container cqrs-write-api-1  Creating
 Container cqrs-postgres-1  Created
 Container cqrs-consumer-1  Creating
 Container cqrs-saga-1  Creating
 Container cqrs-read-api-1  Creating
 Container cqrs-write-api-1  Created
 Container cqrs-consumer-1  Created
 Container cqrs-read-api-1  Created
 Container cqrs-frontend-1  Creating
 Container cqrs-saga-1  Created
 Container cqrs-frontend-1  Created
 Container cqrs-mongodb-1  Starting
 Container cqrs-redis-stream-1  Starting
 Container cqrs-postgres-1  Starting
 Container cqrs-redis-cache-1  Starting
 Container cqrs-postgres-1  Started
 Container cqrs-redis-cache-1  Started
 Container cqrs-redis-cache-1  Waiting
 Container cqrs-postgres-1  Waiting
 Container cqrs-mongodb-1  Started
 Container cqrs-redis-stream-1  Started
 Container cqrs-mongodb-1  Waiting
 Container cqrs-redis-stream-1  Waiting
 Container cqrs-mongodb-1  Waiting
 Container cqrs-redis-cache-1  Waiting
 Container cqrs-mongodb-1  Waiting
 Container cqrs-redis-stream-1  Waiting
 Container cqrs-postgres-1  Waiting
 Container cqrs-redis-stream-1  Waiting
 Container cqrs-postgres-1  Waiting
 Container cqrs-redis-cache-1  Healthy
 Container cqrs-redis-cache-1  Healthy
 Container cqrs-postgres-1  Healthy
 Container cqrs-read-api-1  Starting
 Container cqrs-redis-stream-1  Healthy
 Container cqrs-postgres-1  Healthy
 Container cqrs-postgres-1  Healthy
 Container cqrs-redis-stream-1  Healthy
 Container cqrs-redis-stream-1  Healthy
 Container cqrs-read-api-1  Started
 Container cqrs-frontend-1  Starting
 Container cqrs-frontend-1  Started
 Container cqrs-mongodb-1  Healthy
 Container cqrs-mongodb-1  Healthy
 Container cqrs-write-api-1  Starting
 Container cqrs-consumer-1  Starting
 Container cqrs-mongodb-1  Healthy
 Container cqrs-saga-1  Starting
 Container cqrs-saga-1  Started
 Container cqrs-consumer-1  Started
 Container cqrs-write-api-1  Started
Waiting for APIs to be ready...
Clearing MongoDB events and sagas...
time="2026-04-26T04:09:08+05:30" level=warning msg="/Users/akankshawattamwar/Desktop/CS315/CQRS/docker-compose.yml: the attribute `version` is obsolete, it will be ignored, please remove it to avoid potential confusion"
MongoDB cleared
All services up.
Logs: docker compose logs -f [write-api|read-api|consumer|saga]

[1m=======================================================[0m
[1m  EVENTUAL CONSISTENCY DEMO — 1000 orders[0m
[1m=======================================================[0m

  Write path:  Write API → MongoDB → Redis Stream
  Read path:   Consumer → PostgreSQL ← Read API
  Cache:       DISABLED (DISABLE_CACHE set)

[96mOrder 1/1000:[0m
  [      9ms]  [91mstale[0m    (poll #1)  order=fbef8d93
  [     68ms]  [91mstale[0m    (poll #2)  order=fbef8d93
  [    131ms]  [92mVISIBLE[0m  (poll #3, X-Cache: MISS)  order=fbef8d93

[96mOrder 2/1000:[0m
  [      4ms]  [91mstale[0m    (poll #1)  order=7cebef9b
  [     64ms]  [91mstale[0m    (poll #2)  order=7cebef9b
  [    127ms]  [91mstale[0m    (poll #3)  order=7cebef9b
  [    193ms]  [91mstale[0m    (poll #4)  order=7cebef9b
  [    263ms]  [91mstale[0m    (poll #5)  order=7cebef9b
  [    332ms]  [91mstale[0m    (poll #6)  order=7cebef9b
  [    407ms]  [91mstale[0m    (poll #7)  order=7cebef9b
  [    470ms]  [91mstale[0m    (poll #8)  order=7cebef9b
  [    533ms]  [92mVISIBLE[0m  (poll #9, X-Cache: MISS)  order=7cebef9b

[96mOrder 3/1000:[0m
  [      4ms]  [91mstale[0m    (poll #1)  order=2519b87a
  [     64ms]  [91mstale[0m    (poll #2)  order=2519b87a
  [    127ms]  [91mstale[0m    (poll #3)  order=2519b87a
  [    193ms]  [91mstale[0m    (poll #4)  order=2519b87a
  [    255ms]  [91mstale[0m    (poll #5)  order=2519b87a
  [    320ms]  [91mstale[0m    (poll #6)  order=2519b87a
  [    389ms]  [91mstale[0m    (poll #7)  order=2519b87a
  [    462ms]  [92mVISIBLE[0m  (poll #8, X-Cache: MISS)  order=2519b87a

[96mOrder 4/1000:[0m
  [      8ms]  [91mstale[0m    (poll #1)  order=9b7527b5
  [     72ms]  [91mstale[0m    (poll #2)  order=9b7527b5
  [    138ms]  [91mstale[0m    (poll #3)  order=9b7527b5
  [    207ms]  [91mstale[0m    (poll #4)  order=9b7527b5
  [    278ms]  [91mstale[0m    (poll #5)  order=9b7527b5
  [    350ms]  [91mstale[0m    (poll #6)  order=9b7527b5
  [    419ms]  [91mstale[0m    (poll #7)  order=9b7527b5
  [    485ms]  [91mstale[0m    (poll #8)  order=9b7527b5
  [    558ms]  [92mVISIBLE[0m  (poll #9, X-Cache: MISS)  order=9b7527b5

[96mOrder 5/1000:[0m
  [      6ms]  [91mstale[0m    (poll #1)  order=059b5953
  [     69ms]  [91mstale[0m    (poll #2)  order=059b5953
  [    133ms]  [91mstale[0m    (poll #3)  order=059b5953
  [    195ms]  [91mstale[0m    (poll #4)  order=059b5953
  [    258ms]  [91mstale[0m    (poll #5)  order=059b5953
  [    326ms]  [91mstale[0m    (poll #6)  order=059b5953
  [    395ms]  [91mstale[0m    (poll #7)  order=059b5953
  [    464ms]  [92mVISIBLE[0m  (poll #8, X-Cache: MISS)  order=059b5953

[96mOrder 6/1000:[0m
  [      9ms]  [91mstale[0m    (poll #1)  order=1fe3f834
  [     73ms]  [91mstale[0m    (poll #2)  order=1fe3f834
  [    137ms]  [91mstale[0m    (poll #3)  order=1fe3f834
  [    206ms]  [91mstale[0m    (poll #4)  order=1fe3f834
  [    276ms]  [91mstale[0m    (poll #5)  order=1fe3f834
  [    348ms]  [91mstale[0m    (poll #6)  order=1fe3f834
  [    421ms]  [91mstale[0m    (poll #7)  order=1fe3f834
  [    491ms]  [92mVISIBLE[0m  (poll #8, X-Cache: MISS)  order=1fe3f834

[96mOrder 7/1000:[0m
  [      5ms]  [91mstale[0m    (poll #1)  order=67ae333a
  [     69ms]  [91mstale[0m    (poll #2)  order=67ae333a
  [    127ms]  [91mstale[0m    (poll #3)  order=67ae333a
  [    189ms]  [91mstale[0m    (poll #4)  order=67ae333a
  [    252ms]  [91mstale[0m    (poll #5)  order=67ae333a
  [    320ms]  [91mstale[0m    (poll #6)  order=67ae333a
  [    391ms]  [91mstale[0m    (poll #7)  order=67ae333a
  [    464ms]  [91mstale[0m    (poll #8)  order=67ae333a
  [    532ms]  [92mVISIBLE[0m  (poll #9, X-Cache: MISS)  order=67ae333a

[96mOrder 8/1000:[0m
  [      8ms]  [91mstale[0m    (poll #1)  order=06c22315
  [     72ms]  [91mstale[0m    (poll #2)  order=06c22315
  [    139ms]  [91mstale[0m    (poll #3)  order=06c22315
  [    204ms]  [91mstale[0m    (poll #4)  order=06c22315
  [    271ms]  [91mstale[0m    (poll #5)  order=06c22315
  [    342ms]  [91mstale[0m    (poll #6)  order=06c22315
  [    421ms]  [91mstale[0m    (poll #7)  order=06c22315
  [    485ms]  [92mVISIBLE[0m  (poll #8, X-Cache: MISS)  order=06c22315

[96mOrder 9/1000:[0m
  [      5ms]  [91mstale[0m    (poll #1)  order=ceef066e
  [     66ms]  [91mstale[0m    (poll #2)  order=ceef066e
  [    130ms]  [91mstale[0m    (poll #3)  order=ceef066e
  [    200ms]  [91mstale[0m    (poll #4)  order=ceef066e
  [    269ms]  [91mstale[0m    (poll #5)  order=ceef066e
  [    338ms]  [91mstale[0m    (poll #6)  order=ceef066e
  [    404ms]  [92mVISIBLE[0m  (poll #7, X-Cache: MISS)  order=ceef066e

[96mOrder 10/1000:[0m
  [      9ms]  [91mstale[0m    (poll #1)  order=336adb14
  [     74ms]  [91mstale[0m    (poll #2)  order=336adb14
  [    139ms]  [91mstale[0m    (poll #3)  order=336adb14
  [    203ms]  [91mstale[0m    (poll #4)  order=336adb14
  [    274ms]  [91mstale[0m    (poll #5)  order=336adb14
  [    341ms]  [91mstale[0m    (poll #6)  order=336adb14
  [    411ms]  [91mstale[0m    (poll #7)  order=336adb14
  [    479ms]  [91mstale[0m    (poll #8)  order=336adb14
  [    551ms]  [92mVISIBLE[0m  (poll #9, X-Cache: MISS)  order=336adb14

[96mOrder 11/1000:[0m
  [      8ms]  [91mstale[0m    (poll #1)  order=c78ca5b0
  [     75ms]  [91mstale[0m    (poll #2)  order=c78ca5b0
  [    151ms]  [91mstale[0m    (poll #3)  order=c78ca5b0
  [    218ms]  [91mstale[0m    (poll #4)  order=c78ca5b0
  [    282ms]  [91mstale[0m    (poll #5)  order=c78ca5b0
  [    351ms]  [91mstale[0m    (poll #6)  order=c78ca5b0
  [    422ms]  [91mstale[0m    (poll #7)  order=c78ca5b0
  [    495ms]  [92mVISIBLE[0m  (poll #8, X-Cache: MISS)  order=c78ca5b0

[96mOrder 12/1000:[0m
  [      9ms]  [91mstale[0m    (poll #1)  order=2a4ead1f
  [     68ms]  [91mstale[0m    (poll #2)  order=2a4ead1f
  [    133ms]  [91mstale[0m    (poll #3)  order=2a4ead1f
  [    204ms]  [91mstale[0m    (poll #4)  order=2a4ead1f
  [    274ms]  [91mstale[0m    (poll #5)  order=2a4ead1f
  [    345ms]  [91mstale[0m    (poll #6)  order=2a4ead1f
  [    409ms]  [92mVISIBLE[0m  (poll #7, X-Cache: MISS)  order=2a4ead1f

[96mOrder 13/1000:[0m
  [      4ms]  [91mstale[0m    (poll #1)  order=338d89ba
  [     63ms]  [91mstale[0m    (poll #2)  order=338d89ba
  [    126ms]  [91mstale[0m    (poll #3)  order=338d89ba
  [    186ms]  [91mstale[0m    (poll #4)  order=338d89ba
  [    251ms]  [91mstale[0m    (poll #5)  order=338d89ba
  [    315ms]  [91mstale[0m    (poll #6)  order=338d89ba
  [    387ms]  [91mstale[0m    (poll #7)  order=338d89ba
  [    455ms]  [91mstale[0m    (poll #8)  order=338d89ba
  [    525ms]  [92mVISIBLE[0m  (poll #9, X-Cache: MISS)  order=338d89ba

[96mOrder 14/1000:[0m
  [     10ms]  [91mstale[0m    (poll #1)  order=f08712ee
  [     74ms]  [91mstale[0m    (poll #2)  order=f08712ee
  [    139ms]  [91mstale[0m    (poll #3)  order=f08712ee
  [    207ms]  [91mstale[0m    (poll #4)  order=f08712ee
  [    279ms]  [91mstale[0m    (poll #5)  order=f08712ee
  [    351ms]  [91mstale[0m    (poll #6)  order=f08712ee
  [    421ms]  [91mstale[0m    (poll #7)  order=f08712ee
  [    493ms]  [92mVISIBLE[0m  (poll #8, X-Cache: MISS)  order=f08712ee

[96mOrder 15/1000:[0m
  [      9ms]  [91mstale[0m    (poll #1)  order=8fbd89bd
  [     71ms]  [91mstale[0m    (poll #2)  order=8fbd89bd
  [    137ms]  [91mstale[0m    (poll #3)  order=8fbd89bd
  [    201ms]  [91mstale[0m    (poll #4)  order=8fbd89bd
  [    269ms]  [91mstale[0m    (poll #5)  order=8fbd89bd
  [    340ms]  [91mstale[0m    (poll #6)  order=8fbd89bd
  [    411ms]  [91mstale[0m    (poll #7)  order=8fbd89bd
  [    484ms]  [92mVISIBLE[0m  (poll #8, X-Cache: MISS)  order=8fbd89bd

[96mOrder 16/1000:[0m
  [      9ms]  [91mstale[0m    (poll #1)  order=5310f006
  [     75ms]  [91mstale[0m    (poll #2)  order=5310f006
  [    141ms]  [91mstale[0m    (poll #3)  order=5310f006
  [    210ms]  [91mstale[0m    (poll #4)  order=5310f006
  [    279ms]  [91mstale[0m    (poll #5)  order=5310f006
  [    350ms]  [91mstale[0m    (poll #6)  order=5310f006
  [    419ms]  [91mstale[0m    (poll #7)  order=5310f006
  [    486ms]  [92mVISIBLE[0m  (poll #8, X-Cache: MISS)  order=5310f006

[96mOrder 17/1000:[0m
  [      8ms]  [91mstale[0m    (poll #1)  order=9b515d56
  [     70ms]  [91mstale[0m    (poll #2)  order=9b515d56
  [    128ms]  [91mstale[0m    (poll #3)  order=9b515d56
  [    188ms]  [91mstale[0m    (poll #4)  order=9b515d56
  [    246ms]  [91mstale[0m    (poll #5)  order=9b515d56
  [    308ms]  [91mstale[0m    (poll #6)  order=9b515d56
  [    370ms]  [91mstale[0m    (poll #7)  order=9b515d56
  [    431ms]  [92mVISIBLE[0m  (poll #8, X-Cache: MISS)  order=9b515d56

[96mOrder 18/1000:[0m
  [      3ms]  [91mstale[0m    (poll #1)  order=cce82f81
  [     65ms]  [91mstale[0m    (poll #2)  order=cce82f81
  [    125ms]  [91mstale[0m    (poll #3)  order=cce82f81
  [    185ms]  [91mstale[0m    (poll #4)  order=cce82f81
  [    247ms]  [91mstale[0m    (poll #5)  order=cce82f81
  [    310ms]  [91mstale[0m    (poll #6)  order=cce82f81
  [    372ms]  [91mstale[0m    (poll #7)  order=cce82f81
  [    435ms]  [91mstale[0m    (poll #8)  order=cce82f81
  [    509ms]  [92mVISIBLE[0m  (poll #9, X-Cache: MISS)  order=cce82f81

[96mOrder 19/1000:[0m
  [      5ms]  [91mstale[0m    (poll #1)  order=0579583a
  [     65ms]  [91mstale[0m    (poll #2)  order=0579583a
  [    128ms]  [91mstale[0m    (poll #3)  order=0579583a
  [    187ms]  [91mstale[0m    (poll #4)  order=0579583a
  [    248ms]  [91mstale[0m    (poll #5)  order=0579583a
  [    311ms]  [91mstale[0m    (poll #6)  order=0579583a
  [    378ms]  [91mstale[0m    (poll #7)  order=0579583a
  [    445ms]  [91mstale[0m    (poll #8)  order=0579583a
  [    515ms]  [92mVISIBLE[0m  (poll #9, X-Cache: MISS)  order=0579583a

[96mOrder 20/1000:[0m
  [     12ms]  [91mstale[0m    (poll #1)  order=3e4752e1
  [     77ms]  [91mstale[0m    (poll #2)  order=3e4752e1
  [    142ms]  [91mstale[0m    (poll #3)  order=3e4752e1
  [    207ms]  [91mstale[0m    (poll #4)  order=3e4752e1
  [    278ms]  [91mstale[0m    (poll #5)  order=3e4752e1
  [    347ms]  [91mstale[0m    (poll #6)  order=3e4752e1
  [    423ms]  [91mstale[0m    (poll #7)  order=3e4752e1
  [    519ms]  [92mVISIBLE[0m  (poll #8, X-Cache: MISS)  order=3e4752e1

[96mOrder 21/1000:[0m
  [      5ms]  [91mstale[0m    (poll #1)  order=e1d545ea
  [     65ms]  [91mstale[0m    (poll #2)  order=e1d545ea
  [    126ms]  [91mstale[0m    (poll #3)  order=e1d545ea
  [    186ms]  [91mstale[0m    (poll #4)  order=e1d545ea
  [    256ms]  [91mstale[0m    (poll #5)  order=e1d545ea
  [    322ms]  [91mstale[0m    (poll #6)  order=e1d545ea
  [    390ms]  [91mstale[0m    (poll #7)  order=e1d545ea
  [    461ms]  [92mVISIBLE[0m  (poll #8, X-Cache: MISS)  order=e1d545ea

[96mOrder 22/1000:[0m
  [      8ms]  [91mstale[0m    (poll #1)  order=149e741f
  [     73ms]  [91mstale[0m    (poll #2)  order=149e741f
  [    142ms]  [91mstale[0m    (poll #3)  order=149e741f
  [    210ms]  [91mstale[0m    (poll #4)  order=149e741f
  [    279ms]  [91mstale[0m    (poll #5)  order=149e741f
  [    341ms]  [91mstale[0m    (poll #6)  order=149e741f
  [    404ms]  [91mstale[0m    (poll #7)  order=149e741f
  [    466ms]  [91mstale[0m    (poll #8)  order=149e741f
  [    529ms]  [92mVISIBLE[0m  (poll #9, X-Cache: MISS)  order=149e741f

[96mOrder 23/1000:[0m
  [      7ms]  [91mstale[0m    (poll #1)  order=fb5c6815
  [     70ms]  [91mstale[0m    (poll #2)  order=fb5c6815
  [    128ms]  [91mstale[0m    (poll #3)  order=fb5c6815
  [    193ms]  [91mstale[0m    (poll #4)  order=fb5c6815
  [    261ms]  [91mstale[0m    (poll #5)  order=fb5c6815
  [    343ms]  [91mstale[0m    (poll #6)  order=fb5c6815
  [    406ms]  [91mstale[0m    (poll #7)  order=fb5c6815
  [    474ms]  [92mVISIBLE[0m  (poll #8, X-Cache: MISS)  order=fb5c6815

[96mOrder 24/1000:[0m
  [      9ms]  [91mstale[0m    (poll #1)  order=0900de75
  [     74ms]  [91mstale[0m    (poll #2)  order=0900de75
  [    141ms]  [91mstale[0m    (poll #3)  order=0900de75
  [    205ms]  [91mstale[0m    (poll #4)  order=0900de75
  [    278ms]  [91mstale[0m    (poll #5)  order=0900de75
  [    346ms]  [91mstale[0m    (poll #6)  order=0900de75
  [    410ms]  [91mstale[0m    (poll #7)  order=0900de75
  [    480ms]  [91mstale[0m    (poll #8)  order=0900de75
  [    547ms]  [92mVISIBLE[0m  (poll #9, X-Cache: MISS)  order=0900de75

[96mOrder 25/1000:[0m
  [      7ms]  [91mstale[0m    (poll #1)  order=6aee8260
  [     72ms]  [91mstale[0m    (poll #2)  order=6aee8260
  [    136ms]  [91mstale[0m    (poll #3)  order=6aee8260
  [    200ms]  [91mstale[0m    (poll #4)  order=6aee8260
  [    266ms]  [91mstale[0m    (poll #5)  order=6aee8260
  [    334ms]  [91mstale[0m    (poll #6)  order=6aee8260
  [    402ms]  [91mstale[0m    (poll #7)  order=6aee8260
  [    472ms]  [92mVISIBLE[0m  (poll #8, X-Cache: MISS)  order=6aee8260

[96mOrder 26/1000:[0m
  [      6ms]  [91mstale[0m    (poll #1)  order=00c490e8
  [     71ms]  [91mstale[0m    (poll #2)  order=00c490e8
  [    131ms]  [91mstale[0m    (poll #3)  order=00c490e8
  [    196ms]  [91mstale[0m    (poll #4)  order=00c490e8
  [    266ms]  [91mstale[0m    (poll #5)  order=00c490e8
  [    336ms]  [91mstale[0m    (poll #6)  order=00c490e8
  [    408ms]  [92mVISIBLE[0m  (poll #7, X-Cache: MISS)  order=00c490e8

[96mOrder 27/1000:[0m
  [      9ms]  [91mstale[0m    (poll #1)  order=f6dc8751
  [     72ms]  [91mstale[0m    (poll #2)  order=f6dc8751
  [    132ms]  [91mstale[0m    (poll #3)  order=f6dc8751
  [    194ms]  [91mstale[0m    (poll #4)  order=f6dc8751
  [    259ms]  [91mstale[0m    (poll #5)  order=f6dc8751
  [    331ms]  [91mstale[0m    (poll #6)  order=f6dc8751
  [    399ms]  [91mstale[0m    (poll #7)  order=f6dc8751
  [    472ms]  [91mstale[0m    (poll #8)  order=f6dc8751
  [    542ms]  [92mVISIBLE[0m  (poll #9, X-Cache: MISS)  order=f6dc8751

[96mOrder 28/1000:[0m
  [      5ms]  [91mstale[0m    (poll #1)  order=96492803
  [     68ms]  [91mstale[0m    (poll #2)  order=96492803
  [    135ms]  [91mstale[0m    (poll #3)  order=96492803
  [    204ms]  [91mstale[0m    (poll #4)  order=96492803
  [    273ms]  [91mstale[0m    (poll #5)  order=96492803
  [    340ms]  [91mstale[0m    (poll #6)  order=96492803
  [    410ms]  [91mstale[0m    (poll #7)  order=96492803
  [    482ms]  [92mVISIBLE[0m  (poll #8, X-Cache: MISS)  order=96492803

[96mOrder 29/1000:[0m
  [      8ms]  [91mstale[0m    (poll #1)  order=6bc92310
  [     70ms]  [91mstale[0m    (poll #2)  order=6bc92310
  [    137ms]  [91mstale[0m    (poll #3)  order=6bc92310
  [    202ms]  [91mstale[0m    (poll #4)  order=6bc92310
  [    272ms]  [91mstale[0m    (poll #5)  order=6bc92310
  [    344ms]  [91mstale[0m    (poll #6)  order=6bc92310
  [    418ms]  [91mstale[0m    (poll #7)  order=6bc92310
  [    490ms]  [92mVISIBLE[0m  (poll #8, X-Cache: MISS)  order=6bc92310

[96mOrder 30/1000:[0m
  [      7ms]  [91mstale[0m    (poll #1)  order=534aed89
  [     70ms]  [91mstale[0m    (poll #2)  order=534aed89
  [    134ms]  [91mstale[0m    (poll #3)  order=534aed89
  [    201ms]  [91mstale[0m    (poll #4)  order=534aed89
  [    269ms]  [91mstale[0m    (poll #5)  order=534aed89
  [    339ms]  [91mstale[0m    (poll #6)  order=534aed89
  [    412ms]  [91mstale[0m    (poll #7)  order=534aed89
  [    480ms]  [91mstale[0m    (poll #8)  order=534aed89
  [    549ms]  [92mVISIBLE[0m  (poll #9, X-Cache: MISS)  order=534aed89

[96mOrder 31/1000:[0m
  [      7ms]  [91mstale[0m    (poll #1)  order=c6ba2aee
  [     69ms]  [91mstale[0m    (poll #2)  order=c6ba2aee
  [    134ms]  [91mstale[0m    (poll #3)  order=c6ba2aee
  [    200ms]  [91mstale[0m    (poll #4)  order=c6ba2aee
  [    272ms]  [91mstale[0m    (poll #5)  order=c6ba2aee
  [    345ms]  [91mstale[0m    (poll #6)  order=c6ba2aee
  [    412ms]  [91mstale[0m    (poll #7)  order=c6ba2aee
  [    482ms]  [92mVISIBLE[0m  (poll #8, X-Cache: MISS)  order=c6ba2aee

[96mOrder 32/1000:[0m
  [      8ms]  [91mstale[0m    (poll #1)  order=b9f501c8
  [     70ms]  [91mstale[0m    (poll #2)  order=b9f501c8
  [    135ms]  [91mstale[0m    (poll #3)  order=b9f501c8
  [    200ms]  [91mstale[0m    (poll #4)  order=b9f501c8
  [    270ms]  [91mstale[0m    (poll #5)  order=b9f501c8
  [    340ms]  [91mstale[0m    (poll #6)  order=b9f501c8
  [    407ms]  [91mstale[0m    (poll #7)  order=b9f501c8
  [    479ms]  [92mVISIBLE[0m  (poll #8, X-Cache: MISS)  order=b9f501c8

[96mOrder 33/1000:[0m
  [      7ms]  [91mstale[0m    (poll #1)  order=1d81c488
  [     71ms]  [91mstale[0m    (poll #2)  order=1d81c488
  [    136ms]  [91mstale[0m    (poll #3)  order=1d81c488
  [    204ms]  [91mstale[0m    (poll #4)  order=1d81c488
  [    273ms]  [91mstale[0m    (poll #5)  order=1d81c488
  [    346ms]  [91mstale[0m    (poll #6)  order=1d81c488
  [    417ms]  [91mstale[0m    (poll #7)  order=1d81c488
  [    488ms]  [91mstale[0m    (poll #8)  order=1d81c488
  [    557ms]  [92mVISIBLE[0m  (poll #9, X-Cache: MISS)  order=1d81c488

[96mOrder 34/1000:[0m
  [      8ms]  [91mstale[0m    (poll #1)  order=02a865a2
  [     72ms]  [91mstale[0m    (poll #2)  order=02a865a2
  [    133ms]  [91mstale[0m    (poll #3)  order=02a865a2
  [    201ms]  [91mstale[0m    (poll #4)  order=02a865a2
  [    273ms]  [91mstale[0m    (poll #5)  order=02a865a2
  [    342ms]  [91mstale[0m    (poll #6)  order=02a865a2
  [    406ms]  [91mstale[0m    (poll #7)  order=02a865a2
  [    477ms]  [92mVISIBLE[0m  (poll #8, X-Cache: MISS)  order=02a865a2

[96mOrder 35/1000:[0m
  [      9ms]  [91mstale[0m    (poll #1)  order=4d03f27e
  [     69ms]  [91mstale[0m    (poll #2)  order=4d03f27e
  [    132ms]  [91mstale[0m    (poll #3)  order=4d03f27e
  [    200ms]  [91mstale[0m    (poll #4)  order=4d03f27e
  [    272ms]  [91mstale[0m    (poll #5)  order=4d03f27e
  [    347ms]  [91mstale[0m    (poll #6)  order=4d03f27e
  [    419ms]  [91mstale[0m    (poll #7)  order=4d03f27e
  [    493ms]  [92mVISIBLE[0m  (poll #8, X-Cache: MISS)  order=4d03f27e

[96mOrder 36/1000:[0m
  [      8ms]  [91mstale[0m    (poll #1)  order=26c090a3
  [     72ms]  [91mstale[0m    (poll #2)  order=26c090a3
  [    134ms]  [91mstale[0m    (poll #3)  order=26c090a3
  [    200ms]  [91mstale[0m    (poll #4)  order=26c090a3
  [    269ms]  [91mstale[0m    (poll #5)  order=26c090a3
  [    340ms]  [91mstale[0m    (poll #6)  order=26c090a3
  [    404ms]  [91mstale[0m    (poll #7)  order=26c090a3
  [    464ms]  [91mstale[0m    (poll #8)  order=26c090a3
  [    523ms]  [92mVISIBLE[0m  (poll #9, X-Cache: MISS)  order=26c090a3

[96mOrder 37/1000:[0m
  [      4ms]  [91mstale[0m    (poll #1)  order=780c95ba
  [     63ms]  [91mstale[0m    (poll #2)  order=780c95ba
  [    125ms]  [91mstale[0m    (poll #3)  order=780c95ba
  [    185ms]  [91mstale[0m    (poll #4)  order=780c95ba
  [    248ms]  [91mstale[0m    (poll #5)  order=780c95ba
  [    316ms]  [91mstale[0m    (poll #6)  order=780c95ba
  [    382ms]  [91mstale[0m    (poll #7)  order=780c95ba
  [    441ms]  [91mstale[0m    (poll #8)  order=780c95ba
  [    502ms]  [92mVISIBLE[0m  (poll #9, X-Cache: MISS)  order=780c95ba

[96mOrder 38/1000:[0m
  [      4ms]  [91mstale[0m    (poll #1)  order=a2412fea
  [     59ms]  [91mstale[0m    (poll #2)  order=a2412fea
  [    116ms]  [91mstale[0m    (poll #3)  order=a2412fea
  [    178ms]  [91mstale[0m    (poll #4)  order=a2412fea
  [    238ms]  [91mstale[0m    (poll #5)  order=a2412fea
  [    302ms]  [91mstale[0m    (poll #6)  order=a2412fea
  [    364ms]  [91mstale[0m    (poll #7)  order=a2412fea
  [    428ms]  [91mstale[0m    (poll #8)  order=a2412fea
  [    493ms]  [91mstale[0m    (poll #9)  order=a2412fea
  [    558ms]  [92mVISIBLE[0m  (poll #10, X-Cache: MISS)  order=a2412fea

[96mOrder 39/1000:[0m
  [      6ms]  [91mstale[0m    (poll #1)  order=20264251
  [     68ms]  [91mstale[0m    (poll #2)  order=20264251
  [    134ms]  [91mstale[0m    (poll #3)  order=20264251
  [    200ms]  [91mstale[0m    (poll #4)  order=20264251
  [    272ms]  [91mstale[0m    (poll #5)  order=20264251
  [    340ms]  [91mstale[0m    (poll #6)  order=20264251
  [    408ms]  [91mstale[0m    (poll #7)  order=20264251
  [    478ms]  [92mVISIBLE[0m  (poll #8, X-Cache: MISS)  order=20264251

[96mOrder 40/1000:[0m
  [      9ms]  [91mstale[0m    (poll #1)  order=67fa091f
  [     72ms]  [91mstale[0m    (poll #2)  order=67fa091f
  [    135ms]  [91mstale[0m    (poll #3)  order=67fa091f
  [    200ms]  [91mstale[0m    (poll #4)  order=67fa091f
  [    272ms]  [91mstale[0m    (poll #5)  order=67fa091f
  [    339ms]  [91mstale[0m    (poll #6)  order=67fa091f
  [    408ms]  [91mstale[0m    (poll #7)  order=67fa091f
  [    481ms]  [92mVISIBLE[0m  (poll #8, X-Cache: MISS)  order=67fa091f

[96mOrder 41/1000:[0m
  [      6ms]  [91mstale[0m    (poll #1)  order=626cd66c
  [     68ms]  [91mstale[0m    (poll #2)  order=626cd66c
  [    128ms]  [91mstale[0m    (poll #3)  order=626cd66c
  [    189ms]  [91mstale[0m    (poll #4)  order=626cd66c
  [    258ms]  [91mstale[0m    (poll #5)  order=626cd66c
  [    326ms]  [91mstale[0m    (poll #6)  order=626cd66c
  [    393ms]  [92mVISIBLE[0m  (poll #7, X-Cache: MISS)  order=626cd66c

[96mOrder 42/1000:[0m
  [      8ms]  [91mstale[0m    (poll #1)  order=9c372787
  [     71ms]  [91mstale[0m    (poll #2)  order=9c372787
  [    129ms]  [91mstale[0m    (poll #3)  order=9c372787
  [    191ms]  [91mstale[0m    (poll #4)  order=9c372787
  [    253ms]  [91mstale[0m    (poll #5)  order=9c372787
  [    311ms]  [91mstale[0m    (poll #6)  order=9c372787
  [    376ms]  [91mstale[0m    (poll #7)  order=9c372787
  [    439ms]  [91mstale[0m    (poll #8)  order=9c372787
  [    505ms]  [92mVISIBLE[0m  (poll #9, X-Cache: MISS)  order=9c372787

[96mOrder 43/1000:[0m
  [      8ms]  [91mstale[0m    (poll #1)  order=039766e5
  [     70ms]  [91mstale[0m    (poll #2)  order=039766e5
  [    132ms]  [91mstale[0m    (poll #3)  order=039766e5
  [    200ms]  [91mstale[0m    (poll #4)  order=039766e5
  [    267ms]  [91mstale[0m    (poll #5)  order=039766e5
  [    333ms]  [91mstale[0m    (poll #6)  order=039766e5
  [    404ms]  [92mVISIBLE[0m  (poll #7, X-Cache: MISS)  order=039766e5

[96mOrder 44/1000:[0m
  [      8ms]  [91mstale[0m    (poll #1)  order=9fe87e1c
  [     72ms]  [91mstale[0m    (poll #2)  order=9fe87e1c
  [    136ms]  [91mstale[0m    (poll #3)  order=9fe87e1c
  [    200ms]  [91mstale[0m    (poll #4)  order=9fe87e1c
  [    271ms]  [91mstale[0m    (poll #5)  order=9fe87e1c
  [    339ms]  [91mstale[0m    (poll #6)  order=9fe87e1c
  [    410ms]  [92mVISIBLE[0m  (poll #7, X-Cache: MISS)  order=9fe87e1c

[96mOrder 45/1000:[0m
  [      6ms]  [91mstale[0m    (poll #1)  order=369b5836
  [     68ms]  [91mstale[0m    (poll #2)  order=369b5836
  [    130ms]  [91mstale[0m    (poll #3)  order=369b5836
  [    193ms]  [91mstale[0m    (poll #4)  order=369b5836
  [    260ms]  [91mstale[0m    (poll #5)  order=369b5836
  [    330ms]  [91mstale[0m    (poll #6)  order=369b5836
  [    398ms]  [91mstale[0m    (poll #7)  order=369b5836
  [    470ms]  [91mstale[0m    (poll #8)  order=369b5836
  [    541ms]  [92mVISIBLE[0m  (poll #9, X-Cache: MISS)  order=369b5836

[96mOrder 46/1000:[0m
  [      9ms]  [91mstale[0m    (poll #1)  order=2406d85a
  [     73ms]  [91mstale[0m    (poll #2)  order=2406d85a
  [    134ms]  [91mstale[0m    (poll #3)  order=2406d85a
  [    199ms]  [91mstale[0m    (poll #4)  order=2406d85a
  [    267ms]  [91mstale[0m    (poll #5)  order=2406d85a
  [    338ms]  [91mstale[0m    (poll #6)  order=2406d85a
  [    409ms]  [91mstale[0m    (poll #7)  order=2406d85a
  [    475ms]  [92mVISIBLE[0m  (poll #8, X-Cache: MISS)  order=2406d85a

[96mOrder 47/1000:[0m
  [      7ms]  [91mstale[0m    (poll #1)  order=47b6d814
  [     69ms]  [91mstale[0m    (poll #2)  order=47b6d814
  [    128ms]  [91mstale[0m    (poll #3)  order=47b6d814
  [    191ms]  [91mstale[0m    (poll #4)  order=47b6d814
  [    256ms]  [91mstale[0m    (poll #5)  order=47b6d814
  [    322ms]  [91mstale[0m    (poll #6)  order=47b6d814
  [    393ms]  [91mstale[0m    (poll #7)  order=47b6d814
  [    461ms]  [91mstale[0m    (poll #8)  order=47b6d814
  [    547ms]  [92mVISIBLE[0m  (poll #9, X-Cache: MISS)  order=47b6d814

[96mOrder 48/1000:[0m
  [      8ms]  [91mstale[0m    (poll #1)  order=ceb857a4
  [     69ms]  [91mstale[0m    (poll #2)  order=ceb857a4
  [    133ms]  [91mstale[0m    (poll #3)  order=ceb857a4
  [    200ms]  [91mstale[0m    (poll #4)  order=ceb857a4
  [    270ms]  [91mstale[0m    (poll #5)  order=ceb857a4
  [    341ms]  [92mVISIBLE[0m  (poll #6, X-Cache: MISS)  order=ceb857a4

[96mOrder 49/1000:[0m
  [      6ms]  [91mstale[0m    (poll #1)  order=f116f728
  [     70ms]  [91mstale[0m    (poll #2)  order=f116f728
  [    134ms]  [91mstale[0m    (poll #3)  order=f116f728
  [    196ms]  [91mstale[0m    (poll #4)  order=f116f728
  [    274ms]  [91mstale[0m    (poll #5)  order=f116f728
  [    345ms]  [91mstale[0m    (poll #6)  order=f116f728
  [    415ms]  [91mstale[0m    (poll #7)  order=f116f728
  [    483ms]  [91mstale[0m    (poll #8)  order=f116f728
  [    556ms]  [92mVISIBLE[0m  (poll #9, X-Cache: MISS)  order=f116f728

[96mOrder 50/1000:[0m
  [      9ms]  [91mstale[0m    (poll #1)  order=3b73638b
  [     69ms]  [91mstale[0m    (poll #2)  order=3b73638b
  [    131ms]  [91mstale[0m    (poll #3)  order=3b73638b
  [    194ms]  [91mstale[0m    (poll #4)  order=3b73638b
  [    266ms]  [91mstale[0m    (poll #5)  order=3b73638b
  [    339ms]  [91mstale[0m    (poll #6)  order=3b73638b
  [    406ms]  [92mVISIBLE[0m  (poll #7, X-Cache: MISS)  order=3b73638b

[96mOrder 51/1000:[0m
  [      7ms]  [91mstale[0m    (poll #1)  order=9091bf2b
  [     68ms]  [91mstale[0m    (poll #2)  order=9091bf2b
  [    128ms]  [91mstale[0m    (poll #3)  order=9091bf2b
  [    195ms]  [91mstale[0m    (poll #4)  order=9091bf2b
  [    265ms]  [91mstale[0m    (poll #5)  order=9091bf2b
  [    334ms]  [91mstale[0m    (poll #6)  order=9091bf2b
  [    406ms]  [91mstale[0m    (poll #7)  order=9091bf2b
  [    478ms]  [92mVISIBLE[0m  (poll #8, X-Cache: MISS)  order=9091bf2b

[96mOrder 52/1000:[0m
  [      7ms]  [91mstale[0m    (poll #1)  order=48bde241
  [     70ms]  [91mstale[0m    (poll #2)  order=48bde241
  [    137ms]  [91mstale[0m    (poll #3)  order=48bde241
  [    204ms]  [91mstale[0m    (poll #4)  order=48bde241
  [    276ms]  [91mstale[0m    (poll #5)  order=48bde241
  [    346ms]  [91mstale[0m    (poll #6)  order=48bde241
  [    419ms]  [91mstale[0m    (poll #7)  order=48bde241
  [    487ms]  [92mVISIBLE[0m  (poll #8, X-Cache: MISS)  order=48bde241

[96mOrder 53/1000:[0m
  [      6ms]  [91mstale[0m    (poll #1)  order=d6c1465b
  [     67ms]  [91mstale[0m    (poll #2)  order=d6c1465b
  [    131ms]  [91mstale[0m    (poll #3)  order=d6c1465b
  [    197ms]  [91mstale[0m    (poll #4)  order=d6c1465b
  [    267ms]  [91mstale[0m    (poll #5)  order=d6c1465b
  [    337ms]  [91mstale[0m    (poll #6)  order=d6c1465b
  [    406ms]  [91mstale[0m    (poll #7)  order=d6c1465b
  [    475ms]  [91mstale[0m    (poll #8)  order=d6c1465b
  [    549ms]  [92mVISIBLE[0m  (poll #9, X-Cache: MISS)  order=d6c1465b

[96mOrder 54/1000:[0m
  [      9ms]  [91mstale[0m    (poll #1)  order=29aae2e6
  [     73ms]  [91mstale[0m    (poll #2)  order=29aae2e6
  [    137ms]  [91mstale[0m    (poll #3)  order=29aae2e6
  [    204ms]  [91mstale[0m    (poll #4)  order=29aae2e6
  [    271ms]  [91mstale[0m    (poll #5)  order=29aae2e6
  [    342ms]  [91mstale[0m    (poll #6)  order=29aae2e6
  [    410ms]  [91mstale[0m    (poll #7)  order=29aae2e6
  [    485ms]  [92mVISIBLE[0m  (poll #8, X-Cache: MISS)  order=29aae2e6

[96mOrder 55/1000:[0m
  [      8ms]  [91mstale[0m    (poll #1)  order=6d5cc72c
  [     71ms]  [91mstale[0m    (poll #2)  order=6d5cc72c
  [    138ms]  [91mstale[0m    (poll #3)  order=6d5cc72c
  [    204ms]  [91mstale[0m    (poll #4)  order=6d5cc72c
  [    271ms]  [91mstale[0m    (poll #5)  order=6d5cc72c
  [    339ms]  [91mstale[0m    (poll #6)  order=6d5cc72c
  [    410ms]  [91mstale[0m    (poll #7)  order=6d5cc72c
  [    478ms]  [92mVISIBLE[0m  (poll #8, X-Cache: MISS)  order=6d5cc72c

[96mOrder 56/1000:[0m
  [      8ms]  [91mstale[0m    (poll #1)  order=9309dcaa
  [     72ms]  [91mstale[0m    (poll #2)  order=9309dcaa
  [    137ms]  [91mstale[0m    (poll #3)  order=9309dcaa
  [    202ms]  [91mstale[0m    (poll #4)  order=9309dcaa
  [    269ms]  [91mstale[0m    (poll #5)  order=9309dcaa
  [    337ms]  [91mstale[0m    (poll #6)  order=9309dcaa
  [    400ms]  [91mstale[0m    (poll #7)  order=9309dcaa
  [    470ms]  [91mstale[0m    (poll #8)  order=9309dcaa
  [    529ms]  [92mVISIBLE[0m  (poll #9, X-Cache: MISS)  order=9309dcaa

[96mOrder 57/1000:[0m
  [      5ms]  [91mstale[0m    (poll #1)  order=ab4a9aee
  [     80ms]  [91mstale[0m    (poll #2)  order=ab4a9aee
  [    143ms]  [91mstale[0m    (poll #3)  order=ab4a9aee
  [    202ms]  [91mstale[0m    (poll #4)  order=ab4a9aee
  [    264ms]  [91mstale[0m    (poll #5)  order=ab4a9aee
  [    326ms]  [91mstale[0m    (poll #6)  order=ab4a9aee
  [    393ms]  [91mstale[0m    (poll #7)  order=ab4a9aee
  [    468ms]  [91mstale[0m    (poll #8)  order=ab4a9aee
  [    529ms]  [92mVISIBLE[0m  (poll #9, X-Cache: MISS)  order=ab4a9aee

[96mOrder 58/1000:[0m
  [     10ms]  [91mstale[0m    (poll #1)  order=9ae4c85d
  [     73ms]  [91mstale[0m    (poll #2)  order=9ae4c85d
  [    137ms]  [91mstale[0m    (poll #3)  order=9ae4c85d
  [    201ms]  [91mstale[0m    (poll #4)  order=9ae4c85d
  [    259ms]  [91mstale[0m    (poll #5)  order=9ae4c85d
  [    321ms]  [91mstale[0m    (poll #6)  order=9ae4c85d
  [    380ms]  [92mVISIBLE[0m  (poll #7, X-Cache: MISS)  order=9ae4c85d

[96mOrder 59/1000:[0m
  [      3ms]  [91mstale[0m    (poll #1)  order=6caf862c
  [     63ms]  [91mstale[0m    (poll #2)  order=6caf862c
  [    125ms]  [91mstale[0m    (poll #3)  order=6caf862c
  [    187ms]  [91mstale[0m    (poll #4)  order=6caf862c
  [    251ms]  [91mstale[0m    (poll #5)  order=6caf862c
  [    318ms]  [91mstale[0m    (poll #6)  order=6caf862c
  [    387ms]  [91mstale[0m    (poll #7)  order=6caf862c
  [    455ms]  [91mstale[0m    (poll #8)  order=6caf862c
  [    529ms]  [92mVISIBLE[0m  (poll #9, X-Cache: MISS)  order=6caf862c

[96mOrder 60/1000:[0m
  [     12ms]  [91mstale[0m    (poll #1)  order=fa6312f1
  [     77ms]  [91mstale[0m    (poll #2)  order=fa6312f1
  [    142ms]  [91mstale[0m    (poll #3)  order=fa6312f1
  [    207ms]  [91mstale[0m    (poll #4)  order=fa6312f1
  [    277ms]  [91mstale[0m    (poll #5)  order=fa6312f1
  [    347ms]  [91mstale[0m    (poll #6)  order=fa6312f1
  [    419ms]  [91mstale[0m    (poll #7)  order=fa6312f1
  [    481ms]  [92mVISIBLE[0m  (poll #8, X-Cache: MISS)  order=fa6312f1

[96mOrder 61/1000:[0m
  [      7ms]  [91mstale[0m    (poll #1)  order=574fef02
  [     70ms]  [91mstale[0m    (poll #2)  order=574fef02
  [    133ms]  [91mstale[0m    (poll #3)  order=574fef02
  [    192ms]  [91mstale[0m    (poll #4)  order=574fef02
  [    256ms]  [91mstale[0m    (poll #5)  order=574fef02
  [    327ms]  [91mstale[0m    (poll #6)  order=574fef02
  [    397ms]  [91mstale[0m    (poll #7)  order=574fef02
  [    465ms]  [91mstale[0m    (poll #8)  order=574fef02
  [    535ms]  [92mVISIBLE[0m  (poll #9, X-Cache: MISS)  order=574fef02

[96mOrder 62/1000:[0m
  [      9ms]  [91mstale[0m    (poll #1)  order=9d9e975d
  [     73ms]  [91mstale[0m    (poll #2)  order=9d9e975d
  [    131ms]  [91mstale[0m    (poll #3)  order=9d9e975d
  [    190ms]  [91mstale[0m    (poll #4)  order=9d9e975d
  [    249ms]  [91mstale[0m    (poll #5)  order=9d9e975d
  [    309ms]  [91mstale[0m    (poll #6)  order=9d9e975d
  [    374ms]  [91mstale[0m    (poll #7)  order=9d9e975d
  [    437ms]  [91mstale[0m    (poll #8)  order=9d9e975d
  [    501ms]  [92mVISIBLE[0m  (poll #9, X-Cache: MISS)  order=9d9e975d

[96mOrder 63/1000:[0m
  [      6ms]  [91mstale[0m    (poll #1)  order=138f5177
  [     70ms]  [91mstale[0m    (poll #2)  order=138f5177
  [    135ms]  [91mstale[0m    (poll #3)  order=138f5177
  [    204ms]  [91mstale[0m    (poll #4)  order=138f5177
  [    275ms]  [91mstale[0m    (poll #5)  order=138f5177
  [    338ms]  [91mstale[0m    (poll #6)  order=138f5177
  [    395ms]  [91mstale[0m    (poll #7)  order=138f5177
  [    459ms]  [91mstale[0m    (poll #8)  order=138f5177
  [    517ms]  [92mVISIBLE[0m  (poll #9, X-Cache: MISS)  order=138f5177

[96mOrder 64/1000:[0m
  [      3ms]  [91mstale[0m    (poll #1)  order=68a3fbcb
  [     63ms]  [91mstale[0m    (poll #2)  order=68a3fbcb
  [    126ms]  [91mstale[0m    (poll #3)  order=68a3fbcb
  [    191ms]  [91mstale[0m    (poll #4)  order=68a3fbcb
  [    258ms]  [91mstale[0m    (poll #5)  order=68a3fbcb
  [    327ms]  [91mstale[0m    (poll #6)  order=68a3fbcb
  [    394ms]  [92mVISIBLE[0m  (poll #7, X-Cache: MISS)  order=68a3fbcb

[96mOrder 65/1000:[0m
  [      6ms]  [91mstale[0m    (poll #1)  order=ec59a3eb
  [     64ms]  [91mstale[0m    (poll #2)  order=ec59a3eb
  [    124ms]  [91mstale[0m    (poll #3)  order=ec59a3eb
  [    188ms]  [91mstale[0m    (poll #4)  order=ec59a3eb
  [    252ms]  [91mstale[0m    (poll #5)  order=ec59a3eb
  [    324ms]  [91mstale[0m    (poll #6)  order=ec59a3eb
  [    395ms]  [91mstale[0m    (poll #7)  order=ec59a3eb
  [    469ms]  [91mstale[0m    (poll #8)  order=ec59a3eb
  [    538ms]  [92mVISIBLE[0m  (poll #9, X-Cache: MISS)  order=ec59a3eb

[96mOrder 66/1000:[0m
  [     10ms]  [91mstale[0m    (poll #1)  order=b0d7f06b
  [     74ms]  [91mstale[0m    (poll #2)  order=b0d7f06b
  [    139ms]  [91mstale[0m    (poll #3)  order=b0d7f06b
  [    204ms]  [91mstale[0m    (poll #4)  order=b0d7f06b
  [    275ms]  [91mstale[0m    (poll #5)  order=b0d7f06b
  [    346ms]  [91mstale[0m    (poll #6)  order=b0d7f06b
  [    414ms]  [92mVISIBLE[0m  (poll #7, X-Cache: MISS)  order=b0d7f06b

[96mOrder 67/1000:[0m
  [      8ms]  [91mstale[0m    (poll #1)  order=51a33721
  [     68ms]  [91mstale[0m    (poll #2)  order=51a33721
  [    129ms]  [91mstale[0m    (poll #3)  order=51a33721
  [    191ms]  [91mstale[0m    (poll #4)  order=51a33721
  [    250ms]  [91mstale[0m    (poll #5)  order=51a33721
  [    313ms]  [91mstale[0m    (poll #6)  order=51a33721
  [    381ms]  [91mstale[0m    (poll #7)  order=51a33721
  [    451ms]  [92mVISIBLE[0m  (poll #8, X-Cache: MISS)  order=51a33721

[96mOrder 68/1000:[0m
  [      8ms]  [91mstale[0m    (poll #1)  order=1f2e2ef5
  [     68ms]  [91mstale[0m    (poll #2)  order=1f2e2ef5
  [    132ms]  [91mstale[0m    (poll #3)  order=1f2e2ef5
  [    199ms]  [91mstale[0m    (poll #4)  order=1f2e2ef5
  [    270ms]  [91mstale[0m    (poll #5)  order=1f2e2ef5
  [    339ms]  [91mstale[0m    (poll #6)  order=1f2e2ef5
  [    410ms]  [91mstale[0m    (poll #7)  order=1f2e2ef5
  [    479ms]  [91mstale[0m    (poll #8)  order=1f2e2ef5
  [    543ms]  [92mVISIBLE[0m  (poll #9, X-Cache: MISS)  order=1f2e2ef5

[96mOrder 69/1000:[0m
  [      6ms]  [91mstale[0m    (poll #1)  order=6f74caf5
  [     66ms]  [91mstale[0m    (poll #2)  order=6f74caf5
  [    131ms]  [91mstale[0m    (poll #3)  order=6f74caf5
  [    196ms]  [91mstale[0m    (poll #4)  order=6f74caf5
  [    261ms]  [91mstale[0m    (poll #5)  order=6f74caf5
  [    329ms]  [91mstale[0m    (poll #6)  order=6f74caf5
  [    398ms]  [91mstale[0m    (poll #7)  order=6f74caf5
  [    469ms]  [92mVISIBLE[0m  (poll #8, X-Cache: MISS)  order=6f74caf5

[96mOrder 70/1000:[0m
  [      7ms]  [91mstale[0m    (poll #1)  order=c7c306c3
  [     69ms]  [91mstale[0m    (poll #2)  order=c7c306c3
  [    135ms]  [91mstale[0m    (poll #3)  order=c7c306c3
  [    203ms]  [91mstale[0m    (poll #4)  order=c7c306c3
  [    270ms]  [91mstale[0m    (poll #5)  order=c7c306c3
  [    340ms]  [91mstale[0m    (poll #6)  order=c7c306c3
  [    407ms]  [91mstale[0m    (poll #7)  order=c7c306c3
  [    475ms]  [91mstale[0m    (poll #8)  order=c7c306c3
  [    543ms]  [92mVISIBLE[0m  (poll #9, X-Cache: MISS)  order=c7c306c3

[96mOrder 71/1000:[0m
  [      9ms]  [91mstale[0m    (poll #1)  order=e73783a7
  [     72ms]  [91mstale[0m    (poll #2)  order=e73783a7
  [    140ms]  [91mstale[0m    (poll #3)  order=e73783a7
  [    204ms]  [91mstale[0m    (poll #4)  order=e73783a7
  [    271ms]  [91mstale[0m    (poll #5)  order=e73783a7
  [    337ms]  [91mstale[0m    (poll #6)  order=e73783a7
  [    413ms]  [91mstale[0m    (poll #7)  order=e73783a7
  [    485ms]  [92mVISIBLE[0m  (poll #8, X-Cache: MISS)  order=e73783a7

[96mOrder 72/1000:[0m
  [      5ms]  [91mstale[0m    (poll #1)  order=c2bce0c4
  [     63ms]  [91mstale[0m    (poll #2)  order=c2bce0c4
  [    130ms]  [91mstale[0m    (poll #3)  order=c2bce0c4
  [    200ms]  [91mstale[0m    (poll #4)  order=c2bce0c4
  [    269ms]  [91mstale[0m    (poll #5)  order=c2bce0c4
  [    337ms]  [91mstale[0m    (poll #6)  order=c2bce0c4
  [    411ms]  [91mstale[0m    (poll #7)  order=c2bce0c4
  [    479ms]  [92mVISIBLE[0m  (poll #8, X-Cache: MISS)  order=c2bce0c4

[96mOrder 73/1000:[0m
  [      5ms]  [91mstale[0m    (poll #1)  order=bf99fbbc
  [     64ms]  [91mstale[0m    (poll #2)  order=bf99fbbc
  [    130ms]  [91mstale[0m    (poll #3)  order=bf99fbbc
  [    199ms]  [91mstale[0m    (poll #4)  order=bf99fbbc
  [    269ms]  [91mstale[0m    (poll #5)  order=bf99fbbc
  [    341ms]  [91mstale[0m    (poll #6)  order=bf99fbbc
  [    413ms]  [91mstale[0m    (poll #7)  order=bf99fbbc
  [    483ms]  [91mstale[0m    (poll #8)  order=bf99fbbc
  [    553ms]  [92mVISIBLE[0m  (poll #9, X-Cache: MISS)  order=bf99fbbc

[96mOrder 74/1000:[0m
  [      9ms]  [91mstale[0m    (poll #1)  order=376b15b6
  [     74ms]  [91mstale[0m    (poll #2)  order=376b15b6
  [    139ms]  [91mstale[0m    (poll #3)  order=376b15b6
  [    209ms]  [91mstale[0m    (poll #4)  order=376b15b6
  [    279ms]  [91mstale[0m    (poll #5)  order=376b15b6
  [    347ms]  [91mstale[0m    (poll #6)  order=376b15b6
  [    415ms]  [91mstale[0m    (poll #7)  order=376b15b6
  [    485ms]  [92mVISIBLE[0m  (poll #8, X-Cache: MISS)  order=376b15b6

[96mOrder 75/1000:[0m
  [      8ms]  [91mstale[0m    (poll #1)  order=0d5ccca1
  [     73ms]  [91mstale[0m    (poll #2)  order=0d5ccca1
  [    136ms]  [91mstale[0m    (poll #3)  order=0d5ccca1
  [    200ms]  [91mstale[0m    (poll #4)  order=0d5ccca1
  [    271ms]  [91mstale[0m    (poll #5)  order=0d5ccca1
  [    341ms]  [91mstale[0m    (poll #6)  order=0d5ccca1
  [    414ms]  [91mstale[0m    (poll #7)  order=0d5ccca1
  [    483ms]  [92mVISIBLE[0m  (poll #8, X-Cache: MISS)  order=0d5ccca1

[96mOrder 76/1000:[0m
  [      8ms]  [91mstale[0m    (poll #1)  order=ed69f900
  [     69ms]  [91mstale[0m    (poll #2)  order=ed69f900
  [    134ms]  [91mstale[0m    (poll #3)  order=ed69f900
  [    201ms]  [91mstale[0m    (poll #4)  order=ed69f900
  [    268ms]  [91mstale[0m    (poll #5)  order=ed69f900
  [    331ms]  [91mstale[0m    (poll #6)  order=ed69f900
  [    392ms]  [91mstale[0m    (poll #7)  order=ed69f900
  [    457ms]  [91mstale[0m    (poll #8)  order=ed69f900
  [    517ms]  [92mVISIBLE[0m  (poll #9, X-Cache: MISS)  order=ed69f900

[96mOrder 77/1000:[0m
  [      3ms]  [91mstale[0m    (poll #1)  order=d6d43332
  [     60ms]  [91mstale[0m    (poll #2)  order=d6d43332
  [    123ms]  [91mstale[0m    (poll #3)  order=d6d43332
  [    185ms]  [91mstale[0m    (poll #4)  order=d6d43332
  [    248ms]  [91mstale[0m    (poll #5)  order=d6d43332
  [    315ms]  [91mstale[0m    (poll #6)  order=d6d43332
  [    384ms]  [91mstale[0m    (poll #7)  order=d6d43332
  [    450ms]  [91mstale[0m    (poll #8)  order=d6d43332
  [    519ms]  [92mVISIBLE[0m  (poll #9, X-Cache: MISS)  order=d6d43332

[96mOrder 78/1000:[0m
  [      9ms]  [91mstale[0m    (poll #1)  order=81882aaf
  [     73ms]  [91mstale[0m    (poll #2)  order=81882aaf
  [    138ms]  [91mstale[0m    (poll #3)  order=81882aaf
  [    203ms]  [91mstale[0m    (poll #4)  order=81882aaf
  [    270ms]  [91mstale[0m    (poll #5)  order=81882aaf
  [    332ms]  [91mstale[0m    (poll #6)  order=81882aaf
  [    393ms]  [91mstale[0m    (poll #7)  order=81882aaf
  [    454ms]  [91mstale[0m    (poll #8)  order=81882aaf
  [    513ms]  [92mVISIBLE[0m  (poll #9, X-Cache: MISS)  order=81882aaf

[96mOrder 79/1000:[0m
  [      5ms]  [91mstale[0m    (poll #1)  order=f6f895b7
  [     66ms]  [91mstale[0m    (poll #2)  order=f6f895b7
  [    128ms]  [91mstale[0m    (poll #3)  order=f6f895b7
  [    191ms]  [91mstale[0m    (poll #4)  order=f6f895b7
  [    259ms]  [91mstale[0m    (poll #5)  order=f6f895b7
  [    327ms]  [91mstale[0m    (poll #6)  order=f6f895b7
  [    399ms]  [92mVISIBLE[0m  (poll #7, X-Cache: MISS)  order=f6f895b7

[96mOrder 80/1000:[0m
  [     10ms]  [91mstale[0m    (poll #1)  order=c617351c
  [     78ms]  [91mstale[0m    (poll #2)  order=c617351c
  [    144ms]  [91mstale[0m    (poll #3)  order=c617351c
  [    211ms]  [91mstale[0m    (poll #4)  order=c617351c
  [    277ms]  [91mstale[0m    (poll #5)  order=c617351c
  [    346ms]  [91mstale[0m    (poll #6)  order=c617351c
  [    411ms]  [92mVISIBLE[0m  (poll #7, X-Cache: MISS)  order=c617351c

[96mOrder 81/1000:[0m
  [      5ms]  [91mstale[0m    (poll #1)  order=7a0029d4
  [     63ms]  [91mstale[0m    (poll #2)  order=7a0029d4
  [    125ms]  [91mstale[0m    (poll #3)  order=7a0029d4
  [    193ms]  [91mstale[0m    (poll #4)  order=7a0029d4
  [    264ms]  [91mstale[0m    (poll #5)  order=7a0029d4
  [    337ms]  [91mstale[0m    (poll #6)  order=7a0029d4
  [    406ms]  [91mstale[0m    (poll #7)  order=7a0029d4
  [    475ms]  [92mVISIBLE[0m  (poll #8, X-Cache: MISS)  order=7a0029d4

[96mOrder 82/1000:[0m
  [     10ms]  [91mstale[0m    (poll #1)  order=119fd10b
  [     71ms]  [91mstale[0m    (poll #2)  order=119fd10b
  [    133ms]  [91mstale[0m    (poll #3)  order=119fd10b
  [    205ms]  [91mstale[0m    (poll #4)  order=119fd10b
  [    296ms]  [91mstale[0m    (poll #5)  order=119fd10b
  [    359ms]  [91mstale[0m    (poll #6)  order=119fd10b
  [    426ms]  [91mstale[0m    (poll #7)  order=119fd10b
  [    490ms]  [91mstale[0m    (poll #8)  order=119fd10b
  [    555ms]  [92mVISIBLE[0m  (poll #9, X-Cache: MISS)  order=119fd10b

[96mOrder 83/1000:[0m
  [      7ms]  [91mstale[0m    (poll #1)  order=08f8e252
  [     68ms]  [91mstale[0m    (poll #2)  order=08f8e252
  [    131ms]  [91mstale[0m    (poll #3)  order=08f8e252
  [    194ms]  [91mstale[0m    (poll #4)  order=08f8e252
  [    265ms]  [91mstale[0m    (poll #5)  order=08f8e252
  [    340ms]  [91mstale[0m    (poll #6)  order=08f8e252
  [    412ms]  [91mstale[0m    (poll #7)  order=08f8e252
  [    486ms]  [92mVISIBLE[0m  (poll #8, X-Cache: MISS)  order=08f8e252

[96mOrder 84/1000:[0m
  [      8ms]  [91mstale[0m    (poll #1)  order=c8d37263
  [     72ms]  [91mstale[0m    (poll #2)  order=c8d37263
  [    136ms]  [91mstale[0m    (poll #3)  order=c8d37263
  [    202ms]  [91mstale[0m    (poll #4)  order=c8d37263
  [    271ms]  [91mstale[0m    (poll #5)  order=c8d37263
  [    340ms]  [91mstale[0m    (poll #6)  order=c8d37263
  [    407ms]  [91mstale[0m    (poll #7)  order=c8d37263
  [    477ms]  [92mVISIBLE[0m  (poll #8, X-Cache: MISS)  order=c8d37263

[96mOrder 85/1000:[0m
  [      9ms]  [91mstale[0m    (poll #1)  order=34b1bb44
  [     74ms]  [91mstale[0m    (poll #2)  order=34b1bb44
  [    138ms]  [91mstale[0m    (poll #3)  order=34b1bb44
  [    204ms]  [91mstale[0m    (poll #4)  order=34b1bb44
  [    275ms]  [91mstale[0m    (poll #5)  order=34b1bb44
  [    346ms]  [91mstale[0m    (poll #6)  order=34b1bb44
  [    420ms]  [91mstale[0m    (poll #7)  order=34b1bb44
  [    487ms]  [91mstale[0m    (poll #8)  order=34b1bb44
  [    557ms]  [92mVISIBLE[0m  (poll #9, X-Cache: MISS)  order=34b1bb44

[96mOrder 86/1000:[0m
  [     10ms]  [91mstale[0m    (poll #1)  order=ed149300
  [     77ms]  [91mstale[0m    (poll #2)  order=ed149300
  [    141ms]  [91mstale[0m    (poll #3)  order=ed149300
  [    211ms]  [91mstale[0m    (poll #4)  order=ed149300
  [    272ms]  [91mstale[0m    (poll #5)  order=ed149300
  [    336ms]  [91mstale[0m    (poll #6)  order=ed149300
  [    406ms]  [91mstale[0m    (poll #7)  order=ed149300
  [    480ms]  [92mVISIBLE[0m  (poll #8, X-Cache: MISS)  order=ed149300

[96mOrder 87/1000:[0m
  [      4ms]  [91mstale[0m    (poll #1)  order=aba445d3
  [     60ms]  [91mstale[0m    (poll #2)  order=aba445d3
  [    123ms]  [91mstale[0m    (poll #3)  order=aba445d3
  [    187ms]  [91mstale[0m    (poll #4)  order=aba445d3
  [    257ms]  [91mstale[0m    (poll #5)  order=aba445d3
  [    324ms]  [91mstale[0m    (poll #6)  order=aba445d3
  [    396ms]  [92mVISIBLE[0m  (poll #7, X-Cache: MISS)  order=aba445d3

[96mOrder 88/1000:[0m
  [     10ms]  [91mstale[0m    (poll #1)  order=465533c5
  [     73ms]  [91mstale[0m    (poll #2)  order=465533c5
  [    137ms]  [91mstale[0m    (poll #3)  order=465533c5
  [    201ms]  [91mstale[0m    (poll #4)  order=465533c5
  [    271ms]  [91mstale[0m    (poll #5)  order=465533c5
  [    340ms]  [91mstale[0m    (poll #6)  order=465533c5
  [    405ms]  [91mstale[0m    (poll #7)  order=465533c5
  [    475ms]  [91mstale[0m    (poll #8)  order=465533c5
  [    544ms]  [92mVISIBLE[0m  (poll #9, X-Cache: MISS)  order=465533c5

[96mOrder 89/1000:[0m
  [      9ms]  [91mstale[0m    (poll #1)  order=19791136
  [     69ms]  [91mstale[0m    (poll #2)  order=19791136
  [    135ms]  [91mstale[0m    (poll #3)  order=19791136
  [    202ms]  [91mstale[0m    (poll #4)  order=19791136
  [    274ms]  [91mstale[0m    (poll #5)  order=19791136
  [    350ms]  [91mstale[0m    (poll #6)  order=19791136
  [    418ms]  [92mVISIBLE[0m  (poll #7, X-Cache: MISS)  order=19791136

[96mOrder 90/1000:[0m
  [      9ms]  [91mstale[0m    (poll #1)  order=9698de55
  [     70ms]  [91mstale[0m    (poll #2)  order=9698de55
  [    134ms]  [91mstale[0m    (poll #3)  order=9698de55
  [    203ms]  [91mstale[0m    (poll #4)  order=9698de55
  [    271ms]  [91mstale[0m    (poll #5)  order=9698de55
  [    347ms]  [91mstale[0m    (poll #6)  order=9698de55
  [    416ms]  [91mstale[0m    (poll #7)  order=9698de55
  [    487ms]  [92mVISIBLE[0m  (poll #8, X-Cache: MISS)  order=9698de55

[96mOrder 91/1000:[0m
  [      9ms]  [91mstale[0m    (poll #1)  order=15243d5e
  [     74ms]  [91mstale[0m    (poll #2)  order=15243d5e
  [    140ms]  [91mstale[0m    (poll #3)  order=15243d5e
  [    202ms]  [91mstale[0m    (poll #4)  order=15243d5e
  [    270ms]  [91mstale[0m    (poll #5)  order=15243d5e
  [    337ms]  [91mstale[0m    (poll #6)  order=15243d5e
  [    407ms]  [91mstale[0m    (poll #7)  order=15243d5e
  [    474ms]  [92mVISIBLE[0m  (poll #8, X-Cache: MISS)  order=15243d5e

[96mOrder 92/1000:[0m
  [      6ms]  [91mstale[0m    (poll #1)  order=0702d87f
  [     67ms]  [91mstale[0m    (poll #2)  order=0702d87f
  [    131ms]  [91mstale[0m    (poll #3)  order=0702d87f
  [    196ms]  [91mstale[0m    (poll #4)  order=0702d87f
  [    265ms]  [91mstale[0m    (poll #5)  order=0702d87f
  [    331ms]  [91mstale[0m    (poll #6)  order=0702d87f
  [    398ms]  [91mstale[0m    (poll #7)  order=0702d87f
  [    461ms]  [91mstale[0m    (poll #8)  order=0702d87f
  [    525ms]  [92mVISIBLE[0m  (poll #9, X-Cache: MISS)  order=0702d87f

[96mOrder 93/1000:[0m
  [      7ms]  [91mstale[0m    (poll #1)  order=9cd5ae18
  [     72ms]  [91mstale[0m    (poll #2)  order=9cd5ae18
  [    136ms]  [91mstale[0m    (poll #3)  order=9cd5ae18
  [    201ms]  [91mstale[0m    (poll #4)  order=9cd5ae18
  [    272ms]  [91mstale[0m    (poll #5)  order=9cd5ae18
  [    347ms]  [91mstale[0m    (poll #6)  order=9cd5ae18
  [    416ms]  [92mVISIBLE[0m  (poll #7, X-Cache: MISS)  order=9cd5ae18

[96mOrder 94/1000:[0m
  [      9ms]  [91mstale[0m    (poll #1)  order=fa0108ba
  [     69ms]  [91mstale[0m    (poll #2)  order=fa0108ba
  [    131ms]  [91mstale[0m    (poll #3)  order=fa0108ba
  [    197ms]  [91mstale[0m    (poll #4)  order=fa0108ba
  [    267ms]  [91mstale[0m    (poll #5)  order=fa0108ba
  [    339ms]  [91mstale[0m    (poll #6)  order=fa0108ba
  [    406ms]  [91mstale[0m    (poll #7)  order=fa0108ba
  [    465ms]  [91mstale[0m    (poll #8)  order=fa0108ba
  [    526ms]  [92mVISIBLE[0m  (poll #9, X-Cache: MISS)  order=fa0108ba

[96mOrder 95/1000:[0m
  [      3ms]  [91mstale[0m    (poll #1)  order=40f162f2
  [     60ms]  [91mstale[0m    (poll #2)  order=40f162f2
  [    118ms]  [91mstale[0m    (poll #3)  order=40f162f2
  [    179ms]  [91mstale[0m    (poll #4)  order=40f162f2
  [    242ms]  [91mstale[0m    (poll #5)  order=40f162f2
  [    312ms]  [91mstale[0m    (poll #6)  order=40f162f2
  [    381ms]  [91mstale[0m    (poll #7)  order=40f162f2
  [    442ms]  [91mstale[0m    (poll #8)  order=40f162f2
  [    506ms]  [92mVISIBLE[0m  (poll #9, X-Cache: MISS)  order=40f162f2

[96mOrder 96/1000:[0m
  [      4ms]  [91mstale[0m    (poll #1)  order=2078c28f
  [     64ms]  [91mstale[0m    (poll #2)  order=2078c28f
  [    127ms]  [91mstale[0m    (poll #3)  order=2078c28f
  [    190ms]  [91mstale[0m    (poll #4)  order=2078c28f
  [    260ms]  [91mstale[0m    (poll #5)  order=2078c28f
  [    324ms]  [91mstale[0m    (poll #6)  order=2078c28f
  [    381ms]  [91mstale[0m    (poll #7)  order=2078c28f
  [    444ms]  [91mstale[0m    (poll #8)  order=2078c28f
  [    505ms]  [92mVISIBLE[0m  (poll #9, X-Cache: MISS)  order=2078c28f

[96mOrder 97/1000:[0m
  [      4ms]  [91mstale[0m    (poll #1)  order=2d6588a3
  [     60ms]  [91mstale[0m    (poll #2)  order=2d6588a3
  [    120ms]  [91mstale[0m    (poll #3)  order=2d6588a3
  [    182ms]  [91mstale[0m    (poll #4)  order=2d6588a3
  [    246ms]  [91mstale[0m    (poll #5)  order=2d6588a3
  [    313ms]  [91mstale[0m    (poll #6)  order=2d6588a3
  [    381ms]  [91mstale[0m    (poll #7)  order=2d6588a3
  [    445ms]  [91mstale[0m    (poll #8)  order=2d6588a3
  [    513ms]  [92mVISIBLE[0m  (poll #9, X-Cache: MISS)  order=2d6588a3

[96mOrder 98/1000:[0m
  [     11ms]  [91mstale[0m    (poll #1)  order=7097322f
  [     74ms]  [91mstale[0m    (poll #2)  order=7097322f
  [    137ms]  [91mstale[0m    (poll #3)  order=7097322f
  [    201ms]  [91mstale[0m    (poll #4)  order=7097322f
  [    275ms]  [91mstale[0m    (poll #5)  order=7097322f
  [    338ms]  [91mstale[0m    (poll #6)  order=7097322f
  [    408ms]  [91mstale[0m    (poll #7)  order=7097322f
  [    478ms]  [92mVISIBLE[0m  (poll #8, X-Cache: MISS)  order=7097322f

[96mOrder 99/1000:[0m
  [      6ms]  [91mstale[0m    (poll #1)  order=3f453eb1
  [     69ms]  [91mstale[0m    (poll #2)  order=3f453eb1
  [    129ms]  [91mstale[0m    (poll #3)  order=3f453eb1
  [    186ms]  [91mstale[0m    (poll #4)  order=3f453eb1
  [    247ms]  [91mstale[0m    (poll #5)  order=3f453eb1
  [    307ms]  [91mstale[0m    (poll #6)  order=3f453eb1
  [    367ms]  [91mstale[0m    (poll #7)  order=3f453eb1
  [    429ms]  [91mstale[0m    (poll #8)  order=3f453eb1
  [    494ms]  [92mVISIBLE[0m  (poll #9, X-Cache: MISS)  order=3f453eb1

[96mOrder 100/1000:[0m
  [      6ms]  [91mstale[0m    (poll #1)  order=ae7148c6
  [     69ms]  [91mstale[0m    (poll #2)  order=ae7148c6
  [    135ms]  [91mstale[0m    (poll #3)  order=ae7148c6
  [    201ms]  [91mstale[0m    (poll #4)  order=ae7148c6
  [    267ms]  [91mstale[0m    (poll #5)  order=ae7148c6
  [    336ms]  [91mstale[0m    (poll #6)  order=ae7148c6
  [    405ms]  [91mstale[0m    (poll #7)  order=ae7148c6
  [    468ms]  [91mstale[0m    (poll #8)  order=ae7148c6
  [    536ms]  [92mVISIBLE[0m  (poll #9, X-Cache: MISS)  order=ae7148c6

[96mOrder 101/1000:[0m
  [      8ms]  [91mstale[0m    (poll #1)  order=400754b8
  [     72ms]  [91mstale[0m    (poll #2)  order=400754b8
  [    137ms]  [91mstale[0m    (poll #3)  order=400754b8
  [    203ms]  [91mstale[0m    (poll #4)  order=400754b8
  [    277ms]  [91mstale[0m    (poll #5)  order=400754b8
  [    344ms]  [91mstale[0m    (poll #6)  order=400754b8
  [    413ms]  [91mstale[0m    (poll #7)  order=400754b8
  [    475ms]  [92mVISIBLE[0m  (poll #8, X-Cache: MISS)  order=400754b8

[96mOrder 102/1000:[0m
  [      4ms]  [91mstale[0m    (poll #1)  order=f155a459
  [     63ms]  [91mstale[0m    (poll #2)  order=f155a459
  [    125ms]  [91mstale[0m    (poll #3)  order=f155a459
  [    187ms]  [91mstale[0m    (poll #4)  order=f155a459
  [    248ms]  [91mstale[0m    (poll #5)  order=f155a459
  [    313ms]  [91mstale[0m    (poll #6)  order=f155a459
  [    382ms]  [92mVISIBLE[0m  (poll #7, X-Cache: MISS)  order=f155a459

[96mOrder 103/1000:[0m
  [      9ms]  [91mstale[0m    (poll #1)  order=6d203207
  [     73ms]  [91mstale[0m    (poll #2)  order=6d203207
  [    138ms]  [91mstale[0m    (poll #3)  order=6d203207
  [    205ms]  [91mstale[0m    (poll #4)  order=6d203207
  [    276ms]  [91mstale[0m    (poll #5)  order=6d203207
  [    346ms]  [91mstale[0m    (poll #6)  order=6d203207
  [    417ms]  [91mstale[0m    (poll #7)  order=6d203207
  [    488ms]  [91mstale[0m    (poll #8)  order=6d203207
  [    558ms]  [92mVISIBLE[0m  (poll #9, X-Cache: MISS)  order=6d203207

[96mOrder 104/1000:[0m
  [      9ms]  [91mstale[0m    (poll #1)  order=14a439fd
  [     69ms]  [91mstale[0m    (poll #2)  order=14a439fd
  [    134ms]  [91mstale[0m    (poll #3)  order=14a439fd
  [    199ms]  [91mstale[0m    (poll #4)  order=14a439fd
  [    278ms]  [91mstale[0m    (poll #5)  order=14a439fd
  [    349ms]  [91mstale[0m    (poll #6)  order=14a439fd
  [    421ms]  [91mstale[0m    (poll #7)  order=14a439fd
  [    490ms]  [92mVISIBLE[0m  (poll #8, X-Cache: MISS)  order=14a439fd

[96mOrder 105/1000:[0m
  [      9ms]  [91mstale[0m    (poll #1)  order=6f85781e
  [     73ms]  [91mstale[0m    (poll #2)  order=6f85781e
  [    136ms]  [91mstale[0m    (poll #3)  order=6f85781e
  [    201ms]  [91mstale[0m    (poll #4)  order=6f85781e
  [    269ms]  [91mstale[0m    (poll #5)  order=6f85781e
  [    374ms]  [91mstale[0m    (poll #6)  order=6f85781e
  [    437ms]  [91mstale[0m    (poll #7)  order=6f85781e
  [    500ms]  [92mVISIBLE[0m  (poll #8, X-Cache: MISS)  order=6f85781e

[96mOrder 106/1000:[0m
  [      7ms]  [91mstale[0m    (poll #1)  order=cee55761
  [     65ms]  [91mstale[0m    (poll #2)  order=cee55761
  [    125ms]  [91mstale[0m    (poll #3)  order=cee55761
  [    193ms]  [91mstale[0m    (poll #4)  order=cee55761
  [    256ms]  [91mstale[0m    (poll #5)  order=cee55761
  [    322ms]  [91mstale[0m    (poll #6)  order=cee55761
  [    385ms]  [91mstale[0m    (poll #7)  order=cee55761
  [    453ms]  [91mstale[0m    (poll #8)  order=cee55761
  [    520ms]  [92mVISIBLE[0m  (poll #9, X-Cache: MISS)  order=cee55761

[96mOrder 107/1000:[0m
  [      4ms]  [91mstale[0m    (poll #1)  order=9692ae7a
  [     64ms]  [91mstale[0m    (poll #2)  order=9692ae7a
  [    128ms]  [91mstale[0m    (poll #3)  order=9692ae7a
  [    188ms]  [91mstale[0m    (poll #4)  order=9692ae7a
  [    253ms]  [91mstale[0m    (poll #5)  order=9692ae7a
  [    325ms]  [91mstale[0m    (poll #6)  order=9692ae7a
  [    398ms]  [91mstale[0m    (poll #7)  order=9692ae7a
  [    465ms]  [92mVISIBLE[0m  (poll #8, X-Cache: MISS)  order=9692ae7a

[96mOrder 108/1000:[0m
  [      9ms]  [91mstale[0m    (poll #1)  order=3249fc50
  [     68ms]  [91mstale[0m    (poll #2)  order=3249fc50
  [    132ms]  [91mstale[0m    (poll #3)  order=3249fc50
  [    201ms]  [91mstale[0m    (poll #4)  order=3249fc50
  [    263ms]  [91mstale[0m    (poll #5)  order=3249fc50
  [    329ms]  [91mstale[0m    (poll #6)  order=3249fc50
  [    397ms]  [91mstale[0m    (poll #7)  order=3249fc50
  [    468ms]  [91mstale[0m    (poll #8)  order=3249fc50
  [    535ms]  [92mVISIBLE[0m  (poll #9, X-Cache: MISS)  order=3249fc50

[96mOrder 109/1000:[0m
  [      9ms]  [91mstale[0m    (poll #1)  order=d157e5ae
  [     73ms]  [91mstale[0m    (poll #2)  order=d157e5ae
  [    138ms]  [91mstale[0m    (poll #3)  order=d157e5ae
  [    207ms]  [91mstale[0m    (poll #4)  order=d157e5ae
  [    275ms]  [91mstale[0m    (poll #5)  order=d157e5ae
  [    345ms]  [91mstale[0m    (poll #6)  order=d157e5ae
  [    416ms]  [91mstale[0m    (poll #7)  order=d157e5ae
  [    484ms]  [92mVISIBLE[0m  (poll #8, X-Cache: MISS)  order=d157e5ae

[96mOrder 110/1000:[0m
  [     10ms]  [91mstale[0m    (poll #1)  order=4362429a
  [     74ms]  [91mstale[0m    (poll #2)  order=4362429a
  [    135ms]  [91mstale[0m    (poll #3)  order=4362429a
  [    193ms]  [91mstale[0m    (poll #4)  order=4362429a
  [    261ms]  [91mstale[0m    (poll #5)  order=4362429a
  [    331ms]  [91mstale[0m    (poll #6)  order=4362429a
  [    401ms]  [91mstale[0m    (poll #7)  order=4362429a
  [    471ms]  [91mstale[0m    (poll #8)  order=4362429a
  [    543ms]  [92mVISIBLE[0m  (poll #9, X-Cache: MISS)  order=4362429a

[96mOrder 111/1000:[0m
  [      9ms]  [91mstale[0m    (poll #1)  order=a7bf82bc
  [     72ms]  [91mstale[0m    (poll #2)  order=a7bf82bc
  [    135ms]  [91mstale[0m    (poll #3)  order=a7bf82bc
  [    204ms]  [91mstale[0m    (poll #4)  order=a7bf82bc
  [    274ms]  [91mstale[0m    (poll #5)  order=a7bf82bc
  [    341ms]  [91mstale[0m    (poll #6)  order=a7bf82bc
  [    412ms]  [91mstale[0m    (poll #7)  order=a7bf82bc
  [    484ms]  [92mVISIBLE[0m  (poll #8, X-Cache: MISS)  order=a7bf82bc

[96mOrder 112/1000:[0m
  [      9ms]  [91mstale[0m    (poll #1)  order=f16ae516
  [     70ms]  [91mstale[0m    (poll #2)  order=f16ae516
  [    133ms]  [91mstale[0m    (poll #3)  order=f16ae516
  [    194ms]  [91mstale[0m    (poll #4)  order=f16ae516
  [    259ms]  [91mstale[0m    (poll #5)  order=f16ae516
  [    331ms]  [91mstale[0m    (poll #6)  order=f16ae516
  [    399ms]  [91mstale[0m    (poll #7)  order=f16ae516
  [    471ms]  [91mstale[0m    (poll #8)  order=f16ae516
  [    540ms]  [92mVISIBLE[0m  (poll #9, X-Cache: MISS)  order=f16ae516

[96mOrder 113/1000:[0m
  [      8ms]  [91mstale[0m    (poll #1)  order=40564576
  [     70ms]  [91mstale[0m    (poll #2)  order=40564576
  [    131ms]  [91mstale[0m    (poll #3)  order=40564576
  [    196ms]  [91mstale[0m    (poll #4)  order=40564576
  [    267ms]  [91mstale[0m    (poll #5)  order=40564576
  [    335ms]  [91mstale[0m    (poll #6)  order=40564576
  [    406ms]  [91mstale[0m    (poll #7)  order=40564576
  [    478ms]  [92mVISIBLE[0m  (poll #8, X-Cache: MISS)  order=40564576

[96mOrder 114/1000:[0m
  [      7ms]  [91mstale[0m    (poll #1)  order=6da570f2
  [     71ms]  [91mstale[0m    (poll #2)  order=6da570f2
  [    137ms]  [91mstale[0m    (poll #3)  order=6da570f2
  [    201ms]  [91mstale[0m    (poll #4)  order=6da570f2
  [    268ms]  [91mstale[0m    (poll #5)  order=6da570f2
  [    338ms]  [91mstale[0m    (poll #6)  order=6da570f2
  [    408ms]  [91mstale[0m    (poll #7)  order=6da570f2
  [    480ms]  [92mVISIBLE[0m  (poll #8, X-Cache: MISS)  order=6da570f2

[96mOrder 115/1000:[0m
  [      7ms]  [91mstale[0m    (poll #1)  order=9de82ec4
  [     70ms]  [91mstale[0m    (poll #2)  order=9de82ec4
  [    134ms]  [91mstale[0m    (poll #3)  order=9de82ec4
  [    201ms]  [91mstale[0m    (poll #4)  order=9de82ec4
  [    271ms]  [91mstale[0m    (poll #5)  order=9de82ec4
  [    344ms]  [91mstale[0m    (poll #6)  order=9de82ec4
  [    414ms]  [91mstale[0m    (poll #7)  order=9de82ec4
  [    481ms]  [91mstale[0m    (poll #8)  order=9de82ec4
  [    557ms]  [92mVISIBLE[0m  (poll #9, X-Cache: MISS)  order=9de82ec4

[96mOrder 116/1000:[0m
  [      4ms]  [91mstale[0m    (poll #1)  order=bb3cdbe1
  [     62ms]  [91mstale[0m    (poll #2)  order=bb3cdbe1
  [    124ms]  [91mstale[0m    (poll #3)  order=bb3cdbe1
  [    185ms]  [91mstale[0m    (poll #4)  order=bb3cdbe1
  [    249ms]  [91mstale[0m    (poll #5)  order=bb3cdbe1
  [    313ms]  [91mstale[0m    (poll #6)  order=bb3cdbe1
  [    373ms]  [92mVISIBLE[0m  (poll #7, X-Cache: MISS)  order=bb3cdbe1

[96mOrder 117/1000:[0m
  [      4ms]  [91mstale[0m    (poll #1)  order=138f8b3f
  [     62ms]  [91mstale[0m    (poll #2)  order=138f8b3f
  [    120ms]  [91mstale[0m    (poll #3)  order=138f8b3f
  [    186ms]  [91mstale[0m    (poll #4)  order=138f8b3f
  [    255ms]  [91mstale[0m    (poll #5)  order=138f8b3f
  [    324ms]  [91mstale[0m    (poll #6)  order=138f8b3f
  [    395ms]  [91mstale[0m    (poll #7)  order=138f8b3f
  [    467ms]  [91mstale[0m    (poll #8)  order=138f8b3f
  [    538ms]  [92mVISIBLE[0m  (poll #9, X-Cache: MISS)  order=138f8b3f

[96mOrder 118/1000:[0m
  [      6ms]  [91mstale[0m    (poll #1)  order=4e2cbb80
  [     68ms]  [91mstale[0m    (poll #2)  order=4e2cbb80
  [    132ms]  [91mstale[0m    (poll #3)  order=4e2cbb80
  [    203ms]  [91mstale[0m    (poll #4)  order=4e2cbb80
  [    267ms]  [91mstale[0m    (poll #5)  order=4e2cbb80
  [    335ms]  [91mstale[0m    (poll #6)  order=4e2cbb80
  [    400ms]  [91mstale[0m    (poll #7)  order=4e2cbb80
  [    471ms]  [92mVISIBLE[0m  (poll #8, X-Cache: MISS)  order=4e2cbb80

[96mOrder 119/1000:[0m
  [      7ms]  [91mstale[0m    (poll #1)  order=9d97946f
  [     71ms]  [91mstale[0m    (poll #2)  order=9d97946f
  [    132ms]  [91mstale[0m    (poll #3)  order=9d97946f
  [    196ms]  [91mstale[0m    (poll #4)  order=9d97946f
  [    255ms]  [91mstale[0m    (poll #5)  order=9d97946f
  [    314ms]  [91mstale[0m    (poll #6)  order=9d97946f
  [    373ms]  [91mstale[0m    (poll #7)  order=9d97946f
  [    434ms]  [91mstale[0m    (poll #8)  order=9d97946f
  [    495ms]  [92mVISIBLE[0m  (poll #9, X-Cache: MISS)  order=9d97946f

[96mOrder 120/1000:[0m
  [      4ms]  [91mstale[0m    (poll #1)  order=d7080c95
  [     65ms]  [91mstale[0m    (poll #2)  order=d7080c95
  [    125ms]  [91mstale[0m    (poll #3)  order=d7080c95
  [    192ms]  [91mstale[0m    (poll #4)  order=d7080c95
  [    251ms]  [91mstale[0m    (poll #5)  order=d7080c95
  [    315ms]  [91mstale[0m    (poll #6)  order=d7080c95
  [    385ms]  [91mstale[0m    (poll #7)  order=d7080c95
  [    456ms]  [91mstale[0m    (poll #8)  order=d7080c95
  [    525ms]  [92mVISIBLE[0m  (poll #9, X-Cache: MISS)  order=d7080c95

[96mOrder 121/1000:[0m
  [      6ms]  [91mstale[0m    (poll #1)  order=da237d9b
  [     66ms]  [91mstale[0m    (poll #2)  order=da237d9b
  [    126ms]  [91mstale[0m    (poll #3)  order=da237d9b
  [    196ms]  [91mstale[0m    (poll #4)  order=da237d9b
  [    253ms]  [91mstale[0m    (poll #5)  order=da237d9b
  [    315ms]  [91mstale[0m    (poll #6)  order=da237d9b
  [    377ms]  [91mstale[0m    (poll #7)  order=da237d9b
  [    442ms]  [91mstale[0m    (poll #8)  order=da237d9b
  [    509ms]  [92mVISIBLE[0m  (poll #9, X-Cache: MISS)  order=da237d9b

[96mOrder 122/1000:[0m
  [      5ms]  [91mstale[0m    (poll #1)  order=10e99e6a
  [     62ms]  [91mstale[0m    (poll #2)  order=10e99e6a
  [    124ms]  [91mstale[0m    (poll #3)  order=10e99e6a
  [    188ms]  [91mstale[0m    (poll #4)  order=10e99e6a
  [    255ms]  [91mstale[0m    (poll #5)  order=10e99e6a
  [    328ms]  [91mstale[0m    (poll #6)  order=10e99e6a
  [    396ms]  [91mstale[0m    (poll #7)  order=10e99e6a
  [    467ms]  [91mstale[0m    (poll #8)  order=10e99e6a
  [    538ms]  [92mVISIBLE[0m  (poll #9, X-Cache: MISS)  order=10e99e6a

[96mOrder 123/1000:[0m
  [      9ms]  [91mstale[0m    (poll #1)  order=ab9b7c3d
  [     70ms]  [91mstale[0m    (poll #2)  order=ab9b7c3d
  [    132ms]  [91mstale[0m    (poll #3)  order=ab9b7c3d
  [    199ms]  [91mstale[0m    (poll #4)  order=ab9b7c3d
  [    272ms]  [91mstale[0m    (poll #5)  order=ab9b7c3d
  [    340ms]  [92mVISIBLE[0m  (poll #6, X-Cache: MISS)  order=ab9b7c3d

[96mOrder 124/1000:[0m
  [      9ms]  [91mstale[0m    (poll #1)  order=1af9fb80
  [     75ms]  [91mstale[0m    (poll #2)  order=1af9fb80
  [    136ms]  [91mstale[0m    (poll #3)  order=1af9fb80
  [    204ms]  [91mstale[0m    (poll #4)  order=1af9fb80
  [    276ms]  [91mstale[0m    (poll #5)  order=1af9fb80
  [    346ms]  [91mstale[0m    (poll #6)  order=1af9fb80
  [    415ms]  [91mstale[0m    (poll #7)  order=1af9fb80
  [    484ms]  [91mstale[0m    (poll #8)  order=1af9fb80
  [    552ms]  [92mVISIBLE[0m  (poll #9, X-Cache: MISS)  order=1af9fb80

[96mOrder 125/1000:[0m
  [      7ms]  [91mstale[0m    (poll #1)  order=363837e5
  [     71ms]  [91mstale[0m    (poll #2)  order=363837e5
  [    133ms]  [91mstale[0m    (poll #3)  order=363837e5
  [    198ms]  [91mstale[0m    (poll #4)  order=363837e5
  [    270ms]  [91mstale[0m    (poll #5)  order=363837e5
  [    338ms]  [91mstale[0m    (poll #6)  order=363837e5
  [    410ms]  [91mstale[0m    (poll #7)  order=363837e5
  [    482ms]  [92mVISIBLE[0m  (poll #8, X-Cache: MISS)  order=363837e5

[96mOrder 126/1000:[0m
  [      6ms]  [91mstale[0m    (poll #1)  order=54d1b64d
  [     68ms]  [91mstale[0m    (poll #2)  order=54d1b64d
  [    133ms]  [91mstale[0m    (poll #3)  order=54d1b64d
  [    200ms]  [91mstale[0m    (poll #4)  order=54d1b64d
  [    272ms]  [91mstale[0m    (poll #5)  order=54d1b64d
  [    340ms]  [91mstale[0m    (poll #6)  order=54d1b64d
  [    411ms]  [91mstale[0m    (poll #7)  order=54d1b64d
  [    474ms]  [92mVISIBLE[0m  (poll #8, X-Cache: MISS)  order=54d1b64d

[96mOrder 127/1000:[0m
  [      4ms]  [91mstale[0m    (poll #1)  order=12584adf
  [     63ms]  [91mstale[0m    (poll #2)  order=12584adf
  [    125ms]  [91mstale[0m    (poll #3)  order=12584adf
  [    188ms]  [91mstale[0m    (poll #4)  order=12584adf
  [    253ms]  [91mstale[0m    (poll #5)  order=12584adf
  [    326ms]  [91mstale[0m    (poll #6)  order=12584adf
  [    396ms]  [91mstale[0m    (poll #7)  order=12584adf
  [    464ms]  [92mVISIBLE[0m  (poll #8, X-Cache: MISS)  order=12584adf

[96mOrder 128/1000:[0m
  [      6ms]  [91mstale[0m    (poll #1)  order=b10715e1
  [     70ms]  [91mstale[0m    (poll #2)  order=b10715e1
  [    130ms]  [91mstale[0m    (poll #3)  order=b10715e1
  [    195ms]  [91mstale[0m    (poll #4)  order=b10715e1
  [    267ms]  [91mstale[0m    (poll #5)  order=b10715e1
  [    336ms]  [91mstale[0m    (poll #6)  order=b10715e1
  [    409ms]  [91mstale[0m    (poll #7)  order=b10715e1
  [    479ms]  [92mVISIBLE[0m  (poll #8, X-Cache: MISS)  order=b10715e1

[96mOrder 129/1000:[0m
  [      8ms]  [91mstale[0m    (poll #1)  order=b827705d
  [     72ms]  [91mstale[0m    (poll #2)  order=b827705d
  [    136ms]  [91mstale[0m    (poll #3)  order=b827705d
  [    203ms]  [91mstale[0m    (poll #4)  order=b827705d
  [    274ms]  [91mstale[0m    (poll #5)  order=b827705d
  [    341ms]  [91mstale[0m    (poll #6)  order=b827705d
  [    413ms]  [92mVISIBLE[0m  (poll #7, X-Cache: MISS)  order=b827705d

[96mOrder 130/1000:[0m
  [      9ms]  [91mstale[0m    (poll #1)  order=82ecdc08
  [     72ms]  [91mstale[0m    (poll #2)  order=82ecdc08
  [    131ms]  [91mstale[0m    (poll #3)  order=82ecdc08
  [    191ms]  [91mstale[0m    (poll #4)  order=82ecdc08
  [    259ms]  [91mstale[0m    (poll #5)  order=82ecdc08
  [    329ms]  [91mstale[0m    (poll #6)  order=82ecdc08
  [    401ms]  [91mstale[0m    (poll #7)  order=82ecdc08
  [    472ms]  [92mVISIBLE[0m  (poll #8, X-Cache: MISS)  order=82ecdc08

[96mOrder 131/1000:[0m
  [      9ms]  [91mstale[0m    (poll #1)  order=0ff956c4
  [     69ms]  [91mstale[0m    (poll #2)  order=0ff956c4
  [    136ms]  [91mstale[0m    (poll #3)  order=0ff956c4
  [    201ms]  [91mstale[0m    (poll #4)  order=0ff956c4
  [    271ms]  [91mstale[0m    (poll #5)  order=0ff956c4
  [    343ms]  [91mstale[0m    (poll #6)  order=0ff956c4
  [    411ms]  [92mVISIBLE[0m  (poll #7, X-Cache: MISS)  order=0ff956c4

[96mOrder 132/1000:[0m
  [      8ms]  [91mstale[0m    (poll #1)  order=468f959c
  [     67ms]  [91mstale[0m    (poll #2)  order=468f959c
  [    125ms]  [91mstale[0m    (poll #3)  order=468f959c
  [    186ms]  [91mstale[0m    (poll #4)  order=468f959c
  [    248ms]  [91mstale[0m    (poll #5)  order=468f959c
  [    312ms]  [91mstale[0m    (poll #6)  order=468f959c
  [    377ms]  [91mstale[0m    (poll #7)  order=468f959c
  [    445ms]  [91mstale[0m    (poll #8)  order=468f959c
  [    516ms]  [92mVISIBLE[0m  (poll #9, X-Cache: MISS)  order=468f959c

[96mOrder 133/1000:[0m
  [      8ms]  [91mstale[0m    (poll #1)  order=a7b6b215
  [     72ms]  [91mstale[0m    (poll #2)  order=a7b6b215
  [    133ms]  [91mstale[0m    (poll #3)  order=a7b6b215
  [    199ms]  [91mstale[0m    (poll #4)  order=a7b6b215
  [    268ms]  [91mstale[0m    (poll #5)  order=a7b6b215
  [    337ms]  [91mstale[0m    (poll #6)  order=a7b6b215
  [    410ms]  [91mstale[0m    (poll #7)  order=a7b6b215
  [    477ms]  [92mVISIBLE[0m  (poll #8, X-Cache: MISS)  order=a7b6b215

[96mOrder 134/1000:[0m
  [      9ms]  [91mstale[0m    (poll #1)  order=dfbd2530
  [     73ms]  [91mstale[0m    (poll #2)  order=dfbd2530
  [    134ms]  [91mstale[0m    (poll #3)  order=dfbd2530
  [    195ms]  [91mstale[0m    (poll #4)  order=dfbd2530
  [    263ms]  [91mstale[0m    (poll #5)  order=dfbd2530
  [    331ms]  [91mstale[0m    (poll #6)  order=dfbd2530
  [    400ms]  [91mstale[0m    (poll #7)  order=dfbd2530
  [    469ms]  [91mstale[0m    (poll #8)  order=dfbd2530
  [    534ms]  [92mVISIBLE[0m  (poll #9, X-Cache: MISS)  order=dfbd2530

[96mOrder 135/1000:[0m
  [      8ms]  [91mstale[0m    (poll #1)  order=d3295c58
  [     73ms]  [91mstale[0m    (poll #2)  order=d3295c58
  [    140ms]  [91mstale[0m    (poll #3)  order=d3295c58
  [    204ms]  [91mstale[0m    (poll #4)  order=d3295c58
  [    276ms]  [91mstale[0m    (poll #5)  order=d3295c58
  [    344ms]  [91mstale[0m    (poll #6)  order=d3295c58
  [    416ms]  [91mstale[0m    (poll #7)  order=d3295c58
  [    487ms]  [92mVISIBLE[0m  (poll #8, X-Cache: MISS)  order=d3295c58

[96mOrder 136/1000:[0m
  [      9ms]  [91mstale[0m    (poll #1)  order=06599bdf
  [     68ms]  [91mstale[0m    (poll #2)  order=06599bdf
  [    127ms]  [91mstale[0m    (poll #3)  order=06599bdf
  [    184ms]  [91mstale[0m    (poll #4)  order=06599bdf
  [    243ms]  [91mstale[0m    (poll #5)  order=06599bdf
  [    306ms]  [91mstale[0m    (poll #6)  order=06599bdf
  [    369ms]  [91mstale[0m    (poll #7)  order=06599bdf
  [    435ms]  [91mstale[0m    (poll #8)  order=06599bdf
  [    502ms]  [92mVISIBLE[0m  (poll #9, X-Cache: MISS)  order=06599bdf

[96mOrder 137/1000:[0m
  [      6ms]  [91mstale[0m    (poll #1)  order=cef2eb4a
  [     67ms]  [91mstale[0m    (poll #2)  order=cef2eb4a
  [    127ms]  [91mstale[0m    (poll #3)  order=cef2eb4a
  [    192ms]  [91mstale[0m    (poll #4)  order=cef2eb4a
  [    261ms]  [91mstale[0m    (poll #5)  order=cef2eb4a
  [    328ms]  [91mstale[0m    (poll #6)  order=cef2eb4a
  [    397ms]  [91mstale[0m    (poll #7)  order=cef2eb4a
  [    467ms]  [92mVISIBLE[0m  (poll #8, X-Cache: MISS)  order=cef2eb4a

[96mOrder 138/1000:[0m
  [      8ms]  [91mstale[0m    (poll #1)  order=c88e85de
  [     68ms]  [91mstale[0m    (poll #2)  order=c88e85de
  [    127ms]  [91mstale[0m    (poll #3)  order=c88e85de
  [    188ms]  [91mstale[0m    (poll #4)  order=c88e85de
  [    254ms]  [91mstale[0m    (poll #5)  order=c88e85de
  [    326ms]  [91mstale[0m    (poll #6)  order=c88e85de
  [    395ms]  [91mstale[0m    (poll #7)  order=c88e85de
  [    466ms]  [91mstale[0m    (poll #8)  order=c88e85de
  [    540ms]  [92mVISIBLE[0m  (poll #9, X-Cache: MISS)  order=c88e85de

[96mOrder 139/1000:[0m
  [      9ms]  [91mstale[0m    (poll #1)  order=69dd7adc
  [     72ms]  [91mstale[0m    (poll #2)  order=69dd7adc
  [    137ms]  [91mstale[0m    (poll #3)  order=69dd7adc
  [    204ms]  [91mstale[0m    (poll #4)  order=69dd7adc
  [    271ms]  [91mstale[0m    (poll #5)  order=69dd7adc
  [    337ms]  [91mstale[0m    (poll #6)  order=69dd7adc
  [    396ms]  [91mstale[0m    (poll #7)  order=69dd7adc
  [    458ms]  [91mstale[0m    (poll #8)  order=69dd7adc
  [    515ms]  [92mVISIBLE[0m  (poll #9, X-Cache: MISS)  order=69dd7adc

[96mOrder 140/1000:[0m
  [      3ms]  [91mstale[0m    (poll #1)  order=615dc830
  [     58ms]  [91mstale[0m    (poll #2)  order=615dc830
  [    115ms]  [91mstale[0m    (poll #3)  order=615dc830
  [    177ms]  [91mstale[0m    (poll #4)  order=615dc830
  [    238ms]  [91mstale[0m    (poll #5)  order=615dc830
  [    302ms]  [91mstale[0m    (poll #6)  order=615dc830
  [    366ms]  [92mVISIBLE[0m  (poll #7, X-Cache: MISS)  order=615dc830

[96mOrder 141/1000:[0m
  [      9ms]  [91mstale[0m    (poll #1)  order=5df28341
  [     73ms]  [91mstale[0m    (poll #2)  order=5df28341
  [    134ms]  [91mstale[0m    (poll #3)  order=5df28341
  [    200ms]  [91mstale[0m    (poll #4)  order=5df28341
  [    265ms]  [91mstale[0m    (poll #5)  order=5df28341
  [    327ms]  [91mstale[0m    (poll #6)  order=5df28341
  [    390ms]  [91mstale[0m    (poll #7)  order=5df28341
  [    453ms]  [91mstale[0m    (poll #8)  order=5df28341
  [    514ms]  [92mVISIBLE[0m  (poll #9, X-Cache: MISS)  order=5df28341

[96mOrder 142/1000:[0m
  [      6ms]  [91mstale[0m    (poll #1)  order=5ad05f87
  [     64ms]  [91mstale[0m    (poll #2)  order=5ad05f87
  [    124ms]  [91mstale[0m    (poll #3)  order=5ad05f87
  [    188ms]  [91mstale[0m    (poll #4)  order=5ad05f87
  [    255ms]  [91mstale[0m    (poll #5)  order=5ad05f87
  [    327ms]  [91mstale[0m    (poll #6)  order=5ad05f87
  [    399ms]  [91mstale[0m    (poll #7)  order=5ad05f87
  [    470ms]  [91mstale[0m    (poll #8)  order=5ad05f87
  [    540ms]  [92mVISIBLE[0m  (poll #9, X-Cache: MISS)  order=5ad05f87

[96mOrder 143/1000:[0m
  [      9ms]  [91mstale[0m    (poll #1)  order=45b6649b
  [     74ms]  [91mstale[0m    (poll #2)  order=45b6649b
  [    138ms]  [91mstale[0m    (poll #3)  order=45b6649b
  [    201ms]  [91mstale[0m    (poll #4)  order=45b6649b
  [    272ms]  [91mstale[0m    (poll #5)  order=45b6649b
  [    344ms]  [91mstale[0m    (poll #6)  order=45b6649b
  [    415ms]  [91mstale[0m    (poll #7)  order=45b6649b
  [    485ms]  [92mVISIBLE[0m  (poll #8, X-Cache: MISS)  order=45b6649b

[96mOrder 144/1000:[0m
  [      6ms]  [91mstale[0m    (poll #1)  order=11f50433
  [     69ms]  [91mstale[0m    (poll #2)  order=11f50433
  [    133ms]  [91mstale[0m    (poll #3)  order=11f50433
  [    196ms]  [91mstale[0m    (poll #4)  order=11f50433
  [    264ms]  [91mstale[0m    (poll #5)  order=11f50433
  [    334ms]  [91mstale[0m    (poll #6)  order=11f50433
  [    401ms]  [91mstale[0m    (poll #7)  order=11f50433
  [    469ms]  [92mVISIBLE[0m  (poll #8, X-Cache: MISS)  order=11f50433

[96mOrder 145/1000:[0m
  [      6ms]  [91mstale[0m    (poll #1)  order=cdb0ffed
  [     70ms]  [91mstale[0m    (poll #2)  order=cdb0ffed
  [    132ms]  [91mstale[0m    (poll #3)  order=cdb0ffed
  [    200ms]  [91mstale[0m    (poll #4)  order=cdb0ffed
  [    267ms]  [91mstale[0m    (poll #5)  order=cdb0ffed
  [    335ms]  [91mstale[0m    (poll #6)  order=cdb0ffed
  [    403ms]  [91mstale[0m    (poll #7)  order=cdb0ffed
  [    472ms]  [91mstale[0m    (poll #8)  order=cdb0ffed
  [    549ms]  [92mVISIBLE[0m  (poll #9, X-Cache: MISS)  order=cdb0ffed

[96mOrder 146/1000:[0m
  [      5ms]  [91mstale[0m    (poll #1)  order=590d878d
  [     67ms]  [91mstale[0m    (poll #2)  order=590d878d
  [    131ms]  [91mstale[0m    (poll #3)  order=590d878d
  [    196ms]  [91mstale[0m    (poll #4)  order=590d878d
  [    265ms]  [91mstale[0m    (poll #5)  order=590d878d
  [    332ms]  [91mstale[0m    (poll #6)  order=590d878d
  [    401ms]  [91mstale[0m    (poll #7)  order=590d878d
  [    474ms]  [92mVISIBLE[0m  (poll #8, X-Cache: MISS)  order=590d878d

[96mOrder 147/1000:[0m
  [      4ms]  [91mstale[0m    (poll #1)  order=62c6a768
  [     63ms]  [91mstale[0m    (poll #2)  order=62c6a768
  [    125ms]  [91mstale[0m    (poll #3)  order=62c6a768
  [    188ms]  [91mstale[0m    (poll #4)  order=62c6a768
  [    256ms]  [91mstale[0m    (poll #5)  order=62c6a768
  [    327ms]  [91mstale[0m    (poll #6)  order=62c6a768
  [    396ms]  [91mstale[0m    (poll #7)  order=62c6a768
  [    468ms]  [92mVISIBLE[0m  (poll #8, X-Cache: MISS)  order=62c6a768

[96mOrder 148/1000:[0m
  [      6ms]  [91mstale[0m    (poll #1)  order=426f5aa3
  [     65ms]  [91mstale[0m    (poll #2)  order=426f5aa3
  [    129ms]  [91mstale[0m    (poll #3)  order=426f5aa3
  [    192ms]  [91mstale[0m    (poll #4)  order=426f5aa3
  [    259ms]  [91mstale[0m    (poll #5)  order=426f5aa3
  [    330ms]  [91mstale[0m    (poll #6)  order=426f5aa3
  [    402ms]  [91mstale[0m    (poll #7)  order=426f5aa3
  [    473ms]  [92mVISIBLE[0m  (poll #8, X-Cache: MISS)  order=426f5aa3

[96mOrder 149/1000:[0m
  [      7ms]  [91mstale[0m    (poll #1)  order=555c2c11
  [     67ms]  [91mstale[0m    (poll #2)  order=555c2c11
  [    128ms]  [91mstale[0m    (poll #3)  order=555c2c11
  [    193ms]  [91mstale[0m    (poll #4)  order=555c2c11
  [    263ms]  [91mstale[0m    (poll #5)  order=555c2c11
  [    333ms]  [91mstale[0m    (poll #6)  order=555c2c11
  [    403ms]  [91mstale[0m    (poll #7)  order=555c2c11
  [    470ms]  [91mstale[0m    (poll #8)  order=555c2c11
  [    539ms]  [92mVISIBLE[0m  (poll #9, X-Cache: MISS)  order=555c2c11

[96mOrder 150/1000:[0m
  [      9ms]  [91mstale[0m    (poll #1)  order=cbdf77c2
  [     73ms]  [91mstale[0m    (poll #2)  order=cbdf77c2
  [    137ms]  [91mstale[0m    (poll #3)  order=cbdf77c2
  [    201ms]  [91mstale[0m    (poll #4)  order=cbdf77c2
  [    271ms]  [91mstale[0m    (poll #5)  order=cbdf77c2
  [    341ms]  [91mstale[0m    (poll #6)  order=cbdf77c2
  [    413ms]  [91mstale[0m    (poll #7)  order=cbdf77c2
  [    486ms]  [92mVISIBLE[0m  (poll #8, X-Cache: MISS)  order=cbdf77c2

[96mOrder 151/1000:[0m
  [      9ms]  [91mstale[0m    (poll #1)  order=87c5042d
  [     73ms]  [91mstale[0m    (poll #2)  order=87c5042d
  [    139ms]  [91mstale[0m    (poll #3)  order=87c5042d
  [    204ms]  [91mstale[0m    (poll #4)  order=87c5042d
  [    271ms]  [91mstale[0m    (poll #5)  order=87c5042d
  [    344ms]  [91mstale[0m    (poll #6)  order=87c5042d
  [    411ms]  [91mstale[0m    (poll #7)  order=87c5042d
  [    481ms]  [92mVISIBLE[0m  (poll #8, X-Cache: MISS)  order=87c5042d

[96mOrder 152/1000:[0m
  [      5ms]  [91mstale[0m    (poll #1)  order=3fe7903c
  [     67ms]  [91mstale[0m    (poll #2)  order=3fe7903c
  [    128ms]  [91mstale[0m    (poll #3)  order=3fe7903c
  [    193ms]  [91mstale[0m    (poll #4)  order=3fe7903c
  [    263ms]  [91mstale[0m    (poll #5)  order=3fe7903c
  [    335ms]  [91mstale[0m    (poll #6)  order=3fe7903c
  [    405ms]  [91mstale[0m    (poll #7)  order=3fe7903c
  [    475ms]  [92mVISIBLE[0m  (poll #8, X-Cache: MISS)  order=3fe7903c

[96mOrder 153/1000:[0m
  [      9ms]  [91mstale[0m    (poll #1)  order=544c360f
  [     73ms]  [91mstale[0m    (poll #2)  order=544c360f
  [    138ms]  [91mstale[0m    (poll #3)  order=544c360f
  [    208ms]  [91mstale[0m    (poll #4)  order=544c360f
  [    276ms]  [91mstale[0m    (poll #5)  order=544c360f
  [    348ms]  [91mstale[0m    (poll #6)  order=544c360f
  [    419ms]  [91mstale[0m    (poll #7)  order=544c360f
  [    493ms]  [91mstale[0m    (poll #8)  order=544c360f
  [    563ms]  [92mVISIBLE[0m  (poll #9, X-Cache: MISS)  order=544c360f

[96mOrder 154/1000:[0m
  [      9ms]  [91mstale[0m    (poll #1)  order=8efcee18
  [     69ms]  [91mstale[0m    (poll #2)  order=8efcee18
  [    131ms]  [91mstale[0m    (poll #3)  order=8efcee18
  [    192ms]  [91mstale[0m    (poll #4)  order=8efcee18
  [    260ms]  [91mstale[0m    (poll #5)  order=8efcee18
  [    331ms]  [91mstale[0m    (poll #6)  order=8efcee18
  [    399ms]  [92mVISIBLE[0m  (poll #7, X-Cache: MISS)  order=8efcee18

[96mOrder 155/1000:[0m
  [      9ms]  [91mstale[0m    (poll #1)  order=ffa4a54d
  [     73ms]  [91mstale[0m    (poll #2)  order=ffa4a54d
  [    137ms]  [91mstale[0m    (poll #3)  order=ffa4a54d
  [    201ms]  [91mstale[0m    (poll #4)  order=ffa4a54d
  [    271ms]  [91mstale[0m    (poll #5)  order=ffa4a54d
  [    341ms]  [92mVISIBLE[0m  (poll #6, X-Cache: MISS)  order=ffa4a54d

[96mOrder 156/1000:[0m
  [      9ms]  [91mstale[0m    (poll #1)  order=b2ab8314
  [     73ms]  [91mstale[0m    (poll #2)  order=b2ab8314
  [    133ms]  [91mstale[0m    (poll #3)  order=b2ab8314
  [    194ms]  [91mstale[0m    (poll #4)  order=b2ab8314
  [    257ms]  [91mstale[0m    (poll #5)  order=b2ab8314
  [    319ms]  [91mstale[0m    (poll #6)  order=b2ab8314
  [    379ms]  [91mstale[0m    (poll #7)  order=b2ab8314
  [    442ms]  [91mstale[0m    (poll #8)  order=b2ab8314
  [    503ms]  [92mVISIBLE[0m  (poll #9, X-Cache: MISS)  order=b2ab8314

[96mOrder 157/1000:[0m
  [      7ms]  [91mstale[0m    (poll #1)  order=cf8884b9
  [     67ms]  [91mstale[0m    (poll #2)  order=cf8884b9
  [    129ms]  [91mstale[0m    (poll #3)  order=cf8884b9
  [    187ms]  [91mstale[0m    (poll #4)  order=cf8884b9
  [    249ms]  [91mstale[0m    (poll #5)  order=cf8884b9
  [    312ms]  [91mstale[0m    (poll #6)  order=cf8884b9
  [    381ms]  [91mstale[0m    (poll #7)  order=cf8884b9
  [    452ms]  [92mVISIBLE[0m  (poll #8, X-Cache: MISS)  order=cf8884b9

[96mOrder 158/1000:[0m
  [      8ms]  [91mstale[0m    (poll #1)  order=36e91ddd
  [     69ms]  [91mstale[0m    (poll #2)  order=36e91ddd
  [    133ms]  [91mstale[0m    (poll #3)  order=36e91ddd
  [    198ms]  [91mstale[0m    (poll #4)  order=36e91ddd
  [    267ms]  [91mstale[0m    (poll #5)  order=36e91ddd
  [    337ms]  [92mVISIBLE[0m  (poll #6, X-Cache: MISS)  order=36e91ddd

[96mOrder 159/1000:[0m
  [      9ms]  [91mstale[0m    (poll #1)  order=3b67bf91
  [     68ms]  [91mstale[0m    (poll #2)  order=3b67bf91
  [    134ms]  [91mstale[0m    (poll #3)  order=3b67bf91
  [    203ms]  [91mstale[0m    (poll #4)  order=3b67bf91
  [    272ms]  [91mstale[0m    (poll #5)  order=3b67bf91
  [    340ms]  [91mstale[0m    (poll #6)  order=3b67bf91
  [    406ms]  [91mstale[0m    (poll #7)  order=3b67bf91
  [    478ms]  [91mstale[0m    (poll #8)  order=3b67bf91
  [    548ms]  [92mVISIBLE[0m  (poll #9, X-Cache: MISS)  order=3b67bf91

[96mOrder 160/1000:[0m
  [      9ms]  [91mstale[0m    (poll #1)  order=36a78746
  [     73ms]  [91mstale[0m    (poll #2)  order=36a78746
  [    137ms]  [91mstale[0m    (poll #3)  order=36a78746
  [    202ms]  [91mstale[0m    (poll #4)  order=36a78746
  [    266ms]  [91mstale[0m    (poll #5)  order=36a78746
  [    327ms]  [91mstale[0m    (poll #6)  order=36a78746
  [    387ms]  [91mstale[0m    (poll #7)  order=36a78746
  [    449ms]  [91mstale[0m    (poll #8)  order=36a78746
  [    512ms]  [92mVISIBLE[0m  (poll #9, X-Cache: MISS)  order=36a78746

[96mOrder 161/1000:[0m
  [      4ms]  [91mstale[0m    (poll #1)  order=8b54afae
  [     61ms]  [91mstale[0m    (poll #2)  order=8b54afae
  [    122ms]  [91mstale[0m    (poll #3)  order=8b54afae
  [    183ms]  [91mstale[0m    (poll #4)  order=8b54afae
  [    249ms]  [91mstale[0m    (poll #5)  order=8b54afae
  [    319ms]  [91mstale[0m    (poll #6)  order=8b54afae
  [    378ms]  [91mstale[0m    (poll #7)  order=8b54afae
  [    442ms]  [91mstale[0m    (poll #8)  order=8b54afae
  [    506ms]  [92mVISIBLE[0m  (poll #9, X-Cache: MISS)  order=8b54afae

[96mOrder 162/1000:[0m
  [      7ms]  [91mstale[0m    (poll #1)  order=03cc7f19
  [     65ms]  [91mstale[0m    (poll #2)  order=03cc7f19
  [    130ms]  [91mstale[0m    (poll #3)  order=03cc7f19
  [    194ms]  [91mstale[0m    (poll #4)  order=03cc7f19
  [    256ms]  [91mstale[0m    (poll #5)  order=03cc7f19
  [    325ms]  [91mstale[0m    (poll #6)  order=03cc7f19
  [    395ms]  [91mstale[0m    (poll #7)  order=03cc7f19
  [    466ms]  [92mVISIBLE[0m  (poll #8, X-Cache: MISS)  order=03cc7f19

[96mOrder 163/1000:[0m
  [      8ms]  [91mstale[0m    (poll #1)  order=e8116eef
  [     69ms]  [91mstale[0m    (poll #2)  order=e8116eef
  [    132ms]  [91mstale[0m    (poll #3)  order=e8116eef
  [    199ms]  [91mstale[0m    (poll #4)  order=e8116eef
  [    270ms]  [91mstale[0m    (poll #5)  order=e8116eef
  [    342ms]  [91mstale[0m    (poll #6)  order=e8116eef
  [    410ms]  [91mstale[0m    (poll #7)  order=e8116eef
  [    479ms]  [91mstale[0m    (poll #8)  order=e8116eef
  [    553ms]  [92mVISIBLE[0m  (poll #9, X-Cache: MISS)  order=e8116eef

[96mOrder 164/1000:[0m
  [      9ms]  [91mstale[0m    (poll #1)  order=0d9604b2
  [     68ms]  [91mstale[0m    (poll #2)  order=0d9604b2
  [    128ms]  [91mstale[0m    (poll #3)  order=0d9604b2
  [    189ms]  [91mstale[0m    (poll #4)  order=0d9604b2
  [    258ms]  [91mstale[0m    (poll #5)  order=0d9604b2
  [    329ms]  [92mVISIBLE[0m  (poll #6, X-Cache: MISS)  order=0d9604b2

[96mOrder 165/1000:[0m
  [      8ms]  [91mstale[0m    (poll #1)  order=2fdbce27
  [     72ms]  [91mstale[0m    (poll #2)  order=2fdbce27
  [    134ms]  [91mstale[0m    (poll #3)  order=2fdbce27
  [    198ms]  [91mstale[0m    (poll #4)  order=2fdbce27
  [    266ms]  [91mstale[0m    (poll #5)  order=2fdbce27
  [    337ms]  [91mstale[0m    (poll #6)  order=2fdbce27
  [    405ms]  [92mVISIBLE[0m  (poll #7, X-Cache: MISS)  order=2fdbce27

[96mOrder 166/1000:[0m
  [      9ms]  [91mstale[0m    (poll #1)  order=2d091f20
  [     73ms]  [91mstale[0m    (poll #2)  order=2d091f20
  [    136ms]  [91mstale[0m    (poll #3)  order=2d091f20
  [    201ms]  [91mstale[0m    (poll #4)  order=2d091f20
  [    272ms]  [91mstale[0m    (poll #5)  order=2d091f20
  [    343ms]  [91mstale[0m    (poll #6)  order=2d091f20
  [    415ms]  [91mstale[0m    (poll #7)  order=2d091f20
  [    487ms]  [91mstale[0m    (poll #8)  order=2d091f20
  [    554ms]  [92mVISIBLE[0m  (poll #9, X-Cache: MISS)  order=2d091f20

[96mOrder 167/1000:[0m
  [      7ms]  [91mstale[0m    (poll #1)  order=de9b2770
  [     70ms]  [91mstale[0m    (poll #2)  order=de9b2770
  [    135ms]  [91mstale[0m    (poll #3)  order=de9b2770
  [    203ms]  [91mstale[0m    (poll #4)  order=de9b2770
  [    272ms]  [91mstale[0m    (poll #5)  order=de9b2770
  [    345ms]  [91mstale[0m    (poll #6)  order=de9b2770
  [    407ms]  [92mVISIBLE[0m  (poll #7, X-Cache: MISS)  order=de9b2770

[96mOrder 168/1000:[0m
  [      4ms]  [91mstale[0m    (poll #1)  order=153acb86
  [     64ms]  [91mstale[0m    (poll #2)  order=153acb86
  [    125ms]  [91mstale[0m    (poll #3)  order=153acb86
  [    186ms]  [91mstale[0m    (poll #4)  order=153acb86
  [    254ms]  [91mstale[0m    (poll #5)  order=153acb86
  [    326ms]  [91mstale[0m    (poll #6)  order=153acb86
  [    390ms]  [92mVISIBLE[0m  (poll #7, X-Cache: MISS)  order=153acb86

[96mOrder 169/1000:[0m
  [      7ms]  [91mstale[0m    (poll #1)  order=8d03cc1a
  [     70ms]  [91mstale[0m    (poll #2)  order=8d03cc1a
  [    132ms]  [91mstale[0m    (poll #3)  order=8d03cc1a
  [    200ms]  [91mstale[0m    (poll #4)  order=8d03cc1a
  [    269ms]  [91mstale[0m    (poll #5)  order=8d03cc1a
  [    338ms]  [91mstale[0m    (poll #6)  order=8d03cc1a
  [    411ms]  [91mstale[0m    (poll #7)  order=8d03cc1a
  [    485ms]  [92mVISIBLE[0m  (poll #8, X-Cache: MISS)  order=8d03cc1a

[96mOrder 170/1000:[0m
  [     10ms]  [91mstale[0m    (poll #1)  order=5c3909fe
  [     75ms]  [91mstale[0m    (poll #2)  order=5c3909fe
  [    142ms]  [91mstale[0m    (poll #3)  order=5c3909fe
  [    207ms]  [91mstale[0m    (poll #4)  order=5c3909fe
  [    277ms]  [91mstale[0m    (poll #5)  order=5c3909fe
  [    346ms]  [91mstale[0m    (poll #6)  order=5c3909fe
  [    419ms]  [91mstale[0m    (poll #7)  order=5c3909fe
  [    486ms]  [91mstale[0m    (poll #8)  order=5c3909fe
  [    557ms]  [92mVISIBLE[0m  (poll #9, X-Cache: MISS)  order=5c3909fe

[96mOrder 171/1000:[0m
  [      9ms]  [91mstale[0m    (poll #1)  order=45b73201
  [     72ms]  [91mstale[0m    (poll #2)  order=45b73201
  [    135ms]  [91mstale[0m    (poll #3)  order=45b73201
  [    203ms]  [91mstale[0m    (poll #4)  order=45b73201
  [    274ms]  [91mstale[0m    (poll #5)  order=45b73201
  [    342ms]  [92mVISIBLE[0m  (poll #6, X-Cache: MISS)  order=45b73201

[96mOrder 172/1000:[0m
  [      7ms]  [91mstale[0m    (poll #1)  order=4b99eac6
  [     70ms]  [91mstale[0m    (poll #2)  order=4b99eac6
  [    136ms]  [91mstale[0m    (poll #3)  order=4b99eac6
  [    203ms]  [91mstale[0m    (poll #4)  order=4b99eac6
  [    269ms]  [91mstale[0m    (poll #5)  order=4b99eac6
  [    339ms]  [91mstale[0m    (poll #6)  order=4b99eac6
  [    411ms]  [91mstale[0m    (poll #7)  order=4b99eac6
  [    481ms]  [91mstale[0m    (poll #8)  order=4b99eac6
  [    541ms]  [92mVISIBLE[0m  (poll #9, X-Cache: MISS)  order=4b99eac6

[96mOrder 173/1000:[0m
  [      4ms]  [91mstale[0m    (poll #1)  order=9738f321
  [     65ms]  [91mstale[0m    (poll #2)  order=9738f321
  [    123ms]  [91mstale[0m    (poll #3)  order=9738f321
  [    185ms]  [91mstale[0m    (poll #4)  order=9738f321
  [    252ms]  [91mstale[0m    (poll #5)  order=9738f321
  [    323ms]  [91mstale[0m    (poll #6)  order=9738f321
  [    396ms]  [91mstale[0m    (poll #7)  order=9738f321
  [    472ms]  [91mstale[0m    (poll #8)  order=9738f321
  [    543ms]  [92mVISIBLE[0m  (poll #9, X-Cache: MISS)  order=9738f321

[96mOrder 174/1000:[0m
  [      9ms]  [91mstale[0m    (poll #1)  order=df518fc2
  [     74ms]  [91mstale[0m    (poll #2)  order=df518fc2
  [    139ms]  [91mstale[0m    (poll #3)  order=df518fc2
  [    207ms]  [91mstale[0m    (poll #4)  order=df518fc2
  [    278ms]  [91mstale[0m    (poll #5)  order=df518fc2
  [    346ms]  [91mstale[0m    (poll #6)  order=df518fc2
  [    411ms]  [91mstale[0m    (poll #7)  order=df518fc2
  [    479ms]  [92mVISIBLE[0m  (poll #8, X-Cache: MISS)  order=df518fc2

[96mOrder 175/1000:[0m
  [      8ms]  [91mstale[0m    (poll #1)  order=0473294c
  [     72ms]  [91mstale[0m    (poll #2)  order=0473294c
  [    134ms]  [91mstale[0m    (poll #3)  order=0473294c
  [    201ms]  [91mstale[0m    (poll #4)  order=0473294c
  [    270ms]  [91mstale[0m    (poll #5)  order=0473294c
  [    341ms]  [91mstale[0m    (poll #6)  order=0473294c
  [    410ms]  [91mstale[0m    (poll #7)  order=0473294c
  [    482ms]  [92mVISIBLE[0m  (poll #8, X-Cache: MISS)  order=0473294c

[96mOrder 176/1000:[0m
  [      8ms]  [91mstale[0m    (poll #1)  order=2f3dfd68
  [     70ms]  [91mstale[0m    (poll #2)  order=2f3dfd68
  [    134ms]  [91mstale[0m    (poll #3)  order=2f3dfd68
  [    205ms]  [91mstale[0m    (poll #4)  order=2f3dfd68
  [    272ms]  [91mstale[0m    (poll #5)  order=2f3dfd68
  [    339ms]  [91mstale[0m    (poll #6)  order=2f3dfd68
  [    414ms]  [91mstale[0m    (poll #7)  order=2f3dfd68
  [    471ms]  [91mstale[0m    (poll #8)  order=2f3dfd68
  [    532ms]  [92mVISIBLE[0m  (poll #9, X-Cache: MISS)  order=2f3dfd68

[96mOrder 177/1000:[0m
  [      4ms]  [91mstale[0m    (poll #1)  order=85f19593
  [     64ms]  [91mstale[0m    (poll #2)  order=85f19593
  [    124ms]  [91mstale[0m    (poll #3)  order=85f19593
  [    188ms]  [91mstale[0m    (poll #4)  order=85f19593
  [    251ms]  [91mstale[0m    (poll #5)  order=85f19593
  [    319ms]  [91mstale[0m    (poll #6)  order=85f19593
  [    390ms]  [91mstale[0m    (poll #7)  order=85f19593
  [    458ms]  [91mstale[0m    (poll #8)  order=85f19593
  [    518ms]  [92mVISIBLE[0m  (poll #9, X-Cache: MISS)  order=85f19593

[96mOrder 178/1000:[0m
  [      5ms]  [91mstale[0m    (poll #1)  order=011b3a89
  [     65ms]  [91mstale[0m    (poll #2)  order=011b3a89
  [    128ms]  [91mstale[0m    (poll #3)  order=011b3a89
  [    190ms]  [91mstale[0m    (poll #4)  order=011b3a89
  [    257ms]  [91mstale[0m    (poll #5)  order=011b3a89
  [    334ms]  [91mstale[0m    (poll #6)  order=011b3a89
  [    404ms]  [91mstale[0m    (poll #7)  order=011b3a89
  [    473ms]  [92mVISIBLE[0m  (poll #8, X-Cache: MISS)  order=011b3a89

[96mOrder 179/1000:[0m
  [      7ms]  [91mstale[0m    (poll #1)  order=34b9bd78
  [     70ms]  [91mstale[0m    (poll #2)  order=34b9bd78
  [    131ms]  [91mstale[0m    (poll #3)  order=34b9bd78
  [    197ms]  [91mstale[0m    (poll #4)  order=34b9bd78
  [    264ms]  [91mstale[0m    (poll #5)  order=34b9bd78
  [    335ms]  [91mstale[0m    (poll #6)  order=34b9bd78
  [    407ms]  [91mstale[0m    (poll #7)  order=34b9bd78
  [    477ms]  [91mstale[0m    (poll #8)  order=34b9bd78
  [    544ms]  [92mVISIBLE[0m  (poll #9, X-Cache: MISS)  order=34b9bd78

[96mOrder 180/1000:[0m
  [      9ms]  [91mstale[0m    (poll #1)  order=89301c4d
  [     72ms]  [91mstale[0m    (poll #2)  order=89301c4d
  [    139ms]  [91mstale[0m    (poll #3)  order=89301c4d
  [    208ms]  [91mstale[0m    (poll #4)  order=89301c4d
  [    279ms]  [91mstale[0m    (poll #5)  order=89301c4d
  [    343ms]  [91mstale[0m    (poll #6)  order=89301c4d
  [    408ms]  [91mstale[0m    (poll #7)  order=89301c4d
  [    470ms]  [92mVISIBLE[0m  (poll #8, X-Cache: MISS)  order=89301c4d

[96mOrder 181/1000:[0m
  [      7ms]  [91mstale[0m    (poll #1)  order=8dfa30a7
  [     65ms]  [91mstale[0m    (poll #2)  order=8dfa30a7
  [    127ms]  [91mstale[0m    (poll #3)  order=8dfa30a7
  [    184ms]  [91mstale[0m    (poll #4)  order=8dfa30a7
  [    244ms]  [91mstale[0m    (poll #5)  order=8dfa30a7
  [    307ms]  [91mstale[0m    (poll #6)  order=8dfa30a7
  [    369ms]  [91mstale[0m    (poll #7)  order=8dfa30a7
  [    433ms]  [92mVISIBLE[0m  (poll #8, X-Cache: MISS)  order=8dfa30a7

[96mOrder 182/1000:[0m
  [      4ms]  [91mstale[0m    (poll #1)  order=6cc3aa69
  [     59ms]  [91mstale[0m    (poll #2)  order=6cc3aa69
  [    119ms]  [91mstale[0m    (poll #3)  order=6cc3aa69
  [    182ms]  [91mstale[0m    (poll #4)  order=6cc3aa69
  [    245ms]  [91mstale[0m    (poll #5)  order=6cc3aa69
  [    310ms]  [91mstale[0m    (poll #6)  order=6cc3aa69
  [    376ms]  [91mstale[0m    (poll #7)  order=6cc3aa69
  [    439ms]  [91mstale[0m    (poll #8)  order=6cc3aa69
  [    506ms]  [92mVISIBLE[0m  (poll #9, X-Cache: MISS)  order=6cc3aa69

[96mOrder 183/1000:[0m
  [      8ms]  [91mstale[0m    (poll #1)  order=25e920c8
  [     82ms]  [91mstale[0m    (poll #2)  order=25e920c8
  [    144ms]  [91mstale[0m    (poll #3)  order=25e920c8
  [    208ms]  [91mstale[0m    (poll #4)  order=25e920c8
  [    273ms]  [91mstale[0m    (poll #5)  order=25e920c8
  [    339ms]  [91mstale[0m    (poll #6)  order=25e920c8
  [    406ms]  [91mstale[0m    (poll #7)  order=25e920c8
  [    477ms]  [92mVISIBLE[0m  (poll #8, X-Cache: MISS)  order=25e920c8

[96mOrder 184/1000:[0m
  [      9ms]  [91mstale[0m    (poll #1)  order=f69f0529
  [     74ms]  [91mstale[0m    (poll #2)  order=f69f0529
  [    138ms]  [91mstale[0m    (poll #3)  order=f69f0529
  [    204ms]  [91mstale[0m    (poll #4)  order=f69f0529
  [    270ms]  [91mstale[0m    (poll #5)  order=f69f0529
  [    341ms]  [91mstale[0m    (poll #6)  order=f69f0529
  [    407ms]  [91mstale[0m    (poll #7)  order=f69f0529
  [    472ms]  [91mstale[0m    (poll #8)  order=f69f0529
  [    538ms]  [92mVISIBLE[0m  (poll #9, X-Cache: MISS)  order=f69f0529

[96mOrder 185/1000:[0m
  [     10ms]  [91mstale[0m    (poll #1)  order=b1afe01c
  [     76ms]  [91mstale[0m    (poll #2)  order=b1afe01c
  [    136ms]  [91mstale[0m    (poll #3)  order=b1afe01c
  [    202ms]  [91mstale[0m    (poll #4)  order=b1afe01c
  [    268ms]  [91mstale[0m    (poll #5)  order=b1afe01c
  [    342ms]  [91mstale[0m    (poll #6)  order=b1afe01c
  [    408ms]  [92mVISIBLE[0m  (poll #7, X-Cache: MISS)  order=b1afe01c

[96mOrder 186/1000:[0m
  [      8ms]  [91mstale[0m    (poll #1)  order=fdeb55e7
  [     72ms]  [91mstale[0m    (poll #2)  order=fdeb55e7
  [    136ms]  [91mstale[0m    (poll #3)  order=fdeb55e7
  [    205ms]  [91mstale[0m    (poll #4)  order=fdeb55e7
  [    276ms]  [91mstale[0m    (poll #5)  order=fdeb55e7
  [    348ms]  [91mstale[0m    (poll #6)  order=fdeb55e7
  [    410ms]  [91mstale[0m    (poll #7)  order=fdeb55e7
  [    478ms]  [92mVISIBLE[0m  (poll #8, X-Cache: MISS)  order=fdeb55e7

[96mOrder 187/1000:[0m
  [      9ms]  [91mstale[0m    (poll #1)  order=c37928b9
  [     75ms]  [91mstale[0m    (poll #2)  order=c37928b9
  [    137ms]  [91mstale[0m    (poll #3)  order=c37928b9
  [    206ms]  [91mstale[0m    (poll #4)  order=c37928b9
  [    277ms]  [91mstale[0m    (poll #5)  order=c37928b9
  [    344ms]  [91mstale[0m    (poll #6)  order=c37928b9
  [    418ms]  [91mstale[0m    (poll #7)  order=c37928b9
  [    483ms]  [91mstale[0m    (poll #8)  order=c37928b9
  [    543ms]  [92mVISIBLE[0m  (poll #9, X-Cache: MISS)  order=c37928b9

[96mOrder 188/1000:[0m
  [      5ms]  [91mstale[0m    (poll #1)  order=f14b8f38
  [     63ms]  [91mstale[0m    (poll #2)  order=f14b8f38
  [    124ms]  [91mstale[0m    (poll #3)  order=f14b8f38
  [    189ms]  [91mstale[0m    (poll #4)  order=f14b8f38
  [    252ms]  [91mstale[0m    (poll #5)  order=f14b8f38
  [    315ms]  [91mstale[0m    (poll #6)  order=f14b8f38
  [    379ms]  [91mstale[0m    (poll #7)  order=f14b8f38
  [    446ms]  [91mstale[0m    (poll #8)  order=f14b8f38
  [    518ms]  [92mVISIBLE[0m  (poll #9, X-Cache: MISS)  order=f14b8f38

[96mOrder 189/1000:[0m
  [      8ms]  [91mstale[0m    (poll #1)  order=091ac408
  [     73ms]  [91mstale[0m    (poll #2)  order=091ac408
  [    138ms]  [91mstale[0m    (poll #3)  order=091ac408
  [    201ms]  [91mstale[0m    (poll #4)  order=091ac408
  [    275ms]  [91mstale[0m    (poll #5)  order=091ac408
  [    343ms]  [91mstale[0m    (poll #6)  order=091ac408
  [    411ms]  [91mstale[0m    (poll #7)  order=091ac408
  [    472ms]  [92mVISIBLE[0m  (poll #8, X-Cache: MISS)  order=091ac408

[96mOrder 190/1000:[0m
  [      7ms]  [91mstale[0m    (poll #1)  order=746a987e
  [     71ms]  [91mstale[0m    (poll #2)  order=746a987e
  [    135ms]  [91mstale[0m    (poll #3)  order=746a987e
  [    201ms]  [91mstale[0m    (poll #4)  order=746a987e
  [    269ms]  [91mstale[0m    (poll #5)  order=746a987e
  [    332ms]  [91mstale[0m    (poll #6)  order=746a987e
  [    399ms]  [91mstale[0m    (poll #7)  order=746a987e
  [    462ms]  [91mstale[0m    (poll #8)  order=746a987e
  [    532ms]  [92mVISIBLE[0m  (poll #9, X-Cache: MISS)  order=746a987e

[96mOrder 191/1000:[0m
  [      9ms]  [91mstale[0m    (poll #1)  order=7ddb9a4e
  [     73ms]  [91mstale[0m    (poll #2)  order=7ddb9a4e
  [    134ms]  [91mstale[0m    (poll #3)  order=7ddb9a4e
  [    200ms]  [91mstale[0m    (poll #4)  order=7ddb9a4e
  [    269ms]  [91mstale[0m    (poll #5)  order=7ddb9a4e
  [    341ms]  [91mstale[0m    (poll #6)  order=7ddb9a4e
  [    412ms]  [91mstale[0m    (poll #7)  order=7ddb9a4e
  [    481ms]  [91mstale[0m    (poll #8)  order=7ddb9a4e
  [    553ms]  [92mVISIBLE[0m  (poll #9, X-Cache: MISS)  order=7ddb9a4e

[96mOrder 192/1000:[0m
  [     10ms]  [91mstale[0m    (poll #1)  order=4043ecbf
  [     76ms]  [91mstale[0m    (poll #2)  order=4043ecbf
  [    136ms]  [91mstale[0m    (poll #3)  order=4043ecbf
  [    197ms]  [91mstale[0m    (poll #4)  order=4043ecbf
  [    258ms]  [91mstale[0m    (poll #5)  order=4043ecbf
  [    327ms]  [91mstale[0m    (poll #6)  order=4043ecbf
  [    395ms]  [91mstale[0m    (poll #7)  order=4043ecbf
  [    465ms]  [92mVISIBLE[0m  (poll #8, X-Cache: MISS)  order=4043ecbf

[96mOrder 193/1000:[0m
  [     10ms]  [91mstale[0m    (poll #1)  order=c26f98bd
  [     75ms]  [91mstale[0m    (poll #2)  order=c26f98bd
  [    140ms]  [91mstale[0m    (poll #3)  order=c26f98bd
  [    208ms]  [91mstale[0m    (poll #4)  order=c26f98bd
  [    277ms]  [91mstale[0m    (poll #5)  order=c26f98bd
  [    346ms]  [91mstale[0m    (poll #6)  order=c26f98bd
  [    416ms]  [92mVISIBLE[0m  (poll #7, X-Cache: MISS)  order=c26f98bd

[96mOrder 194/1000:[0m
  [      5ms]  [91mstale[0m    (poll #1)  order=3ffae70d
  [     67ms]  [91mstale[0m    (poll #2)  order=3ffae70d
  [    130ms]  [91mstale[0m    (poll #3)  order=3ffae70d
  [    196ms]  [91mstale[0m    (poll #4)  order=3ffae70d
  [    258ms]  [91mstale[0m    (poll #5)  order=3ffae70d
  [    325ms]  [91mstale[0m    (poll #6)  order=3ffae70d
  [    392ms]  [91mstale[0m    (poll #7)  order=3ffae70d
  [    465ms]  [92mVISIBLE[0m  (poll #8, X-Cache: MISS)  order=3ffae70d

[96mOrder 195/1000:[0m
  [      9ms]  [91mstale[0m    (poll #1)  order=d65d7ee0
  [     73ms]  [91mstale[0m    (poll #2)  order=d65d7ee0
  [    134ms]  [91mstale[0m    (poll #3)  order=d65d7ee0
  [    198ms]  [91mstale[0m    (poll #4)  order=d65d7ee0
  [    273ms]  [91mstale[0m    (poll #5)  order=d65d7ee0
  [    339ms]  [91mstale[0m    (poll #6)  order=d65d7ee0
  [    407ms]  [91mstale[0m    (poll #7)  order=d65d7ee0
  [    479ms]  [91mstale[0m    (poll #8)  order=d65d7ee0
  [    548ms]  [92mVISIBLE[0m  (poll #9, X-Cache: MISS)  order=d65d7ee0

[96mOrder 196/1000:[0m
  [     10ms]  [91mstale[0m    (poll #1)  order=df592a7a
  [     74ms]  [91mstale[0m    (poll #2)  order=df592a7a
  [    136ms]  [91mstale[0m    (poll #3)  order=df592a7a
  [    194ms]  [91mstale[0m    (poll #4)  order=df592a7a
  [    252ms]  [91mstale[0m    (poll #5)  order=df592a7a
  [    317ms]  [91mstale[0m    (poll #6)  order=df592a7a
  [    380ms]  [91mstale[0m    (poll #7)  order=df592a7a
  [    440ms]  [91mstale[0m    (poll #8)  order=df592a7a
  [    504ms]  [92mVISIBLE[0m  (poll #9, X-Cache: MISS)  order=df592a7a

[96mOrder 197/1000:[0m
  [      6ms]  [91mstale[0m    (poll #1)  order=703e7624
  [     65ms]  [91mstale[0m    (poll #2)  order=703e7624
  [    131ms]  [91mstale[0m    (poll #3)  order=703e7624
  [    195ms]  [91mstale[0m    (poll #4)  order=703e7624
  [    260ms]  [91mstale[0m    (poll #5)  order=703e7624
  [    327ms]  [91mstale[0m    (poll #6)  order=703e7624
  [    391ms]  [91mstale[0m    (poll #7)  order=703e7624
  [    453ms]  [91mstale[0m    (poll #8)  order=703e7624
  [    520ms]  [92mVISIBLE[0m  (poll #9, X-Cache: MISS)  order=703e7624

[96mOrder 198/1000:[0m
  [      6ms]  [91mstale[0m    (poll #1)  order=411b492b
  [     65ms]  [91mstale[0m    (poll #2)  order=411b492b
  [    130ms]  [91mstale[0m    (poll #3)  order=411b492b
  [    191ms]  [91mstale[0m    (poll #4)  order=411b492b
  [    258ms]  [91mstale[0m    (poll #5)  order=411b492b
  [    325ms]  [91mstale[0m    (poll #6)  order=411b492b
  [    396ms]  [91mstale[0m    (poll #7)  order=411b492b
  [    466ms]  [92mVISIBLE[0m  (poll #8, X-Cache: MISS)  order=411b492b

[96mOrder 199/1000:[0m
  [     10ms]  [91mstale[0m    (poll #1)  order=932af054
  [     74ms]  [91mstale[0m    (poll #2)  order=932af054
  [    139ms]  [91mstale[0m    (poll #3)  order=932af054
  [    208ms]  [91mstale[0m    (poll #4)  order=932af054
  [    275ms]  [91mstale[0m    (poll #5)  order=932af054
  [    347ms]  [91mstale[0m    (poll #6)  order=932af054
  [    415ms]  [91mstale[0m    (poll #7)  order=932af054
  [    482ms]  [91mstale[0m    (poll #8)  order=932af054
  [    547ms]  [92mVISIBLE[0m  (poll #9, X-Cache: MISS)  order=932af054

[96mOrder 200/1000:[0m
  [      8ms]  [91mstale[0m    (poll #1)  order=ec7895a4
  [     71ms]  [91mstale[0m    (poll #2)  order=ec7895a4
  [    135ms]  [91mstale[0m    (poll #3)  order=ec7895a4
  [    196ms]  [91mstale[0m    (poll #4)  order=ec7895a4
  [    260ms]  [91mstale[0m    (poll #5)  order=ec7895a4
  [    326ms]  [91mstale[0m    (poll #6)  order=ec7895a4
  [    393ms]  [91mstale[0m    (poll #7)  order=ec7895a4
  [    466ms]  [92mVISIBLE[0m  (poll #8, X-Cache: MISS)  order=ec7895a4

[96mOrder 201/1000:[0m
  [      9ms]  [91mstale[0m    (poll #1)  order=796e9fa3
  [     74ms]  [91mstale[0m    (poll #2)  order=796e9fa3
  [    134ms]  [91mstale[0m    (poll #3)  order=796e9fa3
  [    193ms]  [91mstale[0m    (poll #4)  order=796e9fa3
  [    255ms]  [91mstale[0m    (poll #5)  order=796e9fa3
  [    316ms]  [91mstale[0m    (poll #6)  order=796e9fa3
  [    374ms]  [91mstale[0m    (poll #7)  order=796e9fa3
  [    436ms]  [91mstale[0m    (poll #8)  order=796e9fa3
  [    496ms]  [92mVISIBLE[0m  (poll #9, X-Cache: MISS)  order=796e9fa3

[96mOrder 202/1000:[0m
  [      5ms]  [91mstale[0m    (poll #1)  order=c4bdf8b8
  [     67ms]  [91mstale[0m    (poll #2)  order=c4bdf8b8
  [    130ms]  [91mstale[0m    (poll #3)  order=c4bdf8b8
  [    194ms]  [91mstale[0m    (poll #4)  order=c4bdf8b8
  [    261ms]  [91mstale[0m    (poll #5)  order=c4bdf8b8
  [    333ms]  [91mstale[0m    (poll #6)  order=c4bdf8b8
  [    400ms]  [91mstale[0m    (poll #7)  order=c4bdf8b8
  [    471ms]  [91mstale[0m    (poll #8)  order=c4bdf8b8
  [    540ms]  [92mVISIBLE[0m  (poll #9, X-Cache: MISS)  order=c4bdf8b8

[96mOrder 203/1000:[0m
  [     10ms]  [91mstale[0m    (poll #1)  order=ca9fb71f
  [     75ms]  [91mstale[0m    (poll #2)  order=ca9fb71f
  [    142ms]  [91mstale[0m    (poll #3)  order=ca9fb71f
  [    204ms]  [91mstale[0m    (poll #4)  order=ca9fb71f
  [    272ms]  [91mstale[0m    (poll #5)  order=ca9fb71f
  [    339ms]  [91mstale[0m    (poll #6)  order=ca9fb71f
  [    410ms]  [91mstale[0m    (poll #7)  order=ca9fb71f
  [    478ms]  [92mVISIBLE[0m  (poll #8, X-Cache: MISS)  order=ca9fb71f

[96mOrder 204/1000:[0m
  [      7ms]  [91mstale[0m    (poll #1)  order=704810c9
  [     70ms]  [91mstale[0m    (poll #2)  order=704810c9
  [    130ms]  [91mstale[0m    (poll #3)  order=704810c9
  [    197ms]  [91mstale[0m    (poll #4)  order=704810c9
  [    266ms]  [91mstale[0m    (poll #5)  order=704810c9
  [    337ms]  [91mstale[0m    (poll #6)  order=704810c9
  [    407ms]  [91mstale[0m    (poll #7)  order=704810c9
  [    475ms]  [91mstale[0m    (poll #8)  order=704810c9
  [    548ms]  [92mVISIBLE[0m  (poll #9, X-Cache: MISS)  order=704810c9

[96mOrder 205/1000:[0m
  [     10ms]  [91mstale[0m    (poll #1)  order=e0256174
  [     72ms]  [91mstale[0m    (poll #2)  order=e0256174
  [    138ms]  [91mstale[0m    (poll #3)  order=e0256174
  [    207ms]  [91mstale[0m    (poll #4)  order=e0256174
  [    274ms]  [91mstale[0m    (poll #5)  order=e0256174
  [    343ms]  [91mstale[0m    (poll #6)  order=e0256174
  [    410ms]  [91mstale[0m    (poll #7)  order=e0256174
  [    480ms]  [92mVISIBLE[0m  (poll #8, X-Cache: MISS)  order=e0256174

[96mOrder 206/1000:[0m
  [      9ms]  [91mstale[0m    (poll #1)  order=2cae623f
  [     72ms]  [91mstale[0m    (poll #2)  order=2cae623f
  [    137ms]  [91mstale[0m    (poll #3)  order=2cae623f
  [    203ms]  [91mstale[0m    (poll #4)  order=2cae623f
  [    274ms]  [91mstale[0m    (poll #5)  order=2cae623f
  [    341ms]  [91mstale[0m    (poll #6)  order=2cae623f
  [    411ms]  [91mstale[0m    (poll #7)  order=2cae623f
  [    478ms]  [92mVISIBLE[0m  (poll #8, X-Cache: MISS)  order=2cae623f

[96mOrder 207/1000:[0m
  [      8ms]  [91mstale[0m    (poll #1)  order=3d7e9bda
  [     71ms]  [91mstale[0m    (poll #2)  order=3d7e9bda
  [    130ms]  [91mstale[0m    (poll #3)  order=3d7e9bda
  [    196ms]  [91mstale[0m    (poll #4)  order=3d7e9bda
  [    259ms]  [91mstale[0m    (poll #5)  order=3d7e9bda
  [    319ms]  [91mstale[0m    (poll #6)  order=3d7e9bda
  [    383ms]  [91mstale[0m    (poll #7)  order=3d7e9bda
  [    446ms]  [91mstale[0m    (poll #8)  order=3d7e9bda
  [    510ms]  [92mVISIBLE[0m  (poll #9, X-Cache: MISS)  order=3d7e9bda

[96mOrder 208/1000:[0m
  [      7ms]  [91mstale[0m    (poll #1)  order=a6305f72
  [     71ms]  [91mstale[0m    (poll #2)  order=a6305f72
  [    136ms]  [91mstale[0m    (poll #3)  order=a6305f72
  [    203ms]  [91mstale[0m    (poll #4)  order=a6305f72
  [    273ms]  [91mstale[0m    (poll #5)  order=a6305f72
  [    345ms]  [91mstale[0m    (poll #6)  order=a6305f72
  [    415ms]  [91mstale[0m    (poll #7)  order=a6305f72
  [    484ms]  [91mstale[0m    (poll #8)  order=a6305f72
  [    554ms]  [92mVISIBLE[0m  (poll #9, X-Cache: MISS)  order=a6305f72

[96mOrder 209/1000:[0m
  [      8ms]  [91mstale[0m    (poll #1)  order=c517f1ec
  [     72ms]  [91mstale[0m    (poll #2)  order=c517f1ec
  [    136ms]  [91mstale[0m    (poll #3)  order=c517f1ec
  [    203ms]  [91mstale[0m    (poll #4)  order=c517f1ec
  [    271ms]  [91mstale[0m    (poll #5)  order=c517f1ec
  [    344ms]  [91mstale[0m    (poll #6)  order=c517f1ec
  [    407ms]  [91mstale[0m    (poll #7)  order=c517f1ec
  [    475ms]  [92mVISIBLE[0m  (poll #8, X-Cache: MISS)  order=c517f1ec

[96mOrder 210/1000:[0m
  [      9ms]  [91mstale[0m    (poll #1)  order=10d0eed9
  [     73ms]  [91mstale[0m    (poll #2)  order=10d0eed9
  [    139ms]  [91mstale[0m    (poll #3)  order=10d0eed9
  [    208ms]  [91mstale[0m    (poll #4)  order=10d0eed9
  [    278ms]  [91mstale[0m    (poll #5)  order=10d0eed9
  [    346ms]  [91mstale[0m    (poll #6)  order=10d0eed9
  [    417ms]  [91mstale[0m    (poll #7)  order=10d0eed9
  [    482ms]  [91mstale[0m    (poll #8)  order=10d0eed9
  [    551ms]  [92mVISIBLE[0m  (poll #9, X-Cache: MISS)  order=10d0eed9

[96mOrder 211/1000:[0m
  [      9ms]  [91mstale[0m    (poll #1)  order=6ca932c7
  [     72ms]  [91mstale[0m    (poll #2)  order=6ca932c7
  [    140ms]  [91mstale[0m    (poll #3)  order=6ca932c7
  [    203ms]  [91mstale[0m    (poll #4)  order=6ca932c7
  [    272ms]  [91mstale[0m    (poll #5)  order=6ca932c7
  [    331ms]  [91mstale[0m    (poll #6)  order=6ca932c7
  [    396ms]  [92mVISIBLE[0m  (poll #7, X-Cache: MISS)  order=6ca932c7

[96mOrder 212/1000:[0m
  [      6ms]  [91mstale[0m    (poll #1)  order=af8594b7
  [     65ms]  [91mstale[0m    (poll #2)  order=af8594b7
  [    127ms]  [91mstale[0m    (poll #3)  order=af8594b7
  [    190ms]  [91mstale[0m    (poll #4)  order=af8594b7
  [    258ms]  [91mstale[0m    (poll #5)  order=af8594b7
  [    321ms]  [91mstale[0m    (poll #6)  order=af8594b7
  [    394ms]  [91mstale[0m    (poll #7)  order=af8594b7
  [    462ms]  [92mVISIBLE[0m  (poll #8, X-Cache: MISS)  order=af8594b7

[96mOrder 213/1000:[0m
  [      6ms]  [91mstale[0m    (poll #1)  order=155c6e08
  [     63ms]  [91mstale[0m    (poll #2)  order=155c6e08
  [    125ms]  [91mstale[0m    (poll #3)  order=155c6e08
  [    195ms]  [91mstale[0m    (poll #4)  order=155c6e08
  [    267ms]  [91mstale[0m    (poll #5)  order=155c6e08
  [    338ms]  [91mstale[0m    (poll #6)  order=155c6e08
  [    409ms]  [91mstale[0m    (poll #7)  order=155c6e08
  [    472ms]  [91mstale[0m    (poll #8)  order=155c6e08
  [    528ms]  [92mVISIBLE[0m  (poll #9, X-Cache: MISS)  order=155c6e08

[96mOrder 214/1000:[0m
  [      4ms]  [91mstale[0m    (poll #1)  order=32447c27
  [     60ms]  [91mstale[0m    (poll #2)  order=32447c27
  [    122ms]  [91mstale[0m    (poll #3)  order=32447c27
  [    183ms]  [91mstale[0m    (poll #4)  order=32447c27
  [    249ms]  [91mstale[0m    (poll #5)  order=32447c27
  [    314ms]  [91mstale[0m    (poll #6)  order=32447c27
  [    385ms]  [91mstale[0m    (poll #7)  order=32447c27
  [    453ms]  [91mstale[0m    (poll #8)  order=32447c27
  [    513ms]  [92mVISIBLE[0m  (poll #9, X-Cache: MISS)  order=32447c27

[96mOrder 215/1000:[0m
  [      4ms]  [91mstale[0m    (poll #1)  order=3e5c908a
  [     64ms]  [91mstale[0m    (poll #2)  order=3e5c908a
  [    126ms]  [91mstale[0m    (poll #3)  order=3e5c908a
  [    190ms]  [91mstale[0m    (poll #4)  order=3e5c908a
  [    255ms]  [91mstale[0m    (poll #5)  order=3e5c908a
  [    325ms]  [91mstale[0m    (poll #6)  order=3e5c908a
  [    395ms]  [91mstale[0m    (poll #7)  order=3e5c908a
  [    455ms]  [91mstale[0m    (poll #8)  order=3e5c908a
  [    516ms]  [92mVISIBLE[0m  (poll #9, X-Cache: MISS)  order=3e5c908a

[96mOrder 216/1000:[0m
  [      4ms]  [91mstale[0m    (poll #1)  order=457587f2
  [     59ms]  [91mstale[0m    (poll #2)  order=457587f2
  [    120ms]  [91mstale[0m    (poll #3)  order=457587f2
  [    183ms]  [91mstale[0m    (poll #4)  order=457587f2
  [    248ms]  [91mstale[0m    (poll #5)  order=457587f2
  [    313ms]  [91mstale[0m    (poll #6)  order=457587f2
  [    382ms]  [91mstale[0m    (poll #7)  order=457587f2
  [    448ms]  [91mstale[0m    (poll #8)  order=457587f2
  [    519ms]  [92mVISIBLE[0m  (poll #9, X-Cache: MISS)  order=457587f2

[96mOrder 217/1000:[0m
  [     11ms]  [91mstale[0m    (poll #1)  order=efeca717
  [     73ms]  [91mstale[0m    (poll #2)  order=efeca717
  [    133ms]  [91mstale[0m    (poll #3)  order=efeca717
  [    196ms]  [91mstale[0m    (poll #4)  order=efeca717
  [    256ms]  [91mstale[0m    (poll #5)  order=efeca717
  [    322ms]  [91mstale[0m    (poll #6)  order=efeca717
  [    383ms]  [91mstale[0m    (poll #7)  order=efeca717
  [    453ms]  [92mVISIBLE[0m  (poll #8, X-Cache: MISS)  order=efeca717

[96mOrder 218/1000:[0m
  [      7ms]  [91mstale[0m    (poll #1)  order=cac3e6cd
  [     69ms]  [91mstale[0m    (poll #2)  order=cac3e6cd
  [    132ms]  [91mstale[0m    (poll #3)  order=cac3e6cd
  [    195ms]  [91mstale[0m    (poll #4)  order=cac3e6cd
  [    261ms]  [91mstale[0m    (poll #5)  order=cac3e6cd
  [    329ms]  [91mstale[0m    (poll #6)  order=cac3e6cd
  [    398ms]  [91mstale[0m    (poll #7)  order=cac3e6cd
  [    466ms]  [91mstale[0m    (poll #8)  order=cac3e6cd
  [    536ms]  [92mVISIBLE[0m  (poll #9, X-Cache: MISS)  order=cac3e6cd

[96mOrder 219/1000:[0m
  [     10ms]  [91mstale[0m    (poll #1)  order=a2269cf0
  [     82ms]  [91mstale[0m    (poll #2)  order=a2269cf0
  [    145ms]  [91mstale[0m    (poll #3)  order=a2269cf0
  [    212ms]  [91mstale[0m    (poll #4)  order=a2269cf0
  [    283ms]  [91mstale[0m    (poll #5)  order=a2269cf0
  [    344ms]  [91mstale[0m    (poll #6)  order=a2269cf0
  [    410ms]  [91mstale[0m    (poll #7)  order=a2269cf0
  [    475ms]  [92mVISIBLE[0m  (poll #8, X-Cache: MISS)  order=a2269cf0

[96mOrder 220/1000:[0m
  [      5ms]  [91mstale[0m    (poll #1)  order=07b4bb82
  [     67ms]  [91mstale[0m    (poll #2)  order=07b4bb82
  [    133ms]  [91mstale[0m    (poll #3)  order=07b4bb82
  [    197ms]  [91mstale[0m    (poll #4)  order=07b4bb82
  [    268ms]  [91mstale[0m    (poll #5)  order=07b4bb82
  [    344ms]  [91mstale[0m    (poll #6)  order=07b4bb82
  [    416ms]  [91mstale[0m    (poll #7)  order=07b4bb82
  [    489ms]  [91mstale[0m    (poll #8)  order=07b4bb82
  [    546ms]  [92mVISIBLE[0m  (poll #9, X-Cache: MISS)  order=07b4bb82

[96mOrder 221/1000:[0m
  [      4ms]  [91mstale[0m    (poll #1)  order=7b81a266
  [     60ms]  [91mstale[0m    (poll #2)  order=7b81a266
  [    122ms]  [91mstale[0m    (poll #3)  order=7b81a266
  [    183ms]  [91mstale[0m    (poll #4)  order=7b81a266
  [    243ms]  [91mstale[0m    (poll #5)  order=7b81a266
  [    305ms]  [91mstale[0m    (poll #6)  order=7b81a266
  [    368ms]  [91mstale[0m    (poll #7)  order=7b81a266
  [    430ms]  [91mstale[0m    (poll #8)  order=7b81a266
  [    494ms]  [92mVISIBLE[0m  (poll #9, X-Cache: MISS)  order=7b81a266

[96mOrder 222/1000:[0m
  [      8ms]  [91mstale[0m    (poll #1)  order=ad3e243d
  [     67ms]  [91mstale[0m    (poll #2)  order=ad3e243d
  [    131ms]  [91mstale[0m    (poll #3)  order=ad3e243d
  [    195ms]  [91mstale[0m    (poll #4)  order=ad3e243d
  [    263ms]  [91mstale[0m    (poll #5)  order=ad3e243d
  [    334ms]  [91mstale[0m    (poll #6)  order=ad3e243d
  [    405ms]  [91mstale[0m    (poll #7)  order=ad3e243d
  [    473ms]  [91mstale[0m    (poll #8)  order=ad3e243d
  [    541ms]  [92mVISIBLE[0m  (poll #9, X-Cache: MISS)  order=ad3e243d

[96mOrder 223/1000:[0m
  [      9ms]  [91mstale[0m    (poll #1)  order=7754986e
  [     73ms]  [91mstale[0m    (poll #2)  order=7754986e
  [    135ms]  [91mstale[0m    (poll #3)  order=7754986e
  [    194ms]  [91mstale[0m    (poll #4)  order=7754986e
  [    260ms]  [91mstale[0m    (poll #5)  order=7754986e
  [    324ms]  [91mstale[0m    (poll #6)  order=7754986e
  [    395ms]  [92mVISIBLE[0m  (poll #7, X-Cache: MISS)  order=7754986e

[96mOrder 224/1000:[0m
  [      9ms]  [91mstale[0m    (poll #1)  order=5fe0964b
  [     73ms]  [91mstale[0m    (poll #2)  order=5fe0964b
  [    136ms]  [91mstale[0m    (poll #3)  order=5fe0964b
  [    198ms]  [91mstale[0m    (poll #4)  order=5fe0964b
  [    273ms]  [91mstale[0m    (poll #5)  order=5fe0964b
  [    344ms]  [91mstale[0m    (poll #6)  order=5fe0964b
  [    414ms]  [91mstale[0m    (poll #7)  order=5fe0964b
  [    481ms]  [92mVISIBLE[0m  (poll #8, X-Cache: MISS)  order=5fe0964b

[96mOrder 225/1000:[0m
  [      9ms]  [91mstale[0m    (poll #1)  order=e03ff384
  [     73ms]  [91mstale[0m    (poll #2)  order=e03ff384
  [    138ms]  [91mstale[0m    (poll #3)  order=e03ff384
  [    206ms]  [91mstale[0m    (poll #4)  order=e03ff384
  [    280ms]  [91mstale[0m    (poll #5)  order=e03ff384
  [    345ms]  [91mstale[0m    (poll #6)  order=e03ff384
  [    415ms]  [91mstale[0m    (poll #7)  order=e03ff384
  [    486ms]  [92mVISIBLE[0m  (poll #8, X-Cache: MISS)  order=e03ff384

[96mOrder 226/1000:[0m
  [      8ms]  [91mstale[0m    (poll #1)  order=f41c9af9
  [     69ms]  [91mstale[0m    (poll #2)  order=f41c9af9
  [    131ms]  [91mstale[0m    (poll #3)  order=f41c9af9
  [    202ms]  [91mstale[0m    (poll #4)  order=f41c9af9
  [    269ms]  [91mstale[0m    (poll #5)  order=f41c9af9
  [    337ms]  [91mstale[0m    (poll #6)  order=f41c9af9
  [    408ms]  [91mstale[0m    (poll #7)  order=f41c9af9
  [    482ms]  [91mstale[0m    (poll #8)  order=f41c9af9
  [    554ms]  [92mVISIBLE[0m  (poll #9, X-Cache: MISS)  order=f41c9af9

[96mOrder 227/1000:[0m
  [      7ms]  [91mstale[0m    (poll #1)  order=3bfcad65
  [     71ms]  [91mstale[0m    (poll #2)  order=3bfcad65
  [    173ms]  [91mstale[0m    (poll #3)  order=3bfcad65
  [    228ms]  [91mstale[0m    (poll #4)  order=3bfcad65
  [    291ms]  [91mstale[0m    (poll #5)  order=3bfcad65
  [    354ms]  [91mstale[0m    (poll #6)  order=3bfcad65
  [    417ms]  [91mstale[0m    (poll #7)  order=3bfcad65
  [    485ms]  [92mVISIBLE[0m  (poll #8, X-Cache: MISS)  order=3bfcad65

[96mOrder 228/1000:[0m
  [      8ms]  [91mstale[0m    (poll #1)  order=0aedc562
  [     71ms]  [91mstale[0m    (poll #2)  order=0aedc562
  [    129ms]  [91mstale[0m    (poll #3)  order=0aedc562
  [    192ms]  [91mstale[0m    (poll #4)  order=0aedc562
  [    254ms]  [91mstale[0m    (poll #5)  order=0aedc562
  [    326ms]  [91mstale[0m    (poll #6)  order=0aedc562
  [    395ms]  [91mstale[0m    (poll #7)  order=0aedc562
  [    465ms]  [92mVISIBLE[0m  (poll #8, X-Cache: MISS)  order=0aedc562

[96mOrder 229/1000:[0m
  [     13ms]  [91mstale[0m    (poll #1)  order=a7e96056
  [     74ms]  [91mstale[0m    (poll #2)  order=a7e96056
  [    137ms]  [91mstale[0m    (poll #3)  order=a7e96056
  [    201ms]  [91mstale[0m    (poll #4)  order=a7e96056
  [    263ms]  [91mstale[0m    (poll #5)  order=a7e96056
  [    331ms]  [91mstale[0m    (poll #6)  order=a7e96056
  [    405ms]  [91mstale[0m    (poll #7)  order=a7e96056
  [    475ms]  [91mstale[0m    (poll #8)  order=a7e96056
  [    544ms]  [92mVISIBLE[0m  (poll #9, X-Cache: MISS)  order=a7e96056

[96mOrder 230/1000:[0m
  [      9ms]  [91mstale[0m    (poll #1)  order=46062f5a
  [     73ms]  [91mstale[0m    (poll #2)  order=46062f5a
  [    138ms]  [91mstale[0m    (poll #3)  order=46062f5a
  [    202ms]  [91mstale[0m    (poll #4)  order=46062f5a
  [    270ms]  [91mstale[0m    (poll #5)  order=46062f5a
  [    338ms]  [91mstale[0m    (poll #6)  order=46062f5a
  [    410ms]  [91mstale[0m    (poll #7)  order=46062f5a
  [    480ms]  [92mVISIBLE[0m  (poll #8, X-Cache: MISS)  order=46062f5a

[96mOrder 231/1000:[0m
  [      7ms]  [91mstale[0m    (poll #1)  order=b99a6003
  [     71ms]  [91mstale[0m    (poll #2)  order=b99a6003
  [    134ms]  [91mstale[0m    (poll #3)  order=b99a6003
  [    196ms]  [91mstale[0m    (poll #4)  order=b99a6003
  [    263ms]  [91mstale[0m    (poll #5)  order=b99a6003
  [    334ms]  [91mstale[0m    (poll #6)  order=b99a6003
  [    401ms]  [91mstale[0m    (poll #7)  order=b99a6003
  [    469ms]  [91mstale[0m    (poll #8)  order=b99a6003
  [    537ms]  [92mVISIBLE[0m  (poll #9, X-Cache: MISS)  order=b99a6003

[96mOrder 232/1000:[0m
  [     10ms]  [91mstale[0m    (poll #1)  order=92069239
  [     73ms]  [91mstale[0m    (poll #2)  order=92069239
  [    139ms]  [91mstale[0m    (poll #3)  order=92069239
  [    207ms]  [91mstale[0m    (poll #4)  order=92069239
  [    275ms]  [91mstale[0m    (poll #5)  order=92069239
  [    341ms]  [91mstale[0m    (poll #6)  order=92069239
  [    411ms]  [91mstale[0m    (poll #7)  order=92069239
  [    481ms]  [92mVISIBLE[0m  (poll #8, X-Cache: MISS)  order=92069239

[96mOrder 233/1000:[0m
  [      9ms]  [91mstale[0m    (poll #1)  order=e396d768
  [     72ms]  [91mstale[0m    (poll #2)  order=e396d768
  [    134ms]  [91mstale[0m    (poll #3)  order=e396d768
  [    200ms]  [91mstale[0m    (poll #4)  order=e396d768
  [    266ms]  [91mstale[0m    (poll #5)  order=e396d768
  [    332ms]  [91mstale[0m    (poll #6)  order=e396d768
  [    402ms]  [91mstale[0m    (poll #7)  order=e396d768
  [    470ms]  [91mstale[0m    (poll #8)  order=e396d768
  [    543ms]  [92mVISIBLE[0m  (poll #9, X-Cache: MISS)  order=e396d768

[96mOrder 234/1000:[0m
  [      8ms]  [91mstale[0m    (poll #1)  order=4964f72a
  [     73ms]  [91mstale[0m    (poll #2)  order=4964f72a
  [    138ms]  [91mstale[0m    (poll #3)  order=4964f72a
  [    197ms]  [91mstale[0m    (poll #4)  order=4964f72a
  [    266ms]  [91mstale[0m    (poll #5)  order=4964f72a
  [    337ms]  [91mstale[0m    (poll #6)  order=4964f72a
  [    407ms]  [91mstale[0m    (poll #7)  order=4964f72a
  [    476ms]  [92mVISIBLE[0m  (poll #8, X-Cache: MISS)  order=4964f72a

[96mOrder 235/1000:[0m
  [      6ms]  [91mstale[0m    (poll #1)  order=3144363c
  [     67ms]  [91mstale[0m    (poll #2)  order=3144363c
  [    127ms]  [91mstale[0m    (poll #3)  order=3144363c
  [    190ms]  [91mstale[0m    (poll #4)  order=3144363c
  [    253ms]  [91mstale[0m    (poll #5)  order=3144363c
  [    317ms]  [91mstale[0m    (poll #6)  order=3144363c
  [    380ms]  [91mstale[0m    (poll #7)  order=3144363c
  [    447ms]  [91mstale[0m    (poll #8)  order=3144363c
  [    511ms]  [92mVISIBLE[0m  (poll #9, X-Cache: MISS)  order=3144363c

[96mOrder 236/1000:[0m
  [      9ms]  [91mstale[0m    (poll #1)  order=6aeeecd1
  [     72ms]  [91mstale[0m    (poll #2)  order=6aeeecd1
  [    137ms]  [91mstale[0m    (poll #3)  order=6aeeecd1
  [    200ms]  [91mstale[0m    (poll #4)  order=6aeeecd1
  [    270ms]  [91mstale[0m    (poll #5)  order=6aeeecd1
  [    337ms]  [91mstale[0m    (poll #6)  order=6aeeecd1
  [    408ms]  [91mstale[0m    (poll #7)  order=6aeeecd1
  [    469ms]  [91mstale[0m    (poll #8)  order=6aeeecd1
  [    526ms]  [92mVISIBLE[0m  (poll #9, X-Cache: MISS)  order=6aeeecd1

[96mOrder 237/1000:[0m
  [      5ms]  [91mstale[0m    (poll #1)  order=ee431c5d
  [     68ms]  [91mstale[0m    (poll #2)  order=ee431c5d
  [    129ms]  [91mstale[0m    (poll #3)  order=ee431c5d
  [    191ms]  [91mstale[0m    (poll #4)  order=ee431c5d
  [    254ms]  [91mstale[0m    (poll #5)  order=ee431c5d
  [    323ms]  [91mstale[0m    (poll #6)  order=ee431c5d
  [    393ms]  [92mVISIBLE[0m  (poll #7, X-Cache: MISS)  order=ee431c5d

[96mOrder 238/1000:[0m
  [      5ms]  [91mstale[0m    (poll #1)  order=1b9f8558
  [     65ms]  [91mstale[0m    (poll #2)  order=1b9f8558
  [    126ms]  [91mstale[0m    (poll #3)  order=1b9f8558
  [    195ms]  [91mstale[0m    (poll #4)  order=1b9f8558
  [    265ms]  [91mstale[0m    (poll #5)  order=1b9f8558
  [    332ms]  [91mstale[0m    (poll #6)  order=1b9f8558
  [    402ms]  [91mstale[0m    (poll #7)  order=1b9f8558
  [    471ms]  [91mstale[0m    (poll #8)  order=1b9f8558
  [    543ms]  [92mVISIBLE[0m  (poll #9, X-Cache: MISS)  order=1b9f8558

[96mOrder 239/1000:[0m
  [      6ms]  [91mstale[0m    (poll #1)  order=02ffe28a
  [     67ms]  [91mstale[0m    (poll #2)  order=02ffe28a
  [    130ms]  [91mstale[0m    (poll #3)  order=02ffe28a
  [    196ms]  [91mstale[0m    (poll #4)  order=02ffe28a
  [    259ms]  [91mstale[0m    (poll #5)  order=02ffe28a
  [    323ms]  [91mstale[0m    (poll #6)  order=02ffe28a
  [    394ms]  [91mstale[0m    (poll #7)  order=02ffe28a
  [    467ms]  [92mVISIBLE[0m  (poll #8, X-Cache: MISS)  order=02ffe28a

[96mOrder 240/1000:[0m
  [      9ms]  [91mstale[0m    (poll #1)  order=ad58132a
  [     71ms]  [91mstale[0m    (poll #2)  order=ad58132a
  [    133ms]  [91mstale[0m    (poll #3)  order=ad58132a
  [    200ms]  [91mstale[0m    (poll #4)  order=ad58132a
  [    265ms]  [91mstale[0m    (poll #5)  order=ad58132a
  [    325ms]  [91mstale[0m    (poll #6)  order=ad58132a
  [    389ms]  [91mstale[0m    (poll #7)  order=ad58132a
  [    448ms]  [91mstale[0m    (poll #8)  order=ad58132a
  [    515ms]  [92mVISIBLE[0m  (poll #9, X-Cache: MISS)  order=ad58132a

[96mOrder 241/1000:[0m
  [      7ms]  [91mstale[0m    (poll #1)  order=37154e47
  [     74ms]  [91mstale[0m    (poll #2)  order=37154e47
  [    132ms]  [91mstale[0m    (poll #3)  order=37154e47
  [    194ms]  [91mstale[0m    (poll #4)  order=37154e47
  [    252ms]  [91mstale[0m    (poll #5)  order=37154e47
  [    312ms]  [91mstale[0m    (poll #6)  order=37154e47
  [    374ms]  [91mstale[0m    (poll #7)  order=37154e47
  [    437ms]  [91mstale[0m    (poll #8)  order=37154e47
  [    505ms]  [92mVISIBLE[0m  (poll #9, X-Cache: MISS)  order=37154e47

[96mOrder 242/1000:[0m
  [      9ms]  [91mstale[0m    (poll #1)  order=466c92a0
  [     69ms]  [91mstale[0m    (poll #2)  order=466c92a0
  [    128ms]  [91mstale[0m    (poll #3)  order=466c92a0
  [    193ms]  [91mstale[0m    (poll #4)  order=466c92a0
  [    263ms]  [91mstale[0m    (poll #5)  order=466c92a0
  [    328ms]  [91mstale[0m    (poll #6)  order=466c92a0
  [    398ms]  [92mVISIBLE[0m  (poll #7, X-Cache: MISS)  order=466c92a0

[96mOrder 243/1000:[0m
  [      6ms]  [91mstale[0m    (poll #1)  order=966ebd67
  [     68ms]  [91mstale[0m    (poll #2)  order=966ebd67
  [    127ms]  [91mstale[0m    (poll #3)  order=966ebd67
  [    190ms]  [91mstale[0m    (poll #4)  order=966ebd67
  [    252ms]  [91mstale[0m    (poll #5)  order=966ebd67
  [    323ms]  [91mstale[0m    (poll #6)  order=966ebd67
  [    393ms]  [91mstale[0m    (poll #7)  order=966ebd67
  [    461ms]  [92mVISIBLE[0m  (poll #8, X-Cache: MISS)  order=966ebd67

[96mOrder 244/1000:[0m
  [      9ms]  [91mstale[0m    (poll #1)  order=38769a93
  [     73ms]  [91mstale[0m    (poll #2)  order=38769a93
  [    137ms]  [91mstale[0m    (poll #3)  order=38769a93
  [    201ms]  [91mstale[0m    (poll #4)  order=38769a93
  [    269ms]  [91mstale[0m    (poll #5)  order=38769a93
  [    341ms]  [91mstale[0m    (poll #6)  order=38769a93
  [    414ms]  [91mstale[0m    (poll #7)  order=38769a93
  [    485ms]  [91mstale[0m    (poll #8)  order=38769a93
  [    562ms]  [92mVISIBLE[0m  (poll #9, X-Cache: MISS)  order=38769a93

[96mOrder 245/1000:[0m
  [      6ms]  [91mstale[0m    (poll #1)  order=1682be33
  [     69ms]  [91mstale[0m    (poll #2)  order=1682be33
  [    131ms]  [91mstale[0m    (poll #3)  order=1682be33
  [    200ms]  [91mstale[0m    (poll #4)  order=1682be33
  [    269ms]  [91mstale[0m    (poll #5)  order=1682be33
  [    335ms]  [91mstale[0m    (poll #6)  order=1682be33
  [    403ms]  [91mstale[0m    (poll #7)  order=1682be33
  [    473ms]  [92mVISIBLE[0m  (poll #8, X-Cache: MISS)  order=1682be33

[96mOrder 246/1000:[0m
  [      8ms]  [91mstale[0m    (poll #1)  order=f258ad1e
  [     72ms]  [91mstale[0m    (poll #2)  order=f258ad1e
  [    133ms]  [91mstale[0m    (poll #3)  order=f258ad1e
  [    200ms]  [91mstale[0m    (poll #4)  order=f258ad1e
  [    269ms]  [91mstale[0m    (poll #5)  order=f258ad1e
  [    336ms]  [91mstale[0m    (poll #6)  order=f258ad1e
  [    405ms]  [91mstale[0m    (poll #7)  order=f258ad1e
  [    468ms]  [91mstale[0m    (poll #8)  order=f258ad1e
  [    530ms]  [92mVISIBLE[0m  (poll #9, X-Cache: MISS)  order=f258ad1e

[96mOrder 247/1000:[0m
  [      5ms]  [91mstale[0m    (poll #1)  order=ffc2058c
  [     63ms]  [91mstale[0m    (poll #2)  order=ffc2058c
  [    126ms]  [91mstale[0m    (poll #3)  order=ffc2058c
  [    190ms]  [91mstale[0m    (poll #4)  order=ffc2058c
  [    259ms]  [91mstale[0m    (poll #5)  order=ffc2058c
  [    331ms]  [91mstale[0m    (poll #6)  order=ffc2058c
  [    403ms]  [91mstale[0m    (poll #7)  order=ffc2058c
  [    475ms]  [92mVISIBLE[0m  (poll #8, X-Cache: MISS)  order=ffc2058c

[96mOrder 248/1000:[0m
  [     10ms]  [91mstale[0m    (poll #1)  order=38dfb629
  [     72ms]  [91mstale[0m    (poll #2)  order=38dfb629
  [    136ms]  [91mstale[0m    (poll #3)  order=38dfb629
  [    204ms]  [91mstale[0m    (poll #4)  order=38dfb629
  [    269ms]  [91mstale[0m    (poll #5)  order=38dfb629
  [    341ms]  [91mstale[0m    (poll #6)  order=38dfb629
  [    409ms]  [91mstale[0m    (poll #7)  order=38dfb629
  [    487ms]  [92mVISIBLE[0m  (poll #8, X-Cache: MISS)  order=38dfb629

[96mOrder 249/1000:[0m
  [      6ms]  [91mstale[0m    (poll #1)  order=0ea3fb0c
  [     69ms]  [91mstale[0m    (poll #2)  order=0ea3fb0c
  [    131ms]  [91mstale[0m    (poll #3)  order=0ea3fb0c
  [    199ms]  [91mstale[0m    (poll #4)  order=0ea3fb0c
  [    269ms]  [91mstale[0m    (poll #5)  order=0ea3fb0c
  [    338ms]  [91mstale[0m    (poll #6)  order=0ea3fb0c
  [    412ms]  [91mstale[0m    (poll #7)  order=0ea3fb0c
  [    481ms]  [91mstale[0m    (poll #8)  order=0ea3fb0c
  [    552ms]  [92mVISIBLE[0m  (poll #9, X-Cache: MISS)  order=0ea3fb0c

[96mOrder 250/1000:[0m
  [      8ms]  [91mstale[0m    (poll #1)  order=759316b7
  [     72ms]  [91mstale[0m    (poll #2)  order=759316b7
  [    134ms]  [91mstale[0m    (poll #3)  order=759316b7
  [    200ms]  [91mstale[0m    (poll #4)  order=759316b7
  [    265ms]  [91mstale[0m    (poll #5)  order=759316b7
  [    337ms]  [91mstale[0m    (poll #6)  order=759316b7
  [    399ms]  [91mstale[0m    (poll #7)  order=759316b7
  [    460ms]  [92mVISIBLE[0m  (poll #8, X-Cache: MISS)  order=759316b7

[96mOrder 251/1000:[0m
  [      4ms]  [91mstale[0m    (poll #1)  order=f711ce82
  [     65ms]  [91mstale[0m    (poll #2)  order=f711ce82
  [    128ms]  [91mstale[0m    (poll #3)  order=f711ce82
  [    194ms]  [91mstale[0m    (poll #4)  order=f711ce82
  [    260ms]  [91mstale[0m    (poll #5)  order=f711ce82
  [    332ms]  [91mstale[0m    (poll #6)  order=f711ce82
  [    405ms]  [92mVISIBLE[0m  (poll #7, X-Cache: MISS)  order=f711ce82

[96mOrder 252/1000:[0m
  [     10ms]  [91mstale[0m    (poll #1)  order=f67171de
  [     74ms]  [91mstale[0m    (poll #2)  order=f67171de
  [    136ms]  [91mstale[0m    (poll #3)  order=f67171de
  [    202ms]  [91mstale[0m    (poll #4)  order=f67171de
  [    274ms]  [91mstale[0m    (poll #5)  order=f67171de
  [    344ms]  [91mstale[0m    (poll #6)  order=f67171de
  [    411ms]  [91mstale[0m    (poll #7)  order=f67171de
  [    483ms]  [91mstale[0m    (poll #8)  order=f67171de
  [    545ms]  [92mVISIBLE[0m  (poll #9, X-Cache: MISS)  order=f67171de

[96mOrder 253/1000:[0m
  [      7ms]  [91mstale[0m    (poll #1)  order=e2ae0c65
  [     65ms]  [91mstale[0m    (poll #2)  order=e2ae0c65
  [    132ms]  [91mstale[0m    (poll #3)  order=e2ae0c65
  [    200ms]  [91mstale[0m    (poll #4)  order=e2ae0c65
  [    270ms]  [91mstale[0m    (poll #5)  order=e2ae0c65
  [    343ms]  [91mstale[0m    (poll #6)  order=e2ae0c65
  [    415ms]  [91mstale[0m    (poll #7)  order=e2ae0c65
  [    490ms]  [92mVISIBLE[0m  (poll #8, X-Cache: MISS)  order=e2ae0c65

[96mOrder 254/1000:[0m
  [     11ms]  [91mstale[0m    (poll #1)  order=3db33756
  [     75ms]  [91mstale[0m    (poll #2)  order=3db33756
  [    141ms]  [91mstale[0m    (poll #3)  order=3db33756
  [    208ms]  [91mstale[0m    (poll #4)  order=3db33756
  [    280ms]  [91mstale[0m    (poll #5)  order=3db33756
  [    348ms]  [91mstale[0m    (poll #6)  order=3db33756
  [    415ms]  [92mVISIBLE[0m  (poll #7, X-Cache: MISS)  order=3db33756

[96mOrder 255/1000:[0m
  [     17ms]  [91mstale[0m    (poll #1)  order=ce370574
  [     88ms]  [91mstale[0m    (poll #2)  order=ce370574
  [    145ms]  [91mstale[0m    (poll #3)  order=ce370574
  [    207ms]  [91mstale[0m    (poll #4)  order=ce370574
  [    267ms]  [91mstale[0m    (poll #5)  order=ce370574
  [    330ms]  [91mstale[0m    (poll #6)  order=ce370574
  [    391ms]  [91mstale[0m    (poll #7)  order=ce370574
  [    454ms]  [92mVISIBLE[0m  (poll #8, X-Cache: MISS)  order=ce370574

[96mOrder 256/1000:[0m
  [      7ms]  [91mstale[0m    (poll #1)  order=df35c8b4
  [     71ms]  [91mstale[0m    (poll #2)  order=df35c8b4
  [    131ms]  [91mstale[0m    (poll #3)  order=df35c8b4
  [    194ms]  [91mstale[0m    (poll #4)  order=df35c8b4
  [    264ms]  [91mstale[0m    (poll #5)  order=df35c8b4
  [    334ms]  [91mstale[0m    (poll #6)  order=df35c8b4
  [    404ms]  [91mstale[0m    (poll #7)  order=df35c8b4
  [    476ms]  [91mstale[0m    (poll #8)  order=df35c8b4
  [    554ms]  [92mVISIBLE[0m  (poll #9, X-Cache: MISS)  order=df35c8b4

[96mOrder 257/1000:[0m
  [      4ms]  [91mstale[0m    (poll #1)  order=979974c7
  [     65ms]  [91mstale[0m    (poll #2)  order=979974c7
  [    129ms]  [91mstale[0m    (poll #3)  order=979974c7
  [    190ms]  [91mstale[0m    (poll #4)  order=979974c7
  [    255ms]  [91mstale[0m    (poll #5)  order=979974c7
  [    320ms]  [91mstale[0m    (poll #6)  order=979974c7
  [    388ms]  [91mstale[0m    (poll #7)  order=979974c7
  [    462ms]  [92mVISIBLE[0m  (poll #8, X-Cache: MISS)  order=979974c7

[96mOrder 258/1000:[0m
  [      8ms]  [91mstale[0m    (poll #1)  order=906a42ad
  [     71ms]  [91mstale[0m    (poll #2)  order=906a42ad
  [    132ms]  [91mstale[0m    (poll #3)  order=906a42ad
  [    200ms]  [91mstale[0m    (poll #4)  order=906a42ad
  [    270ms]  [91mstale[0m    (poll #5)  order=906a42ad
  [    342ms]  [91mstale[0m    (poll #6)  order=906a42ad
  [    413ms]  [91mstale[0m    (poll #7)  order=906a42ad
  [    488ms]  [91mstale[0m    (poll #8)  order=906a42ad
  [    549ms]  [92mVISIBLE[0m  (poll #9, X-Cache: MISS)  order=906a42ad

[96mOrder 259/1000:[0m
  [      6ms]  [91mstale[0m    (poll #1)  order=60154fbf
  [     64ms]  [91mstale[0m    (poll #2)  order=60154fbf
  [    129ms]  [91mstale[0m    (poll #3)  order=60154fbf
  [    195ms]  [91mstale[0m    (poll #4)  order=60154fbf
  [    262ms]  [91mstale[0m    (poll #5)  order=60154fbf
  [    332ms]  [91mstale[0m    (poll #6)  order=60154fbf
  [    401ms]  [91mstale[0m    (poll #7)  order=60154fbf
  [    473ms]  [92mVISIBLE[0m  (poll #8, X-Cache: MISS)  order=60154fbf

[96mOrder 260/1000:[0m
  [     10ms]  [91mstale[0m    (poll #1)  order=a69526c9
  [     71ms]  [91mstale[0m    (poll #2)  order=a69526c9
  [    136ms]  [91mstale[0m    (poll #3)  order=a69526c9
  [    198ms]  [91mstale[0m    (poll #4)  order=a69526c9
  [    260ms]  [91mstale[0m    (poll #5)  order=a69526c9
  [    320ms]  [91mstale[0m    (poll #6)  order=a69526c9
  [    383ms]  [91mstale[0m    (poll #7)  order=a69526c9
  [    442ms]  [91mstale[0m    (poll #8)  order=a69526c9
  [    506ms]  [92mVISIBLE[0m  (poll #9, X-Cache: MISS)  order=a69526c9

[96mOrder 261/1000:[0m
  [      5ms]  [91mstale[0m    (poll #1)  order=21545b4f
  [     67ms]  [91mstale[0m    (poll #2)  order=21545b4f
  [    132ms]  [91mstale[0m    (poll #3)  order=21545b4f
  [    194ms]  [91mstale[0m    (poll #4)  order=21545b4f
  [    261ms]  [91mstale[0m    (poll #5)  order=21545b4f
  [    321ms]  [91mstale[0m    (poll #6)  order=21545b4f
  [    382ms]  [91mstale[0m    (poll #7)  order=21545b4f
  [    442ms]  [91mstale[0m    (poll #8)  order=21545b4f
  [    504ms]  [92mVISIBLE[0m  (poll #9, X-Cache: MISS)  order=21545b4f

[96mOrder 262/1000:[0m
  [      4ms]  [91mstale[0m    (poll #1)  order=c3d2fb6c
  [     64ms]  [91mstale[0m    (poll #2)  order=c3d2fb6c
  [    128ms]  [91mstale[0m    (poll #3)  order=c3d2fb6c
  [    189ms]  [91mstale[0m    (poll #4)  order=c3d2fb6c
  [    257ms]  [91mstale[0m    (poll #5)  order=c3d2fb6c
  [    324ms]  [91mstale[0m    (poll #6)  order=c3d2fb6c
  [    401ms]  [91mstale[0m    (poll #7)  order=c3d2fb6c
  [    468ms]  [91mstale[0m    (poll #8)  order=c3d2fb6c
  [    537ms]  [92mVISIBLE[0m  (poll #9, X-Cache: MISS)  order=c3d2fb6c

[96mOrder 263/1000:[0m
  [     10ms]  [91mstale[0m    (poll #1)  order=d8b0dce9
  [     75ms]  [91mstale[0m    (poll #2)  order=d8b0dce9
  [    137ms]  [91mstale[0m    (poll #3)  order=d8b0dce9
  [    203ms]  [91mstale[0m    (poll #4)  order=d8b0dce9
  [    274ms]  [91mstale[0m    (poll #5)  order=d8b0dce9
  [    348ms]  [91mstale[0m    (poll #6)  order=d8b0dce9
  [    417ms]  [91mstale[0m    (poll #7)  order=d8b0dce9
  [    489ms]  [92mVISIBLE[0m  (poll #8, X-Cache: MISS)  order=d8b0dce9

[96mOrder 264/1000:[0m
  [      9ms]  [91mstale[0m    (poll #1)  order=d3c1a29e
  [     74ms]  [91mstale[0m    (poll #2)  order=d3c1a29e
  [    139ms]  [91mstale[0m    (poll #3)  order=d3c1a29e
  [    203ms]  [91mstale[0m    (poll #4)  order=d3c1a29e
  [    269ms]  [91mstale[0m    (poll #5)  order=d3c1a29e
  [    351ms]  [91mstale[0m    (poll #6)  order=d3c1a29e
  [    413ms]  [91mstale[0m    (poll #7)  order=d3c1a29e
  [    480ms]  [91mstale[0m    (poll #8)  order=d3c1a29e
  [    549ms]  [92mVISIBLE[0m  (poll #9, X-Cache: MISS)  order=d3c1a29e

[96mOrder 265/1000:[0m
  [     10ms]  [91mstale[0m    (poll #1)  order=ef192d50
  [     75ms]  [91mstale[0m    (poll #2)  order=ef192d50
  [    142ms]  [91mstale[0m    (poll #3)  order=ef192d50
  [    209ms]  [91mstale[0m    (poll #4)  order=ef192d50
  [    278ms]  [91mstale[0m    (poll #5)  order=ef192d50
  [    351ms]  [91mstale[0m    (poll #6)  order=ef192d50
  [    417ms]  [91mstale[0m    (poll #7)  order=ef192d50
  [    487ms]  [92mVISIBLE[0m  (poll #8, X-Cache: MISS)  order=ef192d50

[96mOrder 266/1000:[0m
  [     10ms]  [91mstale[0m    (poll #1)  order=23dbe440
  [     74ms]  [91mstale[0m    (poll #2)  order=23dbe440
  [    137ms]  [91mstale[0m    (poll #3)  order=23dbe440
  [    199ms]  [91mstale[0m    (poll #4)  order=23dbe440
  [    269ms]  [91mstale[0m    (poll #5)  order=23dbe440
  [    332ms]  [91mstale[0m    (poll #6)  order=23dbe440
  [    393ms]  [91mstale[0m    (poll #7)  order=23dbe440
  [    457ms]  [91mstale[0m    (poll #8)  order=23dbe440
  [    520ms]  [92mVISIBLE[0m  (poll #9, X-Cache: MISS)  order=23dbe440

[96mOrder 267/1000:[0m
  [      8ms]  [91mstale[0m    (poll #1)  order=a7736a1d
  [     69ms]  [91mstale[0m    (poll #2)  order=a7736a1d
  [    130ms]  [91mstale[0m    (poll #3)  order=a7736a1d
  [    199ms]  [91mstale[0m    (poll #4)  order=a7736a1d
  [    270ms]  [91mstale[0m    (poll #5)  order=a7736a1d
  [    341ms]  [91mstale[0m    (poll #6)  order=a7736a1d
  [    410ms]  [92mVISIBLE[0m  (poll #7, X-Cache: MISS)  order=a7736a1d

[96mOrder 268/1000:[0m
  [      9ms]  [91mstale[0m    (poll #1)  order=03fa5277
  [     70ms]  [91mstale[0m    (poll #2)  order=03fa5277
  [    136ms]  [91mstale[0m    (poll #3)  order=03fa5277
  [    200ms]  [91mstale[0m    (poll #4)  order=03fa5277
  [    273ms]  [91mstale[0m    (poll #5)  order=03fa5277
  [    332ms]  [91mstale[0m    (poll #6)  order=03fa5277
  [    400ms]  [91mstale[0m    (poll #7)  order=03fa5277
  [    471ms]  [92mVISIBLE[0m  (poll #8, X-Cache: MISS)  order=03fa5277

[96mOrder 269/1000:[0m
  [     10ms]  [91mstale[0m    (poll #1)  order=ba367efd
  [     73ms]  [91mstale[0m    (poll #2)  order=ba367efd
  [    135ms]  [91mstale[0m    (poll #3)  order=ba367efd
  [    196ms]  [91mstale[0m    (poll #4)  order=ba367efd
  [    266ms]  [91mstale[0m    (poll #5)  order=ba367efd
  [    339ms]  [91mstale[0m    (poll #6)  order=ba367efd
  [    411ms]  [91mstale[0m    (poll #7)  order=ba367efd
  [    479ms]  [92mVISIBLE[0m  (poll #8, X-Cache: MISS)  order=ba367efd

[96mOrder 270/1000:[0m
  [      9ms]  [91mstale[0m    (poll #1)  order=478ed238
  [     69ms]  [91mstale[0m    (poll #2)  order=478ed238
  [    130ms]  [91mstale[0m    (poll #3)  order=478ed238
  [    197ms]  [91mstale[0m    (poll #4)  order=478ed238
  [    266ms]  [91mstale[0m    (poll #5)  order=478ed238
  [    331ms]  [91mstale[0m    (poll #6)  order=478ed238
  [    398ms]  [91mstale[0m    (poll #7)  order=478ed238
  [    469ms]  [91mstale[0m    (poll #8)  order=478ed238
  [    540ms]  [92mVISIBLE[0m  (poll #9, X-Cache: MISS)  order=478ed238

[96mOrder 271/1000:[0m
  [     10ms]  [91mstale[0m    (poll #1)  order=2dc0662d
  [     75ms]  [91mstale[0m    (poll #2)  order=2dc0662d
  [    139ms]  [91mstale[0m    (poll #3)  order=2dc0662d
  [    203ms]  [91mstale[0m    (poll #4)  order=2dc0662d
  [    273ms]  [91mstale[0m    (poll #5)  order=2dc0662d
  [    343ms]  [91mstale[0m    (poll #6)  order=2dc0662d
  [    412ms]  [91mstale[0m    (poll #7)  order=2dc0662d
  [    480ms]  [92mVISIBLE[0m  (poll #8, X-Cache: MISS)  order=2dc0662d

[96mOrder 272/1000:[0m
  [     10ms]  [91mstale[0m    (poll #1)  order=bae54053
  [     76ms]  [91mstale[0m    (poll #2)  order=bae54053
  [    140ms]  [91mstale[0m    (poll #3)  order=bae54053
  [    206ms]  [91mstale[0m    (poll #4)  order=bae54053
  [    267ms]  [91mstale[0m    (poll #5)  order=bae54053
  [    335ms]  [91mstale[0m    (poll #6)  order=bae54053
  [    404ms]  [91mstale[0m    (poll #7)  order=bae54053
  [    472ms]  [91mstale[0m    (poll #8)  order=bae54053
  [    545ms]  [92mVISIBLE[0m  (poll #9, X-Cache: MISS)  order=bae54053

[96mOrder 273/1000:[0m
  [     10ms]  [91mstale[0m    (poll #1)  order=1a3e796f
  [     75ms]  [91mstale[0m    (poll #2)  order=1a3e796f
  [    141ms]  [91mstale[0m    (poll #3)  order=1a3e796f
  [    210ms]  [91mstale[0m    (poll #4)  order=1a3e796f
  [    280ms]  [91mstale[0m    (poll #5)  order=1a3e796f
  [    347ms]  [91mstale[0m    (poll #6)  order=1a3e796f
  [    415ms]  [91mstale[0m    (poll #7)  order=1a3e796f
  [    485ms]  [92mVISIBLE[0m  (poll #8, X-Cache: MISS)  order=1a3e796f

[96mOrder 274/1000:[0m
  [      9ms]  [91mstale[0m    (poll #1)  order=72a8e421
  [     72ms]  [91mstale[0m    (poll #2)  order=72a8e421
  [    135ms]  [91mstale[0m    (poll #3)  order=72a8e421
  [    197ms]  [91mstale[0m    (poll #4)  order=72a8e421
  [    256ms]  [91mstale[0m    (poll #5)  order=72a8e421
  [    314ms]  [91mstale[0m    (poll #6)  order=72a8e421
  [    377ms]  [91mstale[0m    (poll #7)  order=72a8e421
  [    440ms]  [91mstale[0m    (poll #8)  order=72a8e421
  [    503ms]  [92mVISIBLE[0m  (poll #9, X-Cache: MISS)  order=72a8e421

[96mOrder 275/1000:[0m
  [      5ms]  [91mstale[0m    (poll #1)  order=e065fe14
  [     67ms]  [91mstale[0m    (poll #2)  order=e065fe14
  [    125ms]  [91mstale[0m    (poll #3)  order=e065fe14
  [    187ms]  [91mstale[0m    (poll #4)  order=e065fe14
  [    255ms]  [91mstale[0m    (poll #5)  order=e065fe14
  [    326ms]  [91mstale[0m    (poll #6)  order=e065fe14
  [    397ms]  [91mstale[0m    (poll #7)  order=e065fe14
  [    460ms]  [91mstale[0m    (poll #8)  order=e065fe14
  [    528ms]  [92mVISIBLE[0m  (poll #9, X-Cache: MISS)  order=e065fe14

[96mOrder 276/1000:[0m
  [      9ms]  [91mstale[0m    (poll #1)  order=7590ea41
  [     73ms]  [91mstale[0m    (poll #2)  order=7590ea41
  [    139ms]  [91mstale[0m    (poll #3)  order=7590ea41
  [    202ms]  [91mstale[0m    (poll #4)  order=7590ea41
  [    260ms]  [91mstale[0m    (poll #5)  order=7590ea41
  [    323ms]  [91mstale[0m    (poll #6)  order=7590ea41
  [    386ms]  [91mstale[0m    (poll #7)  order=7590ea41
  [    452ms]  [91mstale[0m    (poll #8)  order=7590ea41
  [    523ms]  [92mVISIBLE[0m  (poll #9, X-Cache: MISS)  order=7590ea41

[96mOrder 277/1000:[0m
  [      9ms]  [91mstale[0m    (poll #1)  order=701080fa
  [     74ms]  [91mstale[0m    (poll #2)  order=701080fa
  [    138ms]  [91mstale[0m    (poll #3)  order=701080fa
  [    200ms]  [91mstale[0m    (poll #4)  order=701080fa
  [    266ms]  [91mstale[0m    (poll #5)  order=701080fa
  [    337ms]  [91mstale[0m    (poll #6)  order=701080fa
  [    410ms]  [91mstale[0m    (poll #7)  order=701080fa
  [    480ms]  [92mVISIBLE[0m  (poll #8, X-Cache: MISS)  order=701080fa

[96mOrder 278/1000:[0m
  [      7ms]  [91mstale[0m    (poll #1)  order=53e5add0
  [     71ms]  [91mstale[0m    (poll #2)  order=53e5add0
  [    133ms]  [91mstale[0m    (poll #3)  order=53e5add0
  [    195ms]  [91mstale[0m    (poll #4)  order=53e5add0
  [    262ms]  [91mstale[0m    (poll #5)  order=53e5add0
  [    325ms]  [91mstale[0m    (poll #6)  order=53e5add0
  [    390ms]  [91mstale[0m    (poll #7)  order=53e5add0
  [    457ms]  [92mVISIBLE[0m  (poll #8, X-Cache: MISS)  order=53e5add0

[96mOrder 279/1000:[0m
  [      9ms]  [91mstale[0m    (poll #1)  order=b082f0be
  [     72ms]  [91mstale[0m    (poll #2)  order=b082f0be
  [    139ms]  [91mstale[0m    (poll #3)  order=b082f0be
  [    206ms]  [91mstale[0m    (poll #4)  order=b082f0be
  [    277ms]  [91mstale[0m    (poll #5)  order=b082f0be
  [    353ms]  [91mstale[0m    (poll #6)  order=b082f0be
  [    411ms]  [91mstale[0m    (poll #7)  order=b082f0be
  [    472ms]  [91mstale[0m    (poll #8)  order=b082f0be
  [    529ms]  [92mVISIBLE[0m  (poll #9, X-Cache: MISS)  order=b082f0be

[96mOrder 280/1000:[0m
  [      5ms]  [91mstale[0m    (poll #1)  order=c4b943d6
  [     62ms]  [91mstale[0m    (poll #2)  order=c4b943d6
  [    125ms]  [91mstale[0m    (poll #3)  order=c4b943d6
  [    190ms]  [91mstale[0m    (poll #4)  order=c4b943d6
  [    257ms]  [91mstale[0m    (poll #5)  order=c4b943d6
  [    329ms]  [91mstale[0m    (poll #6)  order=c4b943d6
  [    399ms]  [91mstale[0m    (poll #7)  order=c4b943d6
  [    471ms]  [91mstale[0m    (poll #8)  order=c4b943d6
  [    545ms]  [92mVISIBLE[0m  (poll #9, X-Cache: MISS)  order=c4b943d6

[96mOrder 281/1000:[0m
  [      7ms]  [91mstale[0m    (poll #1)  order=2db490c3
  [     65ms]  [91mstale[0m    (poll #2)  order=2db490c3
  [    127ms]  [91mstale[0m    (poll #3)  order=2db490c3
  [    188ms]  [91mstale[0m    (poll #4)  order=2db490c3
  [    250ms]  [91mstale[0m    (poll #5)  order=2db490c3
  [    311ms]  [91mstale[0m    (poll #6)  order=2db490c3
  [    374ms]  [91mstale[0m    (poll #7)  order=2db490c3
  [    433ms]  [91mstale[0m    (poll #8)  order=2db490c3
  [    495ms]  [92mVISIBLE[0m  (poll #9, X-Cache: MISS)  order=2db490c3

[96mOrder 282/1000:[0m
  [      4ms]  [91mstale[0m    (poll #1)  order=d54ad734
  [     65ms]  [91mstale[0m    (poll #2)  order=d54ad734
  [    129ms]  [91mstale[0m    (poll #3)  order=d54ad734
  [    196ms]  [91mstale[0m    (poll #4)  order=d54ad734
  [    267ms]  [91mstale[0m    (poll #5)  order=d54ad734
  [    340ms]  [92mVISIBLE[0m  (poll #6, X-Cache: MISS)  order=d54ad734

[96mOrder 283/1000:[0m
  [     10ms]  [91mstale[0m    (poll #1)  order=1a934319
  [     70ms]  [91mstale[0m    (poll #2)  order=1a934319
  [    137ms]  [91mstale[0m    (poll #3)  order=1a934319
  [    200ms]  [91mstale[0m    (poll #4)  order=1a934319
  [    268ms]  [91mstale[0m    (poll #5)  order=1a934319
  [    340ms]  [91mstale[0m    (poll #6)  order=1a934319
  [    412ms]  [91mstale[0m    (poll #7)  order=1a934319
  [    483ms]  [91mstale[0m    (poll #8)  order=1a934319
  [    554ms]  [92mVISIBLE[0m  (poll #9, X-Cache: MISS)  order=1a934319

[96mOrder 284/1000:[0m
  [     10ms]  [91mstale[0m    (poll #1)  order=057df8c2
  [     75ms]  [91mstale[0m    (poll #2)  order=057df8c2
  [    139ms]  [91mstale[0m    (poll #3)  order=057df8c2
  [    203ms]  [91mstale[0m    (poll #4)  order=057df8c2
  [    272ms]  [91mstale[0m    (poll #5)  order=057df8c2
  [    343ms]  [91mstale[0m    (poll #6)  order=057df8c2
  [    410ms]  [91mstale[0m    (poll #7)  order=057df8c2
  [    483ms]  [92mVISIBLE[0m  (poll #8, X-Cache: MISS)  order=057df8c2

[96mOrder 285/1000:[0m
  [     10ms]  [91mstale[0m    (poll #1)  order=ac304744
  [     74ms]  [91mstale[0m    (poll #2)  order=ac304744
  [    140ms]  [91mstale[0m    (poll #3)  order=ac304744
  [    205ms]  [91mstale[0m    (poll #4)  order=ac304744
  [    270ms]  [91mstale[0m    (poll #5)  order=ac304744
  [    341ms]  [91mstale[0m    (poll #6)  order=ac304744
  [    411ms]  [91mstale[0m    (poll #7)  order=ac304744
  [    483ms]  [92mVISIBLE[0m  (poll #8, X-Cache: MISS)  order=ac304744

[96mOrder 286/1000:[0m
  [     10ms]  [91mstale[0m    (poll #1)  order=6657715e
  [     76ms]  [91mstale[0m    (poll #2)  order=6657715e
  [    137ms]  [91mstale[0m    (poll #3)  order=6657715e
  [    203ms]  [91mstale[0m    (poll #4)  order=6657715e
  [    260ms]  [91mstale[0m    (poll #5)  order=6657715e
  [    323ms]  [91mstale[0m    (poll #6)  order=6657715e
  [    387ms]  [91mstale[0m    (poll #7)  order=6657715e
  [    454ms]  [91mstale[0m    (poll #8)  order=6657715e
  [    525ms]  [92mVISIBLE[0m  (poll #9, X-Cache: MISS)  order=6657715e

[96mOrder 287/1000:[0m
  [      9ms]  [91mstale[0m    (poll #1)  order=92aa11b1
  [     73ms]  [91mstale[0m    (poll #2)  order=92aa11b1
  [    137ms]  [91mstale[0m    (poll #3)  order=92aa11b1
  [    202ms]  [91mstale[0m    (poll #4)  order=92aa11b1
  [    269ms]  [91mstale[0m    (poll #5)  order=92aa11b1
  [    340ms]  [91mstale[0m    (poll #6)  order=92aa11b1
  [    408ms]  [92mVISIBLE[0m  (poll #7, X-Cache: MISS)  order=92aa11b1

[96mOrder 288/1000:[0m
  [      9ms]  [91mstale[0m    (poll #1)  order=f262045f
  [     71ms]  [91mstale[0m    (poll #2)  order=f262045f
  [    130ms]  [91mstale[0m    (poll #3)  order=f262045f
  [    194ms]  [91mstale[0m    (poll #4)  order=f262045f
  [    259ms]  [91mstale[0m    (poll #5)  order=f262045f
  [    327ms]  [91mstale[0m    (poll #6)  order=f262045f
  [    399ms]  [91mstale[0m    (poll #7)  order=f262045f
  [    470ms]  [91mstale[0m    (poll #8)  order=f262045f
  [    540ms]  [92mVISIBLE[0m  (poll #9, X-Cache: MISS)  order=f262045f

[96mOrder 289/1000:[0m
  [      8ms]  [91mstale[0m    (poll #1)  order=b9e9d171
  [     69ms]  [91mstale[0m    (poll #2)  order=b9e9d171
  [    133ms]  [91mstale[0m    (poll #3)  order=b9e9d171
  [    200ms]  [91mstale[0m    (poll #4)  order=b9e9d171
  [    270ms]  [91mstale[0m    (poll #5)  order=b9e9d171
  [    341ms]  [91mstale[0m    (poll #6)  order=b9e9d171
  [    414ms]  [91mstale[0m    (poll #7)  order=b9e9d171
  [    483ms]  [92mVISIBLE[0m  (poll #8, X-Cache: MISS)  order=b9e9d171

[96mOrder 290/1000:[0m
  [      7ms]  [91mstale[0m    (poll #1)  order=16a258e6
  [     70ms]  [91mstale[0m    (poll #2)  order=16a258e6
  [    130ms]  [91mstale[0m    (poll #3)  order=16a258e6
  [    197ms]  [91mstale[0m    (poll #4)  order=16a258e6
  [    267ms]  [91mstale[0m    (poll #5)  order=16a258e6
  [    334ms]  [91mstale[0m    (poll #6)  order=16a258e6
  [    406ms]  [91mstale[0m    (poll #7)  order=16a258e6
  [    473ms]  [92mVISIBLE[0m  (poll #8, X-Cache: MISS)  order=16a258e6

[96mOrder 291/1000:[0m
  [      8ms]  [91mstale[0m    (poll #1)  order=1fa5319a
  [     70ms]  [91mstale[0m    (poll #2)  order=1fa5319a
  [    132ms]  [91mstale[0m    (poll #3)  order=1fa5319a
  [    196ms]  [91mstale[0m    (poll #4)  order=1fa5319a
  [    267ms]  [91mstale[0m    (poll #5)  order=1fa5319a
  [    337ms]  [91mstale[0m    (poll #6)  order=1fa5319a
  [    409ms]  [91mstale[0m    (poll #7)  order=1fa5319a
  [    479ms]  [91mstale[0m    (poll #8)  order=1fa5319a
  [    555ms]  [92mVISIBLE[0m  (poll #9, X-Cache: MISS)  order=1fa5319a

[96mOrder 292/1000:[0m
  [      7ms]  [91mstale[0m    (poll #1)  order=d18f008a
  [     71ms]  [91mstale[0m    (poll #2)  order=d18f008a
  [    135ms]  [91mstale[0m    (poll #3)  order=d18f008a
  [    200ms]  [91mstale[0m    (poll #4)  order=d18f008a
  [    269ms]  [91mstale[0m    (poll #5)  order=d18f008a
  [    339ms]  [91mstale[0m    (poll #6)  order=d18f008a
  [    406ms]  [91mstale[0m    (poll #7)  order=d18f008a
  [    474ms]  [92mVISIBLE[0m  (poll #8, X-Cache: MISS)  order=d18f008a

[96mOrder 293/1000:[0m
  [      8ms]  [91mstale[0m    (poll #1)  order=ce7ed4bb
  [     68ms]  [91mstale[0m    (poll #2)  order=ce7ed4bb
  [    134ms]  [91mstale[0m    (poll #3)  order=ce7ed4bb
  [    200ms]  [91mstale[0m    (poll #4)  order=ce7ed4bb
  [    269ms]  [91mstale[0m    (poll #5)  order=ce7ed4bb
  [    338ms]  [91mstale[0m    (poll #6)  order=ce7ed4bb
  [    409ms]  [91mstale[0m    (poll #7)  order=ce7ed4bb
  [    483ms]  [92mVISIBLE[0m  (poll #8, X-Cache: MISS)  order=ce7ed4bb

[96mOrder 294/1000:[0m
  [      4ms]  [91mstale[0m    (poll #1)  order=7284cbcb
  [     59ms]  [91mstale[0m    (poll #2)  order=7284cbcb
  [    122ms]  [91mstale[0m    (poll #3)  order=7284cbcb
  [    185ms]  [91mstale[0m    (poll #4)  order=7284cbcb
  [    246ms]  [91mstale[0m    (poll #5)  order=7284cbcb
  [    306ms]  [91mstale[0m    (poll #6)  order=7284cbcb
  [    370ms]  [91mstale[0m    (poll #7)  order=7284cbcb
  [    439ms]  [91mstale[0m    (poll #8)  order=7284cbcb
  [    510ms]  [92mVISIBLE[0m  (poll #9, X-Cache: MISS)  order=7284cbcb

[96mOrder 295/1000:[0m
  [      9ms]  [91mstale[0m    (poll #1)  order=424bf371
  [     74ms]  [91mstale[0m    (poll #2)  order=424bf371
  [    136ms]  [91mstale[0m    (poll #3)  order=424bf371
  [    201ms]  [91mstale[0m    (poll #4)  order=424bf371
  [    268ms]  [91mstale[0m    (poll #5)  order=424bf371
  [    334ms]  [91mstale[0m    (poll #6)  order=424bf371
  [    402ms]  [91mstale[0m    (poll #7)  order=424bf371
  [    472ms]  [91mstale[0m    (poll #8)  order=424bf371
  [    539ms]  [92mVISIBLE[0m  (poll #9, X-Cache: MISS)  order=424bf371

[96mOrder 296/1000:[0m
  [      9ms]  [91mstale[0m    (poll #1)  order=72af2cca
  [     72ms]  [91mstale[0m    (poll #2)  order=72af2cca
  [    129ms]  [91mstale[0m    (poll #3)  order=72af2cca
  [    192ms]  [91mstale[0m    (poll #4)  order=72af2cca
  [    253ms]  [91mstale[0m    (poll #5)  order=72af2cca
  [    320ms]  [91mstale[0m    (poll #6)  order=72af2cca
  [    388ms]  [91mstale[0m    (poll #7)  order=72af2cca
  [    463ms]  [92mVISIBLE[0m  (poll #8, X-Cache: MISS)  order=72af2cca

[96mOrder 297/1000:[0m
  [     11ms]  [91mstale[0m    (poll #1)  order=ef7177a1
  [     71ms]  [91mstale[0m    (poll #2)  order=ef7177a1
  [    136ms]  [91mstale[0m    (poll #3)  order=ef7177a1
  [    202ms]  [91mstale[0m    (poll #4)  order=ef7177a1
  [    269ms]  [91mstale[0m    (poll #5)  order=ef7177a1
  [    341ms]  [91mstale[0m    (poll #6)  order=ef7177a1
  [    415ms]  [91mstale[0m    (poll #7)  order=ef7177a1
  [    483ms]  [91mstale[0m    (poll #8)  order=ef7177a1
  [    549ms]  [92mVISIBLE[0m  (poll #9, X-Cache: MISS)  order=ef7177a1

[96mOrder 298/1000:[0m
  [      4ms]  [91mstale[0m    (poll #1)  order=27e9c5e9
  [     65ms]  [91mstale[0m    (poll #2)  order=27e9c5e9
  [    128ms]  [91mstale[0m    (poll #3)  order=27e9c5e9
  [    194ms]  [91mstale[0m    (poll #4)  order=27e9c5e9
  [    266ms]  [91mstale[0m    (poll #5)  order=27e9c5e9
  [    335ms]  [91mstale[0m    (poll #6)  order=27e9c5e9
  [    409ms]  [91mstale[0m    (poll #7)  order=27e9c5e9
  [    477ms]  [91mstale[0m    (poll #8)  order=27e9c5e9
  [    547ms]  [92mVISIBLE[0m  (poll #9, X-Cache: MISS)  order=27e9c5e9

[96mOrder 299/1000:[0m
  [      3ms]  [91mstale[0m    (poll #1)  order=56978313
  [     60ms]  [91mstale[0m    (poll #2)  order=56978313
  [    122ms]  [91mstale[0m    (poll #3)  order=56978313
  [    181ms]  [91mstale[0m    (poll #4)  order=56978313
  [    240ms]  [91mstale[0m    (poll #5)  order=56978313
  [    306ms]  [91mstale[0m    (poll #6)  order=56978313
  [    372ms]  [91mstale[0m    (poll #7)  order=56978313
  [    441ms]  [91mstale[0m    (poll #8)  order=56978313
  [    510ms]  [92mVISIBLE[0m  (poll #9, X-Cache: MISS)  order=56978313

[96mOrder 300/1000:[0m
  [     10ms]  [91mstale[0m    (poll #1)  order=963dd657
  [     69ms]  [91mstale[0m    (poll #2)  order=963dd657
  [    134ms]  [91mstale[0m    (poll #3)  order=963dd657
  [    197ms]  [91mstale[0m    (poll #4)  order=963dd657
  [    265ms]  [91mstale[0m    (poll #5)  order=963dd657
  [    339ms]  [92mVISIBLE[0m  (poll #6, X-Cache: MISS)  order=963dd657

[96mOrder 301/1000:[0m
  [      9ms]  [91mstale[0m    (poll #1)  order=057b6bf9
  [     68ms]  [91mstale[0m    (poll #2)  order=057b6bf9
  [    133ms]  [91mstale[0m    (poll #3)  order=057b6bf9
  [    197ms]  [91mstale[0m    (poll #4)  order=057b6bf9
  [    259ms]  [91mstale[0m    (poll #5)  order=057b6bf9
  [    316ms]  [91mstale[0m    (poll #6)  order=057b6bf9
  [    373ms]  [91mstale[0m    (poll #7)  order=057b6bf9
  [    434ms]  [91mstale[0m    (poll #8)  order=057b6bf9
  [    493ms]  [91mstale[0m    (poll #9)  order=057b6bf9
  [    552ms]  [92mVISIBLE[0m  (poll #10, X-Cache: MISS)  order=057b6bf9

[96mOrder 302/1000:[0m
  [      5ms]  [91mstale[0m    (poll #1)  order=8e0caa13
  [     65ms]  [91mstale[0m    (poll #2)  order=8e0caa13
  [    124ms]  [91mstale[0m    (poll #3)  order=8e0caa13
  [    189ms]  [91mstale[0m    (poll #4)  order=8e0caa13
  [    259ms]  [91mstale[0m    (poll #5)  order=8e0caa13
  [    334ms]  [91mstale[0m    (poll #6)  order=8e0caa13
  [    402ms]  [91mstale[0m    (poll #7)  order=8e0caa13
  [    473ms]  [92mVISIBLE[0m  (poll #8, X-Cache: MISS)  order=8e0caa13

[96mOrder 303/1000:[0m
  [     10ms]  [91mstale[0m    (poll #1)  order=e53289d2
  [     75ms]  [91mstale[0m    (poll #2)  order=e53289d2
  [    141ms]  [91mstale[0m    (poll #3)  order=e53289d2
  [    206ms]  [91mstale[0m    (poll #4)  order=e53289d2
  [    275ms]  [91mstale[0m    (poll #5)  order=e53289d2
  [    348ms]  [91mstale[0m    (poll #6)  order=e53289d2
  [    412ms]  [91mstale[0m    (poll #7)  order=e53289d2
  [    477ms]  [91mstale[0m    (poll #8)  order=e53289d2
  [    547ms]  [92mVISIBLE[0m  (poll #9, X-Cache: MISS)  order=e53289d2

[96mOrder 304/1000:[0m
  [     10ms]  [91mstale[0m    (poll #1)  order=6759d9d6
  [     74ms]  [91mstale[0m    (poll #2)  order=6759d9d6
  [    138ms]  [91mstale[0m    (poll #3)  order=6759d9d6
  [    201ms]  [91mstale[0m    (poll #4)  order=6759d9d6
  [    268ms]  [91mstale[0m    (poll #5)  order=6759d9d6
  [    342ms]  [91mstale[0m    (poll #6)  order=6759d9d6
  [    414ms]  [91mstale[0m    (poll #7)  order=6759d9d6
  [    485ms]  [92mVISIBLE[0m  (poll #8, X-Cache: MISS)  order=6759d9d6

[96mOrder 305/1000:[0m
  [      9ms]  [91mstale[0m    (poll #1)  order=4ad3f314
  [     73ms]  [91mstale[0m    (poll #2)  order=4ad3f314
  [    134ms]  [91mstale[0m    (poll #3)  order=4ad3f314
  [    200ms]  [91mstale[0m    (poll #4)  order=4ad3f314
  [    266ms]  [91mstale[0m    (poll #5)  order=4ad3f314
  [    330ms]  [91mstale[0m    (poll #6)  order=4ad3f314
  [    396ms]  [91mstale[0m    (poll #7)  order=4ad3f314
  [    464ms]  [91mstale[0m    (poll #8)  order=4ad3f314
  [    532ms]  [92mVISIBLE[0m  (poll #9, X-Cache: MISS)  order=4ad3f314

[96mOrder 306/1000:[0m
  [      4ms]  [91mstale[0m    (poll #1)  order=36d53120
  [     61ms]  [91mstale[0m    (poll #2)  order=36d53120
  [    123ms]  [91mstale[0m    (poll #3)  order=36d53120
  [    185ms]  [91mstale[0m    (poll #4)  order=36d53120
  [    254ms]  [91mstale[0m    (poll #5)  order=36d53120
  [    323ms]  [91mstale[0m    (poll #6)  order=36d53120
  [    395ms]  [91mstale[0m    (poll #7)  order=36d53120
  [    467ms]  [92mVISIBLE[0m  (poll #8, X-Cache: MISS)  order=36d53120

[96mOrder 307/1000:[0m
  [      8ms]  [91mstale[0m    (poll #1)  order=223fc095
  [     73ms]  [91mstale[0m    (poll #2)  order=223fc095
  [    138ms]  [91mstale[0m    (poll #3)  order=223fc095
  [    205ms]  [91mstale[0m    (poll #4)  order=223fc095
  [    274ms]  [91mstale[0m    (poll #5)  order=223fc095
  [    339ms]  [91mstale[0m    (poll #6)  order=223fc095
  [    408ms]  [91mstale[0m    (poll #7)  order=223fc095
  [    476ms]  [91mstale[0m    (poll #8)  order=223fc095
  [    543ms]  [92mVISIBLE[0m  (poll #9, X-Cache: MISS)  order=223fc095

[96mOrder 308/1000:[0m
  [     10ms]  [91mstale[0m    (poll #1)  order=7fdea2a2
  [     74ms]  [91mstale[0m    (poll #2)  order=7fdea2a2
  [    140ms]  [91mstale[0m    (poll #3)  order=7fdea2a2
  [    203ms]  [91mstale[0m    (poll #4)  order=7fdea2a2
  [    275ms]  [91mstale[0m    (poll #5)  order=7fdea2a2
  [    342ms]  [91mstale[0m    (poll #6)  order=7fdea2a2
  [    411ms]  [91mstale[0m    (poll #7)  order=7fdea2a2
  [    482ms]  [92mVISIBLE[0m  (poll #8, X-Cache: MISS)  order=7fdea2a2

[96mOrder 309/1000:[0m
  [     10ms]  [91mstale[0m    (poll #1)  order=d0b2056c
  [     70ms]  [91mstale[0m    (poll #2)  order=d0b2056c
  [    136ms]  [91mstale[0m    (poll #3)  order=d0b2056c
  [    206ms]  [91mstale[0m    (poll #4)  order=d0b2056c
  [    271ms]  [91mstale[0m    (poll #5)  order=d0b2056c
  [    337ms]  [91mstale[0m    (poll #6)  order=d0b2056c
  [    409ms]  [92mVISIBLE[0m  (poll #7, X-Cache: MISS)  order=d0b2056c

[96mOrder 310/1000:[0m
  [     10ms]  [91mstale[0m    (poll #1)  order=871733b7
  [     70ms]  [91mstale[0m    (poll #2)  order=871733b7
  [    131ms]  [91mstale[0m    (poll #3)  order=871733b7
  [    194ms]  [91mstale[0m    (poll #4)  order=871733b7
  [    259ms]  [91mstale[0m    (poll #5)  order=871733b7
  [    334ms]  [91mstale[0m    (poll #6)  order=871733b7
  [    406ms]  [91mstale[0m    (poll #7)  order=871733b7
  [    474ms]  [92mVISIBLE[0m  (poll #8, X-Cache: MISS)  order=871733b7

[96mOrder 311/1000:[0m
  [      9ms]  [91mstale[0m    (poll #1)  order=7f7c73c1
  [     70ms]  [91mstale[0m    (poll #2)  order=7f7c73c1
  [    131ms]  [91mstale[0m    (poll #3)  order=7f7c73c1
  [    197ms]  [91mstale[0m    (poll #4)  order=7f7c73c1
  [    265ms]  [91mstale[0m    (poll #5)  order=7f7c73c1
  [    327ms]  [91mstale[0m    (poll #6)  order=7f7c73c1
  [    390ms]  [92mVISIBLE[0m  (poll #7, X-Cache: MISS)  order=7f7c73c1

[96mOrder 312/1000:[0m
  [     10ms]  [91mstale[0m    (poll #1)  order=bfee4d16
  [     70ms]  [91mstale[0m    (poll #2)  order=bfee4d16
  [    133ms]  [91mstale[0m    (poll #3)  order=bfee4d16
  [    198ms]  [91mstale[0m    (poll #4)  order=bfee4d16
  [    268ms]  [91mstale[0m    (poll #5)  order=bfee4d16
  [    335ms]  [91mstale[0m    (poll #6)  order=bfee4d16
  [    409ms]  [91mstale[0m    (poll #7)  order=bfee4d16
  [    479ms]  [91mstale[0m    (poll #8)  order=bfee4d16
  [    547ms]  [92mVISIBLE[0m  (poll #9, X-Cache: MISS)  order=bfee4d16

[96mOrder 313/1000:[0m
  [     10ms]  [91mstale[0m    (poll #1)  order=9c42d1ff
  [     75ms]  [91mstale[0m    (poll #2)  order=9c42d1ff
  [    139ms]  [91mstale[0m    (poll #3)  order=9c42d1ff
  [    203ms]  [91mstale[0m    (poll #4)  order=9c42d1ff
  [    270ms]  [91mstale[0m    (poll #5)  order=9c42d1ff
  [    334ms]  [91mstale[0m    (poll #6)  order=9c42d1ff
  [    395ms]  [91mstale[0m    (poll #7)  order=9c42d1ff
  [    459ms]  [91mstale[0m    (poll #8)  order=9c42d1ff
  [    522ms]  [92mVISIBLE[0m  (poll #9, X-Cache: MISS)  order=9c42d1ff

[96mOrder 314/1000:[0m
  [      4ms]  [91mstale[0m    (poll #1)  order=8265b4d4
  [     64ms]  [91mstale[0m    (poll #2)  order=8265b4d4
  [    125ms]  [91mstale[0m    (poll #3)  order=8265b4d4
  [    190ms]  [91mstale[0m    (poll #4)  order=8265b4d4
  [    257ms]  [91mstale[0m    (poll #5)  order=8265b4d4
  [    327ms]  [91mstale[0m    (poll #6)  order=8265b4d4
  [    394ms]  [91mstale[0m    (poll #7)  order=8265b4d4
  [    462ms]  [91mstale[0m    (poll #8)  order=8265b4d4
  [    533ms]  [92mVISIBLE[0m  (poll #9, X-Cache: MISS)  order=8265b4d4

[96mOrder 315/1000:[0m
  [      9ms]  [91mstale[0m    (poll #1)  order=23b88d88
  [     74ms]  [91mstale[0m    (poll #2)  order=23b88d88
  [    135ms]  [91mstale[0m    (poll #3)  order=23b88d88
  [    201ms]  [91mstale[0m    (poll #4)  order=23b88d88
  [    264ms]  [91mstale[0m    (poll #5)  order=23b88d88
  [    324ms]  [91mstale[0m    (poll #6)  order=23b88d88
  [    392ms]  [91mstale[0m    (poll #7)  order=23b88d88
  [    463ms]  [92mVISIBLE[0m  (poll #8, X-Cache: MISS)  order=23b88d88

[96mOrder 316/1000:[0m
  [      5ms]  [91mstale[0m    (poll #1)  order=bcfd1c77
  [     68ms]  [91mstale[0m    (poll #2)  order=bcfd1c77
  [    131ms]  [91mstale[0m    (poll #3)  order=bcfd1c77
  [    193ms]  [91mstale[0m    (poll #4)  order=bcfd1c77
  [    262ms]  [91mstale[0m    (poll #5)  order=bcfd1c77
  [    330ms]  [91mstale[0m    (poll #6)  order=bcfd1c77
  [    400ms]  [91mstale[0m    (poll #7)  order=bcfd1c77
  [    473ms]  [91mstale[0m    (poll #8)  order=bcfd1c77
  [    544ms]  [92mVISIBLE[0m  (poll #9, X-Cache: MISS)  order=bcfd1c77

[96mOrder 317/1000:[0m
  [     10ms]  [91mstale[0m    (poll #1)  order=e3f8fc1c
  [     70ms]  [91mstale[0m    (poll #2)  order=e3f8fc1c
  [    132ms]  [91mstale[0m    (poll #3)  order=e3f8fc1c
  [    203ms]  [91mstale[0m    (poll #4)  order=e3f8fc1c
  [    265ms]  [91mstale[0m    (poll #5)  order=e3f8fc1c
  [    330ms]  [91mstale[0m    (poll #6)  order=e3f8fc1c
  [    391ms]  [91mstale[0m    (poll #7)  order=e3f8fc1c
  [    454ms]  [92mVISIBLE[0m  (poll #8, X-Cache: MISS)  order=e3f8fc1c

[96mOrder 318/1000:[0m
  [      7ms]  [91mstale[0m    (poll #1)  order=1800071f
  [     70ms]  [91mstale[0m    (poll #2)  order=1800071f
  [    134ms]  [91mstale[0m    (poll #3)  order=1800071f
  [    197ms]  [91mstale[0m    (poll #4)  order=1800071f
  [    276ms]  [91mstale[0m    (poll #5)  order=1800071f
  [    344ms]  [91mstale[0m    (poll #6)  order=1800071f
  [    416ms]  [92mVISIBLE[0m  (poll #7, X-Cache: MISS)  order=1800071f

[96mOrder 319/1000:[0m
  [      4ms]  [91mstale[0m    (poll #1)  order=71847623
  [     65ms]  [91mstale[0m    (poll #2)  order=71847623
  [    127ms]  [91mstale[0m    (poll #3)  order=71847623
  [    187ms]  [91mstale[0m    (poll #4)  order=71847623
  [    252ms]  [91mstale[0m    (poll #5)  order=71847623
  [    314ms]  [91mstale[0m    (poll #6)  order=71847623
  [    379ms]  [91mstale[0m    (poll #7)  order=71847623
  [    445ms]  [91mstale[0m    (poll #8)  order=71847623
  [    514ms]  [92mVISIBLE[0m  (poll #9, X-Cache: MISS)  order=71847623

[96mOrder 320/1000:[0m
  [      8ms]  [91mstale[0m    (poll #1)  order=a2a2d82c
  [     73ms]  [91mstale[0m    (poll #2)  order=a2a2d82c
  [    138ms]  [91mstale[0m    (poll #3)  order=a2a2d82c
  [    201ms]  [91mstale[0m    (poll #4)  order=a2a2d82c
  [    270ms]  [91mstale[0m    (poll #5)  order=a2a2d82c
  [    343ms]  [91mstale[0m    (poll #6)  order=a2a2d82c
  [    410ms]  [91mstale[0m    (poll #7)  order=a2a2d82c
  [    478ms]  [91mstale[0m    (poll #8)  order=a2a2d82c
  [    548ms]  [92mVISIBLE[0m  (poll #9, X-Cache: MISS)  order=a2a2d82c

[96mOrder 321/1000:[0m
  [      8ms]  [91mstale[0m    (poll #1)  order=6103960b
  [     71ms]  [91mstale[0m    (poll #2)  order=6103960b
  [    133ms]  [91mstale[0m    (poll #3)  order=6103960b
  [    199ms]  [91mstale[0m    (poll #4)  order=6103960b
  [    262ms]  [91mstale[0m    (poll #5)  order=6103960b
  [    324ms]  [91mstale[0m    (poll #6)  order=6103960b
  [    386ms]  [91mstale[0m    (poll #7)  order=6103960b
  [    446ms]  [92mVISIBLE[0m  (poll #8, X-Cache: MISS)  order=6103960b

[96mOrder 322/1000:[0m
  [      4ms]  [91mstale[0m    (poll #1)  order=de6e7840
  [     62ms]  [91mstale[0m    (poll #2)  order=de6e7840
  [    123ms]  [91mstale[0m    (poll #3)  order=de6e7840
  [    181ms]  [91mstale[0m    (poll #4)  order=de6e7840
  [    248ms]  [91mstale[0m    (poll #5)  order=de6e7840
  [    315ms]  [91mstale[0m    (poll #6)  order=de6e7840
  [    385ms]  [91mstale[0m    (poll #7)  order=de6e7840
  [    455ms]  [91mstale[0m    (poll #8)  order=de6e7840
  [    526ms]  [92mVISIBLE[0m  (poll #9, X-Cache: MISS)  order=de6e7840

[96mOrder 323/1000:[0m
  [      9ms]  [91mstale[0m    (poll #1)  order=5166007e
  [     69ms]  [91mstale[0m    (poll #2)  order=5166007e
  [    133ms]  [91mstale[0m    (poll #3)  order=5166007e
  [    203ms]  [91mstale[0m    (poll #4)  order=5166007e
  [    267ms]  [91mstale[0m    (poll #5)  order=5166007e
  [    337ms]  [91mstale[0m    (poll #6)  order=5166007e
  [    407ms]  [91mstale[0m    (poll #7)  order=5166007e
  [    472ms]  [92mVISIBLE[0m  (poll #8, X-Cache: MISS)  order=5166007e

[96mOrder 324/1000:[0m
  [      7ms]  [91mstale[0m    (poll #1)  order=e42946ac
  [     68ms]  [91mstale[0m    (poll #2)  order=e42946ac
  [    131ms]  [91mstale[0m    (poll #3)  order=e42946ac
  [    198ms]  [91mstale[0m    (poll #4)  order=e42946ac
  [    270ms]  [91mstale[0m    (poll #5)  order=e42946ac
  [    342ms]  [91mstale[0m    (poll #6)  order=e42946ac
  [    413ms]  [91mstale[0m    (poll #7)  order=e42946ac
  [    484ms]  [91mstale[0m    (poll #8)  order=e42946ac
  [    553ms]  [92mVISIBLE[0m  (poll #9, X-Cache: MISS)  order=e42946ac

[96mOrder 325/1000:[0m
  [     10ms]  [91mstale[0m    (poll #1)  order=62aaa926
  [     70ms]  [91mstale[0m    (poll #2)  order=62aaa926
  [    131ms]  [91mstale[0m    (poll #3)  order=62aaa926
  [    190ms]  [91mstale[0m    (poll #4)  order=62aaa926
  [    252ms]  [91mstale[0m    (poll #5)  order=62aaa926
  [    319ms]  [91mstale[0m    (poll #6)  order=62aaa926
  [    396ms]  [91mstale[0m    (poll #7)  order=62aaa926
  [    476ms]  [92mVISIBLE[0m  (poll #8, X-Cache: MISS)  order=62aaa926

[96mOrder 326/1000:[0m
  [      6ms]  [91mstale[0m    (poll #1)  order=29dce016
  [     66ms]  [91mstale[0m    (poll #2)  order=29dce016
  [    128ms]  [91mstale[0m    (poll #3)  order=29dce016
  [    189ms]  [91mstale[0m    (poll #4)  order=29dce016
  [    254ms]  [91mstale[0m    (poll #5)  order=29dce016
  [    321ms]  [91mstale[0m    (poll #6)  order=29dce016
  [    391ms]  [91mstale[0m    (poll #7)  order=29dce016
  [    464ms]  [91mstale[0m    (poll #8)  order=29dce016
  [    533ms]  [92mVISIBLE[0m  (poll #9, X-Cache: MISS)  order=29dce016

[96mOrder 327/1000:[0m
  [     10ms]  [91mstale[0m    (poll #1)  order=44bdab11
  [     70ms]  [91mstale[0m    (poll #2)  order=44bdab11
  [    131ms]  [91mstale[0m    (poll #3)  order=44bdab11
  [    196ms]  [91mstale[0m    (poll #4)  order=44bdab11
  [    265ms]  [91mstale[0m    (poll #5)  order=44bdab11
  [    334ms]  [91mstale[0m    (poll #6)  order=44bdab11
  [    405ms]  [91mstale[0m    (poll #7)  order=44bdab11
  [    476ms]  [92mVISIBLE[0m  (poll #8, X-Cache: MISS)  order=44bdab11

[96mOrder 328/1000:[0m
  [     10ms]  [91mstale[0m    (poll #1)  order=d0479325
  [     72ms]  [91mstale[0m    (poll #2)  order=d0479325
  [    140ms]  [91mstale[0m    (poll #3)  order=d0479325
  [    205ms]  [91mstale[0m    (poll #4)  order=d0479325
  [    276ms]  [91mstale[0m    (poll #5)  order=d0479325
  [    344ms]  [91mstale[0m    (poll #6)  order=d0479325
  [    412ms]  [91mstale[0m    (poll #7)  order=d0479325
  [    483ms]  [91mstale[0m    (poll #8)  order=d0479325
  [    555ms]  [92mVISIBLE[0m  (poll #9, X-Cache: MISS)  order=d0479325

[96mOrder 329/1000:[0m
  [      6ms]  [91mstale[0m    (poll #1)  order=4d85ce86
  [     65ms]  [91mstale[0m    (poll #2)  order=4d85ce86
  [    127ms]  [91mstale[0m    (poll #3)  order=4d85ce86
  [    190ms]  [91mstale[0m    (poll #4)  order=4d85ce86
  [    253ms]  [91mstale[0m    (poll #5)  order=4d85ce86
  [    322ms]  [91mstale[0m    (poll #6)  order=4d85ce86
  [    391ms]  [91mstale[0m    (poll #7)  order=4d85ce86
  [    461ms]  [92mVISIBLE[0m  (poll #8, X-Cache: MISS)  order=4d85ce86

[96mOrder 330/1000:[0m
  [      9ms]  [91mstale[0m    (poll #1)  order=d6f20540
  [     68ms]  [91mstale[0m    (poll #2)  order=d6f20540
  [    134ms]  [91mstale[0m    (poll #3)  order=d6f20540
  [    197ms]  [91mstale[0m    (poll #4)  order=d6f20540
  [    265ms]  [91mstale[0m    (poll #5)  order=d6f20540
  [    337ms]  [91mstale[0m    (poll #6)  order=d6f20540
  [    409ms]  [91mstale[0m    (poll #7)  order=d6f20540
  [    477ms]  [91mstale[0m    (poll #8)  order=d6f20540
  [    552ms]  [92mVISIBLE[0m  (poll #9, X-Cache: MISS)  order=d6f20540

[96mOrder 331/1000:[0m
  [      9ms]  [91mstale[0m    (poll #1)  order=a932ca6b
  [     71ms]  [91mstale[0m    (poll #2)  order=a932ca6b
  [    132ms]  [91mstale[0m    (poll #3)  order=a932ca6b
  [    194ms]  [91mstale[0m    (poll #4)  order=a932ca6b
  [    257ms]  [91mstale[0m    (poll #5)  order=a932ca6b
  [    320ms]  [91mstale[0m    (poll #6)  order=a932ca6b
  [    384ms]  [91mstale[0m    (poll #7)  order=a932ca6b
  [    454ms]  [91mstale[0m    (poll #8)  order=a932ca6b
  [    532ms]  [92mVISIBLE[0m  (poll #9, X-Cache: MISS)  order=a932ca6b

[96mOrder 332/1000:[0m
  [      4ms]  [91mstale[0m    (poll #1)  order=df6535f3
  [     63ms]  [91mstale[0m    (poll #2)  order=df6535f3
  [    126ms]  [91mstale[0m    (poll #3)  order=df6535f3
  [    185ms]  [91mstale[0m    (poll #4)  order=df6535f3
  [    248ms]  [91mstale[0m    (poll #5)  order=df6535f3
  [    316ms]  [91mstale[0m    (poll #6)  order=df6535f3
  [    384ms]  [91mstale[0m    (poll #7)  order=df6535f3
  [    458ms]  [92mVISIBLE[0m  (poll #8, X-Cache: MISS)  order=df6535f3

[96mOrder 333/1000:[0m
  [      4ms]  [91mstale[0m    (poll #1)  order=748706bf
  [     65ms]  [91mstale[0m    (poll #2)  order=748706bf
  [    122ms]  [91mstale[0m    (poll #3)  order=748706bf
  [    178ms]  [91mstale[0m    (poll #4)  order=748706bf
  [    237ms]  [91mstale[0m    (poll #5)  order=748706bf
  [    299ms]  [91mstale[0m    (poll #6)  order=748706bf
  [    361ms]  [91mstale[0m    (poll #7)  order=748706bf
  [    429ms]  [91mstale[0m    (poll #8)  order=748706bf
  [    497ms]  [91mstale[0m    (poll #9)  order=748706bf
  [    566ms]  [92mVISIBLE[0m  (poll #10, X-Cache: MISS)  order=748706bf

[96mOrder 334/1000:[0m
  [     10ms]  [91mstale[0m    (poll #1)  order=aaf16c63
  [     75ms]  [91mstale[0m    (poll #2)  order=aaf16c63
  [    139ms]  [91mstale[0m    (poll #3)  order=aaf16c63
  [    203ms]  [91mstale[0m    (poll #4)  order=aaf16c63
  [    274ms]  [91mstale[0m    (poll #5)  order=aaf16c63
  [    342ms]  [92mVISIBLE[0m  (poll #6, X-Cache: MISS)  order=aaf16c63

[96mOrder 335/1000:[0m
  [     10ms]  [91mstale[0m    (poll #1)  order=3a3825fe
  [     74ms]  [91mstale[0m    (poll #2)  order=3a3825fe
  [    138ms]  [91mstale[0m    (poll #3)  order=3a3825fe
  [    204ms]  [91mstale[0m    (poll #4)  order=3a3825fe
  [    268ms]  [91mstale[0m    (poll #5)  order=3a3825fe
  [    333ms]  [91mstale[0m    (poll #6)  order=3a3825fe
  [    401ms]  [91mstale[0m    (poll #7)  order=3a3825fe
  [    468ms]  [91mstale[0m    (poll #8)  order=3a3825fe
  [    530ms]  [92mVISIBLE[0m  (poll #9, X-Cache: MISS)  order=3a3825fe

[96mOrder 336/1000:[0m
  [      5ms]  [91mstale[0m    (poll #1)  order=738b9446
  [     66ms]  [91mstale[0m    (poll #2)  order=738b9446
  [    125ms]  [91mstale[0m    (poll #3)  order=738b9446
  [    186ms]  [91mstale[0m    (poll #4)  order=738b9446
  [    251ms]  [91mstale[0m    (poll #5)  order=738b9446
  [    324ms]  [91mstale[0m    (poll #6)  order=738b9446
  [    393ms]  [92mVISIBLE[0m  (poll #7, X-Cache: MISS)  order=738b9446

[96mOrder 337/1000:[0m
  [     10ms]  [91mstale[0m    (poll #1)  order=6b13bff0
  [     80ms]  [91mstale[0m    (poll #2)  order=6b13bff0
  [    143ms]  [91mstale[0m    (poll #3)  order=6b13bff0
  [    203ms]  [91mstale[0m    (poll #4)  order=6b13bff0
  [    273ms]  [91mstale[0m    (poll #5)  order=6b13bff0
  [    339ms]  [91mstale[0m    (poll #6)  order=6b13bff0
  [    408ms]  [92mVISIBLE[0m  (poll #7, X-Cache: MISS)  order=6b13bff0

[96mOrder 338/1000:[0m
  [      9ms]  [91mstale[0m    (poll #1)  order=68b5f2f7
  [     74ms]  [91mstale[0m    (poll #2)  order=68b5f2f7
  [    139ms]  [91mstale[0m    (poll #3)  order=68b5f2f7
  [    209ms]  [91mstale[0m    (poll #4)  order=68b5f2f7
  [    282ms]  [91mstale[0m    (poll #5)  order=68b5f2f7
  [    352ms]  [91mstale[0m    (poll #6)  order=68b5f2f7
  [    414ms]  [91mstale[0m    (poll #7)  order=68b5f2f7
  [    472ms]  [92mVISIBLE[0m  (poll #8, X-Cache: MISS)  order=68b5f2f7

[96mOrder 339/1000:[0m
  [      4ms]  [91mstale[0m    (poll #1)  order=6ed8b6a7
  [     68ms]  [91mstale[0m    (poll #2)  order=6ed8b6a7
  [    130ms]  [91mstale[0m    (poll #3)  order=6ed8b6a7
  [    192ms]  [91mstale[0m    (poll #4)  order=6ed8b6a7
  [    255ms]  [91mstale[0m    (poll #5)  order=6ed8b6a7
  [    322ms]  [91mstale[0m    (poll #6)  order=6ed8b6a7
  [    391ms]  [91mstale[0m    (poll #7)  order=6ed8b6a7
  [    463ms]  [91mstale[0m    (poll #8)  order=6ed8b6a7
  [    533ms]  [92mVISIBLE[0m  (poll #9, X-Cache: MISS)  order=6ed8b6a7

[96mOrder 340/1000:[0m
  [     11ms]  [91mstale[0m    (poll #1)  order=3c6da125
  [     76ms]  [91mstale[0m    (poll #2)  order=3c6da125
  [    139ms]  [91mstale[0m    (poll #3)  order=3c6da125
  [    208ms]  [91mstale[0m    (poll #4)  order=3c6da125
  [    277ms]  [91mstale[0m    (poll #5)  order=3c6da125
  [    347ms]  [91mstale[0m    (poll #6)  order=3c6da125
  [    415ms]  [91mstale[0m    (poll #7)  order=3c6da125
  [    488ms]  [92mVISIBLE[0m  (poll #8, X-Cache: MISS)  order=3c6da125

[96mOrder 341/1000:[0m
  [      9ms]  [91mstale[0m    (poll #1)  order=d3a0ee10
  [     73ms]  [91mstale[0m    (poll #2)  order=d3a0ee10
  [    138ms]  [91mstale[0m    (poll #3)  order=d3a0ee10
  [    200ms]  [91mstale[0m    (poll #4)  order=d3a0ee10
  [    263ms]  [91mstale[0m    (poll #5)  order=d3a0ee10
  [    332ms]  [91mstale[0m    (poll #6)  order=d3a0ee10
  [    400ms]  [92mVISIBLE[0m  (poll #7, X-Cache: MISS)  order=d3a0ee10

[96mOrder 342/1000:[0m
  [      5ms]  [91mstale[0m    (poll #1)  order=102b2ca9
  [     66ms]  [91mstale[0m    (poll #2)  order=102b2ca9
  [    128ms]  [91mstale[0m    (poll #3)  order=102b2ca9
  [    189ms]  [91mstale[0m    (poll #4)  order=102b2ca9
  [    248ms]  [91mstale[0m    (poll #5)  order=102b2ca9
  [    310ms]  [91mstale[0m    (poll #6)  order=102b2ca9
  [    371ms]  [91mstale[0m    (poll #7)  order=102b2ca9
  [    435ms]  [91mstale[0m    (poll #8)  order=102b2ca9
  [    502ms]  [92mVISIBLE[0m  (poll #9, X-Cache: MISS)  order=102b2ca9

[96mOrder 343/1000:[0m
  [      8ms]  [91mstale[0m    (poll #1)  order=9fbae44f
  [     68ms]  [91mstale[0m    (poll #2)  order=9fbae44f
  [    129ms]  [91mstale[0m    (poll #3)  order=9fbae44f
  [    197ms]  [91mstale[0m    (poll #4)  order=9fbae44f
  [    259ms]  [91mstale[0m    (poll #5)  order=9fbae44f
  [    327ms]  [91mstale[0m    (poll #6)  order=9fbae44f
  [    395ms]  [91mstale[0m    (poll #7)  order=9fbae44f
  [    463ms]  [91mstale[0m    (poll #8)  order=9fbae44f
  [    534ms]  [92mVISIBLE[0m  (poll #9, X-Cache: MISS)  order=9fbae44f

[96mOrder 344/1000:[0m
  [      6ms]  [91mstale[0m    (poll #1)  order=f0571d75
  [     70ms]  [91mstale[0m    (poll #2)  order=f0571d75
  [    132ms]  [91mstale[0m    (poll #3)  order=f0571d75
  [    201ms]  [91mstale[0m    (poll #4)  order=f0571d75
  [    270ms]  [91mstale[0m    (poll #5)  order=f0571d75
  [    342ms]  [91mstale[0m    (poll #6)  order=f0571d75
  [    413ms]  [91mstale[0m    (poll #7)  order=f0571d75
  [    482ms]  [92mVISIBLE[0m  (poll #8, X-Cache: MISS)  order=f0571d75

[96mOrder 345/1000:[0m
  [     10ms]  [91mstale[0m    (poll #1)  order=8c153b40
  [     75ms]  [91mstale[0m    (poll #2)  order=8c153b40
  [    140ms]  [91mstale[0m    (poll #3)  order=8c153b40
  [    204ms]  [91mstale[0m    (poll #4)  order=8c153b40
  [    270ms]  [91mstale[0m    (poll #5)  order=8c153b40
  [    342ms]  [91mstale[0m    (poll #6)  order=8c153b40
  [    415ms]  [91mstale[0m    (poll #7)  order=8c153b40
  [    486ms]  [91mstale[0m    (poll #8)  order=8c153b40
  [    558ms]  [92mVISIBLE[0m  (poll #9, X-Cache: MISS)  order=8c153b40

[96mOrder 346/1000:[0m
  [      5ms]  [91mstale[0m    (poll #1)  order=81e6a20a
  [     62ms]  [91mstale[0m    (poll #2)  order=81e6a20a
  [    124ms]  [91mstale[0m    (poll #3)  order=81e6a20a
  [    185ms]  [91mstale[0m    (poll #4)  order=81e6a20a
  [    249ms]  [91mstale[0m    (poll #5)  order=81e6a20a
  [    319ms]  [91mstale[0m    (poll #6)  order=81e6a20a
  [    390ms]  [91mstale[0m    (poll #7)  order=81e6a20a
  [    458ms]  [91mstale[0m    (poll #8)  order=81e6a20a
  [    529ms]  [92mVISIBLE[0m  (poll #9, X-Cache: MISS)  order=81e6a20a

[96mOrder 347/1000:[0m
  [      9ms]  [91mstale[0m    (poll #1)  order=9da1672e
  [     68ms]  [91mstale[0m    (poll #2)  order=9da1672e
  [    131ms]  [91mstale[0m    (poll #3)  order=9da1672e
  [    195ms]  [91mstale[0m    (poll #4)  order=9da1672e
  [    264ms]  [91mstale[0m    (poll #5)  order=9da1672e
  [    334ms]  [91mstale[0m    (poll #6)  order=9da1672e
  [    405ms]  [91mstale[0m    (poll #7)  order=9da1672e
  [    476ms]  [92mVISIBLE[0m  (poll #8, X-Cache: MISS)  order=9da1672e

[96mOrder 348/1000:[0m
  [      9ms]  [91mstale[0m    (poll #1)  order=b31b4482
  [     74ms]  [91mstale[0m    (poll #2)  order=b31b4482
  [    141ms]  [91mstale[0m    (poll #3)  order=b31b4482
  [    206ms]  [91mstale[0m    (poll #4)  order=b31b4482
  [    277ms]  [91mstale[0m    (poll #5)  order=b31b4482
  [    344ms]  [91mstale[0m    (poll #6)  order=b31b4482
  [    412ms]  [91mstale[0m    (poll #7)  order=b31b4482
  [    482ms]  [92mVISIBLE[0m  (poll #8, X-Cache: MISS)  order=b31b4482

[96mOrder 349/1000:[0m
  [      6ms]  [91mstale[0m    (poll #1)  order=ccbd2d9d
  [     67ms]  [91mstale[0m    (poll #2)  order=ccbd2d9d
  [    130ms]  [91mstale[0m    (poll #3)  order=ccbd2d9d
  [    192ms]  [91mstale[0m    (poll #4)  order=ccbd2d9d
  [    256ms]  [91mstale[0m    (poll #5)  order=ccbd2d9d
  [    325ms]  [91mstale[0m    (poll #6)  order=ccbd2d9d
  [    396ms]  [91mstale[0m    (poll #7)  order=ccbd2d9d
  [    466ms]  [91mstale[0m    (poll #8)  order=ccbd2d9d
  [    529ms]  [92mVISIBLE[0m  (poll #9, X-Cache: MISS)  order=ccbd2d9d

[96mOrder 350/1000:[0m
  [     10ms]  [91mstale[0m    (poll #1)  order=2be96061
  [     71ms]  [91mstale[0m    (poll #2)  order=2be96061
  [    137ms]  [91mstale[0m    (poll #3)  order=2be96061
  [    201ms]  [91mstale[0m    (poll #4)  order=2be96061
  [    270ms]  [91mstale[0m    (poll #5)  order=2be96061
  [    339ms]  [91mstale[0m    (poll #6)  order=2be96061
  [    409ms]  [91mstale[0m    (poll #7)  order=2be96061
  [    480ms]  [92mVISIBLE[0m  (poll #8, X-Cache: MISS)  order=2be96061

[96mOrder 351/1000:[0m
  [      9ms]  [91mstale[0m    (poll #1)  order=37d63ebc
  [     74ms]  [91mstale[0m    (poll #2)  order=37d63ebc
  [    138ms]  [91mstale[0m    (poll #3)  order=37d63ebc
  [    206ms]  [91mstale[0m    (poll #4)  order=37d63ebc
  [    272ms]  [91mstale[0m    (poll #5)  order=37d63ebc
  [    339ms]  [91mstale[0m    (poll #6)  order=37d63ebc
  [    412ms]  [92mVISIBLE[0m  (poll #7, X-Cache: MISS)  order=37d63ebc

[96mOrder 352/1000:[0m
  [     10ms]  [91mstale[0m    (poll #1)  order=897ca6aa
  [     73ms]  [91mstale[0m    (poll #2)  order=897ca6aa
  [    135ms]  [91mstale[0m    (poll #3)  order=897ca6aa
  [    202ms]  [91mstale[0m    (poll #4)  order=897ca6aa
  [    273ms]  [91mstale[0m    (poll #5)  order=897ca6aa
  [    344ms]  [91mstale[0m    (poll #6)  order=897ca6aa
  [    414ms]  [91mstale[0m    (poll #7)  order=897ca6aa
  [    485ms]  [91mstale[0m    (poll #8)  order=897ca6aa
  [    553ms]  [92mVISIBLE[0m  (poll #9, X-Cache: MISS)  order=897ca6aa

[96mOrder 353/1000:[0m
  [      9ms]  [91mstale[0m    (poll #1)  order=46597e4e
  [     72ms]  [91mstale[0m    (poll #2)  order=46597e4e
  [    132ms]  [91mstale[0m    (poll #3)  order=46597e4e
  [    199ms]  [91mstale[0m    (poll #4)  order=46597e4e
  [    262ms]  [91mstale[0m    (poll #5)  order=46597e4e
  [    321ms]  [91mstale[0m    (poll #6)  order=46597e4e
  [    380ms]  [92mVISIBLE[0m  (poll #7, X-Cache: MISS)  order=46597e4e

[96mOrder 354/1000:[0m
  [      9ms]  [91mstale[0m    (poll #1)  order=e5ffcf27
  [     66ms]  [91mstale[0m    (poll #2)  order=e5ffcf27
  [    125ms]  [91mstale[0m    (poll #3)  order=e5ffcf27
  [    190ms]  [91mstale[0m    (poll #4)  order=e5ffcf27
  [    257ms]  [91mstale[0m    (poll #5)  order=e5ffcf27
  [    329ms]  [91mstale[0m    (poll #6)  order=e5ffcf27
  [    404ms]  [91mstale[0m    (poll #7)  order=e5ffcf27
  [    476ms]  [92mVISIBLE[0m  (poll #8, X-Cache: MISS)  order=e5ffcf27

[96mOrder 355/1000:[0m
  [     12ms]  [91mstale[0m    (poll #1)  order=7759b9a6
  [     72ms]  [91mstale[0m    (poll #2)  order=7759b9a6
  [    133ms]  [91mstale[0m    (poll #3)  order=7759b9a6
  [    199ms]  [91mstale[0m    (poll #4)  order=7759b9a6
  [    264ms]  [91mstale[0m    (poll #5)  order=7759b9a6
  [    329ms]  [91mstale[0m    (poll #6)  order=7759b9a6
  [    397ms]  [91mstale[0m    (poll #7)  order=7759b9a6
  [    470ms]  [91mstale[0m    (poll #8)  order=7759b9a6
  [    541ms]  [92mVISIBLE[0m  (poll #9, X-Cache: MISS)  order=7759b9a6

[96mOrder 356/1000:[0m
  [     10ms]  [91mstale[0m    (poll #1)  order=30f7453d
  [     73ms]  [91mstale[0m    (poll #2)  order=30f7453d
  [    136ms]  [91mstale[0m    (poll #3)  order=30f7453d
  [    198ms]  [91mstale[0m    (poll #4)  order=30f7453d
  [    262ms]  [91mstale[0m    (poll #5)  order=30f7453d
  [    329ms]  [91mstale[0m    (poll #6)  order=30f7453d
  [    401ms]  [92mVISIBLE[0m  (poll #7, X-Cache: MISS)  order=30f7453d

[96mOrder 357/1000:[0m
  [      9ms]  [91mstale[0m    (poll #1)  order=249417bf
  [     70ms]  [91mstale[0m    (poll #2)  order=249417bf
  [    136ms]  [91mstale[0m    (poll #3)  order=249417bf
  [    201ms]  [91mstale[0m    (poll #4)  order=249417bf
  [    266ms]  [91mstale[0m    (poll #5)  order=249417bf
  [    336ms]  [91mstale[0m    (poll #6)  order=249417bf
  [    397ms]  [91mstale[0m    (poll #7)  order=249417bf
  [    461ms]  [91mstale[0m    (poll #8)  order=249417bf
  [    529ms]  [92mVISIBLE[0m  (poll #9, X-Cache: MISS)  order=249417bf

[96mOrder 358/1000:[0m
  [      8ms]  [91mstale[0m    (poll #1)  order=b46f570e
  [     70ms]  [91mstale[0m    (poll #2)  order=b46f570e
  [    135ms]  [91mstale[0m    (poll #3)  order=b46f570e
  [    199ms]  [91mstale[0m    (poll #4)  order=b46f570e
  [    270ms]  [91mstale[0m    (poll #5)  order=b46f570e
  [    342ms]  [91mstale[0m    (poll #6)  order=b46f570e
  [    404ms]  [91mstale[0m    (poll #7)  order=b46f570e
  [    462ms]  [92mVISIBLE[0m  (poll #8, X-Cache: MISS)  order=b46f570e

[96mOrder 359/1000:[0m
  [      3ms]  [91mstale[0m    (poll #1)  order=5fcb052c
  [     60ms]  [91mstale[0m    (poll #2)  order=5fcb052c
  [    123ms]  [91mstale[0m    (poll #3)  order=5fcb052c
  [    186ms]  [91mstale[0m    (poll #4)  order=5fcb052c
  [    253ms]  [91mstale[0m    (poll #5)  order=5fcb052c
  [    324ms]  [91mstale[0m    (poll #6)  order=5fcb052c
  [    393ms]  [91mstale[0m    (poll #7)  order=5fcb052c
  [    462ms]  [91mstale[0m    (poll #8)  order=5fcb052c
  [    532ms]  [92mVISIBLE[0m  (poll #9, X-Cache: MISS)  order=5fcb052c

[96mOrder 360/1000:[0m
  [      6ms]  [91mstale[0m    (poll #1)  order=6aa629e3
  [     70ms]  [91mstale[0m    (poll #2)  order=6aa629e3
  [    133ms]  [91mstale[0m    (poll #3)  order=6aa629e3
  [    200ms]  [91mstale[0m    (poll #4)  order=6aa629e3
  [    271ms]  [91mstale[0m    (poll #5)  order=6aa629e3
  [    343ms]  [91mstale[0m    (poll #6)  order=6aa629e3
  [    413ms]  [91mstale[0m    (poll #7)  order=6aa629e3
  [    485ms]  [92mVISIBLE[0m  (poll #8, X-Cache: MISS)  order=6aa629e3

[96mOrder 361/1000:[0m
  [      9ms]  [91mstale[0m    (poll #1)  order=75b66dca
  [     70ms]  [91mstale[0m    (poll #2)  order=75b66dca
  [    132ms]  [91mstale[0m    (poll #3)  order=75b66dca
  [    196ms]  [91mstale[0m    (poll #4)  order=75b66dca
  [    266ms]  [91mstale[0m    (poll #5)  order=75b66dca
  [    336ms]  [91mstale[0m    (poll #6)  order=75b66dca
  [    407ms]  [91mstale[0m    (poll #7)  order=75b66dca
  [    477ms]  [91mstale[0m    (poll #8)  order=75b66dca
  [    548ms]  [92mVISIBLE[0m  (poll #9, X-Cache: MISS)  order=75b66dca

[96mOrder 362/1000:[0m
  [     11ms]  [91mstale[0m    (poll #1)  order=316ae1c9
  [     72ms]  [91mstale[0m    (poll #2)  order=316ae1c9
  [    134ms]  [91mstale[0m    (poll #3)  order=316ae1c9
  [    193ms]  [91mstale[0m    (poll #4)  order=316ae1c9
  [    251ms]  [91mstale[0m    (poll #5)  order=316ae1c9
  [    308ms]  [91mstale[0m    (poll #6)  order=316ae1c9
  [    371ms]  [91mstale[0m    (poll #7)  order=316ae1c9
  [    429ms]  [91mstale[0m    (poll #8)  order=316ae1c9
  [    494ms]  [92mVISIBLE[0m  (poll #9, X-Cache: MISS)  order=316ae1c9

[96mOrder 363/1000:[0m
  [      6ms]  [91mstale[0m    (poll #1)  order=aa0c5cbb
  [     69ms]  [91mstale[0m    (poll #2)  order=aa0c5cbb
  [    130ms]  [91mstale[0m    (poll #3)  order=aa0c5cbb
  [    197ms]  [91mstale[0m    (poll #4)  order=aa0c5cbb
  [    286ms]  [91mstale[0m    (poll #5)  order=aa0c5cbb
  [    348ms]  [91mstale[0m    (poll #6)  order=aa0c5cbb
  [    417ms]  [91mstale[0m    (poll #7)  order=aa0c5cbb
  [    488ms]  [92mVISIBLE[0m  (poll #8, X-Cache: MISS)  order=aa0c5cbb

[96mOrder 364/1000:[0m
  [      9ms]  [91mstale[0m    (poll #1)  order=bd4cee06
  [     73ms]  [91mstale[0m    (poll #2)  order=bd4cee06
  [    138ms]  [91mstale[0m    (poll #3)  order=bd4cee06
  [    203ms]  [91mstale[0m    (poll #4)  order=bd4cee06
  [    273ms]  [91mstale[0m    (poll #5)  order=bd4cee06
  [    343ms]  [91mstale[0m    (poll #6)  order=bd4cee06
  [    414ms]  [91mstale[0m    (poll #7)  order=bd4cee06
  [    486ms]  [92mVISIBLE[0m  (poll #8, X-Cache: MISS)  order=bd4cee06

[96mOrder 365/1000:[0m
  [      9ms]  [91mstale[0m    (poll #1)  order=3a6364de
  [     73ms]  [91mstale[0m    (poll #2)  order=3a6364de
  [    136ms]  [91mstale[0m    (poll #3)  order=3a6364de
  [    203ms]  [91mstale[0m    (poll #4)  order=3a6364de
  [    273ms]  [91mstale[0m    (poll #5)  order=3a6364de
  [    341ms]  [91mstale[0m    (poll #6)  order=3a6364de
  [    413ms]  [91mstale[0m    (poll #7)  order=3a6364de
  [    480ms]  [91mstale[0m    (poll #8)  order=3a6364de
  [    541ms]  [92mVISIBLE[0m  (poll #9, X-Cache: MISS)  order=3a6364de

[96mOrder 366/1000:[0m
  [      4ms]  [91mstale[0m    (poll #1)  order=337ffe04
  [     62ms]  [91mstale[0m    (poll #2)  order=337ffe04
  [    125ms]  [91mstale[0m    (poll #3)  order=337ffe04
  [    189ms]  [91mstale[0m    (poll #4)  order=337ffe04
  [    257ms]  [91mstale[0m    (poll #5)  order=337ffe04
  [    324ms]  [91mstale[0m    (poll #6)  order=337ffe04
  [    396ms]  [91mstale[0m    (poll #7)  order=337ffe04
  [    467ms]  [92mVISIBLE[0m  (poll #8, X-Cache: MISS)  order=337ffe04

[96mOrder 367/1000:[0m
  [      6ms]  [91mstale[0m    (poll #1)  order=2555a711
  [     68ms]  [91mstale[0m    (poll #2)  order=2555a711
  [    132ms]  [91mstale[0m    (poll #3)  order=2555a711
  [    199ms]  [91mstale[0m    (poll #4)  order=2555a711
  [    269ms]  [91mstale[0m    (poll #5)  order=2555a711
  [    337ms]  [91mstale[0m    (poll #6)  order=2555a711
  [    407ms]  [91mstale[0m    (poll #7)  order=2555a711
  [    480ms]  [91mstale[0m    (poll #8)  order=2555a711
  [    551ms]  [92mVISIBLE[0m  (poll #9, X-Cache: MISS)  order=2555a711

[96mOrder 368/1000:[0m
  [     10ms]  [91mstale[0m    (poll #1)  order=10921e22
  [     73ms]  [91mstale[0m    (poll #2)  order=10921e22
  [    135ms]  [91mstale[0m    (poll #3)  order=10921e22
  [    200ms]  [91mstale[0m    (poll #4)  order=10921e22
  [    272ms]  [91mstale[0m    (poll #5)  order=10921e22
  [    340ms]  [91mstale[0m    (poll #6)  order=10921e22
  [    407ms]  [91mstale[0m    (poll #7)  order=10921e22
  [    466ms]  [92mVISIBLE[0m  (poll #8, X-Cache: MISS)  order=10921e22

[96mOrder 369/1000:[0m
  [      4ms]  [91mstale[0m    (poll #1)  order=65c47212
  [     61ms]  [91mstale[0m    (poll #2)  order=65c47212
  [    122ms]  [91mstale[0m    (poll #3)  order=65c47212
  [    183ms]  [91mstale[0m    (poll #4)  order=65c47212
  [    246ms]  [91mstale[0m    (poll #5)  order=65c47212
  [    313ms]  [91mstale[0m    (poll #6)  order=65c47212
  [    381ms]  [91mstale[0m    (poll #7)  order=65c47212
  [    454ms]  [92mVISIBLE[0m  (poll #8, X-Cache: MISS)  order=65c47212

[96mOrder 370/1000:[0m
  [     10ms]  [91mstale[0m    (poll #1)  order=8b504a49
  [     72ms]  [91mstale[0m    (poll #2)  order=8b504a49
  [    136ms]  [91mstale[0m    (poll #3)  order=8b504a49
  [    204ms]  [91mstale[0m    (poll #4)  order=8b504a49
  [    275ms]  [91mstale[0m    (poll #5)  order=8b504a49
  [    343ms]  [91mstale[0m    (poll #6)  order=8b504a49
  [    415ms]  [91mstale[0m    (poll #7)  order=8b504a49
  [    486ms]  [92mVISIBLE[0m  (poll #8, X-Cache: MISS)  order=8b504a49

[96mOrder 371/1000:[0m
  [      7ms]  [91mstale[0m    (poll #1)  order=29a005b4
  [     67ms]  [91mstale[0m    (poll #2)  order=29a005b4
  [    133ms]  [91mstale[0m    (poll #3)  order=29a005b4
  [    200ms]  [91mstale[0m    (poll #4)  order=29a005b4
  [    270ms]  [91mstale[0m    (poll #5)  order=29a005b4
  [    340ms]  [91mstale[0m    (poll #6)  order=29a005b4
  [    412ms]  [91mstale[0m    (poll #7)  order=29a005b4
  [    482ms]  [92mVISIBLE[0m  (poll #8, X-Cache: MISS)  order=29a005b4

[96mOrder 372/1000:[0m
  [      9ms]  [91mstale[0m    (poll #1)  order=39f8b2b8
  [     72ms]  [91mstale[0m    (poll #2)  order=39f8b2b8
  [    135ms]  [91mstale[0m    (poll #3)  order=39f8b2b8
  [    201ms]  [91mstale[0m    (poll #4)  order=39f8b2b8
  [    266ms]  [91mstale[0m    (poll #5)  order=39f8b2b8
  [    337ms]  [91mstale[0m    (poll #6)  order=39f8b2b8
  [    403ms]  [91mstale[0m    (poll #7)  order=39f8b2b8
  [    475ms]  [92mVISIBLE[0m  (poll #8, X-Cache: MISS)  order=39f8b2b8

[96mOrder 373/1000:[0m
  [      6ms]  [91mstale[0m    (poll #1)  order=cc780839
  [     63ms]  [91mstale[0m    (poll #2)  order=cc780839
  [    126ms]  [91mstale[0m    (poll #3)  order=cc780839
  [    184ms]  [91mstale[0m    (poll #4)  order=cc780839
  [    246ms]  [91mstale[0m    (poll #5)  order=cc780839
  [    310ms]  [91mstale[0m    (poll #6)  order=cc780839
  [    372ms]  [91mstale[0m    (poll #7)  order=cc780839
  [    438ms]  [91mstale[0m    (poll #8)  order=cc780839
  [    511ms]  [92mVISIBLE[0m  (poll #9, X-Cache: MISS)  order=cc780839

[96mOrder 374/1000:[0m
  [      8ms]  [91mstale[0m    (poll #1)  order=1d6b1c8f
  [     68ms]  [91mstale[0m    (poll #2)  order=1d6b1c8f
  [    132ms]  [91mstale[0m    (poll #3)  order=1d6b1c8f
  [    197ms]  [91mstale[0m    (poll #4)  order=1d6b1c8f
  [    263ms]  [91mstale[0m    (poll #5)  order=1d6b1c8f
  [    335ms]  [91mstale[0m    (poll #6)  order=1d6b1c8f
  [    402ms]  [91mstale[0m    (poll #7)  order=1d6b1c8f
  [    475ms]  [91mstale[0m    (poll #8)  order=1d6b1c8f
  [    549ms]  [92mVISIBLE[0m  (poll #9, X-Cache: MISS)  order=1d6b1c8f

[96mOrder 375/1000:[0m
  [      7ms]  [91mstale[0m    (poll #1)  order=5ab513d4
  [     70ms]  [91mstale[0m    (poll #2)  order=5ab513d4
  [    135ms]  [91mstale[0m    (poll #3)  order=5ab513d4
  [    201ms]  [91mstale[0m    (poll #4)  order=5ab513d4
  [    268ms]  [91mstale[0m    (poll #5)  order=5ab513d4
  [    339ms]  [91mstale[0m    (poll #6)  order=5ab513d4
  [    410ms]  [92mVISIBLE[0m  (poll #7, X-Cache: MISS)  order=5ab513d4

[96mOrder 376/1000:[0m
  [      5ms]  [91mstale[0m    (poll #1)  order=26eed0e8
  [     64ms]  [91mstale[0m    (poll #2)  order=26eed0e8
  [    127ms]  [91mstale[0m    (poll #3)  order=26eed0e8
  [    191ms]  [91mstale[0m    (poll #4)  order=26eed0e8
  [    258ms]  [91mstale[0m    (poll #5)  order=26eed0e8
  [    324ms]  [91mstale[0m    (poll #6)  order=26eed0e8
  [    393ms]  [91mstale[0m    (poll #7)  order=26eed0e8
  [    465ms]  [92mVISIBLE[0m  (poll #8, X-Cache: MISS)  order=26eed0e8

[96mOrder 377/1000:[0m
  [      8ms]  [91mstale[0m    (poll #1)  order=3102a571
  [     70ms]  [91mstale[0m    (poll #2)  order=3102a571
  [    130ms]  [91mstale[0m    (poll #3)  order=3102a571
  [    192ms]  [91mstale[0m    (poll #4)  order=3102a571
  [    259ms]  [91mstale[0m    (poll #5)  order=3102a571
  [    326ms]  [91mstale[0m    (poll #6)  order=3102a571
  [    397ms]  [91mstale[0m    (poll #7)  order=3102a571
  [    465ms]  [91mstale[0m    (poll #8)  order=3102a571
  [    536ms]  [92mVISIBLE[0m  (poll #9, X-Cache: MISS)  order=3102a571

[96mOrder 378/1000:[0m
  [      9ms]  [91mstale[0m    (poll #1)  order=498ff629
  [     70ms]  [91mstale[0m    (poll #2)  order=498ff629
  [    131ms]  [91mstale[0m    (poll #3)  order=498ff629
  [    193ms]  [91mstale[0m    (poll #4)  order=498ff629
  [    254ms]  [91mstale[0m    (poll #5)  order=498ff629
  [    316ms]  [91mstale[0m    (poll #6)  order=498ff629
  [    379ms]  [91mstale[0m    (poll #7)  order=498ff629
  [    443ms]  [91mstale[0m    (poll #8)  order=498ff629
  [    514ms]  [92mVISIBLE[0m  (poll #9, X-Cache: MISS)  order=498ff629

[96mOrder 379/1000:[0m
  [      9ms]  [91mstale[0m    (poll #1)  order=34198ec9
  [     69ms]  [91mstale[0m    (poll #2)  order=34198ec9
  [    134ms]  [91mstale[0m    (poll #3)  order=34198ec9
  [    199ms]  [91mstale[0m    (poll #4)  order=34198ec9
  [    268ms]  [91mstale[0m    (poll #5)  order=34198ec9
  [    336ms]  [91mstale[0m    (poll #6)  order=34198ec9
  [    404ms]  [91mstale[0m    (poll #7)  order=34198ec9
  [    477ms]  [92mVISIBLE[0m  (poll #8, X-Cache: MISS)  order=34198ec9

[96mOrder 380/1000:[0m
  [     10ms]  [91mstale[0m    (poll #1)  order=6fc0fdf1
  [     71ms]  [91mstale[0m    (poll #2)  order=6fc0fdf1
  [    130ms]  [91mstale[0m    (poll #3)  order=6fc0fdf1
  [    193ms]  [91mstale[0m    (poll #4)  order=6fc0fdf1
  [    264ms]  [91mstale[0m    (poll #5)  order=6fc0fdf1
  [    335ms]  [91mstale[0m    (poll #6)  order=6fc0fdf1
  [    404ms]  [91mstale[0m    (poll #7)  order=6fc0fdf1
  [    474ms]  [91mstale[0m    (poll #8)  order=6fc0fdf1
  [    543ms]  [92mVISIBLE[0m  (poll #9, X-Cache: MISS)  order=6fc0fdf1

[96mOrder 381/1000:[0m
  [      8ms]  [91mstale[0m    (poll #1)  order=82e7309d
  [     67ms]  [91mstale[0m    (poll #2)  order=82e7309d
  [    131ms]  [91mstale[0m    (poll #3)  order=82e7309d
  [    198ms]  [91mstale[0m    (poll #4)  order=82e7309d
  [    268ms]  [91mstale[0m    (poll #5)  order=82e7309d
  [    334ms]  [91mstale[0m    (poll #6)  order=82e7309d
  [    401ms]  [91mstale[0m    (poll #7)  order=82e7309d
  [    469ms]  [92mVISIBLE[0m  (poll #8, X-Cache: MISS)  order=82e7309d

[96mOrder 382/1000:[0m
  [      6ms]  [91mstale[0m    (poll #1)  order=5fc7a60a
  [     65ms]  [91mstale[0m    (poll #2)  order=5fc7a60a
  [    129ms]  [91mstale[0m    (poll #3)  order=5fc7a60a
  [    191ms]  [91mstale[0m    (poll #4)  order=5fc7a60a
  [    249ms]  [91mstale[0m    (poll #5)  order=5fc7a60a
  [    311ms]  [91mstale[0m    (poll #6)  order=5fc7a60a
  [    372ms]  [91mstale[0m    (poll #7)  order=5fc7a60a
  [    433ms]  [91mstale[0m    (poll #8)  order=5fc7a60a
  [    496ms]  [91mstale[0m    (poll #9)  order=5fc7a60a
  [    559ms]  [92mVISIBLE[0m  (poll #10, X-Cache: MISS)  order=5fc7a60a

[96mOrder 383/1000:[0m
  [      7ms]  [91mstale[0m    (poll #1)  order=a6b6419d
  [     65ms]  [91mstale[0m    (poll #2)  order=a6b6419d
  [    127ms]  [91mstale[0m    (poll #3)  order=a6b6419d
  [    191ms]  [91mstale[0m    (poll #4)  order=a6b6419d
  [    261ms]  [91mstale[0m    (poll #5)  order=a6b6419d
  [    328ms]  [91mstale[0m    (poll #6)  order=a6b6419d
  [    396ms]  [91mstale[0m    (poll #7)  order=a6b6419d
  [    468ms]  [92mVISIBLE[0m  (poll #8, X-Cache: MISS)  order=a6b6419d

[96mOrder 384/1000:[0m
  [     10ms]  [91mstale[0m    (poll #1)  order=dac1deb7
  [     75ms]  [91mstale[0m    (poll #2)  order=dac1deb7
  [    139ms]  [91mstale[0m    (poll #3)  order=dac1deb7
  [    203ms]  [91mstale[0m    (poll #4)  order=dac1deb7
  [    271ms]  [91mstale[0m    (poll #5)  order=dac1deb7
  [    341ms]  [91mstale[0m    (poll #6)  order=dac1deb7
  [    412ms]  [91mstale[0m    (poll #7)  order=dac1deb7
  [    484ms]  [92mVISIBLE[0m  (poll #8, X-Cache: MISS)  order=dac1deb7

[96mOrder 385/1000:[0m
  [     10ms]  [91mstale[0m    (poll #1)  order=0a6dc288
  [     74ms]  [91mstale[0m    (poll #2)  order=0a6dc288
  [    136ms]  [91mstale[0m    (poll #3)  order=0a6dc288
  [    204ms]  [91mstale[0m    (poll #4)  order=0a6dc288
  [    275ms]  [91mstale[0m    (poll #5)  order=0a6dc288
  [    344ms]  [91mstale[0m    (poll #6)  order=0a6dc288
  [    408ms]  [91mstale[0m    (poll #7)  order=0a6dc288
  [    467ms]  [91mstale[0m    (poll #8)  order=0a6dc288
  [    533ms]  [92mVISIBLE[0m  (poll #9, X-Cache: MISS)  order=0a6dc288

[96mOrder 386/1000:[0m
  [      7ms]  [91mstale[0m    (poll #1)  order=fa3bfd2e
  [     68ms]  [91mstale[0m    (poll #2)  order=fa3bfd2e
  [    127ms]  [91mstale[0m    (poll #3)  order=fa3bfd2e
  [    190ms]  [91mstale[0m    (poll #4)  order=fa3bfd2e
  [    258ms]  [91mstale[0m    (poll #5)  order=fa3bfd2e
  [    328ms]  [91mstale[0m    (poll #6)  order=fa3bfd2e
  [    400ms]  [92mVISIBLE[0m  (poll #7, X-Cache: MISS)  order=fa3bfd2e

[96mOrder 387/1000:[0m
  [      8ms]  [91mstale[0m    (poll #1)  order=812c4997
  [     67ms]  [91mstale[0m    (poll #2)  order=812c4997
  [    132ms]  [91mstale[0m    (poll #3)  order=812c4997
  [    202ms]  [91mstale[0m    (poll #4)  order=812c4997
  [    267ms]  [91mstale[0m    (poll #5)  order=812c4997
  [    335ms]  [91mstale[0m    (poll #6)  order=812c4997
  [    406ms]  [91mstale[0m    (poll #7)  order=812c4997
  [    475ms]  [92mVISIBLE[0m  (poll #8, X-Cache: MISS)  order=812c4997

[96mOrder 388/1000:[0m
  [      9ms]  [91mstale[0m    (poll #1)  order=2090c8f2
  [     70ms]  [91mstale[0m    (poll #2)  order=2090c8f2
  [    136ms]  [91mstale[0m    (poll #3)  order=2090c8f2
  [    203ms]  [91mstale[0m    (poll #4)  order=2090c8f2
  [    269ms]  [91mstale[0m    (poll #5)  order=2090c8f2
  [    338ms]  [91mstale[0m    (poll #6)  order=2090c8f2
  [    403ms]  [91mstale[0m    (poll #7)  order=2090c8f2
  [    467ms]  [91mstale[0m    (poll #8)  order=2090c8f2
  [    537ms]  [92mVISIBLE[0m  (poll #9, X-Cache: MISS)  order=2090c8f2

[96mOrder 389/1000:[0m
  [      7ms]  [91mstale[0m    (poll #1)  order=8fca892a
  [     69ms]  [91mstale[0m    (poll #2)  order=8fca892a
  [    134ms]  [91mstale[0m    (poll #3)  order=8fca892a
  [    198ms]  [91mstale[0m    (poll #4)  order=8fca892a
  [    260ms]  [91mstale[0m    (poll #5)  order=8fca892a
  [    324ms]  [91mstale[0m    (poll #6)  order=8fca892a
  [    394ms]  [92mVISIBLE[0m  (poll #7, X-Cache: MISS)  order=8fca892a

[96mOrder 390/1000:[0m
  [      8ms]  [91mstale[0m    (poll #1)  order=d86101e6
  [     69ms]  [91mstale[0m    (poll #2)  order=d86101e6
  [    128ms]  [91mstale[0m    (poll #3)  order=d86101e6
  [    194ms]  [91mstale[0m    (poll #4)  order=d86101e6
  [    257ms]  [91mstale[0m    (poll #5)  order=d86101e6
  [    330ms]  [91mstale[0m    (poll #6)  order=d86101e6
  [    398ms]  [91mstale[0m    (poll #7)  order=d86101e6
  [    469ms]  [92mVISIBLE[0m  (poll #8, X-Cache: MISS)  order=d86101e6

[96mOrder 391/1000:[0m
  [     11ms]  [91mstale[0m    (poll #1)  order=2e763227
  [     71ms]  [91mstale[0m    (poll #2)  order=2e763227
  [    136ms]  [91mstale[0m    (poll #3)  order=2e763227
  [    201ms]  [91mstale[0m    (poll #4)  order=2e763227
  [    270ms]  [91mstale[0m    (poll #5)  order=2e763227
  [    345ms]  [91mstale[0m    (poll #6)  order=2e763227
  [    412ms]  [91mstale[0m    (poll #7)  order=2e763227
  [    483ms]  [91mstale[0m    (poll #8)  order=2e763227
  [    549ms]  [92mVISIBLE[0m  (poll #9, X-Cache: MISS)  order=2e763227

[96mOrder 392/1000:[0m
  [      9ms]  [91mstale[0m    (poll #1)  order=88576703
  [     73ms]  [91mstale[0m    (poll #2)  order=88576703
  [    137ms]  [91mstale[0m    (poll #3)  order=88576703
  [    202ms]  [91mstale[0m    (poll #4)  order=88576703
  [    269ms]  [91mstale[0m    (poll #5)  order=88576703
  [    331ms]  [91mstale[0m    (poll #6)  order=88576703
  [    393ms]  [91mstale[0m    (poll #7)  order=88576703
  [    454ms]  [91mstale[0m    (poll #8)  order=88576703
  [    516ms]  [92mVISIBLE[0m  (poll #9, X-Cache: MISS)  order=88576703

[96mOrder 393/1000:[0m
  [      4ms]  [91mstale[0m    (poll #1)  order=1c5070b2
  [     60ms]  [91mstale[0m    (poll #2)  order=1c5070b2
  [    121ms]  [91mstale[0m    (poll #3)  order=1c5070b2
  [    180ms]  [91mstale[0m    (poll #4)  order=1c5070b2
  [    247ms]  [91mstale[0m    (poll #5)  order=1c5070b2
  [    318ms]  [91mstale[0m    (poll #6)  order=1c5070b2
  [    384ms]  [91mstale[0m    (poll #7)  order=1c5070b2
  [    454ms]  [92mVISIBLE[0m  (poll #8, X-Cache: MISS)  order=1c5070b2

[96mOrder 394/1000:[0m
  [      9ms]  [91mstale[0m    (poll #1)  order=9cad7632
  [     74ms]  [91mstale[0m    (poll #2)  order=9cad7632
  [    135ms]  [91mstale[0m    (poll #3)  order=9cad7632
  [    199ms]  [91mstale[0m    (poll #4)  order=9cad7632
  [    266ms]  [91mstale[0m    (poll #5)  order=9cad7632
  [    341ms]  [91mstale[0m    (poll #6)  order=9cad7632
  [    408ms]  [91mstale[0m    (poll #7)  order=9cad7632
  [    478ms]  [91mstale[0m    (poll #8)  order=9cad7632
  [    545ms]  [92mVISIBLE[0m  (poll #9, X-Cache: MISS)  order=9cad7632

[96mOrder 395/1000:[0m
  [     11ms]  [91mstale[0m    (poll #1)  order=dd7375c1
  [     70ms]  [91mstale[0m    (poll #2)  order=dd7375c1
  [    130ms]  [91mstale[0m    (poll #3)  order=dd7375c1
  [    196ms]  [91mstale[0m    (poll #4)  order=dd7375c1
  [    262ms]  [91mstale[0m    (poll #5)  order=dd7375c1
  [    334ms]  [91mstale[0m    (poll #6)  order=dd7375c1
  [    402ms]  [91mstale[0m    (poll #7)  order=dd7375c1
  [    464ms]  [92mVISIBLE[0m  (poll #8, X-Cache: MISS)  order=dd7375c1

[96mOrder 396/1000:[0m
  [      5ms]  [91mstale[0m    (poll #1)  order=41e8da8f
  [     64ms]  [91mstale[0m    (poll #2)  order=41e8da8f
  [    126ms]  [91mstale[0m    (poll #3)  order=41e8da8f
  [    192ms]  [91mstale[0m    (poll #4)  order=41e8da8f
  [    257ms]  [91mstale[0m    (poll #5)  order=41e8da8f
  [    325ms]  [91mstale[0m    (poll #6)  order=41e8da8f
  [    396ms]  [91mstale[0m    (poll #7)  order=41e8da8f
  [    462ms]  [91mstale[0m    (poll #8)  order=41e8da8f
  [    526ms]  [92mVISIBLE[0m  (poll #9, X-Cache: MISS)  order=41e8da8f

[96mOrder 397/1000:[0m
  [      7ms]  [91mstale[0m    (poll #1)  order=bea6526c
  [     71ms]  [91mstale[0m    (poll #2)  order=bea6526c
  [    134ms]  [91mstale[0m    (poll #3)  order=bea6526c
  [    200ms]  [91mstale[0m    (poll #4)  order=bea6526c
  [    269ms]  [91mstale[0m    (poll #5)  order=bea6526c
  [    345ms]  [91mstale[0m    (poll #6)  order=bea6526c
  [    416ms]  [91mstale[0m    (poll #7)  order=bea6526c
  [    477ms]  [91mstale[0m    (poll #8)  order=bea6526c
  [    537ms]  [92mVISIBLE[0m  (poll #9, X-Cache: MISS)  order=bea6526c

[96mOrder 398/1000:[0m
  [      4ms]  [91mstale[0m    (poll #1)  order=6a6af230
  [     64ms]  [91mstale[0m    (poll #2)  order=6a6af230
  [    122ms]  [91mstale[0m    (poll #3)  order=6a6af230
  [    186ms]  [91mstale[0m    (poll #4)  order=6a6af230
  [    251ms]  [91mstale[0m    (poll #5)  order=6a6af230
  [    323ms]  [91mstale[0m    (poll #6)  order=6a6af230
  [    392ms]  [91mstale[0m    (poll #7)  order=6a6af230
  [    462ms]  [92mVISIBLE[0m  (poll #8, X-Cache: MISS)  order=6a6af230

[96mOrder 399/1000:[0m
  [     10ms]  [91mstale[0m    (poll #1)  order=4c0c389c
  [     71ms]  [91mstale[0m    (poll #2)  order=4c0c389c
  [    131ms]  [91mstale[0m    (poll #3)  order=4c0c389c
  [    199ms]  [91mstale[0m    (poll #4)  order=4c0c389c
  [    263ms]  [91mstale[0m    (poll #5)  order=4c0c389c
  [    334ms]  [91mstale[0m    (poll #6)  order=4c0c389c
  [    408ms]  [91mstale[0m    (poll #7)  order=4c0c389c
  [    480ms]  [91mstale[0m    (poll #8)  order=4c0c389c
  [    548ms]  [92mVISIBLE[0m  (poll #9, X-Cache: MISS)  order=4c0c389c

[96mOrder 400/1000:[0m
  [     10ms]  [91mstale[0m    (poll #1)  order=2ed339b2
  [     76ms]  [91mstale[0m    (poll #2)  order=2ed339b2
  [    140ms]  [91mstale[0m    (poll #3)  order=2ed339b2
  [    206ms]  [91mstale[0m    (poll #4)  order=2ed339b2
  [    271ms]  [91mstale[0m    (poll #5)  order=2ed339b2
  [    344ms]  [91mstale[0m    (poll #6)  order=2ed339b2
  [    409ms]  [91mstale[0m    (poll #7)  order=2ed339b2
  [    475ms]  [92mVISIBLE[0m  (poll #8, X-Cache: MISS)  order=2ed339b2

[96mOrder 401/1000:[0m
  [     10ms]  [91mstale[0m    (poll #1)  order=3b6d5c05
  [     73ms]  [91mstale[0m    (poll #2)  order=3b6d5c05
  [    138ms]  [91mstale[0m    (poll #3)  order=3b6d5c05
  [    204ms]  [91mstale[0m    (poll #4)  order=3b6d5c05
  [    274ms]  [91mstale[0m    (poll #5)  order=3b6d5c05
  [    341ms]  [91mstale[0m    (poll #6)  order=3b6d5c05
  [    415ms]  [91mstale[0m    (poll #7)  order=3b6d5c05
  [    483ms]  [91mstale[0m    (poll #8)  order=3b6d5c05
  [    555ms]  [92mVISIBLE[0m  (poll #9, X-Cache: MISS)  order=3b6d5c05

[96mOrder 402/1000:[0m
  [     10ms]  [91mstale[0m    (poll #1)  order=a2b1d442
  [     74ms]  [91mstale[0m    (poll #2)  order=a2b1d442
  [    134ms]  [91mstale[0m    (poll #3)  order=a2b1d442
  [    195ms]  [91mstale[0m    (poll #4)  order=a2b1d442
  [    253ms]  [91mstale[0m    (poll #5)  order=a2b1d442
  [    315ms]  [91mstale[0m    (poll #6)  order=a2b1d442
  [    376ms]  [91mstale[0m    (poll #7)  order=a2b1d442
  [    435ms]  [91mstale[0m    (poll #8)  order=a2b1d442
  [    497ms]  [92mVISIBLE[0m  (poll #9, X-Cache: MISS)  order=a2b1d442

[96mOrder 403/1000:[0m
  [      7ms]  [91mstale[0m    (poll #1)  order=06ae1ffb
  [     69ms]  [91mstale[0m    (poll #2)  order=06ae1ffb
  [    131ms]  [91mstale[0m    (poll #3)  order=06ae1ffb
  [    194ms]  [91mstale[0m    (poll #4)  order=06ae1ffb
  [    261ms]  [91mstale[0m    (poll #5)  order=06ae1ffb
  [    335ms]  [91mstale[0m    (poll #6)  order=06ae1ffb
  [    403ms]  [91mstale[0m    (poll #7)  order=06ae1ffb
  [    471ms]  [92mVISIBLE[0m  (poll #8, X-Cache: MISS)  order=06ae1ffb

[96mOrder 404/1000:[0m
  [      9ms]  [91mstale[0m    (poll #1)  order=ce519386
  [     73ms]  [91mstale[0m    (poll #2)  order=ce519386
  [    136ms]  [91mstale[0m    (poll #3)  order=ce519386
  [    201ms]  [91mstale[0m    (poll #4)  order=ce519386
  [    268ms]  [91mstale[0m    (poll #5)  order=ce519386
  [    342ms]  [91mstale[0m    (poll #6)  order=ce519386
  [    417ms]  [91mstale[0m    (poll #7)  order=ce519386
  [    488ms]  [91mstale[0m    (poll #8)  order=ce519386
  [    556ms]  [92mVISIBLE[0m  (poll #9, X-Cache: MISS)  order=ce519386

[96mOrder 405/1000:[0m
  [      9ms]  [91mstale[0m    (poll #1)  order=a66e0c40
  [     79ms]  [91mstale[0m    (poll #2)  order=a66e0c40
  [    143ms]  [91mstale[0m    (poll #3)  order=a66e0c40
  [    206ms]  [91mstale[0m    (poll #4)  order=a66e0c40
  [    268ms]  [91mstale[0m    (poll #5)  order=a66e0c40
  [    332ms]  [91mstale[0m    (poll #6)  order=a66e0c40
  [    402ms]  [91mstale[0m    (poll #7)  order=a66e0c40
  [    470ms]  [92mVISIBLE[0m  (poll #8, X-Cache: MISS)  order=a66e0c40

[96mOrder 406/1000:[0m
  [      7ms]  [91mstale[0m    (poll #1)  order=feb7925f
  [     73ms]  [91mstale[0m    (poll #2)  order=feb7925f
  [    136ms]  [91mstale[0m    (poll #3)  order=feb7925f
  [    200ms]  [91mstale[0m    (poll #4)  order=feb7925f
  [    268ms]  [91mstale[0m    (poll #5)  order=feb7925f
  [    340ms]  [91mstale[0m    (poll #6)  order=feb7925f
  [    413ms]  [91mstale[0m    (poll #7)  order=feb7925f
  [    484ms]  [92mVISIBLE[0m  (poll #8, X-Cache: MISS)  order=feb7925f

[96mOrder 407/1000:[0m
  [     10ms]  [91mstale[0m    (poll #1)  order=12d278e6
  [     70ms]  [91mstale[0m    (poll #2)  order=12d278e6
  [    135ms]  [91mstale[0m    (poll #3)  order=12d278e6
  [    200ms]  [91mstale[0m    (poll #4)  order=12d278e6
  [    269ms]  [91mstale[0m    (poll #5)  order=12d278e6
  [    340ms]  [91mstale[0m    (poll #6)  order=12d278e6
  [    407ms]  [91mstale[0m    (poll #7)  order=12d278e6
  [    480ms]  [91mstale[0m    (poll #8)  order=12d278e6
  [    548ms]  [92mVISIBLE[0m  (poll #9, X-Cache: MISS)  order=12d278e6

[96mOrder 408/1000:[0m
  [      8ms]  [91mstale[0m    (poll #1)  order=965091ce
  [     69ms]  [91mstale[0m    (poll #2)  order=965091ce
  [    134ms]  [91mstale[0m    (poll #3)  order=965091ce
  [    201ms]  [91mstale[0m    (poll #4)  order=965091ce
  [    272ms]  [91mstale[0m    (poll #5)  order=965091ce
  [    340ms]  [91mstale[0m    (poll #6)  order=965091ce
  [    405ms]  [91mstale[0m    (poll #7)  order=965091ce
  [    479ms]  [92mVISIBLE[0m  (poll #8, X-Cache: MISS)  order=965091ce

[96mOrder 409/1000:[0m
  [      9ms]  [91mstale[0m    (poll #1)  order=e400c3b7
  [     70ms]  [91mstale[0m    (poll #2)  order=e400c3b7
  [    135ms]  [91mstale[0m    (poll #3)  order=e400c3b7
  [    196ms]  [91mstale[0m    (poll #4)  order=e400c3b7
  [    264ms]  [91mstale[0m    (poll #5)  order=e400c3b7
  [    334ms]  [91mstale[0m    (poll #6)  order=e400c3b7
  [    404ms]  [91mstale[0m    (poll #7)  order=e400c3b7
  [    477ms]  [91mstale[0m    (poll #8)  order=e400c3b7
  [    549ms]  [92mVISIBLE[0m  (poll #9, X-Cache: MISS)  order=e400c3b7

[96mOrder 410/1000:[0m
  [      9ms]  [91mstale[0m    (poll #1)  order=c2c0d6af
  [     70ms]  [91mstale[0m    (poll #2)  order=c2c0d6af
  [    134ms]  [91mstale[0m    (poll #3)  order=c2c0d6af
  [    197ms]  [91mstale[0m    (poll #4)  order=c2c0d6af
  [    263ms]  [91mstale[0m    (poll #5)  order=c2c0d6af
  [    329ms]  [91mstale[0m    (poll #6)  order=c2c0d6af
  [    400ms]  [92mVISIBLE[0m  (poll #7, X-Cache: MISS)  order=c2c0d6af

[96mOrder 411/1000:[0m
  [      8ms]  [91mstale[0m    (poll #1)  order=784cca1e
  [     71ms]  [91mstale[0m    (poll #2)  order=784cca1e
  [    132ms]  [91mstale[0m    (poll #3)  order=784cca1e
  [    197ms]  [91mstale[0m    (poll #4)  order=784cca1e
  [    268ms]  [91mstale[0m    (poll #5)  order=784cca1e
  [    339ms]  [91mstale[0m    (poll #6)  order=784cca1e
  [    411ms]  [91mstale[0m    (poll #7)  order=784cca1e
  [    482ms]  [92mVISIBLE[0m  (poll #8, X-Cache: MISS)  order=784cca1e

[96mOrder 412/1000:[0m
  [      4ms]  [91mstale[0m    (poll #1)  order=7609981b
  [     61ms]  [91mstale[0m    (poll #2)  order=7609981b
  [    117ms]  [91mstale[0m    (poll #3)  order=7609981b
  [    176ms]  [91mstale[0m    (poll #4)  order=7609981b
  [    233ms]  [91mstale[0m    (poll #5)  order=7609981b
  [    293ms]  [91mstale[0m    (poll #6)  order=7609981b
  [    353ms]  [91mstale[0m    (poll #7)  order=7609981b
  [    417ms]  [91mstale[0m    (poll #8)  order=7609981b
  [    487ms]  [92mVISIBLE[0m  (poll #9, X-Cache: MISS)  order=7609981b

[96mOrder 413/1000:[0m
  [     10ms]  [91mstale[0m    (poll #1)  order=1ac57442
  [     74ms]  [91mstale[0m    (poll #2)  order=1ac57442
  [    139ms]  [91mstale[0m    (poll #3)  order=1ac57442
  [    201ms]  [91mstale[0m    (poll #4)  order=1ac57442
  [    267ms]  [91mstale[0m    (poll #5)  order=1ac57442
  [    338ms]  [91mstale[0m    (poll #6)  order=1ac57442
  [    406ms]  [91mstale[0m    (poll #7)  order=1ac57442
  [    476ms]  [91mstale[0m    (poll #8)  order=1ac57442
  [    545ms]  [92mVISIBLE[0m  (poll #9, X-Cache: MISS)  order=1ac57442

[96mOrder 414/1000:[0m
  [      7ms]  [91mstale[0m    (poll #1)  order=5863d2b8
  [     67ms]  [91mstale[0m    (poll #2)  order=5863d2b8
  [    131ms]  [91mstale[0m    (poll #3)  order=5863d2b8
  [    197ms]  [91mstale[0m    (poll #4)  order=5863d2b8
  [    266ms]  [91mstale[0m    (poll #5)  order=5863d2b8
  [    334ms]  [91mstale[0m    (poll #6)  order=5863d2b8
  [    403ms]  [92mVISIBLE[0m  (poll #7, X-Cache: MISS)  order=5863d2b8

[96mOrder 415/1000:[0m
  [      8ms]  [91mstale[0m    (poll #1)  order=6fdbe415
  [     70ms]  [91mstale[0m    (poll #2)  order=6fdbe415
  [    134ms]  [91mstale[0m    (poll #3)  order=6fdbe415
  [    196ms]  [91mstale[0m    (poll #4)  order=6fdbe415
  [    259ms]  [91mstale[0m    (poll #5)  order=6fdbe415
  [    321ms]  [91mstale[0m    (poll #6)  order=6fdbe415
  [    385ms]  [91mstale[0m    (poll #7)  order=6fdbe415
  [    451ms]  [92mVISIBLE[0m  (poll #8, X-Cache: MISS)  order=6fdbe415

[96mOrder 416/1000:[0m
  [      8ms]  [91mstale[0m    (poll #1)  order=091995ed
  [     70ms]  [91mstale[0m    (poll #2)  order=091995ed
  [    129ms]  [91mstale[0m    (poll #3)  order=091995ed
  [    191ms]  [91mstale[0m    (poll #4)  order=091995ed
  [    251ms]  [91mstale[0m    (poll #5)  order=091995ed
  [    315ms]  [91mstale[0m    (poll #6)  order=091995ed
  [    385ms]  [91mstale[0m    (poll #7)  order=091995ed
  [    452ms]  [91mstale[0m    (poll #8)  order=091995ed
  [    525ms]  [92mVISIBLE[0m  (poll #9, X-Cache: MISS)  order=091995ed

[96mOrder 417/1000:[0m
  [     10ms]  [91mstale[0m    (poll #1)  order=636568cc
  [     74ms]  [91mstale[0m    (poll #2)  order=636568cc
  [    134ms]  [91mstale[0m    (poll #3)  order=636568cc
  [    193ms]  [91mstale[0m    (poll #4)  order=636568cc
  [    251ms]  [91mstale[0m    (poll #5)  order=636568cc
  [    312ms]  [91mstale[0m    (poll #6)  order=636568cc
  [    373ms]  [91mstale[0m    (poll #7)  order=636568cc
  [    437ms]  [91mstale[0m    (poll #8)  order=636568cc
  [    501ms]  [92mVISIBLE[0m  (poll #9, X-Cache: MISS)  order=636568cc

[96mOrder 418/1000:[0m
  [      6ms]  [91mstale[0m    (poll #1)  order=55529ccf
  [     68ms]  [91mstale[0m    (poll #2)  order=55529ccf
  [    129ms]  [91mstale[0m    (poll #3)  order=55529ccf
  [    195ms]  [91mstale[0m    (poll #4)  order=55529ccf
  [    265ms]  [91mstale[0m    (poll #5)  order=55529ccf
  [    334ms]  [91mstale[0m    (poll #6)  order=55529ccf
  [    403ms]  [91mstale[0m    (poll #7)  order=55529ccf
  [    472ms]  [91mstale[0m    (poll #8)  order=55529ccf
  [    545ms]  [92mVISIBLE[0m  (poll #9, X-Cache: MISS)  order=55529ccf

[96mOrder 419/1000:[0m
  [     10ms]  [91mstale[0m    (poll #1)  order=e71e55d1
  [     74ms]  [91mstale[0m    (poll #2)  order=e71e55d1
  [    139ms]  [91mstale[0m    (poll #3)  order=e71e55d1
  [    202ms]  [91mstale[0m    (poll #4)  order=e71e55d1
  [    269ms]  [91mstale[0m    (poll #5)  order=e71e55d1
  [    340ms]  [91mstale[0m    (poll #6)  order=e71e55d1
  [    407ms]  [91mstale[0m    (poll #7)  order=e71e55d1
  [    480ms]  [92mVISIBLE[0m  (poll #8, X-Cache: MISS)  order=e71e55d1

[96mOrder 420/1000:[0m
  [      9ms]  [91mstale[0m    (poll #1)  order=06e3ae0c
  [     71ms]  [91mstale[0m    (poll #2)  order=06e3ae0c
  [    133ms]  [91mstale[0m    (poll #3)  order=06e3ae0c
  [    197ms]  [91mstale[0m    (poll #4)  order=06e3ae0c
  [    262ms]  [91mstale[0m    (poll #5)  order=06e3ae0c
  [    335ms]  [91mstale[0m    (poll #6)  order=06e3ae0c
  [    408ms]  [91mstale[0m    (poll #7)  order=06e3ae0c
  [    480ms]  [92mVISIBLE[0m  (poll #8, X-Cache: MISS)  order=06e3ae0c

[96mOrder 421/1000:[0m
  [      8ms]  [91mstale[0m    (poll #1)  order=73cbb1ac
  [     68ms]  [91mstale[0m    (poll #2)  order=73cbb1ac
  [    131ms]  [91mstale[0m    (poll #3)  order=73cbb1ac
  [    197ms]  [91mstale[0m    (poll #4)  order=73cbb1ac
  [    269ms]  [91mstale[0m    (poll #5)  order=73cbb1ac
  [    339ms]  [91mstale[0m    (poll #6)  order=73cbb1ac
  [    403ms]  [91mstale[0m    (poll #7)  order=73cbb1ac
  [    472ms]  [91mstale[0m    (poll #8)  order=73cbb1ac
  [    543ms]  [92mVISIBLE[0m  (poll #9, X-Cache: MISS)  order=73cbb1ac

[96mOrder 422/1000:[0m
  [      9ms]  [91mstale[0m    (poll #1)  order=647ebaa1
  [     72ms]  [91mstale[0m    (poll #2)  order=647ebaa1
  [    134ms]  [91mstale[0m    (poll #3)  order=647ebaa1
  [    196ms]  [91mstale[0m    (poll #4)  order=647ebaa1
  [    257ms]  [91mstale[0m    (poll #5)  order=647ebaa1
  [    314ms]  [91mstale[0m    (poll #6)  order=647ebaa1
  [    375ms]  [91mstale[0m    (poll #7)  order=647ebaa1
  [    437ms]  [91mstale[0m    (poll #8)  order=647ebaa1
  [    501ms]  [92mVISIBLE[0m  (poll #9, X-Cache: MISS)  order=647ebaa1

[96mOrder 423/1000:[0m
  [      7ms]  [91mstale[0m    (poll #1)  order=125c3e53
  [     70ms]  [91mstale[0m    (poll #2)  order=125c3e53
  [    134ms]  [91mstale[0m    (poll #3)  order=125c3e53
  [    199ms]  [91mstale[0m    (poll #4)  order=125c3e53
  [    266ms]  [91mstale[0m    (poll #5)  order=125c3e53
  [    332ms]  [91mstale[0m    (poll #6)  order=125c3e53
  [    403ms]  [91mstale[0m    (poll #7)  order=125c3e53
  [    473ms]  [92mVISIBLE[0m  (poll #8, X-Cache: MISS)  order=125c3e53

[96mOrder 424/1000:[0m
  [     10ms]  [91mstale[0m    (poll #1)  order=28823431
  [     73ms]  [91mstale[0m    (poll #2)  order=28823431
  [    139ms]  [91mstale[0m    (poll #3)  order=28823431
  [    207ms]  [91mstale[0m    (poll #4)  order=28823431
  [    276ms]  [91mstale[0m    (poll #5)  order=28823431
  [    346ms]  [91mstale[0m    (poll #6)  order=28823431
  [    413ms]  [91mstale[0m    (poll #7)  order=28823431
  [    484ms]  [91mstale[0m    (poll #8)  order=28823431
  [    557ms]  [92mVISIBLE[0m  (poll #9, X-Cache: MISS)  order=28823431

[96mOrder 425/1000:[0m
  [     11ms]  [91mstale[0m    (poll #1)  order=d7bc672e
  [     76ms]  [91mstale[0m    (poll #2)  order=d7bc672e
  [    138ms]  [91mstale[0m    (poll #3)  order=d7bc672e
  [    195ms]  [91mstale[0m    (poll #4)  order=d7bc672e
  [    257ms]  [91mstale[0m    (poll #5)  order=d7bc672e
  [    327ms]  [91mstale[0m    (poll #6)  order=d7bc672e
  [    400ms]  [91mstale[0m    (poll #7)  order=d7bc672e
  [    472ms]  [92mVISIBLE[0m  (poll #8, X-Cache: MISS)  order=d7bc672e

[96mOrder 426/1000:[0m
  [     10ms]  [91mstale[0m    (poll #1)  order=7b072678
  [     71ms]  [91mstale[0m    (poll #2)  order=7b072678
  [    136ms]  [91mstale[0m    (poll #3)  order=7b072678
  [    203ms]  [91mstale[0m    (poll #4)  order=7b072678
  [    273ms]  [91mstale[0m    (poll #5)  order=7b072678
  [    342ms]  [91mstale[0m    (poll #6)  order=7b072678
  [    414ms]  [92mVISIBLE[0m  (poll #7, X-Cache: MISS)  order=7b072678

[96mOrder 427/1000:[0m
  [      6ms]  [91mstale[0m    (poll #1)  order=52d55fd7
  [     68ms]  [91mstale[0m    (poll #2)  order=52d55fd7
  [    136ms]  [91mstale[0m    (poll #3)  order=52d55fd7
  [    201ms]  [91mstale[0m    (poll #4)  order=52d55fd7
  [    271ms]  [91mstale[0m    (poll #5)  order=52d55fd7
  [    340ms]  [91mstale[0m    (poll #6)  order=52d55fd7
  [    411ms]  [91mstale[0m    (poll #7)  order=52d55fd7
  [    483ms]  [92mVISIBLE[0m  (poll #8, X-Cache: MISS)  order=52d55fd7

[96mOrder 428/1000:[0m
  [      6ms]  [91mstale[0m    (poll #1)  order=98f10321
  [     68ms]  [91mstale[0m    (poll #2)  order=98f10321
  [    132ms]  [91mstale[0m    (poll #3)  order=98f10321
  [    200ms]  [91mstale[0m    (poll #4)  order=98f10321
  [    269ms]  [91mstale[0m    (poll #5)  order=98f10321
  [    337ms]  [91mstale[0m    (poll #6)  order=98f10321
  [    408ms]  [91mstale[0m    (poll #7)  order=98f10321
  [    479ms]  [91mstale[0m    (poll #8)  order=98f10321
  [    550ms]  [92mVISIBLE[0m  (poll #9, X-Cache: MISS)  order=98f10321

[96mOrder 429/1000:[0m
  [     10ms]  [91mstale[0m    (poll #1)  order=d10ae557
  [     73ms]  [91mstale[0m    (poll #2)  order=d10ae557
  [    140ms]  [91mstale[0m    (poll #3)  order=d10ae557
  [    201ms]  [91mstale[0m    (poll #4)  order=d10ae557
  [    264ms]  [91mstale[0m    (poll #5)  order=d10ae557
  [    324ms]  [91mstale[0m    (poll #6)  order=d10ae557
  [    390ms]  [92mVISIBLE[0m  (poll #7, X-Cache: MISS)  order=d10ae557

[96mOrder 430/1000:[0m
  [      8ms]  [91mstale[0m    (poll #1)  order=3006f3a5
  [     69ms]  [91mstale[0m    (poll #2)  order=3006f3a5
  [    133ms]  [91mstale[0m    (poll #3)  order=3006f3a5
  [    198ms]  [91mstale[0m    (poll #4)  order=3006f3a5
  [    269ms]  [91mstale[0m    (poll #5)  order=3006f3a5
  [    338ms]  [91mstale[0m    (poll #6)  order=3006f3a5
  [    409ms]  [91mstale[0m    (poll #7)  order=3006f3a5
  [    479ms]  [92mVISIBLE[0m  (poll #8, X-Cache: MISS)  order=3006f3a5

[96mOrder 431/1000:[0m
  [     11ms]  [91mstale[0m    (poll #1)  order=65539339
  [     74ms]  [91mstale[0m    (poll #2)  order=65539339
  [    138ms]  [91mstale[0m    (poll #3)  order=65539339
  [    205ms]  [91mstale[0m    (poll #4)  order=65539339
  [    279ms]  [91mstale[0m    (poll #5)  order=65539339
  [    349ms]  [91mstale[0m    (poll #6)  order=65539339
  [    418ms]  [91mstale[0m    (poll #7)  order=65539339
  [    483ms]  [92mVISIBLE[0m  (poll #8, X-Cache: MISS)  order=65539339

[96mOrder 432/1000:[0m
  [      6ms]  [91mstale[0m    (poll #1)  order=a6c59867
  [     63ms]  [91mstale[0m    (poll #2)  order=a6c59867
  [    126ms]  [91mstale[0m    (poll #3)  order=a6c59867
  [    189ms]  [91mstale[0m    (poll #4)  order=a6c59867
  [    248ms]  [91mstale[0m    (poll #5)  order=a6c59867
  [    319ms]  [91mstale[0m    (poll #6)  order=a6c59867
  [    386ms]  [91mstale[0m    (poll #7)  order=a6c59867
  [    458ms]  [91mstale[0m    (poll #8)  order=a6c59867
  [    528ms]  [92mVISIBLE[0m  (poll #9, X-Cache: MISS)  order=a6c59867

[96mOrder 433/1000:[0m
  [      8ms]  [91mstale[0m    (poll #1)  order=0a58026a
  [     69ms]  [91mstale[0m    (poll #2)  order=0a58026a
  [    130ms]  [91mstale[0m    (poll #3)  order=0a58026a
  [    196ms]  [91mstale[0m    (poll #4)  order=0a58026a
  [    264ms]  [91mstale[0m    (poll #5)  order=0a58026a
  [    335ms]  [91mstale[0m    (poll #6)  order=0a58026a
  [    406ms]  [91mstale[0m    (poll #7)  order=0a58026a
  [    476ms]  [91mstale[0m    (poll #8)  order=0a58026a
  [    543ms]  [92mVISIBLE[0m  (poll #9, X-Cache: MISS)  order=0a58026a

[96mOrder 434/1000:[0m
  [     11ms]  [91mstale[0m    (poll #1)  order=0cc1a7e3
  [     76ms]  [91mstale[0m    (poll #2)  order=0cc1a7e3
  [    142ms]  [91mstale[0m    (poll #3)  order=0cc1a7e3
  [    210ms]  [91mstale[0m    (poll #4)  order=0cc1a7e3
  [    283ms]  [91mstale[0m    (poll #5)  order=0cc1a7e3
  [    354ms]  [91mstale[0m    (poll #6)  order=0cc1a7e3
  [    424ms]  [91mstale[0m    (poll #7)  order=0cc1a7e3
  [    494ms]  [92mVISIBLE[0m  (poll #8, X-Cache: MISS)  order=0cc1a7e3

[96mOrder 435/1000:[0m
  [      8ms]  [91mstale[0m    (poll #1)  order=7f38e094
  [     67ms]  [91mstale[0m    (poll #2)  order=7f38e094
  [    124ms]  [91mstale[0m    (poll #3)  order=7f38e094
  [    182ms]  [91mstale[0m    (poll #4)  order=7f38e094
  [    242ms]  [91mstale[0m    (poll #5)  order=7f38e094
  [    307ms]  [91mstale[0m    (poll #6)  order=7f38e094
  [    375ms]  [91mstale[0m    (poll #7)  order=7f38e094
  [    449ms]  [91mstale[0m    (poll #8)  order=7f38e094
  [    515ms]  [92mVISIBLE[0m  (poll #9, X-Cache: MISS)  order=7f38e094

[96mOrder 436/1000:[0m
  [      7ms]  [91mstale[0m    (poll #1)  order=5278d4ef
  [     65ms]  [91mstale[0m    (poll #2)  order=5278d4ef
  [    129ms]  [91mstale[0m    (poll #3)  order=5278d4ef
  [    191ms]  [91mstale[0m    (poll #4)  order=5278d4ef
  [    260ms]  [91mstale[0m    (poll #5)  order=5278d4ef
  [    334ms]  [91mstale[0m    (poll #6)  order=5278d4ef
  [    404ms]  [91mstale[0m    (poll #7)  order=5278d4ef
  [    464ms]  [92mVISIBLE[0m  (poll #8, X-Cache: MISS)  order=5278d4ef

[96mOrder 437/1000:[0m
  [      4ms]  [91mstale[0m    (poll #1)  order=dfab0ffa
  [     65ms]  [91mstale[0m    (poll #2)  order=dfab0ffa
  [    126ms]  [91mstale[0m    (poll #3)  order=dfab0ffa
  [    189ms]  [91mstale[0m    (poll #4)  order=dfab0ffa
  [    256ms]  [91mstale[0m    (poll #5)  order=dfab0ffa
  [    318ms]  [91mstale[0m    (poll #6)  order=dfab0ffa
  [    383ms]  [91mstale[0m    (poll #7)  order=dfab0ffa
  [    453ms]  [91mstale[0m    (poll #8)  order=dfab0ffa
  [    523ms]  [92mVISIBLE[0m  (poll #9, X-Cache: MISS)  order=dfab0ffa

[96mOrder 438/1000:[0m
  [      9ms]  [91mstale[0m    (poll #1)  order=43a7f9b8
  [     69ms]  [91mstale[0m    (poll #2)  order=43a7f9b8
  [    131ms]  [91mstale[0m    (poll #3)  order=43a7f9b8
  [    194ms]  [91mstale[0m    (poll #4)  order=43a7f9b8
  [    264ms]  [91mstale[0m    (poll #5)  order=43a7f9b8
  [    335ms]  [91mstale[0m    (poll #6)  order=43a7f9b8
  [    406ms]  [92mVISIBLE[0m  (poll #7, X-Cache: MISS)  order=43a7f9b8

[96mOrder 439/1000:[0m
  [      7ms]  [91mstale[0m    (poll #1)  order=43cfee85
  [     66ms]  [91mstale[0m    (poll #2)  order=43cfee85
  [    129ms]  [91mstale[0m    (poll #3)  order=43cfee85
  [    197ms]  [91mstale[0m    (poll #4)  order=43cfee85
  [    267ms]  [91mstale[0m    (poll #5)  order=43cfee85
  [    336ms]  [91mstale[0m    (poll #6)  order=43cfee85
  [    410ms]  [92mVISIBLE[0m  (poll #7, X-Cache: MISS)  order=43cfee85

[96mOrder 440/1000:[0m
  [     10ms]  [91mstale[0m    (poll #1)  order=004620a0
  [     70ms]  [91mstale[0m    (poll #2)  order=004620a0
  [    133ms]  [91mstale[0m    (poll #3)  order=004620a0
  [    196ms]  [91mstale[0m    (poll #4)  order=004620a0
  [    267ms]  [91mstale[0m    (poll #5)  order=004620a0
  [    338ms]  [91mstale[0m    (poll #6)  order=004620a0
  [    409ms]  [92mVISIBLE[0m  (poll #7, X-Cache: MISS)  order=004620a0

[96mOrder 441/1000:[0m
  [      9ms]  [91mstale[0m    (poll #1)  order=025e0e0d
  [     72ms]  [91mstale[0m    (poll #2)  order=025e0e0d
  [    136ms]  [91mstale[0m    (poll #3)  order=025e0e0d
  [    196ms]  [91mstale[0m    (poll #4)  order=025e0e0d
  [    264ms]  [91mstale[0m    (poll #5)  order=025e0e0d
  [    335ms]  [91mstale[0m    (poll #6)  order=025e0e0d
  [    406ms]  [91mstale[0m    (poll #7)  order=025e0e0d
  [    476ms]  [92mVISIBLE[0m  (poll #8, X-Cache: MISS)  order=025e0e0d

[96mOrder 442/1000:[0m
  [      9ms]  [91mstale[0m    (poll #1)  order=cdfa0e40
  [     71ms]  [91mstale[0m    (poll #2)  order=cdfa0e40
  [    136ms]  [91mstale[0m    (poll #3)  order=cdfa0e40
  [    198ms]  [91mstale[0m    (poll #4)  order=cdfa0e40
  [    264ms]  [91mstale[0m    (poll #5)  order=cdfa0e40
  [    328ms]  [91mstale[0m    (poll #6)  order=cdfa0e40
  [    395ms]  [91mstale[0m    (poll #7)  order=cdfa0e40
  [    460ms]  [91mstale[0m    (poll #8)  order=cdfa0e40
  [    519ms]  [92mVISIBLE[0m  (poll #9, X-Cache: MISS)  order=cdfa0e40

[96mOrder 443/1000:[0m
  [      4ms]  [91mstale[0m    (poll #1)  order=294c8fdf
  [     64ms]  [91mstale[0m    (poll #2)  order=294c8fdf
  [    126ms]  [91mstale[0m    (poll #3)  order=294c8fdf
  [    187ms]  [91mstale[0m    (poll #4)  order=294c8fdf
  [    251ms]  [91mstale[0m    (poll #5)  order=294c8fdf
  [    312ms]  [91mstale[0m    (poll #6)  order=294c8fdf
  [    378ms]  [91mstale[0m    (poll #7)  order=294c8fdf
  [    449ms]  [91mstale[0m    (poll #8)  order=294c8fdf
  [    522ms]  [92mVISIBLE[0m  (poll #9, X-Cache: MISS)  order=294c8fdf

[96mOrder 444/1000:[0m
  [      7ms]  [91mstale[0m    (poll #1)  order=67055338
  [     68ms]  [91mstale[0m    (poll #2)  order=67055338
  [    169ms]  [91mstale[0m    (poll #3)  order=67055338
  [    244ms]  [91mstale[0m    (poll #4)  order=67055338
  [    306ms]  [91mstale[0m    (poll #5)  order=67055338
  [    375ms]  [91mstale[0m    (poll #6)  order=67055338
  [    445ms]  [92mVISIBLE[0m  (poll #7, X-Cache: MISS)  order=67055338

[96mOrder 445/1000:[0m
  [     10ms]  [91mstale[0m    (poll #1)  order=7090da74
  [     76ms]  [91mstale[0m    (poll #2)  order=7090da74
  [    140ms]  [91mstale[0m    (poll #3)  order=7090da74
  [    218ms]  [91mstale[0m    (poll #4)  order=7090da74
  [    278ms]  [91mstale[0m    (poll #5)  order=7090da74
  [    336ms]  [91mstale[0m    (poll #6)  order=7090da74
  [    394ms]  [91mstale[0m    (poll #7)  order=7090da74
  [    457ms]  [91mstale[0m    (poll #8)  order=7090da74
  [    523ms]  [92mVISIBLE[0m  (poll #9, X-Cache: MISS)  order=7090da74

[96mOrder 446/1000:[0m
  [      5ms]  [91mstale[0m    (poll #1)  order=7baa001e
  [     81ms]  [91mstale[0m    (poll #2)  order=7baa001e
  [    138ms]  [91mstale[0m    (poll #3)  order=7baa001e
  [    201ms]  [91mstale[0m    (poll #4)  order=7baa001e
  [    265ms]  [91mstale[0m    (poll #5)  order=7baa001e
  [    335ms]  [91mstale[0m    (poll #6)  order=7baa001e
  [    410ms]  [91mstale[0m    (poll #7)  order=7baa001e
  [    479ms]  [92mVISIBLE[0m  (poll #8, X-Cache: MISS)  order=7baa001e

[96mOrder 447/1000:[0m
  [     10ms]  [91mstale[0m    (poll #1)  order=2647aabf
  [     74ms]  [91mstale[0m    (poll #2)  order=2647aabf
  [    139ms]  [91mstale[0m    (poll #3)  order=2647aabf
  [    203ms]  [91mstale[0m    (poll #4)  order=2647aabf
  [    278ms]  [91mstale[0m    (poll #5)  order=2647aabf
  [    347ms]  [91mstale[0m    (poll #6)  order=2647aabf
  [    419ms]  [92mVISIBLE[0m  (poll #7, X-Cache: MISS)  order=2647aabf

[96mOrder 448/1000:[0m
  [      8ms]  [91mstale[0m    (poll #1)  order=75897bad
  [     69ms]  [91mstale[0m    (poll #2)  order=75897bad
  [    129ms]  [91mstale[0m    (poll #3)  order=75897bad
  [    194ms]  [91mstale[0m    (poll #4)  order=75897bad
  [    256ms]  [91mstale[0m    (poll #5)  order=75897bad
  [    330ms]  [91mstale[0m    (poll #6)  order=75897bad
  [    398ms]  [91mstale[0m    (poll #7)  order=75897bad
  [    468ms]  [91mstale[0m    (poll #8)  order=75897bad
  [    535ms]  [92mVISIBLE[0m  (poll #9, X-Cache: MISS)  order=75897bad

[96mOrder 449/1000:[0m
  [      9ms]  [91mstale[0m    (poll #1)  order=47c5cd9d
  [     72ms]  [91mstale[0m    (poll #2)  order=47c5cd9d
  [    140ms]  [91mstale[0m    (poll #3)  order=47c5cd9d
  [    203ms]  [91mstale[0m    (poll #4)  order=47c5cd9d
  [    274ms]  [91mstale[0m    (poll #5)  order=47c5cd9d
  [    343ms]  [91mstale[0m    (poll #6)  order=47c5cd9d
  [    414ms]  [91mstale[0m    (poll #7)  order=47c5cd9d
  [    473ms]  [92mVISIBLE[0m  (poll #8, X-Cache: MISS)  order=47c5cd9d

[96mOrder 450/1000:[0m
  [      9ms]  [91mstale[0m    (poll #1)  order=2f990349
  [     72ms]  [91mstale[0m    (poll #2)  order=2f990349
  [    135ms]  [91mstale[0m    (poll #3)  order=2f990349
  [    201ms]  [91mstale[0m    (poll #4)  order=2f990349
  [    263ms]  [91mstale[0m    (poll #5)  order=2f990349
  [    319ms]  [91mstale[0m    (poll #6)  order=2f990349
  [    383ms]  [92mVISIBLE[0m  (poll #7, X-Cache: MISS)  order=2f990349

[96mOrder 451/1000:[0m
  [      8ms]  [91mstale[0m    (poll #1)  order=9ed59204
  [     70ms]  [91mstale[0m    (poll #2)  order=9ed59204
  [    127ms]  [91mstale[0m    (poll #3)  order=9ed59204
  [    185ms]  [91mstale[0m    (poll #4)  order=9ed59204
  [    248ms]  [91mstale[0m    (poll #5)  order=9ed59204
  [    315ms]  [91mstale[0m    (poll #6)  order=9ed59204
  [    381ms]  [91mstale[0m    (poll #7)  order=9ed59204
  [    453ms]  [92mVISIBLE[0m  (poll #8, X-Cache: MISS)  order=9ed59204

[96mOrder 452/1000:[0m
  [     10ms]  [91mstale[0m    (poll #1)  order=340aa6e1
  [     73ms]  [91mstale[0m    (poll #2)  order=340aa6e1
  [    135ms]  [91mstale[0m    (poll #3)  order=340aa6e1
  [    203ms]  [91mstale[0m    (poll #4)  order=340aa6e1
  [    267ms]  [91mstale[0m    (poll #5)  order=340aa6e1
  [    328ms]  [91mstale[0m    (poll #6)  order=340aa6e1
  [    391ms]  [91mstale[0m    (poll #7)  order=340aa6e1
  [    453ms]  [92mVISIBLE[0m  (poll #8, X-Cache: MISS)  order=340aa6e1

[96mOrder 453/1000:[0m
  [      6ms]  [91mstale[0m    (poll #1)  order=3a22928e
  [     64ms]  [91mstale[0m    (poll #2)  order=3a22928e
  [    126ms]  [91mstale[0m    (poll #3)  order=3a22928e
  [    190ms]  [91mstale[0m    (poll #4)  order=3a22928e
  [    262ms]  [91mstale[0m    (poll #5)  order=3a22928e
  [    330ms]  [91mstale[0m    (poll #6)  order=3a22928e
  [    393ms]  [91mstale[0m    (poll #7)  order=3a22928e
  [    462ms]  [91mstale[0m    (poll #8)  order=3a22928e
  [    534ms]  [92mVISIBLE[0m  (poll #9, X-Cache: MISS)  order=3a22928e

[96mOrder 454/1000:[0m
  [      9ms]  [91mstale[0m    (poll #1)  order=af8987fa
  [     69ms]  [91mstale[0m    (poll #2)  order=af8987fa
  [    133ms]  [91mstale[0m    (poll #3)  order=af8987fa
  [    201ms]  [91mstale[0m    (poll #4)  order=af8987fa
  [    271ms]  [91mstale[0m    (poll #5)  order=af8987fa
  [    338ms]  [91mstale[0m    (poll #6)  order=af8987fa
  [    407ms]  [91mstale[0m    (poll #7)  order=af8987fa
  [    484ms]  [92mVISIBLE[0m  (poll #8, X-Cache: MISS)  order=af8987fa

[96mOrder 455/1000:[0m
  [      9ms]  [91mstale[0m    (poll #1)  order=f6721b89
  [     73ms]  [91mstale[0m    (poll #2)  order=f6721b89
  [    140ms]  [91mstale[0m    (poll #3)  order=f6721b89
  [    206ms]  [91mstale[0m    (poll #4)  order=f6721b89
  [    272ms]  [91mstale[0m    (poll #5)  order=f6721b89
  [    345ms]  [91mstale[0m    (poll #6)  order=f6721b89
  [    417ms]  [92mVISIBLE[0m  (poll #7, X-Cache: MISS)  order=f6721b89

[96mOrder 456/1000:[0m
  [      4ms]  [91mstale[0m    (poll #1)  order=9fa0257b
  [     66ms]  [91mstale[0m    (poll #2)  order=9fa0257b
  [    129ms]  [91mstale[0m    (poll #3)  order=9fa0257b
  [    193ms]  [91mstale[0m    (poll #4)  order=9fa0257b
  [    261ms]  [91mstale[0m    (poll #5)  order=9fa0257b
  [    322ms]  [91mstale[0m    (poll #6)  order=9fa0257b
  [    387ms]  [92mVISIBLE[0m  (poll #7, X-Cache: MISS)  order=9fa0257b

[96mOrder 457/1000:[0m
  [      8ms]  [91mstale[0m    (poll #1)  order=306bb2ec
  [     68ms]  [91mstale[0m    (poll #2)  order=306bb2ec
  [    131ms]  [91mstale[0m    (poll #3)  order=306bb2ec
  [    198ms]  [91mstale[0m    (poll #4)  order=306bb2ec
  [    268ms]  [91mstale[0m    (poll #5)  order=306bb2ec
  [    339ms]  [91mstale[0m    (poll #6)  order=306bb2ec
  [    408ms]  [91mstale[0m    (poll #7)  order=306bb2ec
  [    470ms]  [91mstale[0m    (poll #8)  order=306bb2ec
  [    532ms]  [92mVISIBLE[0m  (poll #9, X-Cache: MISS)  order=306bb2ec

[96mOrder 458/1000:[0m
  [      4ms]  [91mstale[0m    (poll #1)  order=10db64ea
  [     61ms]  [91mstale[0m    (poll #2)  order=10db64ea
  [    124ms]  [91mstale[0m    (poll #3)  order=10db64ea
  [    190ms]  [91mstale[0m    (poll #4)  order=10db64ea
  [    256ms]  [91mstale[0m    (poll #5)  order=10db64ea
  [    326ms]  [91mstale[0m    (poll #6)  order=10db64ea
  [    398ms]  [91mstale[0m    (poll #7)  order=10db64ea
  [    471ms]  [91mstale[0m    (poll #8)  order=10db64ea
  [    542ms]  [92mVISIBLE[0m  (poll #9, X-Cache: MISS)  order=10db64ea

[96mOrder 459/1000:[0m
  [      9ms]  [91mstale[0m    (poll #1)  order=3619db88
  [     74ms]  [91mstale[0m    (poll #2)  order=3619db88
  [    138ms]  [91mstale[0m    (poll #3)  order=3619db88
  [    208ms]  [91mstale[0m    (poll #4)  order=3619db88
  [    276ms]  [91mstale[0m    (poll #5)  order=3619db88
  [    349ms]  [91mstale[0m    (poll #6)  order=3619db88
  [    415ms]  [91mstale[0m    (poll #7)  order=3619db88
  [    487ms]  [92mVISIBLE[0m  (poll #8, X-Cache: MISS)  order=3619db88

[96mOrder 460/1000:[0m
  [     10ms]  [91mstale[0m    (poll #1)  order=65a834c1
  [     75ms]  [91mstale[0m    (poll #2)  order=65a834c1
  [    139ms]  [91mstale[0m    (poll #3)  order=65a834c1
  [    203ms]  [91mstale[0m    (poll #4)  order=65a834c1
  [    270ms]  [91mstale[0m    (poll #5)  order=65a834c1
  [    339ms]  [91mstale[0m    (poll #6)  order=65a834c1
  [    407ms]  [91mstale[0m    (poll #7)  order=65a834c1
  [    474ms]  [92mVISIBLE[0m  (poll #8, X-Cache: MISS)  order=65a834c1

[96mOrder 461/1000:[0m
  [      8ms]  [91mstale[0m    (poll #1)  order=019164d9
  [     72ms]  [91mstale[0m    (poll #2)  order=019164d9
  [    137ms]  [91mstale[0m    (poll #3)  order=019164d9
  [    201ms]  [91mstale[0m    (poll #4)  order=019164d9
  [    273ms]  [91mstale[0m    (poll #5)  order=019164d9
  [    341ms]  [91mstale[0m    (poll #6)  order=019164d9
  [    412ms]  [91mstale[0m    (poll #7)  order=019164d9
  [    480ms]  [91mstale[0m    (poll #8)  order=019164d9
  [    553ms]  [92mVISIBLE[0m  (poll #9, X-Cache: MISS)  order=019164d9

[96mOrder 462/1000:[0m
  [     11ms]  [91mstale[0m    (poll #1)  order=5419708f
  [     75ms]  [91mstale[0m    (poll #2)  order=5419708f
  [    140ms]  [91mstale[0m    (poll #3)  order=5419708f
  [    206ms]  [91mstale[0m    (poll #4)  order=5419708f
  [    283ms]  [91mstale[0m    (poll #5)  order=5419708f
  [    389ms]  [91mstale[0m    (poll #6)  order=5419708f
  [    456ms]  [92mVISIBLE[0m  (poll #7, X-Cache: MISS)  order=5419708f

[96mOrder 463/1000:[0m
  [      6ms]  [91mstale[0m    (poll #1)  order=8e1b8d9b
  [     68ms]  [91mstale[0m    (poll #2)  order=8e1b8d9b
  [    127ms]  [91mstale[0m    (poll #3)  order=8e1b8d9b
  [    191ms]  [91mstale[0m    (poll #4)  order=8e1b8d9b
  [    256ms]  [91mstale[0m    (poll #5)  order=8e1b8d9b
  [    324ms]  [91mstale[0m    (poll #6)  order=8e1b8d9b
  [    387ms]  [91mstale[0m    (poll #7)  order=8e1b8d9b
  [    452ms]  [91mstale[0m    (poll #8)  order=8e1b8d9b
  [    515ms]  [92mVISIBLE[0m  (poll #9, X-Cache: MISS)  order=8e1b8d9b

[96mOrder 464/1000:[0m
  [      5ms]  [91mstale[0m    (poll #1)  order=358922ce
  [     78ms]  [91mstale[0m    (poll #2)  order=358922ce
  [    140ms]  [91mstale[0m    (poll #3)  order=358922ce
  [    203ms]  [91mstale[0m    (poll #4)  order=358922ce
  [    265ms]  [91mstale[0m    (poll #5)  order=358922ce
  [    329ms]  [91mstale[0m    (poll #6)  order=358922ce
  [    395ms]  [92mVISIBLE[0m  (poll #7, X-Cache: MISS)  order=358922ce

[96mOrder 465/1000:[0m
  [      8ms]  [91mstale[0m    (poll #1)  order=af2354bb
  [     71ms]  [91mstale[0m    (poll #2)  order=af2354bb
  [    132ms]  [91mstale[0m    (poll #3)  order=af2354bb
  [    198ms]  [91mstale[0m    (poll #4)  order=af2354bb
  [    271ms]  [91mstale[0m    (poll #5)  order=af2354bb
  [    341ms]  [91mstale[0m    (poll #6)  order=af2354bb
  [    414ms]  [91mstale[0m    (poll #7)  order=af2354bb
  [    485ms]  [91mstale[0m    (poll #8)  order=af2354bb
  [    552ms]  [92mVISIBLE[0m  (poll #9, X-Cache: MISS)  order=af2354bb

[96mOrder 466/1000:[0m
  [      5ms]  [91mstale[0m    (poll #1)  order=f8dbbdac
  [     69ms]  [91mstale[0m    (poll #2)  order=f8dbbdac
  [    130ms]  [91mstale[0m    (poll #3)  order=f8dbbdac
  [    194ms]  [91mstale[0m    (poll #4)  order=f8dbbdac
  [    258ms]  [91mstale[0m    (poll #5)  order=f8dbbdac
  [    328ms]  [91mstale[0m    (poll #6)  order=f8dbbdac
  [    404ms]  [91mstale[0m    (poll #7)  order=f8dbbdac
  [    474ms]  [92mVISIBLE[0m  (poll #8, X-Cache: MISS)  order=f8dbbdac

[96mOrder 467/1000:[0m
  [     10ms]  [91mstale[0m    (poll #1)  order=add1a6b8
  [     69ms]  [91mstale[0m    (poll #2)  order=add1a6b8
  [    131ms]  [91mstale[0m    (poll #3)  order=add1a6b8
  [    194ms]  [91mstale[0m    (poll #4)  order=add1a6b8
  [    264ms]  [91mstale[0m    (poll #5)  order=add1a6b8
  [    334ms]  [91mstale[0m    (poll #6)  order=add1a6b8
  [    401ms]  [91mstale[0m    (poll #7)  order=add1a6b8
  [    472ms]  [91mstale[0m    (poll #8)  order=add1a6b8
  [    538ms]  [92mVISIBLE[0m  (poll #9, X-Cache: MISS)  order=add1a6b8

[96mOrder 468/1000:[0m
  [      8ms]  [91mstale[0m    (poll #1)  order=81dcf444
  [     67ms]  [91mstale[0m    (poll #2)  order=81dcf444
  [    131ms]  [91mstale[0m    (poll #3)  order=81dcf444
  [    195ms]  [91mstale[0m    (poll #4)  order=81dcf444
  [    265ms]  [91mstale[0m    (poll #5)  order=81dcf444
  [    336ms]  [91mstale[0m    (poll #6)  order=81dcf444
  [    410ms]  [91mstale[0m    (poll #7)  order=81dcf444
  [    480ms]  [92mVISIBLE[0m  (poll #8, X-Cache: MISS)  order=81dcf444

[96mOrder 469/1000:[0m
  [      9ms]  [91mstale[0m    (poll #1)  order=6055125f
  [     74ms]  [91mstale[0m    (poll #2)  order=6055125f
  [    139ms]  [91mstale[0m    (poll #3)  order=6055125f
  [    205ms]  [91mstale[0m    (poll #4)  order=6055125f
  [    278ms]  [91mstale[0m    (poll #5)  order=6055125f
  [    348ms]  [91mstale[0m    (poll #6)  order=6055125f
  [    421ms]  [91mstale[0m    (poll #7)  order=6055125f
  [    498ms]  [92mVISIBLE[0m  (poll #8, X-Cache: MISS)  order=6055125f

[96mOrder 470/1000:[0m
  [     11ms]  [91mstale[0m    (poll #1)  order=9f876659
  [     74ms]  [91mstale[0m    (poll #2)  order=9f876659
  [    139ms]  [91mstale[0m    (poll #3)  order=9f876659
  [    204ms]  [91mstale[0m    (poll #4)  order=9f876659
  [    272ms]  [91mstale[0m    (poll #5)  order=9f876659
  [    342ms]  [91mstale[0m    (poll #6)  order=9f876659
  [    408ms]  [91mstale[0m    (poll #7)  order=9f876659
  [    470ms]  [91mstale[0m    (poll #8)  order=9f876659
  [    536ms]  [92mVISIBLE[0m  (poll #9, X-Cache: MISS)  order=9f876659

[96mOrder 471/1000:[0m
  [      8ms]  [91mstale[0m    (poll #1)  order=dcbe5c6d
  [     71ms]  [91mstale[0m    (poll #2)  order=dcbe5c6d
  [    136ms]  [91mstale[0m    (poll #3)  order=dcbe5c6d
  [    203ms]  [91mstale[0m    (poll #4)  order=dcbe5c6d
  [    272ms]  [91mstale[0m    (poll #5)  order=dcbe5c6d
  [    341ms]  [91mstale[0m    (poll #6)  order=dcbe5c6d
  [    412ms]  [91mstale[0m    (poll #7)  order=dcbe5c6d
  [    483ms]  [92mVISIBLE[0m  (poll #8, X-Cache: MISS)  order=dcbe5c6d

[96mOrder 472/1000:[0m
  [      4ms]  [91mstale[0m    (poll #1)  order=b4282a5e
  [     61ms]  [91mstale[0m    (poll #2)  order=b4282a5e
  [    124ms]  [91mstale[0m    (poll #3)  order=b4282a5e
  [    188ms]  [91mstale[0m    (poll #4)  order=b4282a5e
  [    248ms]  [91mstale[0m    (poll #5)  order=b4282a5e
  [    307ms]  [91mstale[0m    (poll #6)  order=b4282a5e
  [    366ms]  [91mstale[0m    (poll #7)  order=b4282a5e
  [    432ms]  [92mVISIBLE[0m  (poll #8, X-Cache: MISS)  order=b4282a5e

[96mOrder 473/1000:[0m
  [      8ms]  [91mstale[0m    (poll #1)  order=fa337320
  [     68ms]  [91mstale[0m    (poll #2)  order=fa337320
  [    131ms]  [91mstale[0m    (poll #3)  order=fa337320
  [    196ms]  [91mstale[0m    (poll #4)  order=fa337320
  [    267ms]  [91mstale[0m    (poll #5)  order=fa337320
  [    340ms]  [91mstale[0m    (poll #6)  order=fa337320
  [    409ms]  [91mstale[0m    (poll #7)  order=fa337320
  [    483ms]  [92mVISIBLE[0m  (poll #8, X-Cache: MISS)  order=fa337320

[96mOrder 474/1000:[0m
  [      8ms]  [91mstale[0m    (poll #1)  order=89001589
  [     70ms]  [91mstale[0m    (poll #2)  order=89001589
  [    134ms]  [91mstale[0m    (poll #3)  order=89001589
  [    198ms]  [91mstale[0m    (poll #4)  order=89001589
  [    263ms]  [91mstale[0m    (poll #5)  order=89001589
  [    331ms]  [91mstale[0m    (poll #6)  order=89001589
  [    400ms]  [91mstale[0m    (poll #7)  order=89001589
  [    472ms]  [92mVISIBLE[0m  (poll #8, X-Cache: MISS)  order=89001589

[96mOrder 475/1000:[0m
  [      8ms]  [91mstale[0m    (poll #1)  order=7d078cc8
  [     71ms]  [91mstale[0m    (poll #2)  order=7d078cc8
  [    135ms]  [91mstale[0m    (poll #3)  order=7d078cc8
  [    201ms]  [91mstale[0m    (poll #4)  order=7d078cc8
  [    272ms]  [91mstale[0m    (poll #5)  order=7d078cc8
  [    345ms]  [91mstale[0m    (poll #6)  order=7d078cc8
  [    417ms]  [92mVISIBLE[0m  (poll #7, X-Cache: MISS)  order=7d078cc8

[96mOrder 476/1000:[0m
  [      6ms]  [91mstale[0m    (poll #1)  order=cc7e54e3
  [     69ms]  [91mstale[0m    (poll #2)  order=cc7e54e3
  [    129ms]  [91mstale[0m    (poll #3)  order=cc7e54e3
  [    191ms]  [91mstale[0m    (poll #4)  order=cc7e54e3
  [    252ms]  [91mstale[0m    (poll #5)  order=cc7e54e3
  [    323ms]  [91mstale[0m    (poll #6)  order=cc7e54e3
  [    387ms]  [91mstale[0m    (poll #7)  order=cc7e54e3
  [    447ms]  [91mstale[0m    (poll #8)  order=cc7e54e3
  [    515ms]  [92mVISIBLE[0m  (poll #9, X-Cache: MISS)  order=cc7e54e3

[96mOrder 477/1000:[0m
  [     10ms]  [91mstale[0m    (poll #1)  order=da6bae39
  [     74ms]  [91mstale[0m    (poll #2)  order=da6bae39
  [    138ms]  [91mstale[0m    (poll #3)  order=da6bae39
  [    207ms]  [91mstale[0m    (poll #4)  order=da6bae39
  [    275ms]  [91mstale[0m    (poll #5)  order=da6bae39
  [    339ms]  [91mstale[0m    (poll #6)  order=da6bae39
  [    408ms]  [91mstale[0m    (poll #7)  order=da6bae39
  [    468ms]  [91mstale[0m    (poll #8)  order=da6bae39
  [    527ms]  [92mVISIBLE[0m  (poll #9, X-Cache: MISS)  order=da6bae39

[96mOrder 478/1000:[0m
  [      5ms]  [91mstale[0m    (poll #1)  order=0e280a68
  [     64ms]  [91mstale[0m    (poll #2)  order=0e280a68
  [    126ms]  [91mstale[0m    (poll #3)  order=0e280a68
  [    192ms]  [91mstale[0m    (poll #4)  order=0e280a68
  [    260ms]  [91mstale[0m    (poll #5)  order=0e280a68
  [    328ms]  [91mstale[0m    (poll #6)  order=0e280a68
  [    400ms]  [91mstale[0m    (poll #7)  order=0e280a68
  [    470ms]  [92mVISIBLE[0m  (poll #8, X-Cache: MISS)  order=0e280a68

[96mOrder 479/1000:[0m
  [      8ms]  [91mstale[0m    (poll #1)  order=6c6c4a35
  [     70ms]  [91mstale[0m    (poll #2)  order=6c6c4a35
  [    134ms]  [91mstale[0m    (poll #3)  order=6c6c4a35
  [    201ms]  [91mstale[0m    (poll #4)  order=6c6c4a35
  [    272ms]  [91mstale[0m    (poll #5)  order=6c6c4a35
  [    341ms]  [91mstale[0m    (poll #6)  order=6c6c4a35
  [    408ms]  [91mstale[0m    (poll #7)  order=6c6c4a35
  [    478ms]  [91mstale[0m    (poll #8)  order=6c6c4a35
  [    552ms]  [92mVISIBLE[0m  (poll #9, X-Cache: MISS)  order=6c6c4a35

[96mOrder 480/1000:[0m
  [     10ms]  [91mstale[0m    (poll #1)  order=2a5d12f2
  [     73ms]  [91mstale[0m    (poll #2)  order=2a5d12f2
  [    139ms]  [91mstale[0m    (poll #3)  order=2a5d12f2
  [    207ms]  [91mstale[0m    (poll #4)  order=2a5d12f2
  [    273ms]  [91mstale[0m    (poll #5)  order=2a5d12f2
  [    343ms]  [91mstale[0m    (poll #6)  order=2a5d12f2
  [    415ms]  [91mstale[0m    (poll #7)  order=2a5d12f2
  [    484ms]  [92mVISIBLE[0m  (poll #8, X-Cache: MISS)  order=2a5d12f2

[96mOrder 481/1000:[0m
  [     10ms]  [91mstale[0m    (poll #1)  order=bed29e16
  [     77ms]  [91mstale[0m    (poll #2)  order=bed29e16
  [    139ms]  [91mstale[0m    (poll #3)  order=bed29e16
  [    207ms]  [91mstale[0m    (poll #4)  order=bed29e16
  [    279ms]  [91mstale[0m    (poll #5)  order=bed29e16
  [    348ms]  [91mstale[0m    (poll #6)  order=bed29e16
  [    424ms]  [91mstale[0m    (poll #7)  order=bed29e16
  [    493ms]  [92mVISIBLE[0m  (poll #8, X-Cache: MISS)  order=bed29e16

[96mOrder 482/1000:[0m
  [      8ms]  [91mstale[0m    (poll #1)  order=2e907437
  [     68ms]  [91mstale[0m    (poll #2)  order=2e907437
  [    130ms]  [91mstale[0m    (poll #3)  order=2e907437
  [    191ms]  [91mstale[0m    (poll #4)  order=2e907437
  [    258ms]  [91mstale[0m    (poll #5)  order=2e907437
  [    329ms]  [91mstale[0m    (poll #6)  order=2e907437
  [    396ms]  [91mstale[0m    (poll #7)  order=2e907437
  [    463ms]  [91mstale[0m    (poll #8)  order=2e907437
  [    536ms]  [92mVISIBLE[0m  (poll #9, X-Cache: MISS)  order=2e907437

[96mOrder 483/1000:[0m
  [      8ms]  [91mstale[0m    (poll #1)  order=be40887d
  [     67ms]  [91mstale[0m    (poll #2)  order=be40887d
  [    129ms]  [91mstale[0m    (poll #3)  order=be40887d
  [    195ms]  [91mstale[0m    (poll #4)  order=be40887d
  [    268ms]  [91mstale[0m    (poll #5)  order=be40887d
  [    341ms]  [91mstale[0m    (poll #6)  order=be40887d
  [    415ms]  [91mstale[0m    (poll #7)  order=be40887d
  [    487ms]  [92mVISIBLE[0m  (poll #8, X-Cache: MISS)  order=be40887d

[96mOrder 484/1000:[0m
  [      4ms]  [91mstale[0m    (poll #1)  order=0a651b61
  [     60ms]  [91mstale[0m    (poll #2)  order=0a651b61
  [    117ms]  [91mstale[0m    (poll #3)  order=0a651b61
  [    176ms]  [91mstale[0m    (poll #4)  order=0a651b61
  [    238ms]  [91mstale[0m    (poll #5)  order=0a651b61
  [    298ms]  [91mstale[0m    (poll #6)  order=0a651b61
  [    358ms]  [91mstale[0m    (poll #7)  order=0a651b61
  [    421ms]  [91mstale[0m    (poll #8)  order=0a651b61
  [    489ms]  [92mVISIBLE[0m  (poll #9, X-Cache: MISS)  order=0a651b61

[96mOrder 485/1000:[0m
  [      9ms]  [91mstale[0m    (poll #1)  order=050dd4a4
  [     70ms]  [91mstale[0m    (poll #2)  order=050dd4a4
  [    131ms]  [91mstale[0m    (poll #3)  order=050dd4a4
  [    196ms]  [91mstale[0m    (poll #4)  order=050dd4a4
  [    266ms]  [91mstale[0m    (poll #5)  order=050dd4a4
  [    343ms]  [91mstale[0m    (poll #6)  order=050dd4a4
  [    408ms]  [91mstale[0m    (poll #7)  order=050dd4a4
  [    470ms]  [91mstale[0m    (poll #8)  order=050dd4a4
  [    531ms]  [92mVISIBLE[0m  (poll #9, X-Cache: MISS)  order=050dd4a4

[96mOrder 486/1000:[0m
  [      6ms]  [91mstale[0m    (poll #1)  order=55c8d433
  [     68ms]  [91mstale[0m    (poll #2)  order=55c8d433
  [    131ms]  [91mstale[0m    (poll #3)  order=55c8d433
  [    195ms]  [91mstale[0m    (poll #4)  order=55c8d433
  [    264ms]  [91mstale[0m    (poll #5)  order=55c8d433
  [    335ms]  [91mstale[0m    (poll #6)  order=55c8d433
  [    407ms]  [91mstale[0m    (poll #7)  order=55c8d433
  [    478ms]  [92mVISIBLE[0m  (poll #8, X-Cache: MISS)  order=55c8d433

[96mOrder 487/1000:[0m
  [     10ms]  [91mstale[0m    (poll #1)  order=7ff0bcb7
  [     74ms]  [91mstale[0m    (poll #2)  order=7ff0bcb7
  [    138ms]  [91mstale[0m    (poll #3)  order=7ff0bcb7
  [    203ms]  [91mstale[0m    (poll #4)  order=7ff0bcb7
  [    274ms]  [91mstale[0m    (poll #5)  order=7ff0bcb7
  [    346ms]  [91mstale[0m    (poll #6)  order=7ff0bcb7
  [    414ms]  [91mstale[0m    (poll #7)  order=7ff0bcb7
  [    474ms]  [91mstale[0m    (poll #8)  order=7ff0bcb7
  [    533ms]  [92mVISIBLE[0m  (poll #9, X-Cache: MISS)  order=7ff0bcb7

[96mOrder 488/1000:[0m
  [      5ms]  [91mstale[0m    (poll #1)  order=b0b30eac
  [     66ms]  [91mstale[0m    (poll #2)  order=b0b30eac
  [    126ms]  [91mstale[0m    (poll #3)  order=b0b30eac
  [    191ms]  [91mstale[0m    (poll #4)  order=b0b30eac
  [    262ms]  [91mstale[0m    (poll #5)  order=b0b30eac
  [    331ms]  [91mstale[0m    (poll #6)  order=b0b30eac
  [    403ms]  [91mstale[0m    (poll #7)  order=b0b30eac
  [    474ms]  [91mstale[0m    (poll #8)  order=b0b30eac
  [    543ms]  [92mVISIBLE[0m  (poll #9, X-Cache: MISS)  order=b0b30eac

[96mOrder 489/1000:[0m
  [     10ms]  [91mstale[0m    (poll #1)  order=42b41397
  [     70ms]  [91mstale[0m    (poll #2)  order=42b41397
  [    135ms]  [91mstale[0m    (poll #3)  order=42b41397
  [    199ms]  [91mstale[0m    (poll #4)  order=42b41397
  [    268ms]  [91mstale[0m    (poll #5)  order=42b41397
  [    344ms]  [91mstale[0m    (poll #6)  order=42b41397
  [    412ms]  [91mstale[0m    (poll #7)  order=42b41397
  [    485ms]  [92mVISIBLE[0m  (poll #8, X-Cache: MISS)  order=42b41397

[96mOrder 490/1000:[0m
  [     10ms]  [91mstale[0m    (poll #1)  order=50e56e13
  [     73ms]  [91mstale[0m    (poll #2)  order=50e56e13
  [    135ms]  [91mstale[0m    (poll #3)  order=50e56e13
  [    199ms]  [91mstale[0m    (poll #4)  order=50e56e13
  [    265ms]  [91mstale[0m    (poll #5)  order=50e56e13
  [    335ms]  [91mstale[0m    (poll #6)  order=50e56e13
  [    408ms]  [91mstale[0m    (poll #7)  order=50e56e13
  [    479ms]  [92mVISIBLE[0m  (poll #8, X-Cache: MISS)  order=50e56e13

[96mOrder 491/1000:[0m
  [      9ms]  [91mstale[0m    (poll #1)  order=0407ca84
  [     72ms]  [91mstale[0m    (poll #2)  order=0407ca84
  [    136ms]  [91mstale[0m    (poll #3)  order=0407ca84
  [    204ms]  [91mstale[0m    (poll #4)  order=0407ca84
  [    267ms]  [91mstale[0m    (poll #5)  order=0407ca84
  [    328ms]  [91mstale[0m    (poll #6)  order=0407ca84
  [    390ms]  [91mstale[0m    (poll #7)  order=0407ca84
  [    452ms]  [91mstale[0m    (poll #8)  order=0407ca84
  [    510ms]  [92mVISIBLE[0m  (poll #9, X-Cache: MISS)  order=0407ca84

[96mOrder 492/1000:[0m
  [      5ms]  [91mstale[0m    (poll #1)  order=88fb88e9
  [     65ms]  [91mstale[0m    (poll #2)  order=88fb88e9
  [    128ms]  [91mstale[0m    (poll #3)  order=88fb88e9
  [    192ms]  [91mstale[0m    (poll #4)  order=88fb88e9
  [    261ms]  [91mstale[0m    (poll #5)  order=88fb88e9
  [    332ms]  [91mstale[0m    (poll #6)  order=88fb88e9
  [    406ms]  [91mstale[0m    (poll #7)  order=88fb88e9
  [    475ms]  [91mstale[0m    (poll #8)  order=88fb88e9
  [    545ms]  [92mVISIBLE[0m  (poll #9, X-Cache: MISS)  order=88fb88e9

[96mOrder 493/1000:[0m
  [     11ms]  [91mstale[0m    (poll #1)  order=2d3235d8
  [     75ms]  [91mstale[0m    (poll #2)  order=2d3235d8
  [    137ms]  [91mstale[0m    (poll #3)  order=2d3235d8
  [    200ms]  [91mstale[0m    (poll #4)  order=2d3235d8
  [    266ms]  [91mstale[0m    (poll #5)  order=2d3235d8
  [    336ms]  [91mstale[0m    (poll #6)  order=2d3235d8
  [    410ms]  [91mstale[0m    (poll #7)  order=2d3235d8
  [    479ms]  [92mVISIBLE[0m  (poll #8, X-Cache: MISS)  order=2d3235d8

[96mOrder 494/1000:[0m
  [      7ms]  [91mstale[0m    (poll #1)  order=a1ef304b
  [     71ms]  [91mstale[0m    (poll #2)  order=a1ef304b
  [    132ms]  [91mstale[0m    (poll #3)  order=a1ef304b
  [    199ms]  [91mstale[0m    (poll #4)  order=a1ef304b
  [    267ms]  [91mstale[0m    (poll #5)  order=a1ef304b
  [    342ms]  [91mstale[0m    (poll #6)  order=a1ef304b
  [    414ms]  [91mstale[0m    (poll #7)  order=a1ef304b
  [    486ms]  [92mVISIBLE[0m  (poll #8, X-Cache: MISS)  order=a1ef304b

[96mOrder 495/1000:[0m
  [     10ms]  [91mstale[0m    (poll #1)  order=d9e773de
  [     71ms]  [91mstale[0m    (poll #2)  order=d9e773de
  [    133ms]  [91mstale[0m    (poll #3)  order=d9e773de
  [    194ms]  [91mstale[0m    (poll #4)  order=d9e773de
  [    254ms]  [91mstale[0m    (poll #5)  order=d9e773de
  [    316ms]  [91mstale[0m    (poll #6)  order=d9e773de
  [    379ms]  [91mstale[0m    (poll #7)  order=d9e773de
  [    443ms]  [91mstale[0m    (poll #8)  order=d9e773de
  [    507ms]  [92mVISIBLE[0m  (poll #9, X-Cache: MISS)  order=d9e773de

[96mOrder 496/1000:[0m
  [     10ms]  [91mstale[0m    (poll #1)  order=617d999c
  [     70ms]  [91mstale[0m    (poll #2)  order=617d999c
  [    133ms]  [91mstale[0m    (poll #3)  order=617d999c
  [    198ms]  [91mstale[0m    (poll #4)  order=617d999c
  [    270ms]  [91mstale[0m    (poll #5)  order=617d999c
  [    333ms]  [91mstale[0m    (poll #6)  order=617d999c
  [    395ms]  [91mstale[0m    (poll #7)  order=617d999c
  [    455ms]  [91mstale[0m    (poll #8)  order=617d999c
  [    514ms]  [92mVISIBLE[0m  (poll #9, X-Cache: MISS)  order=617d999c

[96mOrder 497/1000:[0m
  [      5ms]  [91mstale[0m    (poll #1)  order=6c91d67f
  [     63ms]  [91mstale[0m    (poll #2)  order=6c91d67f
  [    123ms]  [91mstale[0m    (poll #3)  order=6c91d67f
  [    189ms]  [91mstale[0m    (poll #4)  order=6c91d67f
  [    257ms]  [91mstale[0m    (poll #5)  order=6c91d67f
  [    329ms]  [91mstale[0m    (poll #6)  order=6c91d67f
  [    397ms]  [91mstale[0m    (poll #7)  order=6c91d67f
  [    468ms]  [91mstale[0m    (poll #8)  order=6c91d67f
  [    537ms]  [92mVISIBLE[0m  (poll #9, X-Cache: MISS)  order=6c91d67f

[96mOrder 498/1000:[0m
  [     11ms]  [91mstale[0m    (poll #1)  order=557199d9
  [     73ms]  [91mstale[0m    (poll #2)  order=557199d9
  [    135ms]  [91mstale[0m    (poll #3)  order=557199d9
  [    203ms]  [91mstale[0m    (poll #4)  order=557199d9
  [    273ms]  [91mstale[0m    (poll #5)  order=557199d9
  [    344ms]  [91mstale[0m    (poll #6)  order=557199d9
  [    416ms]  [91mstale[0m    (poll #7)  order=557199d9
  [    491ms]  [92mVISIBLE[0m  (poll #8, X-Cache: MISS)  order=557199d9

[96mOrder 499/1000:[0m
  [     10ms]  [91mstale[0m    (poll #1)  order=b621ef5c
  [     72ms]  [91mstale[0m    (poll #2)  order=b621ef5c
  [    136ms]  [91mstale[0m    (poll #3)  order=b621ef5c
  [    201ms]  [91mstale[0m    (poll #4)  order=b621ef5c
  [    269ms]  [91mstale[0m    (poll #5)  order=b621ef5c
  [    341ms]  [91mstale[0m    (poll #6)  order=b621ef5c
  [    408ms]  [91mstale[0m    (poll #7)  order=b621ef5c
  [    481ms]  [92mVISIBLE[0m  (poll #8, X-Cache: MISS)  order=b621ef5c

[96mOrder 500/1000:[0m
  [     11ms]  [91mstale[0m    (poll #1)  order=fd867bd5
  [     75ms]  [91mstale[0m    (poll #2)  order=fd867bd5
  [    140ms]  [91mstale[0m    (poll #3)  order=fd867bd5
  [    208ms]  [91mstale[0m    (poll #4)  order=fd867bd5
  [    274ms]  [91mstale[0m    (poll #5)  order=fd867bd5
  [    347ms]  [91mstale[0m    (poll #6)  order=fd867bd5
  [    417ms]  [92mVISIBLE[0m  (poll #7, X-Cache: MISS)  order=fd867bd5

[96mOrder 501/1000:[0m
  [     13ms]  [91mstale[0m    (poll #1)  order=979c8578
  [     84ms]  [91mstale[0m    (poll #2)  order=979c8578
  [    143ms]  [91mstale[0m    (poll #3)  order=979c8578
  [    206ms]  [91mstale[0m    (poll #4)  order=979c8578
  [    273ms]  [91mstale[0m    (poll #5)  order=979c8578
  [    343ms]  [91mstale[0m    (poll #6)  order=979c8578
  [    415ms]  [92mVISIBLE[0m  (poll #7, X-Cache: MISS)  order=979c8578

[96mOrder 502/1000:[0m
  [      8ms]  [91mstale[0m    (poll #1)  order=be96b757
  [     72ms]  [91mstale[0m    (poll #2)  order=be96b757
  [    135ms]  [91mstale[0m    (poll #3)  order=be96b757
  [    201ms]  [91mstale[0m    (poll #4)  order=be96b757
  [    271ms]  [91mstale[0m    (poll #5)  order=be96b757
  [    331ms]  [91mstale[0m    (poll #6)  order=be96b757
  [    400ms]  [91mstale[0m    (poll #7)  order=be96b757
  [    470ms]  [92mVISIBLE[0m  (poll #8, X-Cache: MISS)  order=be96b757

[96mOrder 503/1000:[0m
  [     10ms]  [91mstale[0m    (poll #1)  order=66493fe5
  [     73ms]  [91mstale[0m    (poll #2)  order=66493fe5
  [    140ms]  [91mstale[0m    (poll #3)  order=66493fe5
  [    206ms]  [91mstale[0m    (poll #4)  order=66493fe5
  [    280ms]  [91mstale[0m    (poll #5)  order=66493fe5
  [    344ms]  [91mstale[0m    (poll #6)  order=66493fe5
  [    407ms]  [91mstale[0m    (poll #7)  order=66493fe5
  [    472ms]  [91mstale[0m    (poll #8)  order=66493fe5
  [    539ms]  [92mVISIBLE[0m  (poll #9, X-Cache: MISS)  order=66493fe5

[96mOrder 504/1000:[0m
  [      4ms]  [91mstale[0m    (poll #1)  order=09b59ed5
  [     65ms]  [91mstale[0m    (poll #2)  order=09b59ed5
  [    123ms]  [91mstale[0m    (poll #3)  order=09b59ed5
  [    183ms]  [91mstale[0m    (poll #4)  order=09b59ed5
  [    245ms]  [91mstale[0m    (poll #5)  order=09b59ed5
  [    306ms]  [91mstale[0m    (poll #6)  order=09b59ed5
  [    364ms]  [91mstale[0m    (poll #7)  order=09b59ed5
  [    429ms]  [91mstale[0m    (poll #8)  order=09b59ed5
  [    500ms]  [92mVISIBLE[0m  (poll #9, X-Cache: MISS)  order=09b59ed5

[96mOrder 505/1000:[0m
  [     10ms]  [91mstale[0m    (poll #1)  order=efc38f80
  [     74ms]  [91mstale[0m    (poll #2)  order=efc38f80
  [    139ms]  [91mstale[0m    (poll #3)  order=efc38f80
  [    202ms]  [91mstale[0m    (poll #4)  order=efc38f80
  [    267ms]  [91mstale[0m    (poll #5)  order=efc38f80
  [    328ms]  [91mstale[0m    (poll #6)  order=efc38f80
  [    390ms]  [91mstale[0m    (poll #7)  order=efc38f80
  [    455ms]  [91mstale[0m    (poll #8)  order=efc38f80
  [    520ms]  [92mVISIBLE[0m  (poll #9, X-Cache: MISS)  order=efc38f80

[96mOrder 506/1000:[0m
  [     11ms]  [91mstale[0m    (poll #1)  order=467ff4ba
  [     76ms]  [91mstale[0m    (poll #2)  order=467ff4ba
  [    138ms]  [91mstale[0m    (poll #3)  order=467ff4ba
  [    204ms]  [91mstale[0m    (poll #4)  order=467ff4ba
  [    274ms]  [91mstale[0m    (poll #5)  order=467ff4ba
  [    338ms]  [91mstale[0m    (poll #6)  order=467ff4ba
  [    399ms]  [91mstale[0m    (poll #7)  order=467ff4ba
  [    464ms]  [92mVISIBLE[0m  (poll #8, X-Cache: MISS)  order=467ff4ba

[96mOrder 507/1000:[0m
  [      5ms]  [91mstale[0m    (poll #1)  order=e758896c
  [     63ms]  [91mstale[0m    (poll #2)  order=e758896c
  [    127ms]  [91mstale[0m    (poll #3)  order=e758896c
  [    190ms]  [91mstale[0m    (poll #4)  order=e758896c
  [    261ms]  [91mstale[0m    (poll #5)  order=e758896c
  [    334ms]  [91mstale[0m    (poll #6)  order=e758896c
  [    403ms]  [91mstale[0m    (poll #7)  order=e758896c
  [    474ms]  [91mstale[0m    (poll #8)  order=e758896c
  [    544ms]  [92mVISIBLE[0m  (poll #9, X-Cache: MISS)  order=e758896c

[96mOrder 508/1000:[0m
  [     11ms]  [91mstale[0m    (poll #1)  order=423498f1
  [     77ms]  [91mstale[0m    (poll #2)  order=423498f1
  [    138ms]  [91mstale[0m    (poll #3)  order=423498f1
  [    203ms]  [91mstale[0m    (poll #4)  order=423498f1
  [    274ms]  [91mstale[0m    (poll #5)  order=423498f1
  [    341ms]  [91mstale[0m    (poll #6)  order=423498f1
  [    409ms]  [92mVISIBLE[0m  (poll #7, X-Cache: MISS)  order=423498f1

[96mOrder 509/1000:[0m
  [     10ms]  [91mstale[0m    (poll #1)  order=f05e3545
  [     76ms]  [91mstale[0m    (poll #2)  order=f05e3545
  [    139ms]  [91mstale[0m    (poll #3)  order=f05e3545
  [    203ms]  [91mstale[0m    (poll #4)  order=f05e3545
  [    272ms]  [91mstale[0m    (poll #5)  order=f05e3545
  [    340ms]  [91mstale[0m    (poll #6)  order=f05e3545
  [    410ms]  [91mstale[0m    (poll #7)  order=f05e3545
  [    477ms]  [92mVISIBLE[0m  (poll #8, X-Cache: MISS)  order=f05e3545

[96mOrder 510/1000:[0m
  [     12ms]  [91mstale[0m    (poll #1)  order=f783035d
  [     77ms]  [91mstale[0m    (poll #2)  order=f783035d
  [    142ms]  [91mstale[0m    (poll #3)  order=f783035d
  [    204ms]  [91mstale[0m    (poll #4)  order=f783035d
  [    269ms]  [91mstale[0m    (poll #5)  order=f783035d
  [    339ms]  [91mstale[0m    (poll #6)  order=f783035d
  [    408ms]  [91mstale[0m    (poll #7)  order=f783035d
  [    476ms]  [91mstale[0m    (poll #8)  order=f783035d
  [    544ms]  [92mVISIBLE[0m  (poll #9, X-Cache: MISS)  order=f783035d

[96mOrder 511/1000:[0m
  [     11ms]  [91mstale[0m    (poll #1)  order=39d99962
  [     73ms]  [91mstale[0m    (poll #2)  order=39d99962
  [    131ms]  [91mstale[0m    (poll #3)  order=39d99962
  [    193ms]  [91mstale[0m    (poll #4)  order=39d99962
  [    254ms]  [91mstale[0m    (poll #5)  order=39d99962
  [    316ms]  [91mstale[0m    (poll #6)  order=39d99962
  [    380ms]  [91mstale[0m    (poll #7)  order=39d99962
  [    444ms]  [92mVISIBLE[0m  (poll #8, X-Cache: MISS)  order=39d99962

[96mOrder 512/1000:[0m
  [      6ms]  [91mstale[0m    (poll #1)  order=8ff879f6
  [     67ms]  [91mstale[0m    (poll #2)  order=8ff879f6
  [    131ms]  [91mstale[0m    (poll #3)  order=8ff879f6
  [    199ms]  [91mstale[0m    (poll #4)  order=8ff879f6
  [    269ms]  [91mstale[0m    (poll #5)  order=8ff879f6
  [    336ms]  [91mstale[0m    (poll #6)  order=8ff879f6
  [    403ms]  [92mVISIBLE[0m  (poll #7, X-Cache: MISS)  order=8ff879f6

[96mOrder 513/1000:[0m
  [     10ms]  [91mstale[0m    (poll #1)  order=5400bdf5
  [     75ms]  [91mstale[0m    (poll #2)  order=5400bdf5
  [    136ms]  [91mstale[0m    (poll #3)  order=5400bdf5
  [    203ms]  [91mstale[0m    (poll #4)  order=5400bdf5
  [    273ms]  [91mstale[0m    (poll #5)  order=5400bdf5
  [    346ms]  [91mstale[0m    (poll #6)  order=5400bdf5
  [    418ms]  [91mstale[0m    (poll #7)  order=5400bdf5
  [    489ms]  [91mstale[0m    (poll #8)  order=5400bdf5
  [    562ms]  [92mVISIBLE[0m  (poll #9, X-Cache: MISS)  order=5400bdf5

[96mOrder 514/1000:[0m
  [     11ms]  [91mstale[0m    (poll #1)  order=edc80394
  [     75ms]  [91mstale[0m    (poll #2)  order=edc80394
  [    138ms]  [91mstale[0m    (poll #3)  order=edc80394
  [    200ms]  [91mstale[0m    (poll #4)  order=edc80394
  [    267ms]  [91mstale[0m    (poll #5)  order=edc80394
  [    330ms]  [91mstale[0m    (poll #6)  order=edc80394
  [    400ms]  [91mstale[0m    (poll #7)  order=edc80394
  [    467ms]  [92mVISIBLE[0m  (poll #8, X-Cache: MISS)  order=edc80394

[96mOrder 515/1000:[0m
  [      8ms]  [91mstale[0m    (poll #1)  order=f2f679bd
  [     72ms]  [91mstale[0m    (poll #2)  order=f2f679bd
  [    131ms]  [91mstale[0m    (poll #3)  order=f2f679bd
  [    195ms]  [91mstale[0m    (poll #4)  order=f2f679bd
  [    265ms]  [91mstale[0m    (poll #5)  order=f2f679bd
  [    323ms]  [91mstale[0m    (poll #6)  order=f2f679bd
  [    385ms]  [92mVISIBLE[0m  (poll #7, X-Cache: MISS)  order=f2f679bd

[96mOrder 516/1000:[0m
  [      6ms]  [91mstale[0m    (poll #1)  order=ce98f281
  [     67ms]  [91mstale[0m    (poll #2)  order=ce98f281
  [    133ms]  [91mstale[0m    (poll #3)  order=ce98f281
  [    195ms]  [91mstale[0m    (poll #4)  order=ce98f281
  [    261ms]  [91mstale[0m    (poll #5)  order=ce98f281
  [    328ms]  [91mstale[0m    (poll #6)  order=ce98f281
  [    394ms]  [91mstale[0m    (poll #7)  order=ce98f281
  [    457ms]  [91mstale[0m    (poll #8)  order=ce98f281
  [    517ms]  [92mVISIBLE[0m  (poll #9, X-Cache: MISS)  order=ce98f281

[96mOrder 517/1000:[0m
  [      5ms]  [91mstale[0m    (poll #1)  order=d0f2b0e2
  [     65ms]  [91mstale[0m    (poll #2)  order=d0f2b0e2
  [    128ms]  [91mstale[0m    (poll #3)  order=d0f2b0e2
  [    189ms]  [91mstale[0m    (poll #4)  order=d0f2b0e2
  [    255ms]  [91mstale[0m    (poll #5)  order=d0f2b0e2
  [    324ms]  [91mstale[0m    (poll #6)  order=d0f2b0e2
  [    394ms]  [91mstale[0m    (poll #7)  order=d0f2b0e2
  [    465ms]  [91mstale[0m    (poll #8)  order=d0f2b0e2
  [    533ms]  [92mVISIBLE[0m  (poll #9, X-Cache: MISS)  order=d0f2b0e2

[96mOrder 518/1000:[0m
  [     10ms]  [91mstale[0m    (poll #1)  order=8a7274ba
  [     74ms]  [91mstale[0m    (poll #2)  order=8a7274ba
  [    139ms]  [91mstale[0m    (poll #3)  order=8a7274ba
  [    201ms]  [91mstale[0m    (poll #4)  order=8a7274ba
  [    265ms]  [91mstale[0m    (poll #5)  order=8a7274ba
  [    333ms]  [91mstale[0m    (poll #6)  order=8a7274ba
  [    403ms]  [91mstale[0m    (poll #7)  order=8a7274ba
  [    469ms]  [91mstale[0m    (poll #8)  order=8a7274ba
  [    539ms]  [92mVISIBLE[0m  (poll #9, X-Cache: MISS)  order=8a7274ba

[96mOrder 519/1000:[0m
  [     11ms]  [91mstale[0m    (poll #1)  order=bb78612d
  [     78ms]  [91mstale[0m    (poll #2)  order=bb78612d
  [    139ms]  [91mstale[0m    (poll #3)  order=bb78612d
  [    205ms]  [91mstale[0m    (poll #4)  order=bb78612d
  [    275ms]  [91mstale[0m    (poll #5)  order=bb78612d
  [    342ms]  [91mstale[0m    (poll #6)  order=bb78612d
  [    415ms]  [91mstale[0m    (poll #7)  order=bb78612d
  [    487ms]  [92mVISIBLE[0m  (poll #8, X-Cache: MISS)  order=bb78612d

[96mOrder 520/1000:[0m
  [     12ms]  [91mstale[0m    (poll #1)  order=f168924f
  [     77ms]  [91mstale[0m    (poll #2)  order=f168924f
  [    141ms]  [91mstale[0m    (poll #3)  order=f168924f
  [    204ms]  [91mstale[0m    (poll #4)  order=f168924f
  [    267ms]  [91mstale[0m    (poll #5)  order=f168924f
  [    337ms]  [91mstale[0m    (poll #6)  order=f168924f
  [    407ms]  [91mstale[0m    (poll #7)  order=f168924f
  [    478ms]  [92mVISIBLE[0m  (poll #8, X-Cache: MISS)  order=f168924f

[96mOrder 521/1000:[0m
  [      8ms]  [91mstale[0m    (poll #1)  order=d63bac5f
  [     67ms]  [91mstale[0m    (poll #2)  order=d63bac5f
  [    129ms]  [91mstale[0m    (poll #3)  order=d63bac5f
  [    194ms]  [91mstale[0m    (poll #4)  order=d63bac5f
  [    261ms]  [91mstale[0m    (poll #5)  order=d63bac5f
  [    333ms]  [91mstale[0m    (poll #6)  order=d63bac5f
  [    406ms]  [91mstale[0m    (poll #7)  order=d63bac5f
  [    478ms]  [91mstale[0m    (poll #8)  order=d63bac5f
  [    553ms]  [92mVISIBLE[0m  (poll #9, X-Cache: MISS)  order=d63bac5f

[96mOrder 522/1000:[0m
  [     13ms]  [91mstale[0m    (poll #1)  order=05b986a1
  [     78ms]  [91mstale[0m    (poll #2)  order=05b986a1
  [    141ms]  [91mstale[0m    (poll #3)  order=05b986a1
  [    205ms]  [91mstale[0m    (poll #4)  order=05b986a1
  [    273ms]  [91mstale[0m    (poll #5)  order=05b986a1
  [    344ms]  [91mstale[0m    (poll #6)  order=05b986a1
  [    411ms]  [91mstale[0m    (poll #7)  order=05b986a1
  [    483ms]  [92mVISIBLE[0m  (poll #8, X-Cache: MISS)  order=05b986a1

[96mOrder 523/1000:[0m
  [      9ms]  [91mstale[0m    (poll #1)  order=2c31874c
  [     70ms]  [91mstale[0m    (poll #2)  order=2c31874c
  [    131ms]  [91mstale[0m    (poll #3)  order=2c31874c
  [    197ms]  [91mstale[0m    (poll #4)  order=2c31874c
  [    265ms]  [91mstale[0m    (poll #5)  order=2c31874c
  [    336ms]  [91mstale[0m    (poll #6)  order=2c31874c
  [    406ms]  [91mstale[0m    (poll #7)  order=2c31874c
  [    476ms]  [92mVISIBLE[0m  (poll #8, X-Cache: MISS)  order=2c31874c

[96mOrder 524/1000:[0m
  [      8ms]  [91mstale[0m    (poll #1)  order=8f2e4538
  [     69ms]  [91mstale[0m    (poll #2)  order=8f2e4538
  [    132ms]  [91mstale[0m    (poll #3)  order=8f2e4538
  [    190ms]  [91mstale[0m    (poll #4)  order=8f2e4538
  [    250ms]  [91mstale[0m    (poll #5)  order=8f2e4538
  [    308ms]  [91mstale[0m    (poll #6)  order=8f2e4538
  [    369ms]  [91mstale[0m    (poll #7)  order=8f2e4538
  [    427ms]  [92mVISIBLE[0m  (poll #8, X-Cache: MISS)  order=8f2e4538

[96mOrder 525/1000:[0m
  [      5ms]  [91mstale[0m    (poll #1)  order=5547605d
  [     66ms]  [91mstale[0m    (poll #2)  order=5547605d
  [    128ms]  [91mstale[0m    (poll #3)  order=5547605d
  [    188ms]  [91mstale[0m    (poll #4)  order=5547605d
  [    256ms]  [91mstale[0m    (poll #5)  order=5547605d
  [    317ms]  [91mstale[0m    (poll #6)  order=5547605d
  [    376ms]  [92mVISIBLE[0m  (poll #7, X-Cache: MISS)  order=5547605d

[96mOrder 526/1000:[0m
  [      5ms]  [91mstale[0m    (poll #1)  order=6183df55
  [     66ms]  [91mstale[0m    (poll #2)  order=6183df55
  [    129ms]  [91mstale[0m    (poll #3)  order=6183df55
  [    191ms]  [91mstale[0m    (poll #4)  order=6183df55
  [    260ms]  [91mstale[0m    (poll #5)  order=6183df55
  [    330ms]  [91mstale[0m    (poll #6)  order=6183df55
  [    398ms]  [91mstale[0m    (poll #7)  order=6183df55
  [    467ms]  [91mstale[0m    (poll #8)  order=6183df55
  [    536ms]  [92mVISIBLE[0m  (poll #9, X-Cache: MISS)  order=6183df55

[96mOrder 527/1000:[0m
  [     10ms]  [91mstale[0m    (poll #1)  order=ebacdf76
  [     74ms]  [91mstale[0m    (poll #2)  order=ebacdf76
  [    141ms]  [91mstale[0m    (poll #3)  order=ebacdf76
  [    201ms]  [91mstale[0m    (poll #4)  order=ebacdf76
  [    268ms]  [91mstale[0m    (poll #5)  order=ebacdf76
  [    339ms]  [91mstale[0m    (poll #6)  order=ebacdf76
  [    407ms]  [92mVISIBLE[0m  (poll #7, X-Cache: MISS)  order=ebacdf76

[96mOrder 528/1000:[0m
  [     10ms]  [91mstale[0m    (poll #1)  order=a260cf58
  [     70ms]  [91mstale[0m    (poll #2)  order=a260cf58
  [    133ms]  [91mstale[0m    (poll #3)  order=a260cf58
  [    200ms]  [91mstale[0m    (poll #4)  order=a260cf58
  [    264ms]  [91mstale[0m    (poll #5)  order=a260cf58
  [    332ms]  [91mstale[0m    (poll #6)  order=a260cf58
  [    403ms]  [91mstale[0m    (poll #7)  order=a260cf58
  [    475ms]  [92mVISIBLE[0m  (poll #8, X-Cache: MISS)  order=a260cf58

[96mOrder 529/1000:[0m
  [      8ms]  [91mstale[0m    (poll #1)  order=567699ff
  [     68ms]  [91mstale[0m    (poll #2)  order=567699ff
  [    131ms]  [91mstale[0m    (poll #3)  order=567699ff
  [    196ms]  [91mstale[0m    (poll #4)  order=567699ff
  [    264ms]  [91mstale[0m    (poll #5)  order=567699ff
  [    336ms]  [91mstale[0m    (poll #6)  order=567699ff
  [    406ms]  [91mstale[0m    (poll #7)  order=567699ff
  [    479ms]  [91mstale[0m    (poll #8)  order=567699ff
  [    549ms]  [92mVISIBLE[0m  (poll #9, X-Cache: MISS)  order=567699ff

[96mOrder 530/1000:[0m
  [      9ms]  [91mstale[0m    (poll #1)  order=47afd172
  [     71ms]  [91mstale[0m    (poll #2)  order=47afd172
  [    134ms]  [91mstale[0m    (poll #3)  order=47afd172
  [    200ms]  [91mstale[0m    (poll #4)  order=47afd172
  [    270ms]  [91mstale[0m    (poll #5)  order=47afd172
  [    341ms]  [91mstale[0m    (poll #6)  order=47afd172
  [    412ms]  [91mstale[0m    (poll #7)  order=47afd172
  [    479ms]  [92mVISIBLE[0m  (poll #8, X-Cache: MISS)  order=47afd172

[96mOrder 531/1000:[0m
  [     10ms]  [91mstale[0m    (poll #1)  order=89370931
  [     75ms]  [91mstale[0m    (poll #2)  order=89370931
  [    139ms]  [91mstale[0m    (poll #3)  order=89370931
  [    201ms]  [91mstale[0m    (poll #4)  order=89370931
  [    263ms]  [91mstale[0m    (poll #5)  order=89370931
  [    324ms]  [91mstale[0m    (poll #6)  order=89370931
  [    382ms]  [91mstale[0m    (poll #7)  order=89370931
  [    443ms]  [91mstale[0m    (poll #8)  order=89370931
  [    505ms]  [92mVISIBLE[0m  (poll #9, X-Cache: MISS)  order=89370931

[96mOrder 532/1000:[0m
  [      9ms]  [91mstale[0m    (poll #1)  order=fedda162
  [     70ms]  [91mstale[0m    (poll #2)  order=fedda162
  [    130ms]  [91mstale[0m    (poll #3)  order=fedda162
  [    191ms]  [91mstale[0m    (poll #4)  order=fedda162
  [    263ms]  [91mstale[0m    (poll #5)  order=fedda162
  [    332ms]  [91mstale[0m    (poll #6)  order=fedda162
  [    395ms]  [91mstale[0m    (poll #7)  order=fedda162
  [    461ms]  [91mstale[0m    (poll #8)  order=fedda162
  [    528ms]  [92mVISIBLE[0m  (poll #9, X-Cache: MISS)  order=fedda162

[96mOrder 533/1000:[0m
  [     10ms]  [91mstale[0m    (poll #1)  order=3c0b7773
  [     74ms]  [91mstale[0m    (poll #2)  order=3c0b7773
  [    138ms]  [91mstale[0m    (poll #3)  order=3c0b7773
  [    205ms]  [91mstale[0m    (poll #4)  order=3c0b7773
  [    272ms]  [91mstale[0m    (poll #5)  order=3c0b7773
  [    335ms]  [91mstale[0m    (poll #6)  order=3c0b7773
  [    402ms]  [91mstale[0m    (poll #7)  order=3c0b7773
  [    472ms]  [92mVISIBLE[0m  (poll #8, X-Cache: MISS)  order=3c0b7773

[96mOrder 534/1000:[0m
  [     10ms]  [91mstale[0m    (poll #1)  order=ea899970
  [     71ms]  [91mstale[0m    (poll #2)  order=ea899970
  [    136ms]  [91mstale[0m    (poll #3)  order=ea899970
  [    200ms]  [91mstale[0m    (poll #4)  order=ea899970
  [    271ms]  [91mstale[0m    (poll #5)  order=ea899970
  [    338ms]  [91mstale[0m    (poll #6)  order=ea899970
  [    409ms]  [91mstale[0m    (poll #7)  order=ea899970
  [    480ms]  [92mVISIBLE[0m  (poll #8, X-Cache: MISS)  order=ea899970

[96mOrder 535/1000:[0m
  [      9ms]  [91mstale[0m    (poll #1)  order=17feb77e
  [     69ms]  [91mstale[0m    (poll #2)  order=17feb77e
  [    133ms]  [91mstale[0m    (poll #3)  order=17feb77e
  [    195ms]  [91mstale[0m    (poll #4)  order=17feb77e
  [    257ms]  [91mstale[0m    (poll #5)  order=17feb77e
  [    324ms]  [91mstale[0m    (poll #6)  order=17feb77e
  [    383ms]  [91mstale[0m    (poll #7)  order=17feb77e
  [    444ms]  [91mstale[0m    (poll #8)  order=17feb77e
  [    508ms]  [92mVISIBLE[0m  (poll #9, X-Cache: MISS)  order=17feb77e

[96mOrder 536/1000:[0m
  [      8ms]  [91mstale[0m    (poll #1)  order=3971dcd1
  [     69ms]  [91mstale[0m    (poll #2)  order=3971dcd1
  [    135ms]  [91mstale[0m    (poll #3)  order=3971dcd1
  [    198ms]  [91mstale[0m    (poll #4)  order=3971dcd1
  [    261ms]  [91mstale[0m    (poll #5)  order=3971dcd1
  [    318ms]  [91mstale[0m    (poll #6)  order=3971dcd1
  [    379ms]  [91mstale[0m    (poll #7)  order=3971dcd1
  [    439ms]  [91mstale[0m    (poll #8)  order=3971dcd1
  [    504ms]  [92mVISIBLE[0m  (poll #9, X-Cache: MISS)  order=3971dcd1

[96mOrder 537/1000:[0m
  [      7ms]  [91mstale[0m    (poll #1)  order=60788c5b
  [     70ms]  [91mstale[0m    (poll #2)  order=60788c5b
  [    131ms]  [91mstale[0m    (poll #3)  order=60788c5b
  [    196ms]  [91mstale[0m    (poll #4)  order=60788c5b
  [    267ms]  [91mstale[0m    (poll #5)  order=60788c5b
  [    336ms]  [91mstale[0m    (poll #6)  order=60788c5b
  [    406ms]  [91mstale[0m    (poll #7)  order=60788c5b
  [    476ms]  [91mstale[0m    (poll #8)  order=60788c5b
  [    549ms]  [92mVISIBLE[0m  (poll #9, X-Cache: MISS)  order=60788c5b

[96mOrder 538/1000:[0m
  [     11ms]  [91mstale[0m    (poll #1)  order=bb753d27
  [     74ms]  [91mstale[0m    (poll #2)  order=bb753d27
  [    138ms]  [91mstale[0m    (poll #3)  order=bb753d27
  [    201ms]  [91mstale[0m    (poll #4)  order=bb753d27
  [    259ms]  [91mstale[0m    (poll #5)  order=bb753d27
  [    322ms]  [91mstale[0m    (poll #6)  order=bb753d27
  [    384ms]  [91mstale[0m    (poll #7)  order=bb753d27
  [    443ms]  [91mstale[0m    (poll #8)  order=bb753d27
  [    509ms]  [92mVISIBLE[0m  (poll #9, X-Cache: MISS)  order=bb753d27

[96mOrder 539/1000:[0m
  [      7ms]  [91mstale[0m    (poll #1)  order=af5bd322
  [     68ms]  [91mstale[0m    (poll #2)  order=af5bd322
  [    129ms]  [91mstale[0m    (poll #3)  order=af5bd322
  [    198ms]  [91mstale[0m    (poll #4)  order=af5bd322
  [    263ms]  [91mstale[0m    (poll #5)  order=af5bd322
  [    335ms]  [91mstale[0m    (poll #6)  order=af5bd322
  [    403ms]  [91mstale[0m    (poll #7)  order=af5bd322
  [    473ms]  [91mstale[0m    (poll #8)  order=af5bd322
  [    546ms]  [92mVISIBLE[0m  (poll #9, X-Cache: MISS)  order=af5bd322

[96mOrder 540/1000:[0m
  [     12ms]  [91mstale[0m    (poll #1)  order=c2d65158
  [     76ms]  [91mstale[0m    (poll #2)  order=c2d65158
  [    136ms]  [91mstale[0m    (poll #3)  order=c2d65158
  [    203ms]  [91mstale[0m    (poll #4)  order=c2d65158
  [    269ms]  [91mstale[0m    (poll #5)  order=c2d65158
  [    343ms]  [91mstale[0m    (poll #6)  order=c2d65158
  [    413ms]  [91mstale[0m    (poll #7)  order=c2d65158
  [    487ms]  [92mVISIBLE[0m  (poll #8, X-Cache: MISS)  order=c2d65158

[96mOrder 541/1000:[0m
  [     10ms]  [91mstale[0m    (poll #1)  order=f9339a5c
  [     78ms]  [91mstale[0m    (poll #2)  order=f9339a5c
  [    137ms]  [91mstale[0m    (poll #3)  order=f9339a5c
  [    200ms]  [91mstale[0m    (poll #4)  order=f9339a5c
  [    272ms]  [91mstale[0m    (poll #5)  order=f9339a5c
  [    338ms]  [91mstale[0m    (poll #6)  order=f9339a5c
  [    408ms]  [92mVISIBLE[0m  (poll #7, X-Cache: MISS)  order=f9339a5c

[96mOrder 542/1000:[0m
  [     10ms]  [91mstale[0m    (poll #1)  order=d4d0333b
  [     69ms]  [91mstale[0m    (poll #2)  order=d4d0333b
  [    132ms]  [91mstale[0m    (poll #3)  order=d4d0333b
  [    195ms]  [91mstale[0m    (poll #4)  order=d4d0333b
  [    266ms]  [91mstale[0m    (poll #5)  order=d4d0333b
  [    335ms]  [92mVISIBLE[0m  (poll #6, X-Cache: MISS)  order=d4d0333b

[96mOrder 543/1000:[0m
  [     11ms]  [91mstale[0m    (poll #1)  order=7cd9be27
  [     71ms]  [91mstale[0m    (poll #2)  order=7cd9be27
  [    131ms]  [91mstale[0m    (poll #3)  order=7cd9be27
  [    194ms]  [91mstale[0m    (poll #4)  order=7cd9be27
  [    262ms]  [91mstale[0m    (poll #5)  order=7cd9be27
  [    331ms]  [91mstale[0m    (poll #6)  order=7cd9be27
  [    395ms]  [91mstale[0m    (poll #7)  order=7cd9be27
  [    462ms]  [91mstale[0m    (poll #8)  order=7cd9be27
  [    532ms]  [92mVISIBLE[0m  (poll #9, X-Cache: MISS)  order=7cd9be27

[96mOrder 544/1000:[0m
  [     10ms]  [91mstale[0m    (poll #1)  order=87e7b085
  [     74ms]  [91mstale[0m    (poll #2)  order=87e7b085
  [    136ms]  [91mstale[0m    (poll #3)  order=87e7b085
  [    198ms]  [91mstale[0m    (poll #4)  order=87e7b085
  [    263ms]  [91mstale[0m    (poll #5)  order=87e7b085
  [    333ms]  [91mstale[0m    (poll #6)  order=87e7b085
  [    400ms]  [91mstale[0m    (poll #7)  order=87e7b085
  [    461ms]  [91mstale[0m    (poll #8)  order=87e7b085
  [    524ms]  [92mVISIBLE[0m  (poll #9, X-Cache: MISS)  order=87e7b085

[96mOrder 545/1000:[0m
  [      4ms]  [91mstale[0m    (poll #1)  order=4da2b0b3
  [     64ms]  [91mstale[0m    (poll #2)  order=4da2b0b3
  [    123ms]  [91mstale[0m    (poll #3)  order=4da2b0b3
  [    184ms]  [91mstale[0m    (poll #4)  order=4da2b0b3
  [    247ms]  [91mstale[0m    (poll #5)  order=4da2b0b3
  [    310ms]  [91mstale[0m    (poll #6)  order=4da2b0b3
  [    372ms]  [91mstale[0m    (poll #7)  order=4da2b0b3
  [    436ms]  [91mstale[0m    (poll #8)  order=4da2b0b3
  [    498ms]  [92mVISIBLE[0m  (poll #9, X-Cache: MISS)  order=4da2b0b3

[96mOrder 546/1000:[0m
  [      8ms]  [91mstale[0m    (poll #1)  order=deb65db6
  [     65ms]  [91mstale[0m    (poll #2)  order=deb65db6
  [    129ms]  [91mstale[0m    (poll #3)  order=deb65db6
  [    192ms]  [91mstale[0m    (poll #4)  order=deb65db6
  [    257ms]  [91mstale[0m    (poll #5)  order=deb65db6
  [    329ms]  [91mstale[0m    (poll #6)  order=deb65db6
  [    399ms]  [91mstale[0m    (poll #7)  order=deb65db6
  [    471ms]  [91mstale[0m    (poll #8)  order=deb65db6
  [    543ms]  [92mVISIBLE[0m  (poll #9, X-Cache: MISS)  order=deb65db6

[96mOrder 547/1000:[0m
  [     10ms]  [91mstale[0m    (poll #1)  order=ad62bb15
  [     74ms]  [91mstale[0m    (poll #2)  order=ad62bb15
  [    139ms]  [91mstale[0m    (poll #3)  order=ad62bb15
  [    205ms]  [91mstale[0m    (poll #4)  order=ad62bb15
  [    274ms]  [91mstale[0m    (poll #5)  order=ad62bb15
  [    339ms]  [91mstale[0m    (poll #6)  order=ad62bb15
  [    407ms]  [91mstale[0m    (poll #7)  order=ad62bb15
  [    478ms]  [92mVISIBLE[0m  (poll #8, X-Cache: MISS)  order=ad62bb15

[96mOrder 548/1000:[0m
  [     11ms]  [91mstale[0m    (poll #1)  order=da532609
  [     72ms]  [91mstale[0m    (poll #2)  order=da532609
  [    137ms]  [91mstale[0m    (poll #3)  order=da532609
  [    202ms]  [91mstale[0m    (poll #4)  order=da532609
  [    273ms]  [91mstale[0m    (poll #5)  order=da532609
  [    341ms]  [91mstale[0m    (poll #6)  order=da532609
  [    413ms]  [91mstale[0m    (poll #7)  order=da532609
  [    478ms]  [92mVISIBLE[0m  (poll #8, X-Cache: MISS)  order=da532609

[96mOrder 549/1000:[0m
  [     10ms]  [91mstale[0m    (poll #1)  order=18a11f3d
  [     73ms]  [91mstale[0m    (poll #2)  order=18a11f3d
  [    133ms]  [91mstale[0m    (poll #3)  order=18a11f3d
  [    197ms]  [91mstale[0m    (poll #4)  order=18a11f3d
  [    265ms]  [91mstale[0m    (poll #5)  order=18a11f3d
  [    338ms]  [91mstale[0m    (poll #6)  order=18a11f3d
  [    405ms]  [91mstale[0m    (poll #7)  order=18a11f3d
  [    478ms]  [91mstale[0m    (poll #8)  order=18a11f3d
  [    550ms]  [92mVISIBLE[0m  (poll #9, X-Cache: MISS)  order=18a11f3d

[96mOrder 550/1000:[0m
  [     12ms]  [91mstale[0m    (poll #1)  order=36713e7b
  [     75ms]  [91mstale[0m    (poll #2)  order=36713e7b
  [    138ms]  [91mstale[0m    (poll #3)  order=36713e7b
  [    203ms]  [91mstale[0m    (poll #4)  order=36713e7b
  [    274ms]  [91mstale[0m    (poll #5)  order=36713e7b
  [    342ms]  [91mstale[0m    (poll #6)  order=36713e7b
  [    412ms]  [91mstale[0m    (poll #7)  order=36713e7b
  [    471ms]  [92mVISIBLE[0m  (poll #8, X-Cache: MISS)  order=36713e7b

[96mOrder 551/1000:[0m
  [      5ms]  [91mstale[0m    (poll #1)  order=28aff98d
  [     70ms]  [91mstale[0m    (poll #2)  order=28aff98d
  [    132ms]  [91mstale[0m    (poll #3)  order=28aff98d
  [    196ms]  [91mstale[0m    (poll #4)  order=28aff98d
  [    258ms]  [91mstale[0m    (poll #5)  order=28aff98d
  [    318ms]  [91mstale[0m    (poll #6)  order=28aff98d
  [    388ms]  [91mstale[0m    (poll #7)  order=28aff98d
  [    453ms]  [91mstale[0m    (poll #8)  order=28aff98d
  [    523ms]  [92mVISIBLE[0m  (poll #9, X-Cache: MISS)  order=28aff98d

[96mOrder 552/1000:[0m
  [     10ms]  [91mstale[0m    (poll #1)  order=1dfd9dbf
  [     70ms]  [91mstale[0m    (poll #2)  order=1dfd9dbf
  [    136ms]  [91mstale[0m    (poll #3)  order=1dfd9dbf
  [    200ms]  [91mstale[0m    (poll #4)  order=1dfd9dbf
  [    269ms]  [91mstale[0m    (poll #5)  order=1dfd9dbf
  [    338ms]  [91mstale[0m    (poll #6)  order=1dfd9dbf
  [    409ms]  [91mstale[0m    (poll #7)  order=1dfd9dbf
  [    479ms]  [92mVISIBLE[0m  (poll #8, X-Cache: MISS)  order=1dfd9dbf

[96mOrder 553/1000:[0m
  [      8ms]  [91mstale[0m    (poll #1)  order=ca08a15b
  [     68ms]  [91mstale[0m    (poll #2)  order=ca08a15b
  [    132ms]  [91mstale[0m    (poll #3)  order=ca08a15b
  [    195ms]  [91mstale[0m    (poll #4)  order=ca08a15b
  [    262ms]  [91mstale[0m    (poll #5)  order=ca08a15b
  [    335ms]  [91mstale[0m    (poll #6)  order=ca08a15b
  [    407ms]  [92mVISIBLE[0m  (poll #7, X-Cache: MISS)  order=ca08a15b

[96mOrder 554/1000:[0m
  [      9ms]  [91mstale[0m    (poll #1)  order=51072829
  [     72ms]  [91mstale[0m    (poll #2)  order=51072829
  [    136ms]  [91mstale[0m    (poll #3)  order=51072829
  [    203ms]  [91mstale[0m    (poll #4)  order=51072829
  [    272ms]  [91mstale[0m    (poll #5)  order=51072829
  [    345ms]  [91mstale[0m    (poll #6)  order=51072829
  [    412ms]  [91mstale[0m    (poll #7)  order=51072829
  [    484ms]  [91mstale[0m    (poll #8)  order=51072829
  [    555ms]  [92mVISIBLE[0m  (poll #9, X-Cache: MISS)  order=51072829

[96mOrder 555/1000:[0m
  [     13ms]  [91mstale[0m    (poll #1)  order=30c8d8bc
  [     75ms]  [91mstale[0m    (poll #2)  order=30c8d8bc
  [    137ms]  [91mstale[0m    (poll #3)  order=30c8d8bc
  [    197ms]  [91mstale[0m    (poll #4)  order=30c8d8bc
  [    256ms]  [91mstale[0m    (poll #5)  order=30c8d8bc
  [    319ms]  [91mstale[0m    (poll #6)  order=30c8d8bc
  [    383ms]  [91mstale[0m    (poll #7)  order=30c8d8bc
  [    450ms]  [92mVISIBLE[0m  (poll #8, X-Cache: MISS)  order=30c8d8bc

[96mOrder 556/1000:[0m
  [     10ms]  [91mstale[0m    (poll #1)  order=dda44f97
  [     74ms]  [91mstale[0m    (poll #2)  order=dda44f97
  [    133ms]  [91mstale[0m    (poll #3)  order=dda44f97
  [    195ms]  [91mstale[0m    (poll #4)  order=dda44f97
  [    259ms]  [91mstale[0m    (poll #5)  order=dda44f97
  [    320ms]  [91mstale[0m    (poll #6)  order=dda44f97
  [    383ms]  [91mstale[0m    (poll #7)  order=dda44f97
  [    448ms]  [91mstale[0m    (poll #8)  order=dda44f97
  [    518ms]  [92mVISIBLE[0m  (poll #9, X-Cache: MISS)  order=dda44f97

[96mOrder 557/1000:[0m
  [      8ms]  [91mstale[0m    (poll #1)  order=6155114e
  [     71ms]  [91mstale[0m    (poll #2)  order=6155114e
  [    137ms]  [91mstale[0m    (poll #3)  order=6155114e
  [    201ms]  [91mstale[0m    (poll #4)  order=6155114e
  [    265ms]  [91mstale[0m    (poll #5)  order=6155114e
  [    333ms]  [91mstale[0m    (poll #6)  order=6155114e
  [    401ms]  [92mVISIBLE[0m  (poll #7, X-Cache: MISS)  order=6155114e

[96mOrder 558/1000:[0m
  [      9ms]  [91mstale[0m    (poll #1)  order=4a518da0
  [     72ms]  [91mstale[0m    (poll #2)  order=4a518da0
  [    134ms]  [91mstale[0m    (poll #3)  order=4a518da0
  [    202ms]  [91mstale[0m    (poll #4)  order=4a518da0
  [    271ms]  [91mstale[0m    (poll #5)  order=4a518da0
  [    338ms]  [91mstale[0m    (poll #6)  order=4a518da0
  [    406ms]  [91mstale[0m    (poll #7)  order=4a518da0
  [    475ms]  [91mstale[0m    (poll #8)  order=4a518da0
  [    548ms]  [92mVISIBLE[0m  (poll #9, X-Cache: MISS)  order=4a518da0

[96mOrder 559/1000:[0m
  [      7ms]  [91mstale[0m    (poll #1)  order=7022329f
  [     69ms]  [91mstale[0m    (poll #2)  order=7022329f
  [    128ms]  [91mstale[0m    (poll #3)  order=7022329f
  [    194ms]  [91mstale[0m    (poll #4)  order=7022329f
  [    260ms]  [91mstale[0m    (poll #5)  order=7022329f
  [    327ms]  [91mstale[0m    (poll #6)  order=7022329f
  [    398ms]  [91mstale[0m    (poll #7)  order=7022329f
  [    471ms]  [92mVISIBLE[0m  (poll #8, X-Cache: MISS)  order=7022329f

[96mOrder 560/1000:[0m
  [     11ms]  [91mstale[0m    (poll #1)  order=e5402f9a
  [     72ms]  [91mstale[0m    (poll #2)  order=e5402f9a
  [    133ms]  [91mstale[0m    (poll #3)  order=e5402f9a
  [    200ms]  [91mstale[0m    (poll #4)  order=e5402f9a
  [    271ms]  [91mstale[0m    (poll #5)  order=e5402f9a
  [    339ms]  [91mstale[0m    (poll #6)  order=e5402f9a
  [    405ms]  [92mVISIBLE[0m  (poll #7, X-Cache: MISS)  order=e5402f9a

[96mOrder 561/1000:[0m
  [     10ms]  [91mstale[0m    (poll #1)  order=c5efa05d
  [     74ms]  [91mstale[0m    (poll #2)  order=c5efa05d
  [    140ms]  [91mstale[0m    (poll #3)  order=c5efa05d
  [    206ms]  [91mstale[0m    (poll #4)  order=c5efa05d
  [    272ms]  [91mstale[0m    (poll #5)  order=c5efa05d
  [    343ms]  [91mstale[0m    (poll #6)  order=c5efa05d
  [    408ms]  [91mstale[0m    (poll #7)  order=c5efa05d
  [    472ms]  [91mstale[0m    (poll #8)  order=c5efa05d
  [    541ms]  [92mVISIBLE[0m  (poll #9, X-Cache: MISS)  order=c5efa05d

[96mOrder 562/1000:[0m
  [      7ms]  [91mstale[0m    (poll #1)  order=a22a526f
  [     65ms]  [91mstale[0m    (poll #2)  order=a22a526f
  [    126ms]  [91mstale[0m    (poll #3)  order=a22a526f
  [    195ms]  [91mstale[0m    (poll #4)  order=a22a526f
  [    263ms]  [91mstale[0m    (poll #5)  order=a22a526f
  [    338ms]  [91mstale[0m    (poll #6)  order=a22a526f
  [    411ms]  [91mstale[0m    (poll #7)  order=a22a526f
  [    479ms]  [92mVISIBLE[0m  (poll #8, X-Cache: MISS)  order=a22a526f

[96mOrder 563/1000:[0m
  [     10ms]  [91mstale[0m    (poll #1)  order=ec8e22ea
  [     71ms]  [91mstale[0m    (poll #2)  order=ec8e22ea
  [    136ms]  [91mstale[0m    (poll #3)  order=ec8e22ea
  [    205ms]  [91mstale[0m    (poll #4)  order=ec8e22ea
  [    272ms]  [91mstale[0m    (poll #5)  order=ec8e22ea
  [    341ms]  [91mstale[0m    (poll #6)  order=ec8e22ea
  [    416ms]  [91mstale[0m    (poll #7)  order=ec8e22ea
  [    488ms]  [92mVISIBLE[0m  (poll #8, X-Cache: MISS)  order=ec8e22ea

[96mOrder 564/1000:[0m
  [     10ms]  [91mstale[0m    (poll #1)  order=9df357fe
  [     72ms]  [91mstale[0m    (poll #2)  order=9df357fe
  [    133ms]  [91mstale[0m    (poll #3)  order=9df357fe
  [    198ms]  [91mstale[0m    (poll #4)  order=9df357fe
  [    265ms]  [91mstale[0m    (poll #5)  order=9df357fe
  [    338ms]  [91mstale[0m    (poll #6)  order=9df357fe
  [    410ms]  [91mstale[0m    (poll #7)  order=9df357fe
  [    481ms]  [91mstale[0m    (poll #8)  order=9df357fe
  [    543ms]  [92mVISIBLE[0m  (poll #9, X-Cache: MISS)  order=9df357fe

[96mOrder 565/1000:[0m
  [      4ms]  [91mstale[0m    (poll #1)  order=b13b15a8
  [     63ms]  [91mstale[0m    (poll #2)  order=b13b15a8
  [    123ms]  [91mstale[0m    (poll #3)  order=b13b15a8
  [    181ms]  [91mstale[0m    (poll #4)  order=b13b15a8
  [    241ms]  [91mstale[0m    (poll #5)  order=b13b15a8
  [    303ms]  [91mstale[0m    (poll #6)  order=b13b15a8
  [    367ms]  [91mstale[0m    (poll #7)  order=b13b15a8
  [    430ms]  [91mstale[0m    (poll #8)  order=b13b15a8
  [    497ms]  [92mVISIBLE[0m  (poll #9, X-Cache: MISS)  order=b13b15a8

[96mOrder 566/1000:[0m
  [      9ms]  [91mstale[0m    (poll #1)  order=eac1e63d
  [     68ms]  [91mstale[0m    (poll #2)  order=eac1e63d
  [    128ms]  [91mstale[0m    (poll #3)  order=eac1e63d
  [    193ms]  [91mstale[0m    (poll #4)  order=eac1e63d
  [    264ms]  [91mstale[0m    (poll #5)  order=eac1e63d
  [    338ms]  [91mstale[0m    (poll #6)  order=eac1e63d
  [    414ms]  [91mstale[0m    (poll #7)  order=eac1e63d
  [    479ms]  [92mVISIBLE[0m  (poll #8, X-Cache: MISS)  order=eac1e63d

[96mOrder 567/1000:[0m
  [      9ms]  [91mstale[0m    (poll #1)  order=16ef21b1
  [     73ms]  [91mstale[0m    (poll #2)  order=16ef21b1
  [    136ms]  [91mstale[0m    (poll #3)  order=16ef21b1
  [    203ms]  [91mstale[0m    (poll #4)  order=16ef21b1
  [    270ms]  [91mstale[0m    (poll #5)  order=16ef21b1
  [    341ms]  [91mstale[0m    (poll #6)  order=16ef21b1
  [    411ms]  [91mstale[0m    (poll #7)  order=16ef21b1
  [    480ms]  [91mstale[0m    (poll #8)  order=16ef21b1
  [    551ms]  [92mVISIBLE[0m  (poll #9, X-Cache: MISS)  order=16ef21b1

[96mOrder 568/1000:[0m
  [     10ms]  [91mstale[0m    (poll #1)  order=8ba1c5ee
  [     73ms]  [91mstale[0m    (poll #2)  order=8ba1c5ee
  [    136ms]  [91mstale[0m    (poll #3)  order=8ba1c5ee
  [    202ms]  [91mstale[0m    (poll #4)  order=8ba1c5ee
  [    273ms]  [91mstale[0m    (poll #5)  order=8ba1c5ee
  [    332ms]  [91mstale[0m    (poll #6)  order=8ba1c5ee
  [    394ms]  [91mstale[0m    (poll #7)  order=8ba1c5ee
  [    456ms]  [92mVISIBLE[0m  (poll #8, X-Cache: MISS)  order=8ba1c5ee

[96mOrder 569/1000:[0m
  [      4ms]  [91mstale[0m    (poll #1)  order=b79d2768
  [     61ms]  [91mstale[0m    (poll #2)  order=b79d2768
  [    121ms]  [91mstale[0m    (poll #3)  order=b79d2768
  [    185ms]  [91mstale[0m    (poll #4)  order=b79d2768
  [    253ms]  [91mstale[0m    (poll #5)  order=b79d2768
  [    321ms]  [91mstale[0m    (poll #6)  order=b79d2768
  [    382ms]  [91mstale[0m    (poll #7)  order=b79d2768
  [    446ms]  [91mstale[0m    (poll #8)  order=b79d2768
  [    509ms]  [92mVISIBLE[0m  (poll #9, X-Cache: MISS)  order=b79d2768

[96mOrder 570/1000:[0m
  [      5ms]  [91mstale[0m    (poll #1)  order=0835d9ce
  [     67ms]  [91mstale[0m    (poll #2)  order=0835d9ce
  [    130ms]  [91mstale[0m    (poll #3)  order=0835d9ce
  [    194ms]  [91mstale[0m    (poll #4)  order=0835d9ce
  [    260ms]  [91mstale[0m    (poll #5)  order=0835d9ce
  [    327ms]  [91mstale[0m    (poll #6)  order=0835d9ce
  [    388ms]  [91mstale[0m    (poll #7)  order=0835d9ce
  [    455ms]  [91mstale[0m    (poll #8)  order=0835d9ce
  [    513ms]  [92mVISIBLE[0m  (poll #9, X-Cache: MISS)  order=0835d9ce

[96mOrder 571/1000:[0m
  [      4ms]  [91mstale[0m    (poll #1)  order=6dd8c132
  [     61ms]  [91mstale[0m    (poll #2)  order=6dd8c132
  [    131ms]  [91mstale[0m    (poll #3)  order=6dd8c132
  [    195ms]  [91mstale[0m    (poll #4)  order=6dd8c132
  [    255ms]  [91mstale[0m    (poll #5)  order=6dd8c132
  [    323ms]  [91mstale[0m    (poll #6)  order=6dd8c132
  [    391ms]  [91mstale[0m    (poll #7)  order=6dd8c132
  [    459ms]  [91mstale[0m    (poll #8)  order=6dd8c132
  [    527ms]  [92mVISIBLE[0m  (poll #9, X-Cache: MISS)  order=6dd8c132

[96mOrder 572/1000:[0m
  [     11ms]  [91mstale[0m    (poll #1)  order=b3cbc86d
  [     76ms]  [91mstale[0m    (poll #2)  order=b3cbc86d
  [    142ms]  [91mstale[0m    (poll #3)  order=b3cbc86d
  [    222ms]  [91mstale[0m    (poll #4)  order=b3cbc86d
  [    301ms]  [91mstale[0m    (poll #5)  order=b3cbc86d
  [    365ms]  [91mstale[0m    (poll #6)  order=b3cbc86d
  [    433ms]  [91mstale[0m    (poll #7)  order=b3cbc86d
  [    495ms]  [91mstale[0m    (poll #8)  order=b3cbc86d
  [    563ms]  [92mVISIBLE[0m  (poll #9, X-Cache: MISS)  order=b3cbc86d

[96mOrder 573/1000:[0m
  [     12ms]  [91mstale[0m    (poll #1)  order=7ba0dbdb
  [     78ms]  [91mstale[0m    (poll #2)  order=7ba0dbdb
  [    140ms]  [91mstale[0m    (poll #3)  order=7ba0dbdb
  [    206ms]  [91mstale[0m    (poll #4)  order=7ba0dbdb
  [    277ms]  [91mstale[0m    (poll #5)  order=7ba0dbdb
  [    348ms]  [91mstale[0m    (poll #6)  order=7ba0dbdb
  [    420ms]  [92mVISIBLE[0m  (poll #7, X-Cache: MISS)  order=7ba0dbdb

[96mOrder 574/1000:[0m
  [      9ms]  [91mstale[0m    (poll #1)  order=ac262cf7
  [     73ms]  [91mstale[0m    (poll #2)  order=ac262cf7
  [    135ms]  [91mstale[0m    (poll #3)  order=ac262cf7
  [    201ms]  [91mstale[0m    (poll #4)  order=ac262cf7
  [    274ms]  [91mstale[0m    (poll #5)  order=ac262cf7
  [    347ms]  [91mstale[0m    (poll #6)  order=ac262cf7
  [    425ms]  [91mstale[0m    (poll #7)  order=ac262cf7
  [    487ms]  [92mVISIBLE[0m  (poll #8, X-Cache: MISS)  order=ac262cf7

[96mOrder 575/1000:[0m
  [      7ms]  [91mstale[0m    (poll #1)  order=cc9154b7
  [     66ms]  [91mstale[0m    (poll #2)  order=cc9154b7
  [    129ms]  [91mstale[0m    (poll #3)  order=cc9154b7
  [    190ms]  [91mstale[0m    (poll #4)  order=cc9154b7
  [    253ms]  [91mstale[0m    (poll #5)  order=cc9154b7
  [    316ms]  [91mstale[0m    (poll #6)  order=cc9154b7
  [    384ms]  [92mVISIBLE[0m  (poll #7, X-Cache: MISS)  order=cc9154b7

[96mOrder 576/1000:[0m
  [      5ms]  [91mstale[0m    (poll #1)  order=26cfa7eb
  [     63ms]  [91mstale[0m    (poll #2)  order=26cfa7eb
  [    125ms]  [91mstale[0m    (poll #3)  order=26cfa7eb
  [    186ms]  [91mstale[0m    (poll #4)  order=26cfa7eb
  [    246ms]  [91mstale[0m    (poll #5)  order=26cfa7eb
  [    309ms]  [91mstale[0m    (poll #6)  order=26cfa7eb
  [    377ms]  [91mstale[0m    (poll #7)  order=26cfa7eb
  [    447ms]  [91mstale[0m    (poll #8)  order=26cfa7eb
  [    517ms]  [92mVISIBLE[0m  (poll #9, X-Cache: MISS)  order=26cfa7eb

[96mOrder 577/1000:[0m
  [      8ms]  [91mstale[0m    (poll #1)  order=6c44203f
  [     70ms]  [91mstale[0m    (poll #2)  order=6c44203f
  [    130ms]  [91mstale[0m    (poll #3)  order=6c44203f
  [    193ms]  [91mstale[0m    (poll #4)  order=6c44203f
  [    256ms]  [91mstale[0m    (poll #5)  order=6c44203f
  [    325ms]  [91mstale[0m    (poll #6)  order=6c44203f
  [    397ms]  [91mstale[0m    (poll #7)  order=6c44203f
  [    470ms]  [92mVISIBLE[0m  (poll #8, X-Cache: MISS)  order=6c44203f

[96mOrder 578/1000:[0m
  [      8ms]  [91mstale[0m    (poll #1)  order=24ec3bbf
  [     72ms]  [91mstale[0m    (poll #2)  order=24ec3bbf
  [    132ms]  [91mstale[0m    (poll #3)  order=24ec3bbf
  [    197ms]  [91mstale[0m    (poll #4)  order=24ec3bbf
  [    268ms]  [91mstale[0m    (poll #5)  order=24ec3bbf
  [    341ms]  [91mstale[0m    (poll #6)  order=24ec3bbf
  [    410ms]  [91mstale[0m    (poll #7)  order=24ec3bbf
  [    483ms]  [91mstale[0m    (poll #8)  order=24ec3bbf
  [    558ms]  [92mVISIBLE[0m  (poll #9, X-Cache: MISS)  order=24ec3bbf

[96mOrder 579/1000:[0m
  [     11ms]  [91mstale[0m    (poll #1)  order=49737c1c
  [     73ms]  [91mstale[0m    (poll #2)  order=49737c1c
  [    137ms]  [91mstale[0m    (poll #3)  order=49737c1c
  [    204ms]  [91mstale[0m    (poll #4)  order=49737c1c
  [    274ms]  [91mstale[0m    (poll #5)  order=49737c1c
  [    345ms]  [91mstale[0m    (poll #6)  order=49737c1c
  [    418ms]  [91mstale[0m    (poll #7)  order=49737c1c
  [    489ms]  [92mVISIBLE[0m  (poll #8, X-Cache: MISS)  order=49737c1c

[96mOrder 580/1000:[0m
  [      9ms]  [91mstale[0m    (poll #1)  order=ca94d1c5
  [     72ms]  [91mstale[0m    (poll #2)  order=ca94d1c5
  [    135ms]  [91mstale[0m    (poll #3)  order=ca94d1c5
  [    201ms]  [91mstale[0m    (poll #4)  order=ca94d1c5
  [    270ms]  [91mstale[0m    (poll #5)  order=ca94d1c5
  [    342ms]  [91mstale[0m    (poll #6)  order=ca94d1c5
  [    414ms]  [91mstale[0m    (poll #7)  order=ca94d1c5
  [    488ms]  [92mVISIBLE[0m  (poll #8, X-Cache: MISS)  order=ca94d1c5

[96mOrder 581/1000:[0m
  [      8ms]  [91mstale[0m    (poll #1)  order=14a97891
  [     68ms]  [91mstale[0m    (poll #2)  order=14a97891
  [    128ms]  [91mstale[0m    (poll #3)  order=14a97891
  [    192ms]  [91mstale[0m    (poll #4)  order=14a97891
  [    258ms]  [91mstale[0m    (poll #5)  order=14a97891
  [    326ms]  [91mstale[0m    (poll #6)  order=14a97891
  [    397ms]  [91mstale[0m    (poll #7)  order=14a97891
  [    469ms]  [92mVISIBLE[0m  (poll #8, X-Cache: MISS)  order=14a97891

[96mOrder 582/1000:[0m
  [      8ms]  [91mstale[0m    (poll #1)  order=83860ca2
  [     68ms]  [91mstale[0m    (poll #2)  order=83860ca2
  [    127ms]  [91mstale[0m    (poll #3)  order=83860ca2
  [    193ms]  [91mstale[0m    (poll #4)  order=83860ca2
  [    266ms]  [91mstale[0m    (poll #5)  order=83860ca2
  [    337ms]  [91mstale[0m    (poll #6)  order=83860ca2
  [    409ms]  [92mVISIBLE[0m  (poll #7, X-Cache: MISS)  order=83860ca2

[96mOrder 583/1000:[0m
  [     10ms]  [91mstale[0m    (poll #1)  order=2605e934
  [     72ms]  [91mstale[0m    (poll #2)  order=2605e934
  [    136ms]  [91mstale[0m    (poll #3)  order=2605e934
  [    197ms]  [91mstale[0m    (poll #4)  order=2605e934
  [    267ms]  [91mstale[0m    (poll #5)  order=2605e934
  [    337ms]  [91mstale[0m    (poll #6)  order=2605e934
  [    406ms]  [91mstale[0m    (poll #7)  order=2605e934
  [    478ms]  [92mVISIBLE[0m  (poll #8, X-Cache: MISS)  order=2605e934

[96mOrder 584/1000:[0m
  [     10ms]  [91mstale[0m    (poll #1)  order=9de55834
  [     71ms]  [91mstale[0m    (poll #2)  order=9de55834
  [    134ms]  [91mstale[0m    (poll #3)  order=9de55834
  [    198ms]  [91mstale[0m    (poll #4)  order=9de55834
  [    268ms]  [91mstale[0m    (poll #5)  order=9de55834
  [    339ms]  [91mstale[0m    (poll #6)  order=9de55834
  [    411ms]  [91mstale[0m    (poll #7)  order=9de55834
  [    483ms]  [91mstale[0m    (poll #8)  order=9de55834
  [    553ms]  [92mVISIBLE[0m  (poll #9, X-Cache: MISS)  order=9de55834

[96mOrder 585/1000:[0m
  [      9ms]  [91mstale[0m    (poll #1)  order=5c10ca5d
  [     68ms]  [91mstale[0m    (poll #2)  order=5c10ca5d
  [    131ms]  [91mstale[0m    (poll #3)  order=5c10ca5d
  [    187ms]  [91mstale[0m    (poll #4)  order=5c10ca5d
  [    249ms]  [91mstale[0m    (poll #5)  order=5c10ca5d
  [    306ms]  [91mstale[0m    (poll #6)  order=5c10ca5d
  [    369ms]  [91mstale[0m    (poll #7)  order=5c10ca5d
  [    431ms]  [91mstale[0m    (poll #8)  order=5c10ca5d
  [    491ms]  [92mVISIBLE[0m  (poll #9, X-Cache: MISS)  order=5c10ca5d

[96mOrder 586/1000:[0m
  [      7ms]  [91mstale[0m    (poll #1)  order=40f29863
  [     66ms]  [91mstale[0m    (poll #2)  order=40f29863
  [    131ms]  [91mstale[0m    (poll #3)  order=40f29863
  [    192ms]  [91mstale[0m    (poll #4)  order=40f29863
  [    259ms]  [91mstale[0m    (poll #5)  order=40f29863
  [    330ms]  [91mstale[0m    (poll #6)  order=40f29863
  [    402ms]  [91mstale[0m    (poll #7)  order=40f29863
  [    472ms]  [92mVISIBLE[0m  (poll #8, X-Cache: MISS)  order=40f29863

[96mOrder 587/1000:[0m
  [      8ms]  [91mstale[0m    (poll #1)  order=654727a9
  [     69ms]  [91mstale[0m    (poll #2)  order=654727a9
  [    134ms]  [91mstale[0m    (poll #3)  order=654727a9
  [    196ms]  [91mstale[0m    (poll #4)  order=654727a9
  [    261ms]  [91mstale[0m    (poll #5)  order=654727a9
  [    332ms]  [91mstale[0m    (poll #6)  order=654727a9
  [    404ms]  [91mstale[0m    (poll #7)  order=654727a9
  [    472ms]  [91mstale[0m    (poll #8)  order=654727a9
  [    553ms]  [92mVISIBLE[0m  (poll #9, X-Cache: MISS)  order=654727a9

[96mOrder 588/1000:[0m
  [      5ms]  [91mstale[0m    (poll #1)  order=3461eb9c
  [     67ms]  [91mstale[0m    (poll #2)  order=3461eb9c
  [    131ms]  [91mstale[0m    (poll #3)  order=3461eb9c
  [    193ms]  [91mstale[0m    (poll #4)  order=3461eb9c
  [    261ms]  [91mstale[0m    (poll #5)  order=3461eb9c
  [    330ms]  [91mstale[0m    (poll #6)  order=3461eb9c
  [    398ms]  [91mstale[0m    (poll #7)  order=3461eb9c
  [    466ms]  [92mVISIBLE[0m  (poll #8, X-Cache: MISS)  order=3461eb9c

[96mOrder 589/1000:[0m
  [     10ms]  [91mstale[0m    (poll #1)  order=99f854a9
  [     75ms]  [91mstale[0m    (poll #2)  order=99f854a9
  [    140ms]  [91mstale[0m    (poll #3)  order=99f854a9
  [    203ms]  [91mstale[0m    (poll #4)  order=99f854a9
  [    270ms]  [91mstale[0m    (poll #5)  order=99f854a9
  [    341ms]  [91mstale[0m    (poll #6)  order=99f854a9
  [    414ms]  [91mstale[0m    (poll #7)  order=99f854a9
  [    485ms]  [92mVISIBLE[0m  (poll #8, X-Cache: MISS)  order=99f854a9

[96mOrder 590/1000:[0m
  [     10ms]  [91mstale[0m    (poll #1)  order=9966bdb8
  [     70ms]  [91mstale[0m    (poll #2)  order=9966bdb8
  [    131ms]  [91mstale[0m    (poll #3)  order=9966bdb8
  [    191ms]  [91mstale[0m    (poll #4)  order=9966bdb8
  [    249ms]  [91mstale[0m    (poll #5)  order=9966bdb8
  [    313ms]  [91mstale[0m    (poll #6)  order=9966bdb8
  [    373ms]  [91mstale[0m    (poll #7)  order=9966bdb8
  [    435ms]  [91mstale[0m    (poll #8)  order=9966bdb8
  [    497ms]  [92mVISIBLE[0m  (poll #9, X-Cache: MISS)  order=9966bdb8

[96mOrder 591/1000:[0m
  [      5ms]  [91mstale[0m    (poll #1)  order=df5fc2b6
  [     66ms]  [91mstale[0m    (poll #2)  order=df5fc2b6
  [    130ms]  [91mstale[0m    (poll #3)  order=df5fc2b6
  [    193ms]  [91mstale[0m    (poll #4)  order=df5fc2b6
  [    262ms]  [91mstale[0m    (poll #5)  order=df5fc2b6
  [    333ms]  [91mstale[0m    (poll #6)  order=df5fc2b6
  [    406ms]  [91mstale[0m    (poll #7)  order=df5fc2b6
  [    474ms]  [92mVISIBLE[0m  (poll #8, X-Cache: MISS)  order=df5fc2b6

[96mOrder 592/1000:[0m
  [     11ms]  [91mstale[0m    (poll #1)  order=cb429f1c
  [     76ms]  [91mstale[0m    (poll #2)  order=cb429f1c
  [    138ms]  [91mstale[0m    (poll #3)  order=cb429f1c
  [    201ms]  [91mstale[0m    (poll #4)  order=cb429f1c
  [    269ms]  [91mstale[0m    (poll #5)  order=cb429f1c
  [    332ms]  [91mstale[0m    (poll #6)  order=cb429f1c
  [    398ms]  [92mVISIBLE[0m  (poll #7, X-Cache: MISS)  order=cb429f1c

[96mOrder 593/1000:[0m
  [     10ms]  [91mstale[0m    (poll #1)  order=1465f131
  [     74ms]  [91mstale[0m    (poll #2)  order=1465f131
  [    138ms]  [91mstale[0m    (poll #3)  order=1465f131
  [    202ms]  [91mstale[0m    (poll #4)  order=1465f131
  [    268ms]  [91mstale[0m    (poll #5)  order=1465f131
  [    344ms]  [92mVISIBLE[0m  (poll #6, X-Cache: MISS)  order=1465f131

[96mOrder 594/1000:[0m
  [     10ms]  [91mstale[0m    (poll #1)  order=176a3014
  [     71ms]  [91mstale[0m    (poll #2)  order=176a3014
  [    135ms]  [91mstale[0m    (poll #3)  order=176a3014
  [    201ms]  [91mstale[0m    (poll #4)  order=176a3014
  [    271ms]  [91mstale[0m    (poll #5)  order=176a3014
  [    338ms]  [91mstale[0m    (poll #6)  order=176a3014
  [    408ms]  [91mstale[0m    (poll #7)  order=176a3014
  [    479ms]  [91mstale[0m    (poll #8)  order=176a3014
  [    561ms]  [92mVISIBLE[0m  (poll #9, X-Cache: MISS)  order=176a3014

[96mOrder 595/1000:[0m
  [      5ms]  [91mstale[0m    (poll #1)  order=353b7b1b
  [     62ms]  [91mstale[0m    (poll #2)  order=353b7b1b
  [    125ms]  [91mstale[0m    (poll #3)  order=353b7b1b
  [    191ms]  [91mstale[0m    (poll #4)  order=353b7b1b
  [    257ms]  [91mstale[0m    (poll #5)  order=353b7b1b
  [    318ms]  [91mstale[0m    (poll #6)  order=353b7b1b
  [    379ms]  [92mVISIBLE[0m  (poll #7, X-Cache: MISS)  order=353b7b1b

[96mOrder 596/1000:[0m
  [      5ms]  [91mstale[0m    (poll #1)  order=f5c2beb9
  [     65ms]  [91mstale[0m    (poll #2)  order=f5c2beb9
  [    125ms]  [91mstale[0m    (poll #3)  order=f5c2beb9
  [    188ms]  [91mstale[0m    (poll #4)  order=f5c2beb9
  [    250ms]  [91mstale[0m    (poll #5)  order=f5c2beb9
  [    314ms]  [91mstale[0m    (poll #6)  order=f5c2beb9
  [    380ms]  [91mstale[0m    (poll #7)  order=f5c2beb9
  [    441ms]  [91mstale[0m    (poll #8)  order=f5c2beb9
  [    513ms]  [92mVISIBLE[0m  (poll #9, X-Cache: MISS)  order=f5c2beb9

[96mOrder 597/1000:[0m
  [     10ms]  [91mstale[0m    (poll #1)  order=fd6e36dd
  [     74ms]  [91mstale[0m    (poll #2)  order=fd6e36dd
  [    134ms]  [91mstale[0m    (poll #3)  order=fd6e36dd
  [    201ms]  [91mstale[0m    (poll #4)  order=fd6e36dd
  [    269ms]  [91mstale[0m    (poll #5)  order=fd6e36dd
  [    338ms]  [91mstale[0m    (poll #6)  order=fd6e36dd
  [    406ms]  [91mstale[0m    (poll #7)  order=fd6e36dd
  [    471ms]  [91mstale[0m    (poll #8)  order=fd6e36dd
  [    542ms]  [92mVISIBLE[0m  (poll #9, X-Cache: MISS)  order=fd6e36dd

[96mOrder 598/1000:[0m
  [     10ms]  [91mstale[0m    (poll #1)  order=503e260c
  [     75ms]  [91mstale[0m    (poll #2)  order=503e260c
  [    139ms]  [91mstale[0m    (poll #3)  order=503e260c
  [    203ms]  [91mstale[0m    (poll #4)  order=503e260c
  [    275ms]  [91mstale[0m    (poll #5)  order=503e260c
  [    346ms]  [91mstale[0m    (poll #6)  order=503e260c
  [    419ms]  [91mstale[0m    (poll #7)  order=503e260c
  [    489ms]  [92mVISIBLE[0m  (poll #8, X-Cache: MISS)  order=503e260c

[96mOrder 599/1000:[0m
  [      8ms]  [91mstale[0m    (poll #1)  order=006db1b0
  [     72ms]  [91mstale[0m    (poll #2)  order=006db1b0
  [    135ms]  [91mstale[0m    (poll #3)  order=006db1b0
  [    201ms]  [91mstale[0m    (poll #4)  order=006db1b0
  [    268ms]  [91mstale[0m    (poll #5)  order=006db1b0
  [    339ms]  [91mstale[0m    (poll #6)  order=006db1b0
  [    407ms]  [92mVISIBLE[0m  (poll #7, X-Cache: MISS)  order=006db1b0

[96mOrder 600/1000:[0m
  [     11ms]  [91mstale[0m    (poll #1)  order=deb2109e
  [     75ms]  [91mstale[0m    (poll #2)  order=deb2109e
  [    141ms]  [91mstale[0m    (poll #3)  order=deb2109e
  [    206ms]  [91mstale[0m    (poll #4)  order=deb2109e
  [    276ms]  [91mstale[0m    (poll #5)  order=deb2109e
  [    345ms]  [91mstale[0m    (poll #6)  order=deb2109e
  [    411ms]  [91mstale[0m    (poll #7)  order=deb2109e
  [    482ms]  [92mVISIBLE[0m  (poll #8, X-Cache: MISS)  order=deb2109e

[96mOrder 601/1000:[0m
  [      9ms]  [91mstale[0m    (poll #1)  order=4c5041ae
  [     72ms]  [91mstale[0m    (poll #2)  order=4c5041ae
  [    138ms]  [91mstale[0m    (poll #3)  order=4c5041ae
  [    203ms]  [91mstale[0m    (poll #4)  order=4c5041ae
  [    272ms]  [91mstale[0m    (poll #5)  order=4c5041ae
  [    341ms]  [91mstale[0m    (poll #6)  order=4c5041ae
  [    413ms]  [91mstale[0m    (poll #7)  order=4c5041ae
  [    486ms]  [92mVISIBLE[0m  (poll #8, X-Cache: MISS)  order=4c5041ae

[96mOrder 602/1000:[0m
  [     10ms]  [91mstale[0m    (poll #1)  order=9d0224fa
  [     74ms]  [91mstale[0m    (poll #2)  order=9d0224fa
  [    137ms]  [91mstale[0m    (poll #3)  order=9d0224fa
  [    200ms]  [91mstale[0m    (poll #4)  order=9d0224fa
  [    268ms]  [91mstale[0m    (poll #5)  order=9d0224fa
  [    339ms]  [91mstale[0m    (poll #6)  order=9d0224fa
  [    411ms]  [91mstale[0m    (poll #7)  order=9d0224fa
  [    481ms]  [91mstale[0m    (poll #8)  order=9d0224fa
  [    549ms]  [92mVISIBLE[0m  (poll #9, X-Cache: MISS)  order=9d0224fa

[96mOrder 603/1000:[0m
  [     10ms]  [91mstale[0m    (poll #1)  order=f4038bab
  [     73ms]  [91mstale[0m    (poll #2)  order=f4038bab
  [    132ms]  [91mstale[0m    (poll #3)  order=f4038bab
  [    199ms]  [91mstale[0m    (poll #4)  order=f4038bab
  [    264ms]  [91mstale[0m    (poll #5)  order=f4038bab
  [    333ms]  [91mstale[0m    (poll #6)  order=f4038bab
  [    404ms]  [91mstale[0m    (poll #7)  order=f4038bab
  [    476ms]  [92mVISIBLE[0m  (poll #8, X-Cache: MISS)  order=f4038bab

[96mOrder 604/1000:[0m
  [     10ms]  [91mstale[0m    (poll #1)  order=b9407140
  [     69ms]  [91mstale[0m    (poll #2)  order=b9407140
  [    132ms]  [91mstale[0m    (poll #3)  order=b9407140
  [    198ms]  [91mstale[0m    (poll #4)  order=b9407140
  [    271ms]  [91mstale[0m    (poll #5)  order=b9407140
  [    338ms]  [91mstale[0m    (poll #6)  order=b9407140
  [    405ms]  [91mstale[0m    (poll #7)  order=b9407140
  [    471ms]  [91mstale[0m    (poll #8)  order=b9407140
  [    542ms]  [92mVISIBLE[0m  (poll #9, X-Cache: MISS)  order=b9407140

[96mOrder 605/1000:[0m
  [     10ms]  [91mstale[0m    (poll #1)  order=0bf021b7
  [     73ms]  [91mstale[0m    (poll #2)  order=0bf021b7
  [    138ms]  [91mstale[0m    (poll #3)  order=0bf021b7
  [    202ms]  [91mstale[0m    (poll #4)  order=0bf021b7
  [    268ms]  [91mstale[0m    (poll #5)  order=0bf021b7
  [    331ms]  [91mstale[0m    (poll #6)  order=0bf021b7
  [    390ms]  [91mstale[0m    (poll #7)  order=0bf021b7
  [    452ms]  [92mVISIBLE[0m  (poll #8, X-Cache: MISS)  order=0bf021b7

[96mOrder 606/1000:[0m
  [      5ms]  [91mstale[0m    (poll #1)  order=aad925a0
  [     61ms]  [91mstale[0m    (poll #2)  order=aad925a0
  [    120ms]  [91mstale[0m    (poll #3)  order=aad925a0
  [    182ms]  [91mstale[0m    (poll #4)  order=aad925a0
  [    245ms]  [91mstale[0m    (poll #5)  order=aad925a0
  [    304ms]  [91mstale[0m    (poll #6)  order=aad925a0
  [    364ms]  [91mstale[0m    (poll #7)  order=aad925a0
  [    433ms]  [92mVISIBLE[0m  (poll #8, X-Cache: MISS)  order=aad925a0

[96mOrder 607/1000:[0m
  [      4ms]  [91mstale[0m    (poll #1)  order=60352804
  [     64ms]  [91mstale[0m    (poll #2)  order=60352804
  [    125ms]  [91mstale[0m    (poll #3)  order=60352804
  [    188ms]  [91mstale[0m    (poll #4)  order=60352804
  [    249ms]  [91mstale[0m    (poll #5)  order=60352804
  [    317ms]  [91mstale[0m    (poll #6)  order=60352804
  [    387ms]  [91mstale[0m    (poll #7)  order=60352804
  [    454ms]  [91mstale[0m    (poll #8)  order=60352804
  [    524ms]  [92mVISIBLE[0m  (poll #9, X-Cache: MISS)  order=60352804

[96mOrder 608/1000:[0m
  [     11ms]  [91mstale[0m    (poll #1)  order=cce06127
  [     75ms]  [91mstale[0m    (poll #2)  order=cce06127
  [    140ms]  [91mstale[0m    (poll #3)  order=cce06127
  [    210ms]  [91mstale[0m    (poll #4)  order=cce06127
  [    279ms]  [91mstale[0m    (poll #5)  order=cce06127
  [    349ms]  [91mstale[0m    (poll #6)  order=cce06127
  [    419ms]  [91mstale[0m    (poll #7)  order=cce06127
  [    490ms]  [92mVISIBLE[0m  (poll #8, X-Cache: MISS)  order=cce06127

[96mOrder 609/1000:[0m
  [     10ms]  [91mstale[0m    (poll #1)  order=8fdc6a63
  [     73ms]  [91mstale[0m    (poll #2)  order=8fdc6a63
  [    137ms]  [91mstale[0m    (poll #3)  order=8fdc6a63
  [    203ms]  [91mstale[0m    (poll #4)  order=8fdc6a63
  [    271ms]  [91mstale[0m    (poll #5)  order=8fdc6a63
  [    342ms]  [91mstale[0m    (poll #6)  order=8fdc6a63
  [    416ms]  [92mVISIBLE[0m  (poll #7, X-Cache: MISS)  order=8fdc6a63

[96mOrder 610/1000:[0m
  [      9ms]  [91mstale[0m    (poll #1)  order=4874e0a1
  [     73ms]  [91mstale[0m    (poll #2)  order=4874e0a1
  [    136ms]  [91mstale[0m    (poll #3)  order=4874e0a1
  [    199ms]  [91mstale[0m    (poll #4)  order=4874e0a1
  [    265ms]  [91mstale[0m    (poll #5)  order=4874e0a1
  [    337ms]  [91mstale[0m    (poll #6)  order=4874e0a1
  [    404ms]  [91mstale[0m    (poll #7)  order=4874e0a1
  [    462ms]  [92mVISIBLE[0m  (poll #8, X-Cache: MISS)  order=4874e0a1

[96mOrder 611/1000:[0m
  [      6ms]  [91mstale[0m    (poll #1)  order=863c0194
  [     72ms]  [91mstale[0m    (poll #2)  order=863c0194
  [    135ms]  [91mstale[0m    (poll #3)  order=863c0194
  [    197ms]  [91mstale[0m    (poll #4)  order=863c0194
  [    260ms]  [91mstale[0m    (poll #5)  order=863c0194
  [    328ms]  [91mstale[0m    (poll #6)  order=863c0194
  [    397ms]  [91mstale[0m    (poll #7)  order=863c0194
  [    468ms]  [91mstale[0m    (poll #8)  order=863c0194
  [    541ms]  [92mVISIBLE[0m  (poll #9, X-Cache: MISS)  order=863c0194

[96mOrder 612/1000:[0m
  [     10ms]  [91mstale[0m    (poll #1)  order=e85e77cb
  [     74ms]  [91mstale[0m    (poll #2)  order=e85e77cb
  [    137ms]  [91mstale[0m    (poll #3)  order=e85e77cb
  [    201ms]  [91mstale[0m    (poll #4)  order=e85e77cb
  [    268ms]  [91mstale[0m    (poll #5)  order=e85e77cb
  [    344ms]  [91mstale[0m    (poll #6)  order=e85e77cb
  [    410ms]  [91mstale[0m    (poll #7)  order=e85e77cb
  [    476ms]  [92mVISIBLE[0m  (poll #8, X-Cache: MISS)  order=e85e77cb

[96mOrder 613/1000:[0m
  [      7ms]  [91mstale[0m    (poll #1)  order=bec3d6cf
  [     69ms]  [91mstale[0m    (poll #2)  order=bec3d6cf
  [    133ms]  [91mstale[0m    (poll #3)  order=bec3d6cf
  [    199ms]  [91mstale[0m    (poll #4)  order=bec3d6cf
  [    270ms]  [91mstale[0m    (poll #5)  order=bec3d6cf
  [    342ms]  [91mstale[0m    (poll #6)  order=bec3d6cf
  [    414ms]  [91mstale[0m    (poll #7)  order=bec3d6cf
  [    486ms]  [92mVISIBLE[0m  (poll #8, X-Cache: MISS)  order=bec3d6cf

[96mOrder 614/1000:[0m
  [      9ms]  [91mstale[0m    (poll #1)  order=91fe89c1
  [     73ms]  [91mstale[0m    (poll #2)  order=91fe89c1
  [    134ms]  [91mstale[0m    (poll #3)  order=91fe89c1
  [    200ms]  [91mstale[0m    (poll #4)  order=91fe89c1
  [    268ms]  [91mstale[0m    (poll #5)  order=91fe89c1
  [    337ms]  [91mstale[0m    (poll #6)  order=91fe89c1
  [    407ms]  [92mVISIBLE[0m  (poll #7, X-Cache: MISS)  order=91fe89c1

[96mOrder 615/1000:[0m
  [      9ms]  [91mstale[0m    (poll #1)  order=64a7ee67
  [     71ms]  [91mstale[0m    (poll #2)  order=64a7ee67
  [    131ms]  [91mstale[0m    (poll #3)  order=64a7ee67
  [    195ms]  [91mstale[0m    (poll #4)  order=64a7ee67
  [    260ms]  [91mstale[0m    (poll #5)  order=64a7ee67
  [    329ms]  [91mstale[0m    (poll #6)  order=64a7ee67
  [    401ms]  [91mstale[0m    (poll #7)  order=64a7ee67
  [    475ms]  [91mstale[0m    (poll #8)  order=64a7ee67
  [    534ms]  [92mVISIBLE[0m  (poll #9, X-Cache: MISS)  order=64a7ee67

[96mOrder 616/1000:[0m
  [      5ms]  [91mstale[0m    (poll #1)  order=266478f9
  [     66ms]  [91mstale[0m    (poll #2)  order=266478f9
  [    127ms]  [91mstale[0m    (poll #3)  order=266478f9
  [    191ms]  [91mstale[0m    (poll #4)  order=266478f9
  [    254ms]  [91mstale[0m    (poll #5)  order=266478f9
  [    320ms]  [91mstale[0m    (poll #6)  order=266478f9
  [    385ms]  [92mVISIBLE[0m  (poll #7, X-Cache: MISS)  order=266478f9

[96mOrder 617/1000:[0m
  [      8ms]  [91mstale[0m    (poll #1)  order=7fa4586a
  [     71ms]  [91mstale[0m    (poll #2)  order=7fa4586a
  [    135ms]  [91mstale[0m    (poll #3)  order=7fa4586a
  [    200ms]  [91mstale[0m    (poll #4)  order=7fa4586a
  [    271ms]  [91mstale[0m    (poll #5)  order=7fa4586a
  [    341ms]  [91mstale[0m    (poll #6)  order=7fa4586a
  [    411ms]  [91mstale[0m    (poll #7)  order=7fa4586a
  [    480ms]  [91mstale[0m    (poll #8)  order=7fa4586a
  [    552ms]  [92mVISIBLE[0m  (poll #9, X-Cache: MISS)  order=7fa4586a

[96mOrder 618/1000:[0m
  [      8ms]  [91mstale[0m    (poll #1)  order=2b9d3abb
  [     72ms]  [91mstale[0m    (poll #2)  order=2b9d3abb
  [    135ms]  [91mstale[0m    (poll #3)  order=2b9d3abb
  [    202ms]  [91mstale[0m    (poll #4)  order=2b9d3abb
  [    275ms]  [91mstale[0m    (poll #5)  order=2b9d3abb
  [    343ms]  [91mstale[0m    (poll #6)  order=2b9d3abb
  [    415ms]  [91mstale[0m    (poll #7)  order=2b9d3abb
  [    484ms]  [92mVISIBLE[0m  (poll #8, X-Cache: MISS)  order=2b9d3abb

[96mOrder 619/1000:[0m
  [     10ms]  [91mstale[0m    (poll #1)  order=b41f1372
  [     72ms]  [91mstale[0m    (poll #2)  order=b41f1372
  [    136ms]  [91mstale[0m    (poll #3)  order=b41f1372
  [    199ms]  [91mstale[0m    (poll #4)  order=b41f1372
  [    267ms]  [91mstale[0m    (poll #5)  order=b41f1372
  [    335ms]  [91mstale[0m    (poll #6)  order=b41f1372
  [    406ms]  [91mstale[0m    (poll #7)  order=b41f1372
  [    481ms]  [92mVISIBLE[0m  (poll #8, X-Cache: MISS)  order=b41f1372

[96mOrder 620/1000:[0m
  [     10ms]  [91mstale[0m    (poll #1)  order=88feba3f
  [     72ms]  [91mstale[0m    (poll #2)  order=88feba3f
  [    135ms]  [91mstale[0m    (poll #3)  order=88feba3f
  [    203ms]  [91mstale[0m    (poll #4)  order=88feba3f
  [    272ms]  [91mstale[0m    (poll #5)  order=88feba3f
  [    343ms]  [91mstale[0m    (poll #6)  order=88feba3f
  [    415ms]  [91mstale[0m    (poll #7)  order=88feba3f
  [    487ms]  [92mVISIBLE[0m  (poll #8, X-Cache: MISS)  order=88feba3f

[96mOrder 621/1000:[0m
  [      8ms]  [91mstale[0m    (poll #1)  order=d5c382d6
  [     73ms]  [91mstale[0m    (poll #2)  order=d5c382d6
  [    133ms]  [91mstale[0m    (poll #3)  order=d5c382d6
  [    201ms]  [91mstale[0m    (poll #4)  order=d5c382d6
  [    272ms]  [91mstale[0m    (poll #5)  order=d5c382d6
  [    340ms]  [91mstale[0m    (poll #6)  order=d5c382d6
  [    412ms]  [92mVISIBLE[0m  (poll #7, X-Cache: MISS)  order=d5c382d6

[96mOrder 622/1000:[0m
  [      9ms]  [91mstale[0m    (poll #1)  order=f4acb945
  [     71ms]  [91mstale[0m    (poll #2)  order=f4acb945
  [    134ms]  [91mstale[0m    (poll #3)  order=f4acb945
  [    201ms]  [91mstale[0m    (poll #4)  order=f4acb945
  [    270ms]  [91mstale[0m    (poll #5)  order=f4acb945
  [    337ms]  [91mstale[0m    (poll #6)  order=f4acb945
  [    406ms]  [91mstale[0m    (poll #7)  order=f4acb945
  [    479ms]  [91mstale[0m    (poll #8)  order=f4acb945
  [    551ms]  [92mVISIBLE[0m  (poll #9, X-Cache: MISS)  order=f4acb945

[96mOrder 623/1000:[0m
  [      9ms]  [91mstale[0m    (poll #1)  order=3937823e
  [     75ms]  [91mstale[0m    (poll #2)  order=3937823e
  [    135ms]  [91mstale[0m    (poll #3)  order=3937823e
  [    197ms]  [91mstale[0m    (poll #4)  order=3937823e
  [    267ms]  [91mstale[0m    (poll #5)  order=3937823e
  [    336ms]  [92mVISIBLE[0m  (poll #6, X-Cache: MISS)  order=3937823e

[96mOrder 624/1000:[0m
  [     11ms]  [91mstale[0m    (poll #1)  order=cfa88497
  [     70ms]  [91mstale[0m    (poll #2)  order=cfa88497
  [    135ms]  [91mstale[0m    (poll #3)  order=cfa88497
  [    202ms]  [91mstale[0m    (poll #4)  order=cfa88497
  [    271ms]  [91mstale[0m    (poll #5)  order=cfa88497
  [    340ms]  [91mstale[0m    (poll #6)  order=cfa88497
  [    414ms]  [92mVISIBLE[0m  (poll #7, X-Cache: MISS)  order=cfa88497

[96mOrder 625/1000:[0m
  [     10ms]  [91mstale[0m    (poll #1)  order=ccdb0cb4
  [     71ms]  [91mstale[0m    (poll #2)  order=ccdb0cb4
  [    134ms]  [91mstale[0m    (poll #3)  order=ccdb0cb4
  [    200ms]  [91mstale[0m    (poll #4)  order=ccdb0cb4
  [    270ms]  [91mstale[0m    (poll #5)  order=ccdb0cb4
  [    339ms]  [91mstale[0m    (poll #6)  order=ccdb0cb4
  [    415ms]  [91mstale[0m    (poll #7)  order=ccdb0cb4
  [    485ms]  [91mstale[0m    (poll #8)  order=ccdb0cb4
  [    556ms]  [92mVISIBLE[0m  (poll #9, X-Cache: MISS)  order=ccdb0cb4

[96mOrder 626/1000:[0m
  [     10ms]  [91mstale[0m    (poll #1)  order=ab2353d0
  [     70ms]  [91mstale[0m    (poll #2)  order=ab2353d0
  [    131ms]  [91mstale[0m    (poll #3)  order=ab2353d0
  [    193ms]  [91mstale[0m    (poll #4)  order=ab2353d0
  [    257ms]  [91mstale[0m    (poll #5)  order=ab2353d0
  [    320ms]  [91mstale[0m    (poll #6)  order=ab2353d0
  [    391ms]  [92mVISIBLE[0m  (poll #7, X-Cache: MISS)  order=ab2353d0

[96mOrder 627/1000:[0m
  [      4ms]  [91mstale[0m    (poll #1)  order=50c7f4ed
  [     59ms]  [91mstale[0m    (poll #2)  order=50c7f4ed
  [    116ms]  [91mstale[0m    (poll #3)  order=50c7f4ed
  [    178ms]  [91mstale[0m    (poll #4)  order=50c7f4ed
  [    240ms]  [91mstale[0m    (poll #5)  order=50c7f4ed
  [    299ms]  [91mstale[0m    (poll #6)  order=50c7f4ed
  [    363ms]  [91mstale[0m    (poll #7)  order=50c7f4ed
  [    427ms]  [91mstale[0m    (poll #8)  order=50c7f4ed
  [    497ms]  [92mVISIBLE[0m  (poll #9, X-Cache: MISS)  order=50c7f4ed

[96mOrder 628/1000:[0m
  [     10ms]  [91mstale[0m    (poll #1)  order=52db2421
  [     73ms]  [91mstale[0m    (poll #2)  order=52db2421
  [    132ms]  [91mstale[0m    (poll #3)  order=52db2421
  [    196ms]  [91mstale[0m    (poll #4)  order=52db2421
  [    267ms]  [91mstale[0m    (poll #5)  order=52db2421
  [    337ms]  [91mstale[0m    (poll #6)  order=52db2421
  [    406ms]  [91mstale[0m    (poll #7)  order=52db2421
  [    482ms]  [92mVISIBLE[0m  (poll #8, X-Cache: MISS)  order=52db2421

[96mOrder 629/1000:[0m
  [     10ms]  [91mstale[0m    (poll #1)  order=574909ac
  [     73ms]  [91mstale[0m    (poll #2)  order=574909ac
  [    132ms]  [91mstale[0m    (poll #3)  order=574909ac
  [    195ms]  [91mstale[0m    (poll #4)  order=574909ac
  [    263ms]  [91mstale[0m    (poll #5)  order=574909ac
  [    333ms]  [91mstale[0m    (poll #6)  order=574909ac
  [    406ms]  [91mstale[0m    (poll #7)  order=574909ac
  [    476ms]  [91mstale[0m    (poll #8)  order=574909ac
  [    542ms]  [92mVISIBLE[0m  (poll #9, X-Cache: MISS)  order=574909ac

[96mOrder 630/1000:[0m
  [      9ms]  [91mstale[0m    (poll #1)  order=f6c8ffb1
  [     72ms]  [91mstale[0m    (poll #2)  order=f6c8ffb1
  [    136ms]  [91mstale[0m    (poll #3)  order=f6c8ffb1
  [    201ms]  [91mstale[0m    (poll #4)  order=f6c8ffb1
  [    269ms]  [91mstale[0m    (poll #5)  order=f6c8ffb1
  [    337ms]  [91mstale[0m    (poll #6)  order=f6c8ffb1
  [    400ms]  [91mstale[0m    (poll #7)  order=f6c8ffb1
  [    464ms]  [92mVISIBLE[0m  (poll #8, X-Cache: MISS)  order=f6c8ffb1

[96mOrder 631/1000:[0m
  [      8ms]  [91mstale[0m    (poll #1)  order=b862b1c3
  [     68ms]  [91mstale[0m    (poll #2)  order=b862b1c3
  [    127ms]  [91mstale[0m    (poll #3)  order=b862b1c3
  [    191ms]  [91mstale[0m    (poll #4)  order=b862b1c3
  [    253ms]  [91mstale[0m    (poll #5)  order=b862b1c3
  [    316ms]  [91mstale[0m    (poll #6)  order=b862b1c3
  [    379ms]  [91mstale[0m    (poll #7)  order=b862b1c3
  [    445ms]  [91mstale[0m    (poll #8)  order=b862b1c3
  [    518ms]  [92mVISIBLE[0m  (poll #9, X-Cache: MISS)  order=b862b1c3

[96mOrder 632/1000:[0m
  [     10ms]  [91mstale[0m    (poll #1)  order=47f97f46
  [     74ms]  [91mstale[0m    (poll #2)  order=47f97f46
  [    135ms]  [91mstale[0m    (poll #3)  order=47f97f46
  [    199ms]  [91mstale[0m    (poll #4)  order=47f97f46
  [    268ms]  [91mstale[0m    (poll #5)  order=47f97f46
  [    341ms]  [91mstale[0m    (poll #6)  order=47f97f46
  [    413ms]  [91mstale[0m    (poll #7)  order=47f97f46
  [    483ms]  [92mVISIBLE[0m  (poll #8, X-Cache: MISS)  order=47f97f46

[96mOrder 633/1000:[0m
  [      8ms]  [91mstale[0m    (poll #1)  order=8beec143
  [     72ms]  [91mstale[0m    (poll #2)  order=8beec143
  [    138ms]  [91mstale[0m    (poll #3)  order=8beec143
  [    201ms]  [91mstale[0m    (poll #4)  order=8beec143
  [    268ms]  [91mstale[0m    (poll #5)  order=8beec143
  [    340ms]  [91mstale[0m    (poll #6)  order=8beec143
  [    412ms]  [91mstale[0m    (poll #7)  order=8beec143
  [    483ms]  [91mstale[0m    (poll #8)  order=8beec143
  [    557ms]  [92mVISIBLE[0m  (poll #9, X-Cache: MISS)  order=8beec143

[96mOrder 634/1000:[0m
  [      9ms]  [91mstale[0m    (poll #1)  order=c466fd29
  [     70ms]  [91mstale[0m    (poll #2)  order=c466fd29
  [    132ms]  [91mstale[0m    (poll #3)  order=c466fd29
  [    196ms]  [91mstale[0m    (poll #4)  order=c466fd29
  [    265ms]  [91mstale[0m    (poll #5)  order=c466fd29
  [    337ms]  [91mstale[0m    (poll #6)  order=c466fd29
  [    411ms]  [91mstale[0m    (poll #7)  order=c466fd29
  [    485ms]  [92mVISIBLE[0m  (poll #8, X-Cache: MISS)  order=c466fd29

[96mOrder 635/1000:[0m
  [      9ms]  [91mstale[0m    (poll #1)  order=e39524c2
  [     69ms]  [91mstale[0m    (poll #2)  order=e39524c2
  [    133ms]  [91mstale[0m    (poll #3)  order=e39524c2
  [    198ms]  [91mstale[0m    (poll #4)  order=e39524c2
  [    263ms]  [91mstale[0m    (poll #5)  order=e39524c2
  [    332ms]  [91mstale[0m    (poll #6)  order=e39524c2
  [    401ms]  [91mstale[0m    (poll #7)  order=e39524c2
  [    471ms]  [92mVISIBLE[0m  (poll #8, X-Cache: MISS)  order=e39524c2

[96mOrder 636/1000:[0m
  [     10ms]  [91mstale[0m    (poll #1)  order=799ccf68
  [     71ms]  [91mstale[0m    (poll #2)  order=799ccf68
  [    131ms]  [91mstale[0m    (poll #3)  order=799ccf68
  [    190ms]  [91mstale[0m    (poll #4)  order=799ccf68
  [    247ms]  [91mstale[0m    (poll #5)  order=799ccf68
  [    310ms]  [91mstale[0m    (poll #6)  order=799ccf68
  [    375ms]  [91mstale[0m    (poll #7)  order=799ccf68
  [    440ms]  [91mstale[0m    (poll #8)  order=799ccf68
  [    510ms]  [92mVISIBLE[0m  (poll #9, X-Cache: MISS)  order=799ccf68

[96mOrder 637/1000:[0m
  [      9ms]  [91mstale[0m    (poll #1)  order=34dd1571
  [     73ms]  [91mstale[0m    (poll #2)  order=34dd1571
  [    138ms]  [91mstale[0m    (poll #3)  order=34dd1571
  [    205ms]  [91mstale[0m    (poll #4)  order=34dd1571
  [    276ms]  [91mstale[0m    (poll #5)  order=34dd1571
  [    346ms]  [91mstale[0m    (poll #6)  order=34dd1571
  [    413ms]  [91mstale[0m    (poll #7)  order=34dd1571
  [    482ms]  [92mVISIBLE[0m  (poll #8, X-Cache: MISS)  order=34dd1571

[96mOrder 638/1000:[0m
  [     10ms]  [91mstale[0m    (poll #1)  order=b3b1019c
  [     72ms]  [91mstale[0m    (poll #2)  order=b3b1019c
  [    136ms]  [91mstale[0m    (poll #3)  order=b3b1019c
  [    201ms]  [91mstale[0m    (poll #4)  order=b3b1019c
  [    269ms]  [91mstale[0m    (poll #5)  order=b3b1019c
  [    341ms]  [91mstale[0m    (poll #6)  order=b3b1019c
  [    410ms]  [91mstale[0m    (poll #7)  order=b3b1019c
  [    477ms]  [91mstale[0m    (poll #8)  order=b3b1019c
  [    552ms]  [92mVISIBLE[0m  (poll #9, X-Cache: MISS)  order=b3b1019c

[96mOrder 639/1000:[0m
  [     10ms]  [91mstale[0m    (poll #1)  order=9192cfe7
  [     72ms]  [91mstale[0m    (poll #2)  order=9192cfe7
  [    136ms]  [91mstale[0m    (poll #3)  order=9192cfe7
  [    201ms]  [91mstale[0m    (poll #4)  order=9192cfe7
  [    269ms]  [91mstale[0m    (poll #5)  order=9192cfe7
  [    339ms]  [91mstale[0m    (poll #6)  order=9192cfe7
  [    410ms]  [92mVISIBLE[0m  (poll #7, X-Cache: MISS)  order=9192cfe7

[96mOrder 640/1000:[0m
  [      9ms]  [91mstale[0m    (poll #1)  order=b9afc0a9
  [     73ms]  [91mstale[0m    (poll #2)  order=b9afc0a9
  [    137ms]  [91mstale[0m    (poll #3)  order=b9afc0a9
  [    200ms]  [91mstale[0m    (poll #4)  order=b9afc0a9
  [    266ms]  [91mstale[0m    (poll #5)  order=b9afc0a9
  [    336ms]  [91mstale[0m    (poll #6)  order=b9afc0a9
  [    406ms]  [91mstale[0m    (poll #7)  order=b9afc0a9
  [    478ms]  [92mVISIBLE[0m  (poll #8, X-Cache: MISS)  order=b9afc0a9

[96mOrder 641/1000:[0m
  [     11ms]  [91mstale[0m    (poll #1)  order=3ba6033f
  [     74ms]  [91mstale[0m    (poll #2)  order=3ba6033f
  [    134ms]  [91mstale[0m    (poll #3)  order=3ba6033f
  [    197ms]  [91mstale[0m    (poll #4)  order=3ba6033f
  [    268ms]  [91mstale[0m    (poll #5)  order=3ba6033f
  [    340ms]  [91mstale[0m    (poll #6)  order=3ba6033f
  [    411ms]  [91mstale[0m    (poll #7)  order=3ba6033f
  [    482ms]  [92mVISIBLE[0m  (poll #8, X-Cache: MISS)  order=3ba6033f

[96mOrder 642/1000:[0m
  [     10ms]  [91mstale[0m    (poll #1)  order=29b34f23
  [     74ms]  [91mstale[0m    (poll #2)  order=29b34f23
  [    139ms]  [91mstale[0m    (poll #3)  order=29b34f23
  [    206ms]  [91mstale[0m    (poll #4)  order=29b34f23
  [    274ms]  [91mstale[0m    (poll #5)  order=29b34f23
  [    344ms]  [91mstale[0m    (poll #6)  order=29b34f23
  [    417ms]  [91mstale[0m    (poll #7)  order=29b34f23
  [    489ms]  [91mstale[0m    (poll #8)  order=29b34f23
  [    561ms]  [92mVISIBLE[0m  (poll #9, X-Cache: MISS)  order=29b34f23

[96mOrder 643/1000:[0m
  [     10ms]  [91mstale[0m    (poll #1)  order=02c7cacb
  [     73ms]  [91mstale[0m    (poll #2)  order=02c7cacb
  [    136ms]  [91mstale[0m    (poll #3)  order=02c7cacb
  [    204ms]  [91mstale[0m    (poll #4)  order=02c7cacb
  [    275ms]  [91mstale[0m    (poll #5)  order=02c7cacb
  [    347ms]  [91mstale[0m    (poll #6)  order=02c7cacb
  [    417ms]  [91mstale[0m    (poll #7)  order=02c7cacb
  [    489ms]  [92mVISIBLE[0m  (poll #8, X-Cache: MISS)  order=02c7cacb

[96mOrder 644/1000:[0m
  [     11ms]  [91mstale[0m    (poll #1)  order=b9d980df
  [     71ms]  [91mstale[0m    (poll #2)  order=b9d980df
  [    134ms]  [91mstale[0m    (poll #3)  order=b9d980df
  [    200ms]  [91mstale[0m    (poll #4)  order=b9d980df
  [    269ms]  [91mstale[0m    (poll #5)  order=b9d980df
  [    336ms]  [91mstale[0m    (poll #6)  order=b9d980df
  [    405ms]  [92mVISIBLE[0m  (poll #7, X-Cache: MISS)  order=b9d980df

[96mOrder 645/1000:[0m
  [     10ms]  [91mstale[0m    (poll #1)  order=e8f473c3
  [     74ms]  [91mstale[0m    (poll #2)  order=e8f473c3
  [    136ms]  [91mstale[0m    (poll #3)  order=e8f473c3
  [    203ms]  [91mstale[0m    (poll #4)  order=e8f473c3
  [    273ms]  [91mstale[0m    (poll #5)  order=e8f473c3
  [    347ms]  [91mstale[0m    (poll #6)  order=e8f473c3
  [    420ms]  [91mstale[0m    (poll #7)  order=e8f473c3
  [    492ms]  [92mVISIBLE[0m  (poll #8, X-Cache: MISS)  order=e8f473c3

[96mOrder 646/1000:[0m
  [     12ms]  [91mstale[0m    (poll #1)  order=d5318e24
  [     77ms]  [91mstale[0m    (poll #2)  order=d5318e24
  [    140ms]  [91mstale[0m    (poll #3)  order=d5318e24
  [    199ms]  [91mstale[0m    (poll #4)  order=d5318e24
  [    260ms]  [91mstale[0m    (poll #5)  order=d5318e24
  [    325ms]  [91mstale[0m    (poll #6)  order=d5318e24
  [    392ms]  [91mstale[0m    (poll #7)  order=d5318e24
  [    459ms]  [91mstale[0m    (poll #8)  order=d5318e24
  [    522ms]  [92mVISIBLE[0m  (poll #9, X-Cache: MISS)  order=d5318e24

[96mOrder 647/1000:[0m
  [      3ms]  [91mstale[0m    (poll #1)  order=d22437dd
  [     62ms]  [91mstale[0m    (poll #2)  order=d22437dd
  [    122ms]  [91mstale[0m    (poll #3)  order=d22437dd
  [    183ms]  [91mstale[0m    (poll #4)  order=d22437dd
  [    245ms]  [91mstale[0m    (poll #5)  order=d22437dd
  [    308ms]  [91mstale[0m    (poll #6)  order=d22437dd
  [    369ms]  [92mVISIBLE[0m  (poll #7, X-Cache: MISS)  order=d22437dd

[96mOrder 648/1000:[0m
  [      6ms]  [91mstale[0m    (poll #1)  order=0ac69f91
  [     64ms]  [91mstale[0m    (poll #2)  order=0ac69f91
  [    127ms]  [91mstale[0m    (poll #3)  order=0ac69f91
  [    188ms]  [91mstale[0m    (poll #4)  order=0ac69f91
  [    257ms]  [91mstale[0m    (poll #5)  order=0ac69f91
  [    329ms]  [91mstale[0m    (poll #6)  order=0ac69f91
  [    402ms]  [92mVISIBLE[0m  (poll #7, X-Cache: MISS)  order=0ac69f91

[96mOrder 649/1000:[0m
  [     10ms]  [91mstale[0m    (poll #1)  order=47875e8d
  [     73ms]  [91mstale[0m    (poll #2)  order=47875e8d
  [    136ms]  [91mstale[0m    (poll #3)  order=47875e8d
  [    200ms]  [91mstale[0m    (poll #4)  order=47875e8d
  [    270ms]  [91mstale[0m    (poll #5)  order=47875e8d
  [    344ms]  [91mstale[0m    (poll #6)  order=47875e8d
  [    415ms]  [91mstale[0m    (poll #7)  order=47875e8d
  [    487ms]  [92mVISIBLE[0m  (poll #8, X-Cache: MISS)  order=47875e8d

[96mOrder 650/1000:[0m
  [      7ms]  [91mstale[0m    (poll #1)  order=bbb91aa6
  [     70ms]  [91mstale[0m    (poll #2)  order=bbb91aa6
  [    133ms]  [91mstale[0m    (poll #3)  order=bbb91aa6
  [    198ms]  [91mstale[0m    (poll #4)  order=bbb91aa6
  [    265ms]  [91mstale[0m    (poll #5)  order=bbb91aa6
  [    335ms]  [91mstale[0m    (poll #6)  order=bbb91aa6
  [    406ms]  [91mstale[0m    (poll #7)  order=bbb91aa6
  [    476ms]  [91mstale[0m    (poll #8)  order=bbb91aa6
  [    545ms]  [92mVISIBLE[0m  (poll #9, X-Cache: MISS)  order=bbb91aa6

[96mOrder 651/1000:[0m
  [      5ms]  [91mstale[0m    (poll #1)  order=03fd4f95
  [     63ms]  [91mstale[0m    (poll #2)  order=03fd4f95
  [    122ms]  [91mstale[0m    (poll #3)  order=03fd4f95
  [    180ms]  [91mstale[0m    (poll #4)  order=03fd4f95
  [    241ms]  [91mstale[0m    (poll #5)  order=03fd4f95
  [    304ms]  [91mstale[0m    (poll #6)  order=03fd4f95
  [    369ms]  [91mstale[0m    (poll #7)  order=03fd4f95
  [    438ms]  [91mstale[0m    (poll #8)  order=03fd4f95
  [    509ms]  [92mVISIBLE[0m  (poll #9, X-Cache: MISS)  order=03fd4f95

[96mOrder 652/1000:[0m
  [     11ms]  [91mstale[0m    (poll #1)  order=d672f7d2
  [     76ms]  [91mstale[0m    (poll #2)  order=d672f7d2
  [    139ms]  [91mstale[0m    (poll #3)  order=d672f7d2
  [    200ms]  [91mstale[0m    (poll #4)  order=d672f7d2
  [    266ms]  [91mstale[0m    (poll #5)  order=d672f7d2
  [    333ms]  [91mstale[0m    (poll #6)  order=d672f7d2
  [    403ms]  [91mstale[0m    (poll #7)  order=d672f7d2
  [    476ms]  [92mVISIBLE[0m  (poll #8, X-Cache: MISS)  order=d672f7d2

[96mOrder 653/1000:[0m
  [     11ms]  [91mstale[0m    (poll #1)  order=5eb79b31
  [     74ms]  [91mstale[0m    (poll #2)  order=5eb79b31
  [    136ms]  [91mstale[0m    (poll #3)  order=5eb79b31
  [    203ms]  [91mstale[0m    (poll #4)  order=5eb79b31
  [    270ms]  [91mstale[0m    (poll #5)  order=5eb79b31
  [    339ms]  [91mstale[0m    (poll #6)  order=5eb79b31
  [    407ms]  [91mstale[0m    (poll #7)  order=5eb79b31
  [    492ms]  [92mVISIBLE[0m  (poll #8, X-Cache: MISS)  order=5eb79b31

[96mOrder 654/1000:[0m
  [      6ms]  [91mstale[0m    (poll #1)  order=2b009f81
  [     65ms]  [91mstale[0m    (poll #2)  order=2b009f81
  [    126ms]  [91mstale[0m    (poll #3)  order=2b009f81
  [    190ms]  [91mstale[0m    (poll #4)  order=2b009f81
  [    260ms]  [91mstale[0m    (poll #5)  order=2b009f81
  [    329ms]  [91mstale[0m    (poll #6)  order=2b009f81
  [    399ms]  [91mstale[0m    (poll #7)  order=2b009f81
  [    468ms]  [91mstale[0m    (poll #8)  order=2b009f81
  [    540ms]  [92mVISIBLE[0m  (poll #9, X-Cache: MISS)  order=2b009f81

[96mOrder 655/1000:[0m
  [     11ms]  [91mstale[0m    (poll #1)  order=7883190e
  [     73ms]  [91mstale[0m    (poll #2)  order=7883190e
  [    136ms]  [91mstale[0m    (poll #3)  order=7883190e
  [    200ms]  [91mstale[0m    (poll #4)  order=7883190e
  [    266ms]  [91mstale[0m    (poll #5)  order=7883190e
  [    341ms]  [91mstale[0m    (poll #6)  order=7883190e
  [    413ms]  [91mstale[0m    (poll #7)  order=7883190e
  [    483ms]  [92mVISIBLE[0m  (poll #8, X-Cache: MISS)  order=7883190e

[96mOrder 656/1000:[0m
  [     10ms]  [91mstale[0m    (poll #1)  order=0f827f27
  [     74ms]  [91mstale[0m    (poll #2)  order=0f827f27
  [    137ms]  [91mstale[0m    (poll #3)  order=0f827f27
  [    199ms]  [91mstale[0m    (poll #4)  order=0f827f27
  [    262ms]  [91mstale[0m    (poll #5)  order=0f827f27
  [    326ms]  [91mstale[0m    (poll #6)  order=0f827f27
  [    389ms]  [91mstale[0m    (poll #7)  order=0f827f27
  [    450ms]  [91mstale[0m    (poll #8)  order=0f827f27
  [    520ms]  [92mVISIBLE[0m  (poll #9, X-Cache: MISS)  order=0f827f27

[96mOrder 657/1000:[0m
  [     11ms]  [91mstale[0m    (poll #1)  order=1335e2fa
  [     76ms]  [91mstale[0m    (poll #2)  order=1335e2fa
  [    140ms]  [91mstale[0m    (poll #3)  order=1335e2fa
  [    206ms]  [91mstale[0m    (poll #4)  order=1335e2fa
  [    272ms]  [91mstale[0m    (poll #5)  order=1335e2fa
  [    344ms]  [91mstale[0m    (poll #6)  order=1335e2fa
  [    417ms]  [91mstale[0m    (poll #7)  order=1335e2fa
  [    483ms]  [91mstale[0m    (poll #8)  order=1335e2fa
  [    556ms]  [92mVISIBLE[0m  (poll #9, X-Cache: MISS)  order=1335e2fa

[96mOrder 658/1000:[0m
  [     10ms]  [91mstale[0m    (poll #1)  order=97a918d2
  [     69ms]  [91mstale[0m    (poll #2)  order=97a918d2
  [    133ms]  [91mstale[0m    (poll #3)  order=97a918d2
  [    200ms]  [91mstale[0m    (poll #4)  order=97a918d2
  [    268ms]  [91mstale[0m    (poll #5)  order=97a918d2
  [    337ms]  [91mstale[0m    (poll #6)  order=97a918d2
  [    411ms]  [91mstale[0m    (poll #7)  order=97a918d2
  [    486ms]  [92mVISIBLE[0m  (poll #8, X-Cache: MISS)  order=97a918d2

[96mOrder 659/1000:[0m
  [     10ms]  [91mstale[0m    (poll #1)  order=26ffb11f
  [     74ms]  [91mstale[0m    (poll #2)  order=26ffb11f
  [    138ms]  [91mstale[0m    (poll #3)  order=26ffb11f
  [    203ms]  [91mstale[0m    (poll #4)  order=26ffb11f
  [    271ms]  [91mstale[0m    (poll #5)  order=26ffb11f
  [    342ms]  [91mstale[0m    (poll #6)  order=26ffb11f
  [    411ms]  [92mVISIBLE[0m  (poll #7, X-Cache: MISS)  order=26ffb11f

[96mOrder 660/1000:[0m
  [     11ms]  [91mstale[0m    (poll #1)  order=8ff51ed2
  [     75ms]  [91mstale[0m    (poll #2)  order=8ff51ed2
  [    141ms]  [91mstale[0m    (poll #3)  order=8ff51ed2
  [    203ms]  [91mstale[0m    (poll #4)  order=8ff51ed2
  [    275ms]  [91mstale[0m    (poll #5)  order=8ff51ed2
  [    348ms]  [91mstale[0m    (poll #6)  order=8ff51ed2
  [    418ms]  [91mstale[0m    (poll #7)  order=8ff51ed2
  [    489ms]  [92mVISIBLE[0m  (poll #8, X-Cache: MISS)  order=8ff51ed2

[96mOrder 661/1000:[0m
  [     11ms]  [91mstale[0m    (poll #1)  order=648f034b
  [     75ms]  [91mstale[0m    (poll #2)  order=648f034b
  [    140ms]  [91mstale[0m    (poll #3)  order=648f034b
  [    206ms]  [91mstale[0m    (poll #4)  order=648f034b
  [    269ms]  [91mstale[0m    (poll #5)  order=648f034b
  [    337ms]  [91mstale[0m    (poll #6)  order=648f034b
  [    410ms]  [91mstale[0m    (poll #7)  order=648f034b
  [    479ms]  [92mVISIBLE[0m  (poll #8, X-Cache: MISS)  order=648f034b

[96mOrder 662/1000:[0m
  [     11ms]  [91mstale[0m    (poll #1)  order=3b39e965
  [     75ms]  [91mstale[0m    (poll #2)  order=3b39e965
  [    135ms]  [91mstale[0m    (poll #3)  order=3b39e965
  [    198ms]  [91mstale[0m    (poll #4)  order=3b39e965
  [    260ms]  [91mstale[0m    (poll #5)  order=3b39e965
  [    330ms]  [91mstale[0m    (poll #6)  order=3b39e965
  [    399ms]  [91mstale[0m    (poll #7)  order=3b39e965
  [    468ms]  [91mstale[0m    (poll #8)  order=3b39e965
  [    541ms]  [92mVISIBLE[0m  (poll #9, X-Cache: MISS)  order=3b39e965

[96mOrder 663/1000:[0m
  [     10ms]  [91mstale[0m    (poll #1)  order=7a15f8d2
  [     74ms]  [91mstale[0m    (poll #2)  order=7a15f8d2
  [    139ms]  [91mstale[0m    (poll #3)  order=7a15f8d2
  [    204ms]  [91mstale[0m    (poll #4)  order=7a15f8d2
  [    271ms]  [91mstale[0m    (poll #5)  order=7a15f8d2
  [    338ms]  [91mstale[0m    (poll #6)  order=7a15f8d2
  [    411ms]  [91mstale[0m    (poll #7)  order=7a15f8d2
  [    480ms]  [92mVISIBLE[0m  (poll #8, X-Cache: MISS)  order=7a15f8d2

[96mOrder 664/1000:[0m
  [     10ms]  [91mstale[0m    (poll #1)  order=4c793922
  [     72ms]  [91mstale[0m    (poll #2)  order=4c793922
  [    132ms]  [91mstale[0m    (poll #3)  order=4c793922
  [    199ms]  [91mstale[0m    (poll #4)  order=4c793922
  [    265ms]  [91mstale[0m    (poll #5)  order=4c793922
  [    330ms]  [91mstale[0m    (poll #6)  order=4c793922
  [    401ms]  [91mstale[0m    (poll #7)  order=4c793922
  [    470ms]  [91mstale[0m    (poll #8)  order=4c793922
  [    541ms]  [92mVISIBLE[0m  (poll #9, X-Cache: MISS)  order=4c793922

[96mOrder 665/1000:[0m
  [     11ms]  [91mstale[0m    (poll #1)  order=3f996378
  [     70ms]  [91mstale[0m    (poll #2)  order=3f996378
  [    133ms]  [91mstale[0m    (poll #3)  order=3f996378
  [    194ms]  [91mstale[0m    (poll #4)  order=3f996378
  [    263ms]  [91mstale[0m    (poll #5)  order=3f996378
  [    332ms]  [91mstale[0m    (poll #6)  order=3f996378
  [    399ms]  [91mstale[0m    (poll #7)  order=3f996378
  [    471ms]  [92mVISIBLE[0m  (poll #8, X-Cache: MISS)  order=3f996378

[96mOrder 666/1000:[0m
  [      7ms]  [91mstale[0m    (poll #1)  order=1e042510
  [     69ms]  [91mstale[0m    (poll #2)  order=1e042510
  [    130ms]  [91mstale[0m    (poll #3)  order=1e042510
  [    194ms]  [91mstale[0m    (poll #4)  order=1e042510
  [    262ms]  [91mstale[0m    (poll #5)  order=1e042510
  [    330ms]  [91mstale[0m    (poll #6)  order=1e042510
  [    402ms]  [91mstale[0m    (poll #7)  order=1e042510
  [    473ms]  [91mstale[0m    (poll #8)  order=1e042510
  [    546ms]  [92mVISIBLE[0m  (poll #9, X-Cache: MISS)  order=1e042510

[96mOrder 667/1000:[0m
  [      9ms]  [91mstale[0m    (poll #1)  order=df7973ee
  [     70ms]  [91mstale[0m    (poll #2)  order=df7973ee
  [    127ms]  [91mstale[0m    (poll #3)  order=df7973ee
  [    190ms]  [91mstale[0m    (poll #4)  order=df7973ee
  [    247ms]  [91mstale[0m    (poll #5)  order=df7973ee
  [    308ms]  [91mstale[0m    (poll #6)  order=df7973ee
  [    370ms]  [91mstale[0m    (poll #7)  order=df7973ee
  [    433ms]  [91mstale[0m    (poll #8)  order=df7973ee
  [    500ms]  [92mVISIBLE[0m  (poll #9, X-Cache: MISS)  order=df7973ee

[96mOrder 668/1000:[0m
  [      8ms]  [91mstale[0m    (poll #1)  order=8551c86f
  [     70ms]  [91mstale[0m    (poll #2)  order=8551c86f
  [    132ms]  [91mstale[0m    (poll #3)  order=8551c86f
  [    196ms]  [91mstale[0m    (poll #4)  order=8551c86f
  [    267ms]  [91mstale[0m    (poll #5)  order=8551c86f
  [    340ms]  [91mstale[0m    (poll #6)  order=8551c86f
  [    413ms]  [91mstale[0m    (poll #7)  order=8551c86f
  [    483ms]  [92mVISIBLE[0m  (poll #8, X-Cache: MISS)  order=8551c86f

[96mOrder 669/1000:[0m
  [      9ms]  [91mstale[0m    (poll #1)  order=af835c6a
  [     70ms]  [91mstale[0m    (poll #2)  order=af835c6a
  [    135ms]  [91mstale[0m    (poll #3)  order=af835c6a
  [    195ms]  [91mstale[0m    (poll #4)  order=af835c6a
  [    266ms]  [91mstale[0m    (poll #5)  order=af835c6a
  [    335ms]  [91mstale[0m    (poll #6)  order=af835c6a
  [    408ms]  [91mstale[0m    (poll #7)  order=af835c6a
  [    481ms]  [92mVISIBLE[0m  (poll #8, X-Cache: MISS)  order=af835c6a

[96mOrder 670/1000:[0m
  [      9ms]  [91mstale[0m    (poll #1)  order=505af462
  [     73ms]  [91mstale[0m    (poll #2)  order=505af462
  [    135ms]  [91mstale[0m    (poll #3)  order=505af462
  [    199ms]  [91mstale[0m    (poll #4)  order=505af462
  [    261ms]  [91mstale[0m    (poll #5)  order=505af462
  [    325ms]  [91mstale[0m    (poll #6)  order=505af462
  [    387ms]  [91mstale[0m    (poll #7)  order=505af462
  [    449ms]  [91mstale[0m    (poll #8)  order=505af462
  [    513ms]  [92mVISIBLE[0m  (poll #9, X-Cache: MISS)  order=505af462

[96mOrder 671/1000:[0m
  [      7ms]  [91mstale[0m    (poll #1)  order=e9c8a046
  [     69ms]  [91mstale[0m    (poll #2)  order=e9c8a046
  [    132ms]  [91mstale[0m    (poll #3)  order=e9c8a046
  [    196ms]  [91mstale[0m    (poll #4)  order=e9c8a046
  [    263ms]  [91mstale[0m    (poll #5)  order=e9c8a046
  [    330ms]  [91mstale[0m    (poll #6)  order=e9c8a046
  [    401ms]  [92mVISIBLE[0m  (poll #7, X-Cache: MISS)  order=e9c8a046

[96mOrder 672/1000:[0m
  [      9ms]  [91mstale[0m    (poll #1)  order=8bc325c1
  [     72ms]  [91mstale[0m    (poll #2)  order=8bc325c1
  [    132ms]  [91mstale[0m    (poll #3)  order=8bc325c1
  [    199ms]  [91mstale[0m    (poll #4)  order=8bc325c1
  [    270ms]  [91mstale[0m    (poll #5)  order=8bc325c1
  [    342ms]  [91mstale[0m    (poll #6)  order=8bc325c1
  [    411ms]  [91mstale[0m    (poll #7)  order=8bc325c1
  [    481ms]  [92mVISIBLE[0m  (poll #8, X-Cache: MISS)  order=8bc325c1

[96mOrder 673/1000:[0m
  [      9ms]  [91mstale[0m    (poll #1)  order=3941c40f
  [     73ms]  [91mstale[0m    (poll #2)  order=3941c40f
  [    136ms]  [91mstale[0m    (poll #3)  order=3941c40f
  [    205ms]  [91mstale[0m    (poll #4)  order=3941c40f
  [    274ms]  [91mstale[0m    (poll #5)  order=3941c40f
  [    346ms]  [91mstale[0m    (poll #6)  order=3941c40f
  [    419ms]  [91mstale[0m    (poll #7)  order=3941c40f
  [    489ms]  [91mstale[0m    (poll #8)  order=3941c40f
  [    561ms]  [92mVISIBLE[0m  (poll #9, X-Cache: MISS)  order=3941c40f

[96mOrder 674/1000:[0m
  [      9ms]  [91mstale[0m    (poll #1)  order=5b52c42b
  [     74ms]  [91mstale[0m    (poll #2)  order=5b52c42b
  [    134ms]  [91mstale[0m    (poll #3)  order=5b52c42b
  [    197ms]  [91mstale[0m    (poll #4)  order=5b52c42b
  [    266ms]  [91mstale[0m    (poll #5)  order=5b52c42b
  [    339ms]  [91mstale[0m    (poll #6)  order=5b52c42b
  [    407ms]  [91mstale[0m    (poll #7)  order=5b52c42b
  [    473ms]  [92mVISIBLE[0m  (poll #8, X-Cache: MISS)  order=5b52c42b

[96mOrder 675/1000:[0m
  [      9ms]  [91mstale[0m    (poll #1)  order=607432b4
  [     73ms]  [91mstale[0m    (poll #2)  order=607432b4
  [    137ms]  [91mstale[0m    (poll #3)  order=607432b4
  [    201ms]  [91mstale[0m    (poll #4)  order=607432b4
  [    267ms]  [91mstale[0m    (poll #5)  order=607432b4
  [    337ms]  [91mstale[0m    (poll #6)  order=607432b4
  [    395ms]  [91mstale[0m    (poll #7)  order=607432b4
  [    454ms]  [91mstale[0m    (poll #8)  order=607432b4
  [    514ms]  [92mVISIBLE[0m  (poll #9, X-Cache: MISS)  order=607432b4

[96mOrder 676/1000:[0m
  [      4ms]  [91mstale[0m    (poll #1)  order=64af11d1
  [     62ms]  [91mstale[0m    (poll #2)  order=64af11d1
  [    125ms]  [91mstale[0m    (poll #3)  order=64af11d1
  [    187ms]  [91mstale[0m    (poll #4)  order=64af11d1
  [    254ms]  [91mstale[0m    (poll #5)  order=64af11d1
  [    321ms]  [91mstale[0m    (poll #6)  order=64af11d1
  [    396ms]  [91mstale[0m    (poll #7)  order=64af11d1
  [    466ms]  [91mstale[0m    (poll #8)  order=64af11d1
  [    535ms]  [92mVISIBLE[0m  (poll #9, X-Cache: MISS)  order=64af11d1

[96mOrder 677/1000:[0m
  [      8ms]  [91mstale[0m    (poll #1)  order=050e6387
  [     68ms]  [91mstale[0m    (poll #2)  order=050e6387
  [    131ms]  [91mstale[0m    (poll #3)  order=050e6387
  [    193ms]  [91mstale[0m    (poll #4)  order=050e6387
  [    261ms]  [91mstale[0m    (poll #5)  order=050e6387
  [    330ms]  [91mstale[0m    (poll #6)  order=050e6387
  [    402ms]  [91mstale[0m    (poll #7)  order=050e6387
  [    474ms]  [92mVISIBLE[0m  (poll #8, X-Cache: MISS)  order=050e6387

[96mOrder 678/1000:[0m
  [     11ms]  [91mstale[0m    (poll #1)  order=047e2760
  [     75ms]  [91mstale[0m    (poll #2)  order=047e2760
  [    140ms]  [91mstale[0m    (poll #3)  order=047e2760
  [    206ms]  [91mstale[0m    (poll #4)  order=047e2760
  [    272ms]  [91mstale[0m    (poll #5)  order=047e2760
  [    343ms]  [91mstale[0m    (poll #6)  order=047e2760
  [    411ms]  [91mstale[0m    (poll #7)  order=047e2760
  [    481ms]  [91mstale[0m    (poll #8)  order=047e2760
  [    551ms]  [92mVISIBLE[0m  (poll #9, X-Cache: MISS)  order=047e2760

[96mOrder 679/1000:[0m
  [     10ms]  [91mstale[0m    (poll #1)  order=4ac5a7ad
  [     74ms]  [91mstale[0m    (poll #2)  order=4ac5a7ad
  [    138ms]  [91mstale[0m    (poll #3)  order=4ac5a7ad
  [    201ms]  [91mstale[0m    (poll #4)  order=4ac5a7ad
  [    270ms]  [91mstale[0m    (poll #5)  order=4ac5a7ad
  [    344ms]  [91mstale[0m    (poll #6)  order=4ac5a7ad
  [    415ms]  [91mstale[0m    (poll #7)  order=4ac5a7ad
  [    483ms]  [92mVISIBLE[0m  (poll #8, X-Cache: MISS)  order=4ac5a7ad

[96mOrder 680/1000:[0m
  [     11ms]  [91mstale[0m    (poll #1)  order=b0ff7e34
  [     75ms]  [91mstale[0m    (poll #2)  order=b0ff7e34
  [    139ms]  [91mstale[0m    (poll #3)  order=b0ff7e34
  [    202ms]  [91mstale[0m    (poll #4)  order=b0ff7e34
  [    270ms]  [91mstale[0m    (poll #5)  order=b0ff7e34
  [    343ms]  [91mstale[0m    (poll #6)  order=b0ff7e34
  [    412ms]  [91mstale[0m    (poll #7)  order=b0ff7e34
  [    483ms]  [92mVISIBLE[0m  (poll #8, X-Cache: MISS)  order=b0ff7e34

[96mOrder 681/1000:[0m
  [     11ms]  [91mstale[0m    (poll #1)  order=97faa7c4
  [     72ms]  [91mstale[0m    (poll #2)  order=97faa7c4
  [    131ms]  [91mstale[0m    (poll #3)  order=97faa7c4
  [    197ms]  [91mstale[0m    (poll #4)  order=97faa7c4
  [    269ms]  [91mstale[0m    (poll #5)  order=97faa7c4
  [    341ms]  [91mstale[0m    (poll #6)  order=97faa7c4
  [    413ms]  [91mstale[0m    (poll #7)  order=97faa7c4
  [    483ms]  [91mstale[0m    (poll #8)  order=97faa7c4
  [    558ms]  [92mVISIBLE[0m  (poll #9, X-Cache: MISS)  order=97faa7c4

[96mOrder 682/1000:[0m
  [     11ms]  [91mstale[0m    (poll #1)  order=e94437cd
  [     75ms]  [91mstale[0m    (poll #2)  order=e94437cd
  [    138ms]  [91mstale[0m    (poll #3)  order=e94437cd
  [    202ms]  [91mstale[0m    (poll #4)  order=e94437cd
  [    268ms]  [91mstale[0m    (poll #5)  order=e94437cd
  [    339ms]  [91mstale[0m    (poll #6)  order=e94437cd
  [    406ms]  [91mstale[0m    (poll #7)  order=e94437cd
  [    480ms]  [92mVISIBLE[0m  (poll #8, X-Cache: MISS)  order=e94437cd

[96mOrder 683/1000:[0m
  [     10ms]  [91mstale[0m    (poll #1)  order=9beee3e2
  [     75ms]  [91mstale[0m    (poll #2)  order=9beee3e2
  [    139ms]  [91mstale[0m    (poll #3)  order=9beee3e2
  [    203ms]  [91mstale[0m    (poll #4)  order=9beee3e2
  [    273ms]  [91mstale[0m    (poll #5)  order=9beee3e2
  [    345ms]  [91mstale[0m    (poll #6)  order=9beee3e2
  [    415ms]  [91mstale[0m    (poll #7)  order=9beee3e2
  [    485ms]  [92mVISIBLE[0m  (poll #8, X-Cache: MISS)  order=9beee3e2

[96mOrder 684/1000:[0m
  [      8ms]  [91mstale[0m    (poll #1)  order=0e0eb8ca
  [     69ms]  [91mstale[0m    (poll #2)  order=0e0eb8ca
  [    127ms]  [91mstale[0m    (poll #3)  order=0e0eb8ca
  [    192ms]  [91mstale[0m    (poll #4)  order=0e0eb8ca
  [    263ms]  [91mstale[0m    (poll #5)  order=0e0eb8ca
  [    335ms]  [91mstale[0m    (poll #6)  order=0e0eb8ca
  [    403ms]  [91mstale[0m    (poll #7)  order=0e0eb8ca
  [    476ms]  [91mstale[0m    (poll #8)  order=0e0eb8ca
  [    549ms]  [92mVISIBLE[0m  (poll #9, X-Cache: MISS)  order=0e0eb8ca

[96mOrder 685/1000:[0m
  [     11ms]  [91mstale[0m    (poll #1)  order=8aa9f99a
  [     75ms]  [91mstale[0m    (poll #2)  order=8aa9f99a
  [    137ms]  [91mstale[0m    (poll #3)  order=8aa9f99a
  [    204ms]  [91mstale[0m    (poll #4)  order=8aa9f99a
  [    266ms]  [91mstale[0m    (poll #5)  order=8aa9f99a
  [    330ms]  [91mstale[0m    (poll #6)  order=8aa9f99a
  [    391ms]  [91mstale[0m    (poll #7)  order=8aa9f99a
  [    453ms]  [92mVISIBLE[0m  (poll #8, X-Cache: MISS)  order=8aa9f99a

[96mOrder 686/1000:[0m
  [      7ms]  [91mstale[0m    (poll #1)  order=c6a6400c
  [     69ms]  [91mstale[0m    (poll #2)  order=c6a6400c
  [    130ms]  [91mstale[0m    (poll #3)  order=c6a6400c
  [    196ms]  [91mstale[0m    (poll #4)  order=c6a6400c
  [    265ms]  [91mstale[0m    (poll #5)  order=c6a6400c
  [    335ms]  [91mstale[0m    (poll #6)  order=c6a6400c
  [    408ms]  [92mVISIBLE[0m  (poll #7, X-Cache: MISS)  order=c6a6400c

[96mOrder 687/1000:[0m
  [     10ms]  [91mstale[0m    (poll #1)  order=a4cbd05b
  [     71ms]  [91mstale[0m    (poll #2)  order=a4cbd05b
  [    133ms]  [91mstale[0m    (poll #3)  order=a4cbd05b
  [    190ms]  [91mstale[0m    (poll #4)  order=a4cbd05b
  [    252ms]  [91mstale[0m    (poll #5)  order=a4cbd05b
  [    310ms]  [91mstale[0m    (poll #6)  order=a4cbd05b
  [    371ms]  [91mstale[0m    (poll #7)  order=a4cbd05b
  [    433ms]  [92mVISIBLE[0m  (poll #8, X-Cache: MISS)  order=a4cbd05b

[96mOrder 688/1000:[0m
  [      6ms]  [91mstale[0m    (poll #1)  order=aa8766db
  [     66ms]  [91mstale[0m    (poll #2)  order=aa8766db
  [    128ms]  [91mstale[0m    (poll #3)  order=aa8766db
  [    190ms]  [91mstale[0m    (poll #4)  order=aa8766db
  [    251ms]  [91mstale[0m    (poll #5)  order=aa8766db
  [    314ms]  [91mstale[0m    (poll #6)  order=aa8766db
  [    382ms]  [91mstale[0m    (poll #7)  order=aa8766db
  [    453ms]  [92mVISIBLE[0m  (poll #8, X-Cache: MISS)  order=aa8766db

[96mOrder 689/1000:[0m
  [     11ms]  [91mstale[0m    (poll #1)  order=beb0499c
  [     71ms]  [91mstale[0m    (poll #2)  order=beb0499c
  [    132ms]  [91mstale[0m    (poll #3)  order=beb0499c
  [    192ms]  [91mstale[0m    (poll #4)  order=beb0499c
  [    255ms]  [91mstale[0m    (poll #5)  order=beb0499c
  [    323ms]  [91mstale[0m    (poll #6)  order=beb0499c
  [    394ms]  [91mstale[0m    (poll #7)  order=beb0499c
  [    466ms]  [91mstale[0m    (poll #8)  order=beb0499c
  [    540ms]  [92mVISIBLE[0m  (poll #9, X-Cache: MISS)  order=beb0499c

[96mOrder 690/1000:[0m
  [      6ms]  [91mstale[0m    (poll #1)  order=6319022d
  [     67ms]  [91mstale[0m    (poll #2)  order=6319022d
  [    123ms]  [91mstale[0m    (poll #3)  order=6319022d
  [    187ms]  [91mstale[0m    (poll #4)  order=6319022d
  [    244ms]  [91mstale[0m    (poll #5)  order=6319022d
  [    306ms]  [91mstale[0m    (poll #6)  order=6319022d
  [    368ms]  [92mVISIBLE[0m  (poll #7, X-Cache: MISS)  order=6319022d

[96mOrder 691/1000:[0m
  [      7ms]  [91mstale[0m    (poll #1)  order=2abf8e0d
  [     68ms]  [91mstale[0m    (poll #2)  order=2abf8e0d
  [    127ms]  [91mstale[0m    (poll #3)  order=2abf8e0d
  [    191ms]  [91mstale[0m    (poll #4)  order=2abf8e0d
  [    263ms]  [91mstale[0m    (poll #5)  order=2abf8e0d
  [    331ms]  [91mstale[0m    (poll #6)  order=2abf8e0d
  [    403ms]  [91mstale[0m    (poll #7)  order=2abf8e0d
  [    474ms]  [91mstale[0m    (poll #8)  order=2abf8e0d
  [    542ms]  [92mVISIBLE[0m  (poll #9, X-Cache: MISS)  order=2abf8e0d

[96mOrder 692/1000:[0m
  [     11ms]  [91mstale[0m    (poll #1)  order=5275e102
  [     76ms]  [91mstale[0m    (poll #2)  order=5275e102
  [    138ms]  [91mstale[0m    (poll #3)  order=5275e102
  [    202ms]  [91mstale[0m    (poll #4)  order=5275e102
  [    266ms]  [91mstale[0m    (poll #5)  order=5275e102
  [    331ms]  [91mstale[0m    (poll #6)  order=5275e102
  [    400ms]  [91mstale[0m    (poll #7)  order=5275e102
  [    471ms]  [92mVISIBLE[0m  (poll #8, X-Cache: MISS)  order=5275e102

[96mOrder 693/1000:[0m
  [     11ms]  [91mstale[0m    (poll #1)  order=54506cc7
  [     75ms]  [91mstale[0m    (poll #2)  order=54506cc7
  [    137ms]  [91mstale[0m    (poll #3)  order=54506cc7
  [    203ms]  [91mstale[0m    (poll #4)  order=54506cc7
  [    272ms]  [91mstale[0m    (poll #5)  order=54506cc7
  [    341ms]  [91mstale[0m    (poll #6)  order=54506cc7
  [    413ms]  [91mstale[0m    (poll #7)  order=54506cc7
  [    487ms]  [91mstale[0m    (poll #8)  order=54506cc7
  [    556ms]  [92mVISIBLE[0m  (poll #9, X-Cache: MISS)  order=54506cc7

[96mOrder 694/1000:[0m
  [     11ms]  [91mstale[0m    (poll #1)  order=84d80b8f
  [     76ms]  [91mstale[0m    (poll #2)  order=84d80b8f
  [    140ms]  [91mstale[0m    (poll #3)  order=84d80b8f
  [    201ms]  [91mstale[0m    (poll #4)  order=84d80b8f
  [    279ms]  [91mstale[0m    (poll #5)  order=84d80b8f
  [    343ms]  [91mstale[0m    (poll #6)  order=84d80b8f
  [    412ms]  [91mstale[0m    (poll #7)  order=84d80b8f
  [    481ms]  [92mVISIBLE[0m  (poll #8, X-Cache: MISS)  order=84d80b8f

[96mOrder 695/1000:[0m
  [     10ms]  [91mstale[0m    (poll #1)  order=b987340e
  [     74ms]  [91mstale[0m    (poll #2)  order=b987340e
  [    134ms]  [91mstale[0m    (poll #3)  order=b987340e
  [    193ms]  [91mstale[0m    (poll #4)  order=b987340e
  [    255ms]  [91mstale[0m    (poll #5)  order=b987340e
  [    318ms]  [91mstale[0m    (poll #6)  order=b987340e
  [    380ms]  [91mstale[0m    (poll #7)  order=b987340e
  [    440ms]  [91mstale[0m    (poll #8)  order=b987340e
  [    504ms]  [92mVISIBLE[0m  (poll #9, X-Cache: MISS)  order=b987340e

[96mOrder 696/1000:[0m
  [      5ms]  [91mstale[0m    (poll #1)  order=aa8ef97e
  [     66ms]  [91mstale[0m    (poll #2)  order=aa8ef97e
  [    128ms]  [91mstale[0m    (poll #3)  order=aa8ef97e
  [    195ms]  [91mstale[0m    (poll #4)  order=aa8ef97e
  [    263ms]  [91mstale[0m    (poll #5)  order=aa8ef97e
  [    332ms]  [91mstale[0m    (poll #6)  order=aa8ef97e
  [    400ms]  [91mstale[0m    (poll #7)  order=aa8ef97e
  [    468ms]  [92mVISIBLE[0m  (poll #8, X-Cache: MISS)  order=aa8ef97e

[96mOrder 697/1000:[0m
  [     10ms]  [91mstale[0m    (poll #1)  order=ebf0cd8a
  [     70ms]  [91mstale[0m    (poll #2)  order=ebf0cd8a
  [    135ms]  [91mstale[0m    (poll #3)  order=ebf0cd8a
  [    201ms]  [91mstale[0m    (poll #4)  order=ebf0cd8a
  [    271ms]  [91mstale[0m    (poll #5)  order=ebf0cd8a
  [    340ms]  [91mstale[0m    (poll #6)  order=ebf0cd8a
  [    408ms]  [91mstale[0m    (poll #7)  order=ebf0cd8a
  [    478ms]  [91mstale[0m    (poll #8)  order=ebf0cd8a
  [    550ms]  [92mVISIBLE[0m  (poll #9, X-Cache: MISS)  order=ebf0cd8a

[96mOrder 698/1000:[0m
  [     12ms]  [91mstale[0m    (poll #1)  order=009a41d2
  [     75ms]  [91mstale[0m    (poll #2)  order=009a41d2
  [    139ms]  [91mstale[0m    (poll #3)  order=009a41d2
  [    207ms]  [91mstale[0m    (poll #4)  order=009a41d2
  [    279ms]  [91mstale[0m    (poll #5)  order=009a41d2
  [    349ms]  [91mstale[0m    (poll #6)  order=009a41d2
  [    419ms]  [91mstale[0m    (poll #7)  order=009a41d2
  [    492ms]  [92mVISIBLE[0m  (poll #8, X-Cache: MISS)  order=009a41d2

[96mOrder 699/1000:[0m
  [     11ms]  [91mstale[0m    (poll #1)  order=baa6e3e2
  [     75ms]  [91mstale[0m    (poll #2)  order=baa6e3e2
  [    138ms]  [91mstale[0m    (poll #3)  order=baa6e3e2
  [    205ms]  [91mstale[0m    (poll #4)  order=baa6e3e2
  [    274ms]  [91mstale[0m    (poll #5)  order=baa6e3e2
  [    348ms]  [91mstale[0m    (poll #6)  order=baa6e3e2
  [    420ms]  [91mstale[0m    (poll #7)  order=baa6e3e2
  [    493ms]  [92mVISIBLE[0m  (poll #8, X-Cache: MISS)  order=baa6e3e2

[96mOrder 700/1000:[0m
  [     10ms]  [91mstale[0m    (poll #1)  order=c1bea83a
  [     74ms]  [91mstale[0m    (poll #2)  order=c1bea83a
  [    139ms]  [91mstale[0m    (poll #3)  order=c1bea83a
  [    200ms]  [91mstale[0m    (poll #4)  order=c1bea83a
  [    269ms]  [91mstale[0m    (poll #5)  order=c1bea83a
  [    339ms]  [91mstale[0m    (poll #6)  order=c1bea83a
  [    407ms]  [91mstale[0m    (poll #7)  order=c1bea83a
  [    474ms]  [92mVISIBLE[0m  (poll #8, X-Cache: MISS)  order=c1bea83a

[96mOrder 701/1000:[0m
  [      9ms]  [91mstale[0m    (poll #1)  order=ef202a9d
  [     71ms]  [91mstale[0m    (poll #2)  order=ef202a9d
  [    134ms]  [91mstale[0m    (poll #3)  order=ef202a9d
  [    201ms]  [91mstale[0m    (poll #4)  order=ef202a9d
  [    267ms]  [91mstale[0m    (poll #5)  order=ef202a9d
  [    333ms]  [91mstale[0m    (poll #6)  order=ef202a9d
  [    407ms]  [92mVISIBLE[0m  (poll #7, X-Cache: MISS)  order=ef202a9d

[96mOrder 702/1000:[0m
  [     10ms]  [91mstale[0m    (poll #1)  order=efa03ebe
  [     73ms]  [91mstale[0m    (poll #2)  order=efa03ebe
  [    137ms]  [91mstale[0m    (poll #3)  order=efa03ebe
  [    206ms]  [91mstale[0m    (poll #4)  order=efa03ebe
  [    278ms]  [91mstale[0m    (poll #5)  order=efa03ebe
  [    351ms]  [91mstale[0m    (poll #6)  order=efa03ebe
  [    415ms]  [91mstale[0m    (poll #7)  order=efa03ebe
  [    480ms]  [91mstale[0m    (poll #8)  order=efa03ebe
  [    551ms]  [92mVISIBLE[0m  (poll #9, X-Cache: MISS)  order=efa03ebe

[96mOrder 703/1000:[0m
  [     10ms]  [91mstale[0m    (poll #1)  order=148144d3
  [     74ms]  [91mstale[0m    (poll #2)  order=148144d3
  [    133ms]  [91mstale[0m    (poll #3)  order=148144d3
  [    198ms]  [91mstale[0m    (poll #4)  order=148144d3
  [    269ms]  [91mstale[0m    (poll #5)  order=148144d3
  [    341ms]  [91mstale[0m    (poll #6)  order=148144d3
  [    414ms]  [91mstale[0m    (poll #7)  order=148144d3
  [    483ms]  [92mVISIBLE[0m  (poll #8, X-Cache: MISS)  order=148144d3

[96mOrder 704/1000:[0m
  [     10ms]  [91mstale[0m    (poll #1)  order=31260137
  [     74ms]  [91mstale[0m    (poll #2)  order=31260137
  [    138ms]  [91mstale[0m    (poll #3)  order=31260137
  [    204ms]  [91mstale[0m    (poll #4)  order=31260137
  [    274ms]  [91mstale[0m    (poll #5)  order=31260137
  [    344ms]  [91mstale[0m    (poll #6)  order=31260137
  [    419ms]  [91mstale[0m    (poll #7)  order=31260137
  [    490ms]  [92mVISIBLE[0m  (poll #8, X-Cache: MISS)  order=31260137

[96mOrder 705/1000:[0m
  [      8ms]  [91mstale[0m    (poll #1)  order=9c58607b
  [     72ms]  [91mstale[0m    (poll #2)  order=9c58607b
  [    132ms]  [91mstale[0m    (poll #3)  order=9c58607b
  [    194ms]  [91mstale[0m    (poll #4)  order=9c58607b
  [    262ms]  [91mstale[0m    (poll #5)  order=9c58607b
  [    336ms]  [91mstale[0m    (poll #6)  order=9c58607b
  [    395ms]  [91mstale[0m    (poll #7)  order=9c58607b
  [    458ms]  [91mstale[0m    (poll #8)  order=9c58607b
  [    524ms]  [92mVISIBLE[0m  (poll #9, X-Cache: MISS)  order=9c58607b

[96mOrder 706/1000:[0m
  [      7ms]  [91mstale[0m    (poll #1)  order=0fa11475
  [     66ms]  [91mstale[0m    (poll #2)  order=0fa11475
  [    130ms]  [91mstale[0m    (poll #3)  order=0fa11475
  [    193ms]  [91mstale[0m    (poll #4)  order=0fa11475
  [    259ms]  [91mstale[0m    (poll #5)  order=0fa11475
  [    331ms]  [91mstale[0m    (poll #6)  order=0fa11475
  [    400ms]  [91mstale[0m    (poll #7)  order=0fa11475
  [    473ms]  [92mVISIBLE[0m  (poll #8, X-Cache: MISS)  order=0fa11475

[96mOrder 707/1000:[0m
  [      8ms]  [91mstale[0m    (poll #1)  order=4c88a529
  [     73ms]  [91mstale[0m    (poll #2)  order=4c88a529
  [    132ms]  [91mstale[0m    (poll #3)  order=4c88a529
  [    195ms]  [91mstale[0m    (poll #4)  order=4c88a529
  [    252ms]  [91mstale[0m    (poll #5)  order=4c88a529
  [    309ms]  [91mstale[0m    (poll #6)  order=4c88a529
  [    371ms]  [91mstale[0m    (poll #7)  order=4c88a529
  [    430ms]  [91mstale[0m    (poll #8)  order=4c88a529
  [    489ms]  [92mVISIBLE[0m  (poll #9, X-Cache: MISS)  order=4c88a529

[96mOrder 708/1000:[0m
  [      6ms]  [91mstale[0m    (poll #1)  order=83babc99
  [     67ms]  [91mstale[0m    (poll #2)  order=83babc99
  [    125ms]  [91mstale[0m    (poll #3)  order=83babc99
  [    189ms]  [91mstale[0m    (poll #4)  order=83babc99
  [    256ms]  [91mstale[0m    (poll #5)  order=83babc99
  [    326ms]  [91mstale[0m    (poll #6)  order=83babc99
  [    398ms]  [91mstale[0m    (poll #7)  order=83babc99
  [    470ms]  [91mstale[0m    (poll #8)  order=83babc99
  [    545ms]  [92mVISIBLE[0m  (poll #9, X-Cache: MISS)  order=83babc99

[96mOrder 709/1000:[0m
  [     11ms]  [91mstale[0m    (poll #1)  order=9da96a58
  [     76ms]  [91mstale[0m    (poll #2)  order=9da96a58
  [    140ms]  [91mstale[0m    (poll #3)  order=9da96a58
  [    204ms]  [91mstale[0m    (poll #4)  order=9da96a58
  [    271ms]  [91mstale[0m    (poll #5)  order=9da96a58
  [    345ms]  [91mstale[0m    (poll #6)  order=9da96a58
  [    405ms]  [91mstale[0m    (poll #7)  order=9da96a58
  [    468ms]  [92mVISIBLE[0m  (poll #8, X-Cache: MISS)  order=9da96a58

[96mOrder 710/1000:[0m
  [      4ms]  [91mstale[0m    (poll #1)  order=e3031c6f
  [     64ms]  [91mstale[0m    (poll #2)  order=e3031c6f
  [    124ms]  [91mstale[0m    (poll #3)  order=e3031c6f
  [    188ms]  [91mstale[0m    (poll #4)  order=e3031c6f
  [    249ms]  [91mstale[0m    (poll #5)  order=e3031c6f
  [    308ms]  [91mstale[0m    (poll #6)  order=e3031c6f
  [    372ms]  [91mstale[0m    (poll #7)  order=e3031c6f
  [    444ms]  [91mstale[0m    (poll #8)  order=e3031c6f
  [    518ms]  [92mVISIBLE[0m  (poll #9, X-Cache: MISS)  order=e3031c6f

[96mOrder 711/1000:[0m
  [     12ms]  [91mstale[0m    (poll #1)  order=7a4ab6cc
  [     75ms]  [91mstale[0m    (poll #2)  order=7a4ab6cc
  [    135ms]  [91mstale[0m    (poll #3)  order=7a4ab6cc
  [    200ms]  [91mstale[0m    (poll #4)  order=7a4ab6cc
  [    267ms]  [91mstale[0m    (poll #5)  order=7a4ab6cc
  [    337ms]  [91mstale[0m    (poll #6)  order=7a4ab6cc
  [    407ms]  [91mstale[0m    (poll #7)  order=7a4ab6cc
  [    477ms]  [92mVISIBLE[0m  (poll #8, X-Cache: MISS)  order=7a4ab6cc

[96mOrder 712/1000:[0m
  [      8ms]  [91mstale[0m    (poll #1)  order=8b168894
  [     70ms]  [91mstale[0m    (poll #2)  order=8b168894
  [    133ms]  [91mstale[0m    (poll #3)  order=8b168894
  [    199ms]  [91mstale[0m    (poll #4)  order=8b168894
  [    271ms]  [91mstale[0m    (poll #5)  order=8b168894
  [    344ms]  [91mstale[0m    (poll #6)  order=8b168894
  [    414ms]  [91mstale[0m    (poll #7)  order=8b168894
  [    487ms]  [91mstale[0m    (poll #8)  order=8b168894
  [    562ms]  [92mVISIBLE[0m  (poll #9, X-Cache: MISS)  order=8b168894

[96mOrder 713/1000:[0m
  [      8ms]  [91mstale[0m    (poll #1)  order=8d5008dc
  [     71ms]  [91mstale[0m    (poll #2)  order=8d5008dc
  [    138ms]  [91mstale[0m    (poll #3)  order=8d5008dc
  [    200ms]  [91mstale[0m    (poll #4)  order=8d5008dc
  [    269ms]  [91mstale[0m    (poll #5)  order=8d5008dc
  [    339ms]  [91mstale[0m    (poll #6)  order=8d5008dc
  [    414ms]  [91mstale[0m    (poll #7)  order=8d5008dc
  [    483ms]  [92mVISIBLE[0m  (poll #8, X-Cache: MISS)  order=8d5008dc

[96mOrder 714/1000:[0m
  [      9ms]  [91mstale[0m    (poll #1)  order=641a4156
  [     71ms]  [91mstale[0m    (poll #2)  order=641a4156
  [    134ms]  [91mstale[0m    (poll #3)  order=641a4156
  [    196ms]  [91mstale[0m    (poll #4)  order=641a4156
  [    271ms]  [91mstale[0m    (poll #5)  order=641a4156
  [    343ms]  [91mstale[0m    (poll #6)  order=641a4156
  [    416ms]  [91mstale[0m    (poll #7)  order=641a4156
  [    473ms]  [92mVISIBLE[0m  (poll #8, X-Cache: MISS)  order=641a4156

[96mOrder 715/1000:[0m
  [      6ms]  [91mstale[0m    (poll #1)  order=c31998d5
  [     62ms]  [91mstale[0m    (poll #2)  order=c31998d5
  [    119ms]  [91mstale[0m    (poll #3)  order=c31998d5
  [    181ms]  [91mstale[0m    (poll #4)  order=c31998d5
  [    241ms]  [91mstale[0m    (poll #5)  order=c31998d5
  [    304ms]  [91mstale[0m    (poll #6)  order=c31998d5
  [    374ms]  [91mstale[0m    (poll #7)  order=c31998d5
  [    440ms]  [92mVISIBLE[0m  (poll #8, X-Cache: MISS)  order=c31998d5

[96mOrder 716/1000:[0m
  [      8ms]  [91mstale[0m    (poll #1)  order=80969bb2
  [     69ms]  [91mstale[0m    (poll #2)  order=80969bb2
  [    133ms]  [91mstale[0m    (poll #3)  order=80969bb2
  [    196ms]  [91mstale[0m    (poll #4)  order=80969bb2
  [    263ms]  [91mstale[0m    (poll #5)  order=80969bb2
  [    333ms]  [91mstale[0m    (poll #6)  order=80969bb2
  [    404ms]  [92mVISIBLE[0m  (poll #7, X-Cache: MISS)  order=80969bb2

[96mOrder 717/1000:[0m
  [      8ms]  [91mstale[0m    (poll #1)  order=d8b15524
  [     72ms]  [91mstale[0m    (poll #2)  order=d8b15524
  [    137ms]  [91mstale[0m    (poll #3)  order=d8b15524
  [    204ms]  [91mstale[0m    (poll #4)  order=d8b15524
  [    274ms]  [91mstale[0m    (poll #5)  order=d8b15524
  [    344ms]  [91mstale[0m    (poll #6)  order=d8b15524
  [    415ms]  [91mstale[0m    (poll #7)  order=d8b15524
  [    485ms]  [91mstale[0m    (poll #8)  order=d8b15524
  [    551ms]  [92mVISIBLE[0m  (poll #9, X-Cache: MISS)  order=d8b15524

[96mOrder 718/1000:[0m
  [     10ms]  [91mstale[0m    (poll #1)  order=ef572a40
  [     70ms]  [91mstale[0m    (poll #2)  order=ef572a40
  [    134ms]  [91mstale[0m    (poll #3)  order=ef572a40
  [    199ms]  [91mstale[0m    (poll #4)  order=ef572a40
  [    267ms]  [91mstale[0m    (poll #5)  order=ef572a40
  [    338ms]  [91mstale[0m    (poll #6)  order=ef572a40
  [    410ms]  [91mstale[0m    (poll #7)  order=ef572a40
  [    483ms]  [92mVISIBLE[0m  (poll #8, X-Cache: MISS)  order=ef572a40

[96mOrder 719/1000:[0m
  [      9ms]  [91mstale[0m    (poll #1)  order=c3e804ed
  [     69ms]  [91mstale[0m    (poll #2)  order=c3e804ed
  [    134ms]  [91mstale[0m    (poll #3)  order=c3e804ed
  [    198ms]  [91mstale[0m    (poll #4)  order=c3e804ed
  [    264ms]  [91mstale[0m    (poll #5)  order=c3e804ed
  [    336ms]  [91mstale[0m    (poll #6)  order=c3e804ed
  [    404ms]  [91mstale[0m    (poll #7)  order=c3e804ed
  [    473ms]  [92mVISIBLE[0m  (poll #8, X-Cache: MISS)  order=c3e804ed

[96mOrder 720/1000:[0m
  [     12ms]  [91mstale[0m    (poll #1)  order=eb1c3c01
  [     73ms]  [91mstale[0m    (poll #2)  order=eb1c3c01
  [    135ms]  [91mstale[0m    (poll #3)  order=eb1c3c01
  [    200ms]  [91mstale[0m    (poll #4)  order=eb1c3c01
  [    265ms]  [91mstale[0m    (poll #5)  order=eb1c3c01
  [    335ms]  [91mstale[0m    (poll #6)  order=eb1c3c01
  [    403ms]  [91mstale[0m    (poll #7)  order=eb1c3c01
  [    470ms]  [91mstale[0m    (poll #8)  order=eb1c3c01
  [    540ms]  [92mVISIBLE[0m  (poll #9, X-Cache: MISS)  order=eb1c3c01

[96mOrder 721/1000:[0m
  [     11ms]  [91mstale[0m    (poll #1)  order=2e8e6aa6
  [     72ms]  [91mstale[0m    (poll #2)  order=2e8e6aa6
  [    137ms]  [91mstale[0m    (poll #3)  order=2e8e6aa6
  [    200ms]  [91mstale[0m    (poll #4)  order=2e8e6aa6
  [    269ms]  [91mstale[0m    (poll #5)  order=2e8e6aa6
  [    338ms]  [91mstale[0m    (poll #6)  order=2e8e6aa6
  [    409ms]  [91mstale[0m    (poll #7)  order=2e8e6aa6
  [    481ms]  [92mVISIBLE[0m  (poll #8, X-Cache: MISS)  order=2e8e6aa6

[96mOrder 722/1000:[0m
  [      9ms]  [91mstale[0m    (poll #1)  order=4a871d64
  [     74ms]  [91mstale[0m    (poll #2)  order=4a871d64
  [    138ms]  [91mstale[0m    (poll #3)  order=4a871d64
  [    201ms]  [91mstale[0m    (poll #4)  order=4a871d64
  [    268ms]  [91mstale[0m    (poll #5)  order=4a871d64
  [    340ms]  [91mstale[0m    (poll #6)  order=4a871d64
  [    412ms]  [91mstale[0m    (poll #7)  order=4a871d64
  [    484ms]  [92mVISIBLE[0m  (poll #8, X-Cache: MISS)  order=4a871d64

[96mOrder 723/1000:[0m
  [     11ms]  [91mstale[0m    (poll #1)  order=2c30d58a
  [     76ms]  [91mstale[0m    (poll #2)  order=2c30d58a
  [    138ms]  [91mstale[0m    (poll #3)  order=2c30d58a
  [    204ms]  [91mstale[0m    (poll #4)  order=2c30d58a
  [    268ms]  [91mstale[0m    (poll #5)  order=2c30d58a
  [    333ms]  [91mstale[0m    (poll #6)  order=2c30d58a
  [    404ms]  [91mstale[0m    (poll #7)  order=2c30d58a
  [    472ms]  [91mstale[0m    (poll #8)  order=2c30d58a
  [    546ms]  [92mVISIBLE[0m  (poll #9, X-Cache: MISS)  order=2c30d58a

[96mOrder 724/1000:[0m
  [      9ms]  [91mstale[0m    (poll #1)  order=efca703a
  [     71ms]  [91mstale[0m    (poll #2)  order=efca703a
  [    136ms]  [91mstale[0m    (poll #3)  order=efca703a
  [    200ms]  [91mstale[0m    (poll #4)  order=efca703a
  [    269ms]  [91mstale[0m    (poll #5)  order=efca703a
  [    339ms]  [91mstale[0m    (poll #6)  order=efca703a
  [    411ms]  [91mstale[0m    (poll #7)  order=efca703a
  [    479ms]  [92mVISIBLE[0m  (poll #8, X-Cache: MISS)  order=efca703a

[96mOrder 725/1000:[0m
  [     11ms]  [91mstale[0m    (poll #1)  order=1537d018
  [     75ms]  [91mstale[0m    (poll #2)  order=1537d018
  [    140ms]  [91mstale[0m    (poll #3)  order=1537d018
  [    209ms]  [91mstale[0m    (poll #4)  order=1537d018
  [    272ms]  [91mstale[0m    (poll #5)  order=1537d018
  [    331ms]  [91mstale[0m    (poll #6)  order=1537d018
  [    395ms]  [91mstale[0m    (poll #7)  order=1537d018
  [    455ms]  [91mstale[0m    (poll #8)  order=1537d018
  [    517ms]  [92mVISIBLE[0m  (poll #9, X-Cache: MISS)  order=1537d018

[96mOrder 726/1000:[0m
  [      5ms]  [91mstale[0m    (poll #1)  order=4f0acbfc
  [     63ms]  [91mstale[0m    (poll #2)  order=4f0acbfc
  [    127ms]  [91mstale[0m    (poll #3)  order=4f0acbfc
  [    192ms]  [91mstale[0m    (poll #4)  order=4f0acbfc
  [    259ms]  [91mstale[0m    (poll #5)  order=4f0acbfc
  [    329ms]  [91mstale[0m    (poll #6)  order=4f0acbfc
  [    398ms]  [91mstale[0m    (poll #7)  order=4f0acbfc
  [    468ms]  [91mstale[0m    (poll #8)  order=4f0acbfc
  [    540ms]  [92mVISIBLE[0m  (poll #9, X-Cache: MISS)  order=4f0acbfc

[96mOrder 727/1000:[0m
  [     11ms]  [91mstale[0m    (poll #1)  order=f8503a4a
  [     76ms]  [91mstale[0m    (poll #2)  order=f8503a4a
  [    141ms]  [91mstale[0m    (poll #3)  order=f8503a4a
  [    204ms]  [91mstale[0m    (poll #4)  order=f8503a4a
  [    264ms]  [91mstale[0m    (poll #5)  order=f8503a4a
  [    326ms]  [91mstale[0m    (poll #6)  order=f8503a4a
  [    383ms]  [91mstale[0m    (poll #7)  order=f8503a4a
  [    445ms]  [92mVISIBLE[0m  (poll #8, X-Cache: MISS)  order=f8503a4a

[96mOrder 728/1000:[0m
  [      4ms]  [91mstale[0m    (poll #1)  order=b13a2f15
  [     63ms]  [91mstale[0m    (poll #2)  order=b13a2f15
  [    122ms]  [91mstale[0m    (poll #3)  order=b13a2f15
  [    186ms]  [91mstale[0m    (poll #4)  order=b13a2f15
  [    254ms]  [91mstale[0m    (poll #5)  order=b13a2f15
  [    324ms]  [91mstale[0m    (poll #6)  order=b13a2f15
  [    392ms]  [91mstale[0m    (poll #7)  order=b13a2f15
  [    465ms]  [91mstale[0m    (poll #8)  order=b13a2f15
  [    536ms]  [92mVISIBLE[0m  (poll #9, X-Cache: MISS)  order=b13a2f15

[96mOrder 729/1000:[0m
  [     10ms]  [91mstale[0m    (poll #1)  order=772e2977
  [     71ms]  [91mstale[0m    (poll #2)  order=772e2977
  [    133ms]  [91mstale[0m    (poll #3)  order=772e2977
  [    191ms]  [91mstale[0m    (poll #4)  order=772e2977
  [    259ms]  [91mstale[0m    (poll #5)  order=772e2977
  [    320ms]  [91mstale[0m    (poll #6)  order=772e2977
  [    383ms]  [91mstale[0m    (poll #7)  order=772e2977
  [    447ms]  [91mstale[0m    (poll #8)  order=772e2977
  [    509ms]  [92mVISIBLE[0m  (poll #9, X-Cache: MISS)  order=772e2977

[96mOrder 730/1000:[0m
  [      8ms]  [91mstale[0m    (poll #1)  order=9fb7c353
  [     67ms]  [91mstale[0m    (poll #2)  order=9fb7c353
  [    133ms]  [91mstale[0m    (poll #3)  order=9fb7c353
  [    201ms]  [91mstale[0m    (poll #4)  order=9fb7c353
  [    271ms]  [91mstale[0m    (poll #5)  order=9fb7c353
  [    342ms]  [91mstale[0m    (poll #6)  order=9fb7c353
  [    409ms]  [91mstale[0m    (poll #7)  order=9fb7c353
  [    478ms]  [92mVISIBLE[0m  (poll #8, X-Cache: MISS)  order=9fb7c353

[96mOrder 731/1000:[0m
  [     11ms]  [91mstale[0m    (poll #1)  order=6c2b28c5
  [     73ms]  [91mstale[0m    (poll #2)  order=6c2b28c5
  [    138ms]  [91mstale[0m    (poll #3)  order=6c2b28c5
  [    200ms]  [91mstale[0m    (poll #4)  order=6c2b28c5
  [    262ms]  [91mstale[0m    (poll #5)  order=6c2b28c5
  [    332ms]  [91mstale[0m    (poll #6)  order=6c2b28c5
  [    404ms]  [91mstale[0m    (poll #7)  order=6c2b28c5
  [    475ms]  [92mVISIBLE[0m  (poll #8, X-Cache: MISS)  order=6c2b28c5

[96mOrder 732/1000:[0m
  [     10ms]  [91mstale[0m    (poll #1)  order=f37a640b
  [     73ms]  [91mstale[0m    (poll #2)  order=f37a640b
  [    136ms]  [91mstale[0m    (poll #3)  order=f37a640b
  [    202ms]  [91mstale[0m    (poll #4)  order=f37a640b
  [    269ms]  [91mstale[0m    (poll #5)  order=f37a640b
  [    342ms]  [91mstale[0m    (poll #6)  order=f37a640b
  [    414ms]  [91mstale[0m    (poll #7)  order=f37a640b
  [    482ms]  [91mstale[0m    (poll #8)  order=f37a640b
  [    553ms]  [92mVISIBLE[0m  (poll #9, X-Cache: MISS)  order=f37a640b

[96mOrder 733/1000:[0m
  [     12ms]  [91mstale[0m    (poll #1)  order=5f6d42ed
  [     75ms]  [91mstale[0m    (poll #2)  order=5f6d42ed
  [    137ms]  [91mstale[0m    (poll #3)  order=5f6d42ed
  [    205ms]  [91mstale[0m    (poll #4)  order=5f6d42ed
  [    266ms]  [91mstale[0m    (poll #5)  order=5f6d42ed
  [    334ms]  [91mstale[0m    (poll #6)  order=5f6d42ed
  [    407ms]  [91mstale[0m    (poll #7)  order=5f6d42ed
  [    479ms]  [92mVISIBLE[0m  (poll #8, X-Cache: MISS)  order=5f6d42ed

[96mOrder 734/1000:[0m
  [     11ms]  [91mstale[0m    (poll #1)  order=1c5733bb
  [     71ms]  [91mstale[0m    (poll #2)  order=1c5733bb
  [    134ms]  [91mstale[0m    (poll #3)  order=1c5733bb
  [    197ms]  [91mstale[0m    (poll #4)  order=1c5733bb
  [    259ms]  [91mstale[0m    (poll #5)  order=1c5733bb
  [    320ms]  [91mstale[0m    (poll #6)  order=1c5733bb
  [    380ms]  [91mstale[0m    (poll #7)  order=1c5733bb
  [    445ms]  [91mstale[0m    (poll #8)  order=1c5733bb
  [    509ms]  [92mVISIBLE[0m  (poll #9, X-Cache: MISS)  order=1c5733bb

[96mOrder 735/1000:[0m
  [      7ms]  [91mstale[0m    (poll #1)  order=ad0fc17b
  [     69ms]  [91mstale[0m    (poll #2)  order=ad0fc17b
  [    129ms]  [91mstale[0m    (poll #3)  order=ad0fc17b
  [    193ms]  [91mstale[0m    (poll #4)  order=ad0fc17b
  [    255ms]  [91mstale[0m    (poll #5)  order=ad0fc17b
  [    325ms]  [91mstale[0m    (poll #6)  order=ad0fc17b
  [    397ms]  [91mstale[0m    (poll #7)  order=ad0fc17b
  [    467ms]  [91mstale[0m    (poll #8)  order=ad0fc17b
  [    539ms]  [92mVISIBLE[0m  (poll #9, X-Cache: MISS)  order=ad0fc17b

[96mOrder 736/1000:[0m
  [     11ms]  [91mstale[0m    (poll #1)  order=0a6f4535
  [     75ms]  [91mstale[0m    (poll #2)  order=0a6f4535
  [    138ms]  [91mstale[0m    (poll #3)  order=0a6f4535
  [    203ms]  [91mstale[0m    (poll #4)  order=0a6f4535
  [    271ms]  [91mstale[0m    (poll #5)  order=0a6f4535
  [    339ms]  [91mstale[0m    (poll #6)  order=0a6f4535
  [    408ms]  [91mstale[0m    (poll #7)  order=0a6f4535
  [    479ms]  [92mVISIBLE[0m  (poll #8, X-Cache: MISS)  order=0a6f4535

[96mOrder 737/1000:[0m
  [     11ms]  [91mstale[0m    (poll #1)  order=0c597395
  [     75ms]  [91mstale[0m    (poll #2)  order=0c597395
  [    139ms]  [91mstale[0m    (poll #3)  order=0c597395
  [    207ms]  [91mstale[0m    (poll #4)  order=0c597395
  [    274ms]  [91mstale[0m    (poll #5)  order=0c597395
  [    343ms]  [91mstale[0m    (poll #6)  order=0c597395
  [    411ms]  [91mstale[0m    (poll #7)  order=0c597395
  [    480ms]  [92mVISIBLE[0m  (poll #8, X-Cache: MISS)  order=0c597395

[96mOrder 738/1000:[0m
  [     10ms]  [91mstale[0m    (poll #1)  order=051add32
  [     73ms]  [91mstale[0m    (poll #2)  order=051add32
  [    137ms]  [91mstale[0m    (poll #3)  order=051add32
  [    201ms]  [91mstale[0m    (poll #4)  order=051add32
  [    273ms]  [91mstale[0m    (poll #5)  order=051add32
  [    341ms]  [91mstale[0m    (poll #6)  order=051add32
  [    411ms]  [92mVISIBLE[0m  (poll #7, X-Cache: MISS)  order=051add32

[96mOrder 739/1000:[0m
  [     10ms]  [91mstale[0m    (poll #1)  order=6731d2b8
  [     73ms]  [91mstale[0m    (poll #2)  order=6731d2b8
  [    131ms]  [91mstale[0m    (poll #3)  order=6731d2b8
  [    195ms]  [91mstale[0m    (poll #4)  order=6731d2b8
  [    266ms]  [91mstale[0m    (poll #5)  order=6731d2b8
  [    335ms]  [91mstale[0m    (poll #6)  order=6731d2b8
  [    408ms]  [91mstale[0m    (poll #7)  order=6731d2b8
  [    480ms]  [91mstale[0m    (poll #8)  order=6731d2b8
  [    553ms]  [92mVISIBLE[0m  (poll #9, X-Cache: MISS)  order=6731d2b8

[96mOrder 740/1000:[0m
  [     11ms]  [91mstale[0m    (poll #1)  order=350f975d
  [     76ms]  [91mstale[0m    (poll #2)  order=350f975d
  [    140ms]  [91mstale[0m    (poll #3)  order=350f975d
  [    204ms]  [91mstale[0m    (poll #4)  order=350f975d
  [    270ms]  [91mstale[0m    (poll #5)  order=350f975d
  [    347ms]  [91mstale[0m    (poll #6)  order=350f975d
  [    418ms]  [91mstale[0m    (poll #7)  order=350f975d
  [    486ms]  [92mVISIBLE[0m  (poll #8, X-Cache: MISS)  order=350f975d

[96mOrder 741/1000:[0m
  [     11ms]  [91mstale[0m    (poll #1)  order=4b99f0c4
  [     71ms]  [91mstale[0m    (poll #2)  order=4b99f0c4
  [    133ms]  [91mstale[0m    (poll #3)  order=4b99f0c4
  [    194ms]  [91mstale[0m    (poll #4)  order=4b99f0c4
  [    264ms]  [91mstale[0m    (poll #5)  order=4b99f0c4
  [    336ms]  [91mstale[0m    (poll #6)  order=4b99f0c4
  [    407ms]  [91mstale[0m    (poll #7)  order=4b99f0c4
  [    480ms]  [92mVISIBLE[0m  (poll #8, X-Cache: MISS)  order=4b99f0c4

[96mOrder 742/1000:[0m
  [     11ms]  [91mstale[0m    (poll #1)  order=c6cade3a
  [     71ms]  [91mstale[0m    (poll #2)  order=c6cade3a
  [    132ms]  [91mstale[0m    (poll #3)  order=c6cade3a
  [    198ms]  [91mstale[0m    (poll #4)  order=c6cade3a
  [    264ms]  [91mstale[0m    (poll #5)  order=c6cade3a
  [    336ms]  [91mstale[0m    (poll #6)  order=c6cade3a
  [    406ms]  [91mstale[0m    (poll #7)  order=c6cade3a
  [    475ms]  [92mVISIBLE[0m  (poll #8, X-Cache: MISS)  order=c6cade3a

[96mOrder 743/1000:[0m
  [      9ms]  [91mstale[0m    (poll #1)  order=d2eb4e9d
  [     71ms]  [91mstale[0m    (poll #2)  order=d2eb4e9d
  [    135ms]  [91mstale[0m    (poll #3)  order=d2eb4e9d
  [    198ms]  [91mstale[0m    (poll #4)  order=d2eb4e9d
  [    269ms]  [91mstale[0m    (poll #5)  order=d2eb4e9d
  [    339ms]  [91mstale[0m    (poll #6)  order=d2eb4e9d
  [    410ms]  [91mstale[0m    (poll #7)  order=d2eb4e9d
  [    480ms]  [91mstale[0m    (poll #8)  order=d2eb4e9d
  [    555ms]  [92mVISIBLE[0m  (poll #9, X-Cache: MISS)  order=d2eb4e9d

[96mOrder 744/1000:[0m
  [     12ms]  [91mstale[0m    (poll #1)  order=ac24434a
  [     72ms]  [91mstale[0m    (poll #2)  order=ac24434a
  [    135ms]  [91mstale[0m    (poll #3)  order=ac24434a
  [    201ms]  [91mstale[0m    (poll #4)  order=ac24434a
  [    273ms]  [91mstale[0m    (poll #5)  order=ac24434a
  [    344ms]  [91mstale[0m    (poll #6)  order=ac24434a
  [    415ms]  [91mstale[0m    (poll #7)  order=ac24434a
  [    482ms]  [92mVISIBLE[0m  (poll #8, X-Cache: MISS)  order=ac24434a

[96mOrder 745/1000:[0m
  [      5ms]  [91mstale[0m    (poll #1)  order=0796d243
  [     66ms]  [91mstale[0m    (poll #2)  order=0796d243
  [    129ms]  [91mstale[0m    (poll #3)  order=0796d243
  [    193ms]  [91mstale[0m    (poll #4)  order=0796d243
  [    260ms]  [91mstale[0m    (poll #5)  order=0796d243
  [    331ms]  [91mstale[0m    (poll #6)  order=0796d243
  [    400ms]  [91mstale[0m    (poll #7)  order=0796d243
  [    471ms]  [92mVISIBLE[0m  (poll #8, X-Cache: MISS)  order=0796d243

[96mOrder 746/1000:[0m
  [     10ms]  [91mstale[0m    (poll #1)  order=9f4b8b2e
  [     75ms]  [91mstale[0m    (poll #2)  order=9f4b8b2e
  [    139ms]  [91mstale[0m    (poll #3)  order=9f4b8b2e
  [    203ms]  [91mstale[0m    (poll #4)  order=9f4b8b2e
  [    270ms]  [91mstale[0m    (poll #5)  order=9f4b8b2e
  [    342ms]  [91mstale[0m    (poll #6)  order=9f4b8b2e
  [    415ms]  [91mstale[0m    (poll #7)  order=9f4b8b2e
  [    487ms]  [91mstale[0m    (poll #8)  order=9f4b8b2e
  [    563ms]  [92mVISIBLE[0m  (poll #9, X-Cache: MISS)  order=9f4b8b2e

[96mOrder 747/1000:[0m
  [     10ms]  [91mstale[0m    (poll #1)  order=8fc120d5
  [     74ms]  [91mstale[0m    (poll #2)  order=8fc120d5
  [    134ms]  [91mstale[0m    (poll #3)  order=8fc120d5
  [    194ms]  [91mstale[0m    (poll #4)  order=8fc120d5
  [    255ms]  [91mstale[0m    (poll #5)  order=8fc120d5
  [    313ms]  [91mstale[0m    (poll #6)  order=8fc120d5
  [    373ms]  [91mstale[0m    (poll #7)  order=8fc120d5
  [    436ms]  [91mstale[0m    (poll #8)  order=8fc120d5
  [    501ms]  [92mVISIBLE[0m  (poll #9, X-Cache: MISS)  order=8fc120d5

[96mOrder 748/1000:[0m
  [      7ms]  [91mstale[0m    (poll #1)  order=ba13eef8
  [     70ms]  [91mstale[0m    (poll #2)  order=ba13eef8
  [    130ms]  [91mstale[0m    (poll #3)  order=ba13eef8
  [    190ms]  [91mstale[0m    (poll #4)  order=ba13eef8
  [    259ms]  [91mstale[0m    (poll #5)  order=ba13eef8
  [    325ms]  [91mstale[0m    (poll #6)  order=ba13eef8
  [    382ms]  [91mstale[0m    (poll #7)  order=ba13eef8
  [    451ms]  [92mVISIBLE[0m  (poll #8, X-Cache: MISS)  order=ba13eef8

[96mOrder 749/1000:[0m
  [      5ms]  [91mstale[0m    (poll #1)  order=b4847202
  [     59ms]  [91mstale[0m    (poll #2)  order=b4847202
  [    121ms]  [91mstale[0m    (poll #3)  order=b4847202
  [    184ms]  [91mstale[0m    (poll #4)  order=b4847202
  [    251ms]  [91mstale[0m    (poll #5)  order=b4847202
  [    318ms]  [91mstale[0m    (poll #6)  order=b4847202
  [    388ms]  [91mstale[0m    (poll #7)  order=b4847202
  [    458ms]  [91mstale[0m    (poll #8)  order=b4847202
  [    532ms]  [92mVISIBLE[0m  (poll #9, X-Cache: MISS)  order=b4847202

[96mOrder 750/1000:[0m
  [     11ms]  [91mstale[0m    (poll #1)  order=061350d5
  [     76ms]  [91mstale[0m    (poll #2)  order=061350d5
  [    140ms]  [91mstale[0m    (poll #3)  order=061350d5
  [    201ms]  [91mstale[0m    (poll #4)  order=061350d5
  [    268ms]  [91mstale[0m    (poll #5)  order=061350d5
  [    333ms]  [91mstale[0m    (poll #6)  order=061350d5
  [    402ms]  [91mstale[0m    (poll #7)  order=061350d5
  [    472ms]  [91mstale[0m    (poll #8)  order=061350d5
  [    545ms]  [92mVISIBLE[0m  (poll #9, X-Cache: MISS)  order=061350d5

[96mOrder 751/1000:[0m
  [     11ms]  [91mstale[0m    (poll #1)  order=95b53d0e
  [     77ms]  [91mstale[0m    (poll #2)  order=95b53d0e
  [    141ms]  [91mstale[0m    (poll #3)  order=95b53d0e
  [    209ms]  [91mstale[0m    (poll #4)  order=95b53d0e
  [    278ms]  [91mstale[0m    (poll #5)  order=95b53d0e
  [    346ms]  [91mstale[0m    (poll #6)  order=95b53d0e
  [    418ms]  [91mstale[0m    (poll #7)  order=95b53d0e
  [    494ms]  [92mVISIBLE[0m  (poll #8, X-Cache: MISS)  order=95b53d0e

[96mOrder 752/1000:[0m
  [     10ms]  [91mstale[0m    (poll #1)  order=8e3dbf16
  [     69ms]  [91mstale[0m    (poll #2)  order=8e3dbf16
  [    134ms]  [91mstale[0m    (poll #3)  order=8e3dbf16
  [    196ms]  [91mstale[0m    (poll #4)  order=8e3dbf16
  [    264ms]  [91mstale[0m    (poll #5)  order=8e3dbf16
  [    326ms]  [91mstale[0m    (poll #6)  order=8e3dbf16
  [    395ms]  [91mstale[0m    (poll #7)  order=8e3dbf16
  [    462ms]  [92mVISIBLE[0m  (poll #8, X-Cache: MISS)  order=8e3dbf16

[96mOrder 753/1000:[0m
  [      8ms]  [91mstale[0m    (poll #1)  order=4fa0eafd
  [     69ms]  [91mstale[0m    (poll #2)  order=4fa0eafd
  [    130ms]  [91mstale[0m    (poll #3)  order=4fa0eafd
  [    191ms]  [91mstale[0m    (poll #4)  order=4fa0eafd
  [    254ms]  [91mstale[0m    (poll #5)  order=4fa0eafd
  [    323ms]  [91mstale[0m    (poll #6)  order=4fa0eafd
  [    393ms]  [91mstale[0m    (poll #7)  order=4fa0eafd
  [    456ms]  [91mstale[0m    (poll #8)  order=4fa0eafd
  [    519ms]  [92mVISIBLE[0m  (poll #9, X-Cache: MISS)  order=4fa0eafd

[96mOrder 754/1000:[0m
  [      4ms]  [91mstale[0m    (poll #1)  order=6a25713c
  [     64ms]  [91mstale[0m    (poll #2)  order=6a25713c
  [    126ms]  [91mstale[0m    (poll #3)  order=6a25713c
  [    190ms]  [91mstale[0m    (poll #4)  order=6a25713c
  [    250ms]  [91mstale[0m    (poll #5)  order=6a25713c
  [    319ms]  [91mstale[0m    (poll #6)  order=6a25713c
  [    380ms]  [91mstale[0m    (poll #7)  order=6a25713c
  [    444ms]  [91mstale[0m    (poll #8)  order=6a25713c
  [    507ms]  [92mVISIBLE[0m  (poll #9, X-Cache: MISS)  order=6a25713c

[96mOrder 755/1000:[0m
  [     11ms]  [91mstale[0m    (poll #1)  order=8ad4fea3
  [     91ms]  [91mstale[0m    (poll #2)  order=8ad4fea3
  [    156ms]  [91mstale[0m    (poll #3)  order=8ad4fea3
  [    219ms]  [91mstale[0m    (poll #4)  order=8ad4fea3
  [    292ms]  [91mstale[0m    (poll #5)  order=8ad4fea3
  [    363ms]  [91mstale[0m    (poll #6)  order=8ad4fea3
  [    436ms]  [91mstale[0m    (poll #7)  order=8ad4fea3
  [    511ms]  [92mVISIBLE[0m  (poll #8, X-Cache: MISS)  order=8ad4fea3

[96mOrder 756/1000:[0m
  [     12ms]  [91mstale[0m    (poll #1)  order=3485a6f7
  [     77ms]  [91mstale[0m    (poll #2)  order=3485a6f7
  [    142ms]  [91mstale[0m    (poll #3)  order=3485a6f7
  [    209ms]  [91mstale[0m    (poll #4)  order=3485a6f7
  [    278ms]  [91mstale[0m    (poll #5)  order=3485a6f7
  [    351ms]  [92mVISIBLE[0m  (poll #6, X-Cache: MISS)  order=3485a6f7

[96mOrder 757/1000:[0m
  [     10ms]  [91mstale[0m    (poll #1)  order=f3c30a9b
  [     73ms]  [91mstale[0m    (poll #2)  order=f3c30a9b
  [    139ms]  [91mstale[0m    (poll #3)  order=f3c30a9b
  [    210ms]  [91mstale[0m    (poll #4)  order=f3c30a9b
  [    278ms]  [91mstale[0m    (poll #5)  order=f3c30a9b
  [    349ms]  [91mstale[0m    (poll #6)  order=f3c30a9b
  [    419ms]  [91mstale[0m    (poll #7)  order=f3c30a9b
  [    490ms]  [91mstale[0m    (poll #8)  order=f3c30a9b
  [    563ms]  [92mVISIBLE[0m  (poll #9, X-Cache: MISS)  order=f3c30a9b

[96mOrder 758/1000:[0m
  [      9ms]  [91mstale[0m    (poll #1)  order=08783a96
  [     70ms]  [91mstale[0m    (poll #2)  order=08783a96
  [    135ms]  [91mstale[0m    (poll #3)  order=08783a96
  [    197ms]  [91mstale[0m    (poll #4)  order=08783a96
  [    283ms]  [91mstale[0m    (poll #5)  order=08783a96
  [    358ms]  [92mVISIBLE[0m  (poll #6, X-Cache: MISS)  order=08783a96

[96mOrder 759/1000:[0m
  [      7ms]  [91mstale[0m    (poll #1)  order=325fd33e
  [     69ms]  [91mstale[0m    (poll #2)  order=325fd33e
  [    131ms]  [91mstale[0m    (poll #3)  order=325fd33e
  [    197ms]  [91mstale[0m    (poll #4)  order=325fd33e
  [    263ms]  [91mstale[0m    (poll #5)  order=325fd33e
  [    336ms]  [91mstale[0m    (poll #6)  order=325fd33e
  [    411ms]  [92mVISIBLE[0m  (poll #7, X-Cache: MISS)  order=325fd33e

[96mOrder 760/1000:[0m
  [      9ms]  [91mstale[0m    (poll #1)  order=0919fb64
  [     72ms]  [91mstale[0m    (poll #2)  order=0919fb64
  [    135ms]  [91mstale[0m    (poll #3)  order=0919fb64
  [    200ms]  [91mstale[0m    (poll #4)  order=0919fb64
  [    267ms]  [91mstale[0m    (poll #5)  order=0919fb64
  [    340ms]  [91mstale[0m    (poll #6)  order=0919fb64
  [    410ms]  [91mstale[0m    (poll #7)  order=0919fb64
  [    488ms]  [92mVISIBLE[0m  (poll #8, X-Cache: MISS)  order=0919fb64

[96mOrder 761/1000:[0m
  [     10ms]  [91mstale[0m    (poll #1)  order=25530ac8
  [     75ms]  [91mstale[0m    (poll #2)  order=25530ac8
  [    140ms]  [91mstale[0m    (poll #3)  order=25530ac8
  [    208ms]  [91mstale[0m    (poll #4)  order=25530ac8
  [    278ms]  [91mstale[0m    (poll #5)  order=25530ac8
  [    350ms]  [91mstale[0m    (poll #6)  order=25530ac8
  [    417ms]  [91mstale[0m    (poll #7)  order=25530ac8
  [    493ms]  [91mstale[0m    (poll #8)  order=25530ac8
  [    567ms]  [92mVISIBLE[0m  (poll #9, X-Cache: MISS)  order=25530ac8

[96mOrder 762/1000:[0m
  [     11ms]  [91mstale[0m    (poll #1)  order=6f021f47
  [     72ms]  [91mstale[0m    (poll #2)  order=6f021f47
  [    135ms]  [91mstale[0m    (poll #3)  order=6f021f47
  [    198ms]  [91mstale[0m    (poll #4)  order=6f021f47
  [    264ms]  [91mstale[0m    (poll #5)  order=6f021f47
  [    338ms]  [92mVISIBLE[0m  (poll #6, X-Cache: MISS)  order=6f021f47

[96mOrder 763/1000:[0m
  [      9ms]  [91mstale[0m    (poll #1)  order=117b6ebc
  [     73ms]  [91mstale[0m    (poll #2)  order=117b6ebc
  [    137ms]  [91mstale[0m    (poll #3)  order=117b6ebc
  [    199ms]  [91mstale[0m    (poll #4)  order=117b6ebc
  [    265ms]  [91mstale[0m    (poll #5)  order=117b6ebc
  [    335ms]  [91mstale[0m    (poll #6)  order=117b6ebc
  [    403ms]  [91mstale[0m    (poll #7)  order=117b6ebc
  [    477ms]  [91mstale[0m    (poll #8)  order=117b6ebc
  [    549ms]  [92mVISIBLE[0m  (poll #9, X-Cache: MISS)  order=117b6ebc

[96mOrder 764/1000:[0m
  [     10ms]  [91mstale[0m    (poll #1)  order=dcffa10f
  [     71ms]  [91mstale[0m    (poll #2)  order=dcffa10f
  [    133ms]  [91mstale[0m    (poll #3)  order=dcffa10f
  [    197ms]  [91mstale[0m    (poll #4)  order=dcffa10f
  [    270ms]  [91mstale[0m    (poll #5)  order=dcffa10f
  [    341ms]  [91mstale[0m    (poll #6)  order=dcffa10f
  [    414ms]  [91mstale[0m    (poll #7)  order=dcffa10f
  [    485ms]  [92mVISIBLE[0m  (poll #8, X-Cache: MISS)  order=dcffa10f

[96mOrder 765/1000:[0m
  [      6ms]  [91mstale[0m    (poll #1)  order=5945efec
  [     66ms]  [91mstale[0m    (poll #2)  order=5945efec
  [    131ms]  [91mstale[0m    (poll #3)  order=5945efec
  [    194ms]  [91mstale[0m    (poll #4)  order=5945efec
  [    261ms]  [91mstale[0m    (poll #5)  order=5945efec
  [    331ms]  [91mstale[0m    (poll #6)  order=5945efec
  [    401ms]  [91mstale[0m    (poll #7)  order=5945efec
  [    470ms]  [91mstale[0m    (poll #8)  order=5945efec
  [    541ms]  [92mVISIBLE[0m  (poll #9, X-Cache: MISS)  order=5945efec

[96mOrder 766/1000:[0m
  [      9ms]  [91mstale[0m    (poll #1)  order=d0eb90d6
  [     72ms]  [91mstale[0m    (poll #2)  order=d0eb90d6
  [    133ms]  [91mstale[0m    (poll #3)  order=d0eb90d6
  [    192ms]  [91mstale[0m    (poll #4)  order=d0eb90d6
  [    258ms]  [91mstale[0m    (poll #5)  order=d0eb90d6
  [    326ms]  [91mstale[0m    (poll #6)  order=d0eb90d6
  [    397ms]  [91mstale[0m    (poll #7)  order=d0eb90d6
  [    466ms]  [92mVISIBLE[0m  (poll #8, X-Cache: MISS)  order=d0eb90d6

[96mOrder 767/1000:[0m
  [      8ms]  [91mstale[0m    (poll #1)  order=42a3acaf
  [     71ms]  [91mstale[0m    (poll #2)  order=42a3acaf
  [    133ms]  [91mstale[0m    (poll #3)  order=42a3acaf
  [    201ms]  [91mstale[0m    (poll #4)  order=42a3acaf
  [    266ms]  [91mstale[0m    (poll #5)  order=42a3acaf
  [    338ms]  [91mstale[0m    (poll #6)  order=42a3acaf
  [    404ms]  [91mstale[0m    (poll #7)  order=42a3acaf
  [    461ms]  [91mstale[0m    (poll #8)  order=42a3acaf
  [    520ms]  [92mVISIBLE[0m  (poll #9, X-Cache: MISS)  order=42a3acaf

[96mOrder 768/1000:[0m
  [      4ms]  [91mstale[0m    (poll #1)  order=a0fc6330
  [     63ms]  [91mstale[0m    (poll #2)  order=a0fc6330
  [    125ms]  [91mstale[0m    (poll #3)  order=a0fc6330
  [    186ms]  [91mstale[0m    (poll #4)  order=a0fc6330
  [    249ms]  [91mstale[0m    (poll #5)  order=a0fc6330
  [    313ms]  [91mstale[0m    (poll #6)  order=a0fc6330
  [    373ms]  [91mstale[0m    (poll #7)  order=a0fc6330
  [    437ms]  [91mstale[0m    (poll #8)  order=a0fc6330
  [    501ms]  [92mVISIBLE[0m  (poll #9, X-Cache: MISS)  order=a0fc6330

[96mOrder 769/1000:[0m
  [      5ms]  [91mstale[0m    (poll #1)  order=5f8a80f2
  [     65ms]  [91mstale[0m    (poll #2)  order=5f8a80f2
  [    126ms]  [91mstale[0m    (poll #3)  order=5f8a80f2
  [    187ms]  [91mstale[0m    (poll #4)  order=5f8a80f2
  [    250ms]  [91mstale[0m    (poll #5)  order=5f8a80f2
  [    321ms]  [91mstale[0m    (poll #6)  order=5f8a80f2
  [    391ms]  [91mstale[0m    (poll #7)  order=5f8a80f2
  [    461ms]  [91mstale[0m    (poll #8)  order=5f8a80f2
  [    527ms]  [92mVISIBLE[0m  (poll #9, X-Cache: MISS)  order=5f8a80f2

[96mOrder 770/1000:[0m
  [     10ms]  [91mstale[0m    (poll #1)  order=cbd798b7
  [     70ms]  [91mstale[0m    (poll #2)  order=cbd798b7
  [    129ms]  [91mstale[0m    (poll #3)  order=cbd798b7
  [    191ms]  [91mstale[0m    (poll #4)  order=cbd798b7
  [    258ms]  [91mstale[0m    (poll #5)  order=cbd798b7
  [    328ms]  [91mstale[0m    (poll #6)  order=cbd798b7
  [    398ms]  [91mstale[0m    (poll #7)  order=cbd798b7
  [    469ms]  [92mVISIBLE[0m  (poll #8, X-Cache: MISS)  order=cbd798b7

[96mOrder 771/1000:[0m
  [     10ms]  [91mstale[0m    (poll #1)  order=7ce51370
  [     74ms]  [91mstale[0m    (poll #2)  order=7ce51370
  [    136ms]  [91mstale[0m    (poll #3)  order=7ce51370
  [    201ms]  [91mstale[0m    (poll #4)  order=7ce51370
  [    266ms]  [91mstale[0m    (poll #5)  order=7ce51370
  [    337ms]  [91mstale[0m    (poll #6)  order=7ce51370
  [    410ms]  [91mstale[0m    (poll #7)  order=7ce51370
  [    481ms]  [92mVISIBLE[0m  (poll #8, X-Cache: MISS)  order=7ce51370

[96mOrder 772/1000:[0m
  [      9ms]  [91mstale[0m    (poll #1)  order=cd8b9b6f
  [     70ms]  [91mstale[0m    (poll #2)  order=cd8b9b6f
  [    133ms]  [91mstale[0m    (poll #3)  order=cd8b9b6f
  [    198ms]  [91mstale[0m    (poll #4)  order=cd8b9b6f
  [    265ms]  [91mstale[0m    (poll #5)  order=cd8b9b6f
  [    337ms]  [91mstale[0m    (poll #6)  order=cd8b9b6f
  [    407ms]  [91mstale[0m    (poll #7)  order=cd8b9b6f
  [    470ms]  [91mstale[0m    (poll #8)  order=cd8b9b6f
  [    538ms]  [92mVISIBLE[0m  (poll #9, X-Cache: MISS)  order=cd8b9b6f

[96mOrder 773/1000:[0m
  [      9ms]  [91mstale[0m    (poll #1)  order=7f5dc288
  [     68ms]  [91mstale[0m    (poll #2)  order=7f5dc288
  [    129ms]  [91mstale[0m    (poll #3)  order=7f5dc288
  [    191ms]  [91mstale[0m    (poll #4)  order=7f5dc288
  [    257ms]  [91mstale[0m    (poll #5)  order=7f5dc288
  [    328ms]  [91mstale[0m    (poll #6)  order=7f5dc288
  [    399ms]  [91mstale[0m    (poll #7)  order=7f5dc288
  [    461ms]  [91mstale[0m    (poll #8)  order=7f5dc288
  [    525ms]  [92mVISIBLE[0m  (poll #9, X-Cache: MISS)  order=7f5dc288

[96mOrder 774/1000:[0m
  [      5ms]  [91mstale[0m    (poll #1)  order=6a97471d
  [     64ms]  [91mstale[0m    (poll #2)  order=6a97471d
  [    130ms]  [91mstale[0m    (poll #3)  order=6a97471d
  [    193ms]  [91mstale[0m    (poll #4)  order=6a97471d
  [    257ms]  [91mstale[0m    (poll #5)  order=6a97471d
  [    327ms]  [91mstale[0m    (poll #6)  order=6a97471d
  [    394ms]  [91mstale[0m    (poll #7)  order=6a97471d
  [    454ms]  [91mstale[0m    (poll #8)  order=6a97471d
  [    517ms]  [92mVISIBLE[0m  (poll #9, X-Cache: MISS)  order=6a97471d

[96mOrder 775/1000:[0m
  [      7ms]  [91mstale[0m    (poll #1)  order=e22588fe
  [     69ms]  [91mstale[0m    (poll #2)  order=e22588fe
  [    132ms]  [91mstale[0m    (poll #3)  order=e22588fe
  [    192ms]  [91mstale[0m    (poll #4)  order=e22588fe
  [    259ms]  [91mstale[0m    (poll #5)  order=e22588fe
  [    330ms]  [91mstale[0m    (poll #6)  order=e22588fe
  [    401ms]  [92mVISIBLE[0m  (poll #7, X-Cache: MISS)  order=e22588fe

[96mOrder 776/1000:[0m
  [      8ms]  [91mstale[0m    (poll #1)  order=b195564a
  [     68ms]  [91mstale[0m    (poll #2)  order=b195564a
  [    129ms]  [91mstale[0m    (poll #3)  order=b195564a
  [    192ms]  [91mstale[0m    (poll #4)  order=b195564a
  [    261ms]  [91mstale[0m    (poll #5)  order=b195564a
  [    335ms]  [91mstale[0m    (poll #6)  order=b195564a
  [    408ms]  [91mstale[0m    (poll #7)  order=b195564a
  [    472ms]  [92mVISIBLE[0m  (poll #8, X-Cache: MISS)  order=b195564a

[96mOrder 777/1000:[0m
  [      7ms]  [91mstale[0m    (poll #1)  order=2cce4442
  [     70ms]  [91mstale[0m    (poll #2)  order=2cce4442
  [    131ms]  [91mstale[0m    (poll #3)  order=2cce4442
  [    195ms]  [91mstale[0m    (poll #4)  order=2cce4442
  [    259ms]  [91mstale[0m    (poll #5)  order=2cce4442
  [    326ms]  [91mstale[0m    (poll #6)  order=2cce4442
  [    392ms]  [91mstale[0m    (poll #7)  order=2cce4442
  [    463ms]  [91mstale[0m    (poll #8)  order=2cce4442
  [    533ms]  [92mVISIBLE[0m  (poll #9, X-Cache: MISS)  order=2cce4442

[96mOrder 778/1000:[0m
  [     12ms]  [91mstale[0m    (poll #1)  order=9812a775
  [     77ms]  [91mstale[0m    (poll #2)  order=9812a775
  [    139ms]  [91mstale[0m    (poll #3)  order=9812a775
  [    202ms]  [91mstale[0m    (poll #4)  order=9812a775
  [    268ms]  [91mstale[0m    (poll #5)  order=9812a775
  [    339ms]  [91mstale[0m    (poll #6)  order=9812a775
  [    409ms]  [91mstale[0m    (poll #7)  order=9812a775
  [    486ms]  [92mVISIBLE[0m  (poll #8, X-Cache: MISS)  order=9812a775

[96mOrder 779/1000:[0m
  [      9ms]  [91mstale[0m    (poll #1)  order=6be3a8f8
  [     70ms]  [91mstale[0m    (poll #2)  order=6be3a8f8
  [    132ms]  [91mstale[0m    (poll #3)  order=6be3a8f8
  [    200ms]  [91mstale[0m    (poll #4)  order=6be3a8f8
  [    267ms]  [91mstale[0m    (poll #5)  order=6be3a8f8
  [    336ms]  [91mstale[0m    (poll #6)  order=6be3a8f8
  [    408ms]  [91mstale[0m    (poll #7)  order=6be3a8f8
  [    474ms]  [91mstale[0m    (poll #8)  order=6be3a8f8
  [    545ms]  [92mVISIBLE[0m  (poll #9, X-Cache: MISS)  order=6be3a8f8

[96mOrder 780/1000:[0m
  [     11ms]  [91mstale[0m    (poll #1)  order=997fcbcb
  [     70ms]  [91mstale[0m    (poll #2)  order=997fcbcb
  [    133ms]  [91mstale[0m    (poll #3)  order=997fcbcb
  [    198ms]  [91mstale[0m    (poll #4)  order=997fcbcb
  [    266ms]  [91mstale[0m    (poll #5)  order=997fcbcb
  [    337ms]  [91mstale[0m    (poll #6)  order=997fcbcb
  [    409ms]  [91mstale[0m    (poll #7)  order=997fcbcb
  [    480ms]  [92mVISIBLE[0m  (poll #8, X-Cache: MISS)  order=997fcbcb

[96mOrder 781/1000:[0m
  [     11ms]  [91mstale[0m    (poll #1)  order=bbbedb4d
  [     71ms]  [91mstale[0m    (poll #2)  order=bbbedb4d
  [    130ms]  [91mstale[0m    (poll #3)  order=bbbedb4d
  [    197ms]  [91mstale[0m    (poll #4)  order=bbbedb4d
  [    265ms]  [91mstale[0m    (poll #5)  order=bbbedb4d
  [    334ms]  [91mstale[0m    (poll #6)  order=bbbedb4d
  [    404ms]  [91mstale[0m    (poll #7)  order=bbbedb4d
  [    476ms]  [92mVISIBLE[0m  (poll #8, X-Cache: MISS)  order=bbbedb4d

[96mOrder 782/1000:[0m
  [     10ms]  [91mstale[0m    (poll #1)  order=992ec7dd
  [     73ms]  [91mstale[0m    (poll #2)  order=992ec7dd
  [    131ms]  [91mstale[0m    (poll #3)  order=992ec7dd
  [    197ms]  [91mstale[0m    (poll #4)  order=992ec7dd
  [    266ms]  [91mstale[0m    (poll #5)  order=992ec7dd
  [    335ms]  [91mstale[0m    (poll #6)  order=992ec7dd
  [    407ms]  [91mstale[0m    (poll #7)  order=992ec7dd
  [    475ms]  [91mstale[0m    (poll #8)  order=992ec7dd
  [    546ms]  [92mVISIBLE[0m  (poll #9, X-Cache: MISS)  order=992ec7dd

[96mOrder 783/1000:[0m
  [      9ms]  [91mstale[0m    (poll #1)  order=3bb83f1c
  [     74ms]  [91mstale[0m    (poll #2)  order=3bb83f1c
  [    137ms]  [91mstale[0m    (poll #3)  order=3bb83f1c
  [    202ms]  [91mstale[0m    (poll #4)  order=3bb83f1c
  [    269ms]  [91mstale[0m    (poll #5)  order=3bb83f1c
  [    341ms]  [91mstale[0m    (poll #6)  order=3bb83f1c
  [    409ms]  [91mstale[0m    (poll #7)  order=3bb83f1c
  [    482ms]  [92mVISIBLE[0m  (poll #8, X-Cache: MISS)  order=3bb83f1c

[96mOrder 784/1000:[0m
  [     10ms]  [91mstale[0m    (poll #1)  order=dedb8f2d
  [     74ms]  [91mstale[0m    (poll #2)  order=dedb8f2d
  [    137ms]  [91mstale[0m    (poll #3)  order=dedb8f2d
  [    201ms]  [91mstale[0m    (poll #4)  order=dedb8f2d
  [    272ms]  [91mstale[0m    (poll #5)  order=dedb8f2d
  [    336ms]  [91mstale[0m    (poll #6)  order=dedb8f2d
  [    397ms]  [91mstale[0m    (poll #7)  order=dedb8f2d
  [    461ms]  [91mstale[0m    (poll #8)  order=dedb8f2d
  [    529ms]  [92mVISIBLE[0m  (poll #9, X-Cache: MISS)  order=dedb8f2d

[96mOrder 785/1000:[0m
  [      8ms]  [91mstale[0m    (poll #1)  order=327a293a
  [     69ms]  [91mstale[0m    (poll #2)  order=327a293a
  [    133ms]  [91mstale[0m    (poll #3)  order=327a293a
  [    198ms]  [91mstale[0m    (poll #4)  order=327a293a
  [    267ms]  [91mstale[0m    (poll #5)  order=327a293a
  [    339ms]  [91mstale[0m    (poll #6)  order=327a293a
  [    413ms]  [91mstale[0m    (poll #7)  order=327a293a
  [    486ms]  [92mVISIBLE[0m  (poll #8, X-Cache: MISS)  order=327a293a

[96mOrder 786/1000:[0m
  [      8ms]  [91mstale[0m    (poll #1)  order=c61ec725
  [     71ms]  [91mstale[0m    (poll #2)  order=c61ec725
  [    134ms]  [91mstale[0m    (poll #3)  order=c61ec725
  [    195ms]  [91mstale[0m    (poll #4)  order=c61ec725
  [    265ms]  [91mstale[0m    (poll #5)  order=c61ec725
  [    337ms]  [91mstale[0m    (poll #6)  order=c61ec725
  [    404ms]  [91mstale[0m    (poll #7)  order=c61ec725
  [    471ms]  [92mVISIBLE[0m  (poll #8, X-Cache: MISS)  order=c61ec725

[96mOrder 787/1000:[0m
  [      9ms]  [91mstale[0m    (poll #1)  order=182ef007
  [     69ms]  [91mstale[0m    (poll #2)  order=182ef007
  [    133ms]  [91mstale[0m    (poll #3)  order=182ef007
  [    202ms]  [91mstale[0m    (poll #4)  order=182ef007
  [    273ms]  [91mstale[0m    (poll #5)  order=182ef007
  [    338ms]  [91mstale[0m    (poll #6)  order=182ef007
  [    397ms]  [91mstale[0m    (poll #7)  order=182ef007
  [    454ms]  [91mstale[0m    (poll #8)  order=182ef007
  [    511ms]  [92mVISIBLE[0m  (poll #9, X-Cache: MISS)  order=182ef007

[96mOrder 788/1000:[0m
  [      4ms]  [91mstale[0m    (poll #1)  order=2542eb25
  [     61ms]  [91mstale[0m    (poll #2)  order=2542eb25
  [    121ms]  [91mstale[0m    (poll #3)  order=2542eb25
  [    183ms]  [91mstale[0m    (poll #4)  order=2542eb25
  [    245ms]  [91mstale[0m    (poll #5)  order=2542eb25
  [    308ms]  [91mstale[0m    (poll #6)  order=2542eb25
  [    375ms]  [91mstale[0m    (poll #7)  order=2542eb25
  [    444ms]  [92mVISIBLE[0m  (poll #8, X-Cache: MISS)  order=2542eb25

[96mOrder 789/1000:[0m
  [     10ms]  [91mstale[0m    (poll #1)  order=5073018d
  [     71ms]  [91mstale[0m    (poll #2)  order=5073018d
  [    134ms]  [91mstale[0m    (poll #3)  order=5073018d
  [    198ms]  [91mstale[0m    (poll #4)  order=5073018d
  [    265ms]  [91mstale[0m    (poll #5)  order=5073018d
  [    338ms]  [91mstale[0m    (poll #6)  order=5073018d
  [    410ms]  [91mstale[0m    (poll #7)  order=5073018d
  [    481ms]  [92mVISIBLE[0m  (poll #8, X-Cache: MISS)  order=5073018d

[96mOrder 790/1000:[0m
  [     10ms]  [91mstale[0m    (poll #1)  order=0109327f
  [     69ms]  [91mstale[0m    (poll #2)  order=0109327f
  [    133ms]  [91mstale[0m    (poll #3)  order=0109327f
  [    195ms]  [91mstale[0m    (poll #4)  order=0109327f
  [    261ms]  [91mstale[0m    (poll #5)  order=0109327f
  [    329ms]  [91mstale[0m    (poll #6)  order=0109327f
  [    402ms]  [91mstale[0m    (poll #7)  order=0109327f
  [    474ms]  [92mVISIBLE[0m  (poll #8, X-Cache: MISS)  order=0109327f

[96mOrder 791/1000:[0m
  [      8ms]  [91mstale[0m    (poll #1)  order=051aa2da
  [     68ms]  [91mstale[0m    (poll #2)  order=051aa2da
  [    128ms]  [91mstale[0m    (poll #3)  order=051aa2da
  [    193ms]  [91mstale[0m    (poll #4)  order=051aa2da
  [    259ms]  [91mstale[0m    (poll #5)  order=051aa2da
  [    329ms]  [91mstale[0m    (poll #6)  order=051aa2da
  [    398ms]  [91mstale[0m    (poll #7)  order=051aa2da
  [    468ms]  [91mstale[0m    (poll #8)  order=051aa2da
  [    540ms]  [92mVISIBLE[0m  (poll #9, X-Cache: MISS)  order=051aa2da

[96mOrder 792/1000:[0m
  [     11ms]  [91mstale[0m    (poll #1)  order=09c17f2e
  [     72ms]  [91mstale[0m    (poll #2)  order=09c17f2e
  [    134ms]  [91mstale[0m    (poll #3)  order=09c17f2e
  [    196ms]  [91mstale[0m    (poll #4)  order=09c17f2e
  [    266ms]  [91mstale[0m    (poll #5)  order=09c17f2e
  [    335ms]  [91mstale[0m    (poll #6)  order=09c17f2e
  [    404ms]  [91mstale[0m    (poll #7)  order=09c17f2e
  [    475ms]  [92mVISIBLE[0m  (poll #8, X-Cache: MISS)  order=09c17f2e

[96mOrder 793/1000:[0m
  [      8ms]  [91mstale[0m    (poll #1)  order=92a8111b
  [     72ms]  [91mstale[0m    (poll #2)  order=92a8111b
  [    134ms]  [91mstale[0m    (poll #3)  order=92a8111b
  [    193ms]  [91mstale[0m    (poll #4)  order=92a8111b
  [    255ms]  [91mstale[0m    (poll #5)  order=92a8111b
  [    318ms]  [91mstale[0m    (poll #6)  order=92a8111b
  [    386ms]  [91mstale[0m    (poll #7)  order=92a8111b
  [    452ms]  [91mstale[0m    (poll #8)  order=92a8111b
  [    527ms]  [92mVISIBLE[0m  (poll #9, X-Cache: MISS)  order=92a8111b

[96mOrder 794/1000:[0m
  [     10ms]  [91mstale[0m    (poll #1)  order=a1a1603f
  [     75ms]  [91mstale[0m    (poll #2)  order=a1a1603f
  [    134ms]  [91mstale[0m    (poll #3)  order=a1a1603f
  [    197ms]  [91mstale[0m    (poll #4)  order=a1a1603f
  [    260ms]  [91mstale[0m    (poll #5)  order=a1a1603f
  [    322ms]  [91mstale[0m    (poll #6)  order=a1a1603f
  [    384ms]  [91mstale[0m    (poll #7)  order=a1a1603f
  [    450ms]  [91mstale[0m    (poll #8)  order=a1a1603f
  [    524ms]  [92mVISIBLE[0m  (poll #9, X-Cache: MISS)  order=a1a1603f

[96mOrder 795/1000:[0m
  [     11ms]  [91mstale[0m    (poll #1)  order=a73eefaf
  [     75ms]  [91mstale[0m    (poll #2)  order=a73eefaf
  [    135ms]  [91mstale[0m    (poll #3)  order=a73eefaf
  [    195ms]  [91mstale[0m    (poll #4)  order=a73eefaf
  [    258ms]  [91mstale[0m    (poll #5)  order=a73eefaf
  [    331ms]  [91mstale[0m    (poll #6)  order=a73eefaf
  [    401ms]  [91mstale[0m    (poll #7)  order=a73eefaf
  [    473ms]  [92mVISIBLE[0m  (poll #8, X-Cache: MISS)  order=a73eefaf

[96mOrder 796/1000:[0m
  [      8ms]  [91mstale[0m    (poll #1)  order=ea490bc2
  [     68ms]  [91mstale[0m    (poll #2)  order=ea490bc2
  [    130ms]  [91mstale[0m    (poll #3)  order=ea490bc2
  [    191ms]  [91mstale[0m    (poll #4)  order=ea490bc2
  [    260ms]  [91mstale[0m    (poll #5)  order=ea490bc2
  [    328ms]  [91mstale[0m    (poll #6)  order=ea490bc2
  [    401ms]  [91mstale[0m    (poll #7)  order=ea490bc2
  [    471ms]  [91mstale[0m    (poll #8)  order=ea490bc2
  [    541ms]  [92mVISIBLE[0m  (poll #9, X-Cache: MISS)  order=ea490bc2

[96mOrder 797/1000:[0m
  [     10ms]  [91mstale[0m    (poll #1)  order=1a687cd5
  [     74ms]  [91mstale[0m    (poll #2)  order=1a687cd5
  [    136ms]  [91mstale[0m    (poll #3)  order=1a687cd5
  [    200ms]  [91mstale[0m    (poll #4)  order=1a687cd5
  [    267ms]  [91mstale[0m    (poll #5)  order=1a687cd5
  [    340ms]  [91mstale[0m    (poll #6)  order=1a687cd5
  [    414ms]  [91mstale[0m    (poll #7)  order=1a687cd5
  [    488ms]  [92mVISIBLE[0m  (poll #8, X-Cache: MISS)  order=1a687cd5

[96mOrder 798/1000:[0m
  [     10ms]  [91mstale[0m    (poll #1)  order=772711f9
  [     69ms]  [91mstale[0m    (poll #2)  order=772711f9
  [    129ms]  [91mstale[0m    (poll #3)  order=772711f9
  [    193ms]  [91mstale[0m    (poll #4)  order=772711f9
  [    262ms]  [91mstale[0m    (poll #5)  order=772711f9
  [    330ms]  [91mstale[0m    (poll #6)  order=772711f9
  [    400ms]  [91mstale[0m    (poll #7)  order=772711f9
  [    469ms]  [92mVISIBLE[0m  (poll #8, X-Cache: MISS)  order=772711f9

[96mOrder 799/1000:[0m
  [      8ms]  [91mstale[0m    (poll #1)  order=52b9b0fb
  [     68ms]  [91mstale[0m    (poll #2)  order=52b9b0fb
  [    132ms]  [91mstale[0m    (poll #3)  order=52b9b0fb
  [    196ms]  [91mstale[0m    (poll #4)  order=52b9b0fb
  [    268ms]  [91mstale[0m    (poll #5)  order=52b9b0fb
  [    338ms]  [91mstale[0m    (poll #6)  order=52b9b0fb
  [    407ms]  [91mstale[0m    (poll #7)  order=52b9b0fb
  [    481ms]  [91mstale[0m    (poll #8)  order=52b9b0fb
  [    554ms]  [92mVISIBLE[0m  (poll #9, X-Cache: MISS)  order=52b9b0fb

[96mOrder 800/1000:[0m
  [     11ms]  [91mstale[0m    (poll #1)  order=71ff720e
  [     72ms]  [91mstale[0m    (poll #2)  order=71ff720e
  [    136ms]  [91mstale[0m    (poll #3)  order=71ff720e
  [    199ms]  [91mstale[0m    (poll #4)  order=71ff720e
  [    269ms]  [91mstale[0m    (poll #5)  order=71ff720e
  [    340ms]  [91mstale[0m    (poll #6)  order=71ff720e
  [    408ms]  [91mstale[0m    (poll #7)  order=71ff720e
  [    477ms]  [92mVISIBLE[0m  (poll #8, X-Cache: MISS)  order=71ff720e

[96mOrder 801/1000:[0m
  [      9ms]  [91mstale[0m    (poll #1)  order=49b4d418
  [     73ms]  [91mstale[0m    (poll #2)  order=49b4d418
  [    134ms]  [91mstale[0m    (poll #3)  order=49b4d418
  [    199ms]  [91mstale[0m    (poll #4)  order=49b4d418
  [    269ms]  [91mstale[0m    (poll #5)  order=49b4d418
  [    339ms]  [91mstale[0m    (poll #6)  order=49b4d418
  [    412ms]  [91mstale[0m    (poll #7)  order=49b4d418
  [    482ms]  [92mVISIBLE[0m  (poll #8, X-Cache: MISS)  order=49b4d418

[96mOrder 802/1000:[0m
  [      9ms]  [91mstale[0m    (poll #1)  order=7cbfb80a
  [     72ms]  [91mstale[0m    (poll #2)  order=7cbfb80a
  [    136ms]  [91mstale[0m    (poll #3)  order=7cbfb80a
  [    201ms]  [91mstale[0m    (poll #4)  order=7cbfb80a
  [    272ms]  [91mstale[0m    (poll #5)  order=7cbfb80a
  [    343ms]  [91mstale[0m    (poll #6)  order=7cbfb80a
  [    406ms]  [91mstale[0m    (poll #7)  order=7cbfb80a
  [    477ms]  [91mstale[0m    (poll #8)  order=7cbfb80a
  [    552ms]  [92mVISIBLE[0m  (poll #9, X-Cache: MISS)  order=7cbfb80a

[96mOrder 803/1000:[0m
  [     10ms]  [91mstale[0m    (poll #1)  order=ab984dd6
  [     74ms]  [91mstale[0m    (poll #2)  order=ab984dd6
  [    136ms]  [91mstale[0m    (poll #3)  order=ab984dd6
  [    200ms]  [91mstale[0m    (poll #4)  order=ab984dd6
  [    271ms]  [91mstale[0m    (poll #5)  order=ab984dd6
  [    344ms]  [91mstale[0m    (poll #6)  order=ab984dd6
  [    412ms]  [91mstale[0m    (poll #7)  order=ab984dd6
  [    487ms]  [92mVISIBLE[0m  (poll #8, X-Cache: MISS)  order=ab984dd6

[96mOrder 804/1000:[0m
  [      6ms]  [91mstale[0m    (poll #1)  order=dcdc57ec
  [     70ms]  [91mstale[0m    (poll #2)  order=dcdc57ec
  [    134ms]  [91mstale[0m    (poll #3)  order=dcdc57ec
  [    198ms]  [91mstale[0m    (poll #4)  order=dcdc57ec
  [    265ms]  [91mstale[0m    (poll #5)  order=dcdc57ec
  [    328ms]  [91mstale[0m    (poll #6)  order=dcdc57ec
  [    397ms]  [91mstale[0m    (poll #7)  order=dcdc57ec
  [    470ms]  [92mVISIBLE[0m  (poll #8, X-Cache: MISS)  order=dcdc57ec

[96mOrder 805/1000:[0m
  [      9ms]  [91mstale[0m    (poll #1)  order=d8b9bc8d
  [     73ms]  [91mstale[0m    (poll #2)  order=d8b9bc8d
  [    137ms]  [91mstale[0m    (poll #3)  order=d8b9bc8d
  [    200ms]  [91mstale[0m    (poll #4)  order=d8b9bc8d
  [    261ms]  [91mstale[0m    (poll #5)  order=d8b9bc8d
  [    323ms]  [91mstale[0m    (poll #6)  order=d8b9bc8d
  [    386ms]  [91mstale[0m    (poll #7)  order=d8b9bc8d
  [    448ms]  [91mstale[0m    (poll #8)  order=d8b9bc8d
  [    511ms]  [92mVISIBLE[0m  (poll #9, X-Cache: MISS)  order=d8b9bc8d

[96mOrder 806/1000:[0m
  [      8ms]  [91mstale[0m    (poll #1)  order=d7012f27
  [     72ms]  [91mstale[0m    (poll #2)  order=d7012f27
  [    132ms]  [91mstale[0m    (poll #3)  order=d7012f27
  [    192ms]  [91mstale[0m    (poll #4)  order=d7012f27
  [    252ms]  [91mstale[0m    (poll #5)  order=d7012f27
  [    316ms]  [91mstale[0m    (poll #6)  order=d7012f27
  [    378ms]  [91mstale[0m    (poll #7)  order=d7012f27
  [    449ms]  [91mstale[0m    (poll #8)  order=d7012f27
  [    520ms]  [92mVISIBLE[0m  (poll #9, X-Cache: MISS)  order=d7012f27

[96mOrder 807/1000:[0m
  [     10ms]  [91mstale[0m    (poll #1)  order=7441c848
  [     74ms]  [91mstale[0m    (poll #2)  order=7441c848
  [    133ms]  [91mstale[0m    (poll #3)  order=7441c848
  [    195ms]  [91mstale[0m    (poll #4)  order=7441c848
  [    257ms]  [91mstale[0m    (poll #5)  order=7441c848
  [    323ms]  [91mstale[0m    (poll #6)  order=7441c848
  [    384ms]  [91mstale[0m    (poll #7)  order=7441c848
  [    447ms]  [91mstale[0m    (poll #8)  order=7441c848
  [    508ms]  [92mVISIBLE[0m  (poll #9, X-Cache: MISS)  order=7441c848

[96mOrder 808/1000:[0m
  [      7ms]  [91mstale[0m    (poll #1)  order=2185884e
  [     70ms]  [91mstale[0m    (poll #2)  order=2185884e
  [    133ms]  [91mstale[0m    (poll #3)  order=2185884e
  [    192ms]  [91mstale[0m    (poll #4)  order=2185884e
  [    256ms]  [91mstale[0m    (poll #5)  order=2185884e
  [    323ms]  [91mstale[0m    (poll #6)  order=2185884e
  [    393ms]  [91mstale[0m    (poll #7)  order=2185884e
  [    467ms]  [92mVISIBLE[0m  (poll #8, X-Cache: MISS)  order=2185884e

[96mOrder 809/1000:[0m
  [     12ms]  [91mstale[0m    (poll #1)  order=8619ebfe
  [     73ms]  [91mstale[0m    (poll #2)  order=8619ebfe
  [    136ms]  [91mstale[0m    (poll #3)  order=8619ebfe
  [    202ms]  [91mstale[0m    (poll #4)  order=8619ebfe
  [    269ms]  [91mstale[0m    (poll #5)  order=8619ebfe
  [    341ms]  [91mstale[0m    (poll #6)  order=8619ebfe
  [    412ms]  [92mVISIBLE[0m  (poll #7, X-Cache: MISS)  order=8619ebfe

[96mOrder 810/1000:[0m
  [      9ms]  [91mstale[0m    (poll #1)  order=da958dec
  [     68ms]  [91mstale[0m    (poll #2)  order=da958dec
  [    136ms]  [91mstale[0m    (poll #3)  order=da958dec
  [    202ms]  [91mstale[0m    (poll #4)  order=da958dec
  [    267ms]  [91mstale[0m    (poll #5)  order=da958dec
  [    337ms]  [91mstale[0m    (poll #6)  order=da958dec
  [    406ms]  [91mstale[0m    (poll #7)  order=da958dec
  [    474ms]  [91mstale[0m    (poll #8)  order=da958dec
  [    546ms]  [92mVISIBLE[0m  (poll #9, X-Cache: MISS)  order=da958dec

[96mOrder 811/1000:[0m
  [     10ms]  [91mstale[0m    (poll #1)  order=2dc11001
  [     75ms]  [91mstale[0m    (poll #2)  order=2dc11001
  [    136ms]  [91mstale[0m    (poll #3)  order=2dc11001
  [    198ms]  [91mstale[0m    (poll #4)  order=2dc11001
  [    270ms]  [91mstale[0m    (poll #5)  order=2dc11001
  [    334ms]  [91mstale[0m    (poll #6)  order=2dc11001
  [    400ms]  [91mstale[0m    (poll #7)  order=2dc11001
  [    466ms]  [92mVISIBLE[0m  (poll #8, X-Cache: MISS)  order=2dc11001

[96mOrder 812/1000:[0m
  [      9ms]  [91mstale[0m    (poll #1)  order=13fca162
  [     73ms]  [91mstale[0m    (poll #2)  order=13fca162
  [    136ms]  [91mstale[0m    (poll #3)  order=13fca162
  [    201ms]  [91mstale[0m    (poll #4)  order=13fca162
  [    269ms]  [91mstale[0m    (poll #5)  order=13fca162
  [    333ms]  [91mstale[0m    (poll #6)  order=13fca162
  [    394ms]  [91mstale[0m    (poll #7)  order=13fca162
  [    458ms]  [91mstale[0m    (poll #8)  order=13fca162
  [    522ms]  [92mVISIBLE[0m  (poll #9, X-Cache: MISS)  order=13fca162

[96mOrder 813/1000:[0m
  [      6ms]  [91mstale[0m    (poll #1)  order=5022c10c
  [     62ms]  [91mstale[0m    (poll #2)  order=5022c10c
  [    122ms]  [91mstale[0m    (poll #3)  order=5022c10c
  [    183ms]  [91mstale[0m    (poll #4)  order=5022c10c
  [    248ms]  [91mstale[0m    (poll #5)  order=5022c10c
  [    315ms]  [91mstale[0m    (poll #6)  order=5022c10c
  [    384ms]  [91mstale[0m    (poll #7)  order=5022c10c
  [    451ms]  [91mstale[0m    (poll #8)  order=5022c10c
  [    522ms]  [92mVISIBLE[0m  (poll #9, X-Cache: MISS)  order=5022c10c

[96mOrder 814/1000:[0m
  [      5ms]  [91mstale[0m    (poll #1)  order=0cd4f5af
  [     66ms]  [91mstale[0m    (poll #2)  order=0cd4f5af
  [    125ms]  [91mstale[0m    (poll #3)  order=0cd4f5af
  [    183ms]  [91mstale[0m    (poll #4)  order=0cd4f5af
  [    254ms]  [91mstale[0m    (poll #5)  order=0cd4f5af
  [    326ms]  [91mstale[0m    (poll #6)  order=0cd4f5af
  [    394ms]  [91mstale[0m    (poll #7)  order=0cd4f5af
  [    468ms]  [91mstale[0m    (poll #8)  order=0cd4f5af
  [    534ms]  [92mVISIBLE[0m  (poll #9, X-Cache: MISS)  order=0cd4f5af

[96mOrder 815/1000:[0m
  [     11ms]  [91mstale[0m    (poll #1)  order=65f25ab7
  [     72ms]  [91mstale[0m    (poll #2)  order=65f25ab7
  [    135ms]  [91mstale[0m    (poll #3)  order=65f25ab7
  [    199ms]  [91mstale[0m    (poll #4)  order=65f25ab7
  [    265ms]  [91mstale[0m    (poll #5)  order=65f25ab7
  [    331ms]  [91mstale[0m    (poll #6)  order=65f25ab7
  [    402ms]  [91mstale[0m    (poll #7)  order=65f25ab7
  [    475ms]  [92mVISIBLE[0m  (poll #8, X-Cache: MISS)  order=65f25ab7

[96mOrder 816/1000:[0m
  [     12ms]  [91mstale[0m    (poll #1)  order=49327865
  [     77ms]  [91mstale[0m    (poll #2)  order=49327865
  [    141ms]  [91mstale[0m    (poll #3)  order=49327865
  [    204ms]  [91mstale[0m    (poll #4)  order=49327865
  [    272ms]  [91mstale[0m    (poll #5)  order=49327865
  [    342ms]  [91mstale[0m    (poll #6)  order=49327865
  [    409ms]  [92mVISIBLE[0m  (poll #7, X-Cache: MISS)  order=49327865

[96mOrder 817/1000:[0m
  [     10ms]  [91mstale[0m    (poll #1)  order=2e91e2cd
  [     73ms]  [91mstale[0m    (poll #2)  order=2e91e2cd
  [    136ms]  [91mstale[0m    (poll #3)  order=2e91e2cd
  [    196ms]  [91mstale[0m    (poll #4)  order=2e91e2cd
  [    266ms]  [91mstale[0m    (poll #5)  order=2e91e2cd
  [    336ms]  [91mstale[0m    (poll #6)  order=2e91e2cd
  [    401ms]  [91mstale[0m    (poll #7)  order=2e91e2cd
  [    470ms]  [92mVISIBLE[0m  (poll #8, X-Cache: MISS)  order=2e91e2cd

[96mOrder 818/1000:[0m
  [     12ms]  [91mstale[0m    (poll #1)  order=c21af532
  [     73ms]  [91mstale[0m    (poll #2)  order=c21af532
  [    135ms]  [91mstale[0m    (poll #3)  order=c21af532
  [    198ms]  [91mstale[0m    (poll #4)  order=c21af532
  [    264ms]  [91mstale[0m    (poll #5)  order=c21af532
  [    333ms]  [91mstale[0m    (poll #6)  order=c21af532
  [    402ms]  [91mstale[0m    (poll #7)  order=c21af532
  [    473ms]  [91mstale[0m    (poll #8)  order=c21af532
  [    546ms]  [92mVISIBLE[0m  (poll #9, X-Cache: MISS)  order=c21af532

[96mOrder 819/1000:[0m
  [     11ms]  [91mstale[0m    (poll #1)  order=e856da04
  [     76ms]  [91mstale[0m    (poll #2)  order=e856da04
  [    141ms]  [91mstale[0m    (poll #3)  order=e856da04
  [    204ms]  [91mstale[0m    (poll #4)  order=e856da04
  [    276ms]  [91mstale[0m    (poll #5)  order=e856da04
  [    345ms]  [91mstale[0m    (poll #6)  order=e856da04
  [    412ms]  [91mstale[0m    (poll #7)  order=e856da04
  [    479ms]  [92mVISIBLE[0m  (poll #8, X-Cache: MISS)  order=e856da04

[96mOrder 820/1000:[0m
  [     11ms]  [91mstale[0m    (poll #1)  order=895dd64a
  [     74ms]  [91mstale[0m    (poll #2)  order=895dd64a
  [    138ms]  [91mstale[0m    (poll #3)  order=895dd64a
  [    200ms]  [91mstale[0m    (poll #4)  order=895dd64a
  [    268ms]  [91mstale[0m    (poll #5)  order=895dd64a
  [    337ms]  [91mstale[0m    (poll #6)  order=895dd64a
  [    406ms]  [92mVISIBLE[0m  (poll #7, X-Cache: MISS)  order=895dd64a

[96mOrder 821/1000:[0m
  [     10ms]  [91mstale[0m    (poll #1)  order=67c8f5de
  [     73ms]  [91mstale[0m    (poll #2)  order=67c8f5de
  [    133ms]  [91mstale[0m    (poll #3)  order=67c8f5de
  [    198ms]  [91mstale[0m    (poll #4)  order=67c8f5de
  [    272ms]  [91mstale[0m    (poll #5)  order=67c8f5de
  [    342ms]  [91mstale[0m    (poll #6)  order=67c8f5de
  [    408ms]  [91mstale[0m    (poll #7)  order=67c8f5de
  [    478ms]  [91mstale[0m    (poll #8)  order=67c8f5de
  [    548ms]  [92mVISIBLE[0m  (poll #9, X-Cache: MISS)  order=67c8f5de

[96mOrder 822/1000:[0m
  [     12ms]  [91mstale[0m    (poll #1)  order=a87226fb
  [     72ms]  [91mstale[0m    (poll #2)  order=a87226fb
  [    133ms]  [91mstale[0m    (poll #3)  order=a87226fb
  [    197ms]  [91mstale[0m    (poll #4)  order=a87226fb
  [    266ms]  [91mstale[0m    (poll #5)  order=a87226fb
  [    334ms]  [91mstale[0m    (poll #6)  order=a87226fb
  [    408ms]  [91mstale[0m    (poll #7)  order=a87226fb
  [    479ms]  [92mVISIBLE[0m  (poll #8, X-Cache: MISS)  order=a87226fb

[96mOrder 823/1000:[0m
  [     10ms]  [91mstale[0m    (poll #1)  order=176b5227
  [     73ms]  [91mstale[0m    (poll #2)  order=176b5227
  [    137ms]  [91mstale[0m    (poll #3)  order=176b5227
  [    201ms]  [91mstale[0m    (poll #4)  order=176b5227
  [    273ms]  [91mstale[0m    (poll #5)  order=176b5227
  [    344ms]  [91mstale[0m    (poll #6)  order=176b5227
  [    415ms]  [92mVISIBLE[0m  (poll #7, X-Cache: MISS)  order=176b5227

[96mOrder 824/1000:[0m
  [     11ms]  [91mstale[0m    (poll #1)  order=d5ece7f6
  [     77ms]  [91mstale[0m    (poll #2)  order=d5ece7f6
  [    140ms]  [91mstale[0m    (poll #3)  order=d5ece7f6
  [    202ms]  [91mstale[0m    (poll #4)  order=d5ece7f6
  [    268ms]  [91mstale[0m    (poll #5)  order=d5ece7f6
  [    338ms]  [91mstale[0m    (poll #6)  order=d5ece7f6
  [    407ms]  [91mstale[0m    (poll #7)  order=d5ece7f6
  [    478ms]  [92mVISIBLE[0m  (poll #8, X-Cache: MISS)  order=d5ece7f6

[96mOrder 825/1000:[0m
  [     11ms]  [91mstale[0m    (poll #1)  order=7b9c9ed0
  [     75ms]  [91mstale[0m    (poll #2)  order=7b9c9ed0
  [    137ms]  [91mstale[0m    (poll #3)  order=7b9c9ed0
  [    202ms]  [91mstale[0m    (poll #4)  order=7b9c9ed0
  [    271ms]  [91mstale[0m    (poll #5)  order=7b9c9ed0
  [    344ms]  [91mstale[0m    (poll #6)  order=7b9c9ed0
  [    414ms]  [92mVISIBLE[0m  (poll #7, X-Cache: MISS)  order=7b9c9ed0

[96mOrder 826/1000:[0m
  [     10ms]  [91mstale[0m    (poll #1)  order=989f88a7
  [     70ms]  [91mstale[0m    (poll #2)  order=989f88a7
  [    133ms]  [91mstale[0m    (poll #3)  order=989f88a7
  [    197ms]  [91mstale[0m    (poll #4)  order=989f88a7
  [    268ms]  [91mstale[0m    (poll #5)  order=989f88a7
  [    339ms]  [91mstale[0m    (poll #6)  order=989f88a7
  [    410ms]  [91mstale[0m    (poll #7)  order=989f88a7
  [    478ms]  [92mVISIBLE[0m  (poll #8, X-Cache: MISS)  order=989f88a7

[96mOrder 827/1000:[0m
  [      9ms]  [91mstale[0m    (poll #1)  order=1809830e
  [     73ms]  [91mstale[0m    (poll #2)  order=1809830e
  [    132ms]  [91mstale[0m    (poll #3)  order=1809830e
  [    193ms]  [91mstale[0m    (poll #4)  order=1809830e
  [    253ms]  [91mstale[0m    (poll #5)  order=1809830e
  [    311ms]  [91mstale[0m    (poll #6)  order=1809830e
  [    373ms]  [91mstale[0m    (poll #7)  order=1809830e
  [    434ms]  [91mstale[0m    (poll #8)  order=1809830e
  [    497ms]  [92mVISIBLE[0m  (poll #9, X-Cache: MISS)  order=1809830e

[96mOrder 828/1000:[0m
  [      5ms]  [91mstale[0m    (poll #1)  order=5eacf124
  [     64ms]  [91mstale[0m    (poll #2)  order=5eacf124
  [    122ms]  [91mstale[0m    (poll #3)  order=5eacf124
  [    185ms]  [91mstale[0m    (poll #4)  order=5eacf124
  [    247ms]  [91mstale[0m    (poll #5)  order=5eacf124
  [    306ms]  [91mstale[0m    (poll #6)  order=5eacf124
  [    369ms]  [91mstale[0m    (poll #7)  order=5eacf124
  [    435ms]  [91mstale[0m    (poll #8)  order=5eacf124
  [    510ms]  [92mVISIBLE[0m  (poll #9, X-Cache: MISS)  order=5eacf124

[96mOrder 829/1000:[0m
  [     11ms]  [91mstale[0m    (poll #1)  order=7e895e17
  [     76ms]  [91mstale[0m    (poll #2)  order=7e895e17
  [    138ms]  [91mstale[0m    (poll #3)  order=7e895e17
  [    204ms]  [91mstale[0m    (poll #4)  order=7e895e17
  [    272ms]  [91mstale[0m    (poll #5)  order=7e895e17
  [    339ms]  [91mstale[0m    (poll #6)  order=7e895e17
  [    408ms]  [91mstale[0m    (poll #7)  order=7e895e17
  [    484ms]  [92mVISIBLE[0m  (poll #8, X-Cache: MISS)  order=7e895e17

[96mOrder 830/1000:[0m
  [     10ms]  [91mstale[0m    (poll #1)  order=e4290cf6
  [     74ms]  [91mstale[0m    (poll #2)  order=e4290cf6
  [    138ms]  [91mstale[0m    (poll #3)  order=e4290cf6
  [    204ms]  [91mstale[0m    (poll #4)  order=e4290cf6
  [    269ms]  [91mstale[0m    (poll #5)  order=e4290cf6
  [    357ms]  [91mstale[0m    (poll #6)  order=e4290cf6
  [    425ms]  [91mstale[0m    (poll #7)  order=e4290cf6
  [    496ms]  [92mVISIBLE[0m  (poll #8, X-Cache: MISS)  order=e4290cf6

[96mOrder 831/1000:[0m
  [      8ms]  [91mstale[0m    (poll #1)  order=ea710e90
  [     72ms]  [91mstale[0m    (poll #2)  order=ea710e90
  [    132ms]  [91mstale[0m    (poll #3)  order=ea710e90
  [    193ms]  [91mstale[0m    (poll #4)  order=ea710e90
  [    259ms]  [91mstale[0m    (poll #5)  order=ea710e90
  [    320ms]  [91mstale[0m    (poll #6)  order=ea710e90
  [    385ms]  [91mstale[0m    (poll #7)  order=ea710e90
  [    454ms]  [91mstale[0m    (poll #8)  order=ea710e90
  [    524ms]  [92mVISIBLE[0m  (poll #9, X-Cache: MISS)  order=ea710e90

[96mOrder 832/1000:[0m
  [     10ms]  [91mstale[0m    (poll #1)  order=ab302b0f
  [     72ms]  [91mstale[0m    (poll #2)  order=ab302b0f
  [    132ms]  [91mstale[0m    (poll #3)  order=ab302b0f
  [    196ms]  [91mstale[0m    (poll #4)  order=ab302b0f
  [    261ms]  [91mstale[0m    (poll #5)  order=ab302b0f
  [    323ms]  [91mstale[0m    (poll #6)  order=ab302b0f
  [    384ms]  [91mstale[0m    (poll #7)  order=ab302b0f
  [    446ms]  [91mstale[0m    (poll #8)  order=ab302b0f
  [    508ms]  [92mVISIBLE[0m  (poll #9, X-Cache: MISS)  order=ab302b0f

[96mOrder 833/1000:[0m
  [      5ms]  [91mstale[0m    (poll #1)  order=9f474b59
  [     63ms]  [91mstale[0m    (poll #2)  order=9f474b59
  [    127ms]  [91mstale[0m    (poll #3)  order=9f474b59
  [    190ms]  [91mstale[0m    (poll #4)  order=9f474b59
  [    259ms]  [91mstale[0m    (poll #5)  order=9f474b59
  [    321ms]  [91mstale[0m    (poll #6)  order=9f474b59
  [    386ms]  [91mstale[0m    (poll #7)  order=9f474b59
  [    454ms]  [91mstale[0m    (poll #8)  order=9f474b59
  [    524ms]  [92mVISIBLE[0m  (poll #9, X-Cache: MISS)  order=9f474b59

[96mOrder 834/1000:[0m
  [      7ms]  [91mstale[0m    (poll #1)  order=620c4cf3
  [     64ms]  [91mstale[0m    (poll #2)  order=620c4cf3
  [    123ms]  [91mstale[0m    (poll #3)  order=620c4cf3
  [    184ms]  [91mstale[0m    (poll #4)  order=620c4cf3
  [    251ms]  [91mstale[0m    (poll #5)  order=620c4cf3
  [    318ms]  [91mstale[0m    (poll #6)  order=620c4cf3
  [    390ms]  [91mstale[0m    (poll #7)  order=620c4cf3
  [    463ms]  [91mstale[0m    (poll #8)  order=620c4cf3
  [    532ms]  [92mVISIBLE[0m  (poll #9, X-Cache: MISS)  order=620c4cf3

[96mOrder 835/1000:[0m
  [     11ms]  [91mstale[0m    (poll #1)  order=8163e750
  [     72ms]  [91mstale[0m    (poll #2)  order=8163e750
  [    133ms]  [91mstale[0m    (poll #3)  order=8163e750
  [    197ms]  [91mstale[0m    (poll #4)  order=8163e750
  [    266ms]  [91mstale[0m    (poll #5)  order=8163e750
  [    333ms]  [91mstale[0m    (poll #6)  order=8163e750
  [    401ms]  [91mstale[0m    (poll #7)  order=8163e750
  [    471ms]  [92mVISIBLE[0m  (poll #8, X-Cache: MISS)  order=8163e750

[96mOrder 836/1000:[0m
  [      8ms]  [91mstale[0m    (poll #1)  order=235d1b97
  [     67ms]  [91mstale[0m    (poll #2)  order=235d1b97
  [    130ms]  [91mstale[0m    (poll #3)  order=235d1b97
  [    196ms]  [91mstale[0m    (poll #4)  order=235d1b97
  [    266ms]  [91mstale[0m    (poll #5)  order=235d1b97
  [    335ms]  [91mstale[0m    (poll #6)  order=235d1b97
  [    405ms]  [91mstale[0m    (poll #7)  order=235d1b97
  [    480ms]  [91mstale[0m    (poll #8)  order=235d1b97
  [    551ms]  [92mVISIBLE[0m  (poll #9, X-Cache: MISS)  order=235d1b97

[96mOrder 837/1000:[0m
  [     10ms]  [91mstale[0m    (poll #1)  order=d01d4419
  [     74ms]  [91mstale[0m    (poll #2)  order=d01d4419
  [    134ms]  [91mstale[0m    (poll #3)  order=d01d4419
  [    199ms]  [91mstale[0m    (poll #4)  order=d01d4419
  [    266ms]  [91mstale[0m    (poll #5)  order=d01d4419
  [    339ms]  [91mstale[0m    (poll #6)  order=d01d4419
  [    411ms]  [91mstale[0m    (poll #7)  order=d01d4419
  [    481ms]  [92mVISIBLE[0m  (poll #8, X-Cache: MISS)  order=d01d4419

[96mOrder 838/1000:[0m
  [     10ms]  [91mstale[0m    (poll #1)  order=9006ab71
  [     74ms]  [91mstale[0m    (poll #2)  order=9006ab71
  [    131ms]  [91mstale[0m    (poll #3)  order=9006ab71
  [    196ms]  [91mstale[0m    (poll #4)  order=9006ab71
  [    265ms]  [91mstale[0m    (poll #5)  order=9006ab71
  [    336ms]  [91mstale[0m    (poll #6)  order=9006ab71
  [    408ms]  [91mstale[0m    (poll #7)  order=9006ab71
  [    479ms]  [92mVISIBLE[0m  (poll #8, X-Cache: MISS)  order=9006ab71

[96mOrder 839/1000:[0m
  [      9ms]  [91mstale[0m    (poll #1)  order=46cbbe1f
  [     68ms]  [91mstale[0m    (poll #2)  order=46cbbe1f
  [    127ms]  [91mstale[0m    (poll #3)  order=46cbbe1f
  [    190ms]  [91mstale[0m    (poll #4)  order=46cbbe1f
  [    258ms]  [91mstale[0m    (poll #5)  order=46cbbe1f
  [    329ms]  [91mstale[0m    (poll #6)  order=46cbbe1f
  [    397ms]  [91mstale[0m    (poll #7)  order=46cbbe1f
  [    468ms]  [91mstale[0m    (poll #8)  order=46cbbe1f
  [    540ms]  [92mVISIBLE[0m  (poll #9, X-Cache: MISS)  order=46cbbe1f

[96mOrder 840/1000:[0m
  [     11ms]  [91mstale[0m    (poll #1)  order=e11844b9
  [     72ms]  [91mstale[0m    (poll #2)  order=e11844b9
  [    132ms]  [91mstale[0m    (poll #3)  order=e11844b9
  [    195ms]  [91mstale[0m    (poll #4)  order=e11844b9
  [    262ms]  [91mstale[0m    (poll #5)  order=e11844b9
  [    326ms]  [91mstale[0m    (poll #6)  order=e11844b9
  [    396ms]  [91mstale[0m    (poll #7)  order=e11844b9
  [    464ms]  [92mVISIBLE[0m  (poll #8, X-Cache: MISS)  order=e11844b9

[96mOrder 841/1000:[0m
  [     14ms]  [91mstale[0m    (poll #1)  order=dadd49e4
  [     78ms]  [91mstale[0m    (poll #2)  order=dadd49e4
  [    141ms]  [91mstale[0m    (poll #3)  order=dadd49e4
  [    206ms]  [91mstale[0m    (poll #4)  order=dadd49e4
  [    274ms]  [91mstale[0m    (poll #5)  order=dadd49e4
  [    346ms]  [91mstale[0m    (poll #6)  order=dadd49e4
  [    420ms]  [92mVISIBLE[0m  (poll #7, X-Cache: MISS)  order=dadd49e4

[96mOrder 842/1000:[0m
  [     11ms]  [91mstale[0m    (poll #1)  order=1c0d33f2
  [     70ms]  [91mstale[0m    (poll #2)  order=1c0d33f2
  [    133ms]  [91mstale[0m    (poll #3)  order=1c0d33f2
  [    194ms]  [91mstale[0m    (poll #4)  order=1c0d33f2
  [    263ms]  [91mstale[0m    (poll #5)  order=1c0d33f2
  [    334ms]  [91mstale[0m    (poll #6)  order=1c0d33f2
  [    404ms]  [91mstale[0m    (poll #7)  order=1c0d33f2
  [    474ms]  [92mVISIBLE[0m  (poll #8, X-Cache: MISS)  order=1c0d33f2

[96mOrder 843/1000:[0m
  [      8ms]  [91mstale[0m    (poll #1)  order=8bc757d5
  [     68ms]  [91mstale[0m    (poll #2)  order=8bc757d5
  [    127ms]  [91mstale[0m    (poll #3)  order=8bc757d5
  [    190ms]  [91mstale[0m    (poll #4)  order=8bc757d5
  [    253ms]  [91mstale[0m    (poll #5)  order=8bc757d5
  [    316ms]  [91mstale[0m    (poll #6)  order=8bc757d5
  [    378ms]  [91mstale[0m    (poll #7)  order=8bc757d5
  [    442ms]  [91mstale[0m    (poll #8)  order=8bc757d5
  [    514ms]  [92mVISIBLE[0m  (poll #9, X-Cache: MISS)  order=8bc757d5

[96mOrder 844/1000:[0m
  [      4ms]  [91mstale[0m    (poll #1)  order=33b349c1
  [     61ms]  [91mstale[0m    (poll #2)  order=33b349c1
  [    120ms]  [91mstale[0m    (poll #3)  order=33b349c1
  [    179ms]  [91mstale[0m    (poll #4)  order=33b349c1
  [    244ms]  [91mstale[0m    (poll #5)  order=33b349c1
  [    311ms]  [91mstale[0m    (poll #6)  order=33b349c1
  [    382ms]  [91mstale[0m    (poll #7)  order=33b349c1
  [    453ms]  [91mstale[0m    (poll #8)  order=33b349c1
  [    527ms]  [92mVISIBLE[0m  (poll #9, X-Cache: MISS)  order=33b349c1

[96mOrder 845/1000:[0m
  [     12ms]  [91mstale[0m    (poll #1)  order=ad05a477
  [     79ms]  [91mstale[0m    (poll #2)  order=ad05a477
  [    143ms]  [91mstale[0m    (poll #3)  order=ad05a477
  [    203ms]  [91mstale[0m    (poll #4)  order=ad05a477
  [    267ms]  [91mstale[0m    (poll #5)  order=ad05a477
  [    336ms]  [91mstale[0m    (poll #6)  order=ad05a477
  [    408ms]  [91mstale[0m    (poll #7)  order=ad05a477
  [    484ms]  [92mVISIBLE[0m  (poll #8, X-Cache: MISS)  order=ad05a477

[96mOrder 846/1000:[0m
  [     11ms]  [91mstale[0m    (poll #1)  order=733778f1
  [     73ms]  [91mstale[0m    (poll #2)  order=733778f1
  [    136ms]  [91mstale[0m    (poll #3)  order=733778f1
  [    200ms]  [91mstale[0m    (poll #4)  order=733778f1
  [    264ms]  [91mstale[0m    (poll #5)  order=733778f1
  [    330ms]  [91mstale[0m    (poll #6)  order=733778f1
  [    400ms]  [91mstale[0m    (poll #7)  order=733778f1
  [    459ms]  [91mstale[0m    (poll #8)  order=733778f1
  [    521ms]  [92mVISIBLE[0m  (poll #9, X-Cache: MISS)  order=733778f1

[96mOrder 847/1000:[0m
  [      4ms]  [91mstale[0m    (poll #1)  order=8e852637
  [     60ms]  [91mstale[0m    (poll #2)  order=8e852637
  [    123ms]  [91mstale[0m    (poll #3)  order=8e852637
  [    182ms]  [91mstale[0m    (poll #4)  order=8e852637
  [    245ms]  [91mstale[0m    (poll #5)  order=8e852637
  [    310ms]  [91mstale[0m    (poll #6)  order=8e852637
  [    381ms]  [91mstale[0m    (poll #7)  order=8e852637
  [    447ms]  [91mstale[0m    (poll #8)  order=8e852637
  [    509ms]  [92mVISIBLE[0m  (poll #9, X-Cache: MISS)  order=8e852637

[96mOrder 848/1000:[0m
  [      4ms]  [91mstale[0m    (poll #1)  order=fe4311e7
  [     62ms]  [91mstale[0m    (poll #2)  order=fe4311e7
  [    122ms]  [91mstale[0m    (poll #3)  order=fe4311e7
  [    183ms]  [91mstale[0m    (poll #4)  order=fe4311e7
  [    246ms]  [91mstale[0m    (poll #5)  order=fe4311e7
  [    311ms]  [91mstale[0m    (poll #6)  order=fe4311e7
  [    374ms]  [91mstale[0m    (poll #7)  order=fe4311e7
  [    446ms]  [91mstale[0m    (poll #8)  order=fe4311e7
  [    514ms]  [92mVISIBLE[0m  (poll #9, X-Cache: MISS)  order=fe4311e7

[96mOrder 849/1000:[0m
  [     12ms]  [91mstale[0m    (poll #1)  order=3f1a410e
  [     71ms]  [91mstale[0m    (poll #2)  order=3f1a410e
  [    134ms]  [91mstale[0m    (poll #3)  order=3f1a410e
  [    200ms]  [91mstale[0m    (poll #4)  order=3f1a410e
  [    272ms]  [91mstale[0m    (poll #5)  order=3f1a410e
  [    345ms]  [91mstale[0m    (poll #6)  order=3f1a410e
  [    414ms]  [91mstale[0m    (poll #7)  order=3f1a410e
  [    488ms]  [91mstale[0m    (poll #8)  order=3f1a410e
  [    560ms]  [92mVISIBLE[0m  (poll #9, X-Cache: MISS)  order=3f1a410e

[96mOrder 850/1000:[0m
  [     11ms]  [91mstale[0m    (poll #1)  order=b851a575
  [     71ms]  [91mstale[0m    (poll #2)  order=b851a575
  [    131ms]  [91mstale[0m    (poll #3)  order=b851a575
  [    195ms]  [91mstale[0m    (poll #4)  order=b851a575
  [    263ms]  [91mstale[0m    (poll #5)  order=b851a575
  [    329ms]  [91mstale[0m    (poll #6)  order=b851a575
  [    395ms]  [92mVISIBLE[0m  (poll #7, X-Cache: MISS)  order=b851a575

[96mOrder 851/1000:[0m
  [      7ms]  [91mstale[0m    (poll #1)  order=faec632e
  [     67ms]  [91mstale[0m    (poll #2)  order=faec632e
  [    130ms]  [91mstale[0m    (poll #3)  order=faec632e
  [    194ms]  [91mstale[0m    (poll #4)  order=faec632e
  [    265ms]  [91mstale[0m    (poll #5)  order=faec632e
  [    335ms]  [91mstale[0m    (poll #6)  order=faec632e
  [    404ms]  [91mstale[0m    (poll #7)  order=faec632e
  [    470ms]  [92mVISIBLE[0m  (poll #8, X-Cache: MISS)  order=faec632e

[96mOrder 852/1000:[0m
  [      7ms]  [91mstale[0m    (poll #1)  order=0cb2d225
  [     69ms]  [91mstale[0m    (poll #2)  order=0cb2d225
  [    128ms]  [91mstale[0m    (poll #3)  order=0cb2d225
  [    191ms]  [91mstale[0m    (poll #4)  order=0cb2d225
  [    249ms]  [91mstale[0m    (poll #5)  order=0cb2d225
  [    310ms]  [91mstale[0m    (poll #6)  order=0cb2d225
  [    373ms]  [91mstale[0m    (poll #7)  order=0cb2d225
  [    440ms]  [91mstale[0m    (poll #8)  order=0cb2d225
  [    513ms]  [92mVISIBLE[0m  (poll #9, X-Cache: MISS)  order=0cb2d225

[96mOrder 853/1000:[0m
  [     11ms]  [91mstale[0m    (poll #1)  order=660ca16c
  [     72ms]  [91mstale[0m    (poll #2)  order=660ca16c
  [    136ms]  [91mstale[0m    (poll #3)  order=660ca16c
  [    200ms]  [91mstale[0m    (poll #4)  order=660ca16c
  [    270ms]  [91mstale[0m    (poll #5)  order=660ca16c
  [    342ms]  [91mstale[0m    (poll #6)  order=660ca16c
  [    410ms]  [91mstale[0m    (poll #7)  order=660ca16c
  [    472ms]  [92mVISIBLE[0m  (poll #8, X-Cache: MISS)  order=660ca16c

[96mOrder 854/1000:[0m
  [      5ms]  [91mstale[0m    (poll #1)  order=158ab9d5
  [     65ms]  [91mstale[0m    (poll #2)  order=158ab9d5
  [    123ms]  [91mstale[0m    (poll #3)  order=158ab9d5
  [    185ms]  [91mstale[0m    (poll #4)  order=158ab9d5
  [    255ms]  [91mstale[0m    (poll #5)  order=158ab9d5
  [    324ms]  [91mstale[0m    (poll #6)  order=158ab9d5
  [    396ms]  [91mstale[0m    (poll #7)  order=158ab9d5
  [    464ms]  [91mstale[0m    (poll #8)  order=158ab9d5
  [    538ms]  [92mVISIBLE[0m  (poll #9, X-Cache: MISS)  order=158ab9d5

[96mOrder 855/1000:[0m
  [     11ms]  [91mstale[0m    (poll #1)  order=5db0d36a
  [     76ms]  [91mstale[0m    (poll #2)  order=5db0d36a
  [    134ms]  [91mstale[0m    (poll #3)  order=5db0d36a
  [    194ms]  [91mstale[0m    (poll #4)  order=5db0d36a
  [    259ms]  [91mstale[0m    (poll #5)  order=5db0d36a
  [    331ms]  [91mstale[0m    (poll #6)  order=5db0d36a
  [    403ms]  [91mstale[0m    (poll #7)  order=5db0d36a
  [    473ms]  [92mVISIBLE[0m  (poll #8, X-Cache: MISS)  order=5db0d36a

[96mOrder 856/1000:[0m
  [     10ms]  [91mstale[0m    (poll #1)  order=5bc66b96
  [     73ms]  [91mstale[0m    (poll #2)  order=5bc66b96
  [    137ms]  [91mstale[0m    (poll #3)  order=5bc66b96
  [    201ms]  [91mstale[0m    (poll #4)  order=5bc66b96
  [    266ms]  [91mstale[0m    (poll #5)  order=5bc66b96
  [    333ms]  [91mstale[0m    (poll #6)  order=5bc66b96
  [    404ms]  [91mstale[0m    (poll #7)  order=5bc66b96
  [    474ms]  [91mstale[0m    (poll #8)  order=5bc66b96
  [    549ms]  [92mVISIBLE[0m  (poll #9, X-Cache: MISS)  order=5bc66b96

[96mOrder 857/1000:[0m
  [     62ms]  [91mstale[0m    (poll #1)  order=d432ede9
  [    124ms]  [91mstale[0m    (poll #2)  order=d432ede9
  [    186ms]  [91mstale[0m    (poll #3)  order=d432ede9
  [    248ms]  [91mstale[0m    (poll #4)  order=d432ede9
  [    307ms]  [91mstale[0m    (poll #5)  order=d432ede9
  [    373ms]  [91mstale[0m    (poll #6)  order=d432ede9
  [    443ms]  [91mstale[0m    (poll #7)  order=d432ede9
  [    517ms]  [92mVISIBLE[0m  (poll #8, X-Cache: MISS)  order=d432ede9

[96mOrder 858/1000:[0m
  [      7ms]  [91mstale[0m    (poll #1)  order=260479af
  [     70ms]  [91mstale[0m    (poll #2)  order=260479af
  [    133ms]  [91mstale[0m    (poll #3)  order=260479af
  [    198ms]  [91mstale[0m    (poll #4)  order=260479af
  [    259ms]  [91mstale[0m    (poll #5)  order=260479af
  [    330ms]  [91mstale[0m    (poll #6)  order=260479af
  [    399ms]  [91mstale[0m    (poll #7)  order=260479af
  [    470ms]  [92mVISIBLE[0m  (poll #8, X-Cache: MISS)  order=260479af

[96mOrder 859/1000:[0m
  [      9ms]  [91mstale[0m    (poll #1)  order=423e0d5f
  [     74ms]  [91mstale[0m    (poll #2)  order=423e0d5f
  [    137ms]  [91mstale[0m    (poll #3)  order=423e0d5f
  [    197ms]  [91mstale[0m    (poll #4)  order=423e0d5f
  [    265ms]  [91mstale[0m    (poll #5)  order=423e0d5f
  [    338ms]  [91mstale[0m    (poll #6)  order=423e0d5f
  [    411ms]  [92mVISIBLE[0m  (poll #7, X-Cache: MISS)  order=423e0d5f

[96mOrder 860/1000:[0m
  [     11ms]  [91mstale[0m    (poll #1)  order=3f15d605
  [     76ms]  [91mstale[0m    (poll #2)  order=3f15d605
  [    139ms]  [91mstale[0m    (poll #3)  order=3f15d605
  [    199ms]  [91mstale[0m    (poll #4)  order=3f15d605
  [    265ms]  [91mstale[0m    (poll #5)  order=3f15d605
  [    338ms]  [91mstale[0m    (poll #6)  order=3f15d605
  [    410ms]  [91mstale[0m    (poll #7)  order=3f15d605
  [    479ms]  [92mVISIBLE[0m  (poll #8, X-Cache: MISS)  order=3f15d605

[96mOrder 861/1000:[0m
  [      8ms]  [91mstale[0m    (poll #1)  order=6875cb67
  [     72ms]  [91mstale[0m    (poll #2)  order=6875cb67
  [    132ms]  [91mstale[0m    (poll #3)  order=6875cb67
  [    198ms]  [91mstale[0m    (poll #4)  order=6875cb67
  [    264ms]  [91mstale[0m    (poll #5)  order=6875cb67
  [    336ms]  [91mstale[0m    (poll #6)  order=6875cb67
  [    407ms]  [91mstale[0m    (poll #7)  order=6875cb67
  [    477ms]  [91mstale[0m    (poll #8)  order=6875cb67
  [    548ms]  [92mVISIBLE[0m  (poll #9, X-Cache: MISS)  order=6875cb67

[96mOrder 862/1000:[0m
  [     10ms]  [91mstale[0m    (poll #1)  order=6b5c13a1
  [     71ms]  [91mstale[0m    (poll #2)  order=6b5c13a1
  [    134ms]  [91mstale[0m    (poll #3)  order=6b5c13a1
  [    200ms]  [91mstale[0m    (poll #4)  order=6b5c13a1
  [    270ms]  [91mstale[0m    (poll #5)  order=6b5c13a1
  [    342ms]  [91mstale[0m    (poll #6)  order=6b5c13a1
  [    411ms]  [91mstale[0m    (poll #7)  order=6b5c13a1
  [    479ms]  [92mVISIBLE[0m  (poll #8, X-Cache: MISS)  order=6b5c13a1

[96mOrder 863/1000:[0m
  [      9ms]  [91mstale[0m    (poll #1)  order=77fabd56
  [     74ms]  [91mstale[0m    (poll #2)  order=77fabd56
  [    136ms]  [91mstale[0m    (poll #3)  order=77fabd56
  [    200ms]  [91mstale[0m    (poll #4)  order=77fabd56
  [    274ms]  [91mstale[0m    (poll #5)  order=77fabd56
  [    334ms]  [91mstale[0m    (poll #6)  order=77fabd56
  [    393ms]  [91mstale[0m    (poll #7)  order=77fabd56
  [    457ms]  [91mstale[0m    (poll #8)  order=77fabd56
  [    522ms]  [92mVISIBLE[0m  (poll #9, X-Cache: MISS)  order=77fabd56

[96mOrder 864/1000:[0m
  [      8ms]  [91mstale[0m    (poll #1)  order=a872e2f6
  [     71ms]  [91mstale[0m    (poll #2)  order=a872e2f6
  [    134ms]  [91mstale[0m    (poll #3)  order=a872e2f6
  [    197ms]  [91mstale[0m    (poll #4)  order=a872e2f6
  [    264ms]  [91mstale[0m    (poll #5)  order=a872e2f6
  [    334ms]  [92mVISIBLE[0m  (poll #6, X-Cache: MISS)  order=a872e2f6

[96mOrder 865/1000:[0m
  [     10ms]  [91mstale[0m    (poll #1)  order=754b71d7
  [     72ms]  [91mstale[0m    (poll #2)  order=754b71d7
  [    136ms]  [91mstale[0m    (poll #3)  order=754b71d7
  [    202ms]  [91mstale[0m    (poll #4)  order=754b71d7
  [    270ms]  [91mstale[0m    (poll #5)  order=754b71d7
  [    338ms]  [91mstale[0m    (poll #6)  order=754b71d7
  [    414ms]  [91mstale[0m    (poll #7)  order=754b71d7
  [    480ms]  [91mstale[0m    (poll #8)  order=754b71d7
  [    550ms]  [92mVISIBLE[0m  (poll #9, X-Cache: MISS)  order=754b71d7

[96mOrder 866/1000:[0m
  [     10ms]  [91mstale[0m    (poll #1)  order=88190f48
  [     72ms]  [91mstale[0m    (poll #2)  order=88190f48
  [    134ms]  [91mstale[0m    (poll #3)  order=88190f48
  [    195ms]  [91mstale[0m    (poll #4)  order=88190f48
  [    262ms]  [91mstale[0m    (poll #5)  order=88190f48
  [    329ms]  [91mstale[0m    (poll #6)  order=88190f48
  [    461ms]  [92mVISIBLE[0m  (poll #7, X-Cache: MISS)  order=88190f48

[96mOrder 867/1000:[0m
  [      4ms]  [91mstale[0m    (poll #1)  order=edfb14be
  [     63ms]  [91mstale[0m    (poll #2)  order=edfb14be
  [    125ms]  [91mstale[0m    (poll #3)  order=edfb14be
  [    185ms]  [91mstale[0m    (poll #4)  order=edfb14be
  [    243ms]  [91mstale[0m    (poll #5)  order=edfb14be
  [    307ms]  [91mstale[0m    (poll #6)  order=edfb14be
  [    371ms]  [92mVISIBLE[0m  (poll #7, X-Cache: MISS)  order=edfb14be

[96mOrder 868/1000:[0m
  [      7ms]  [91mstale[0m    (poll #1)  order=6a7b49b4
  [     66ms]  [91mstale[0m    (poll #2)  order=6a7b49b4
  [    127ms]  [91mstale[0m    (poll #3)  order=6a7b49b4
  [    190ms]  [91mstale[0m    (poll #4)  order=6a7b49b4
  [    251ms]  [91mstale[0m    (poll #5)  order=6a7b49b4
  [    310ms]  [91mstale[0m    (poll #6)  order=6a7b49b4
  [    371ms]  [91mstale[0m    (poll #7)  order=6a7b49b4
  [    434ms]  [91mstale[0m    (poll #8)  order=6a7b49b4
  [    497ms]  [92mVISIBLE[0m  (poll #9, X-Cache: MISS)  order=6a7b49b4

[96mOrder 869/1000:[0m
  [      5ms]  [91mstale[0m    (poll #1)  order=4dedc7a4
  [     66ms]  [91mstale[0m    (poll #2)  order=4dedc7a4
  [    126ms]  [91mstale[0m    (poll #3)  order=4dedc7a4
  [    187ms]  [91mstale[0m    (poll #4)  order=4dedc7a4
  [    251ms]  [91mstale[0m    (poll #5)  order=4dedc7a4
  [    312ms]  [91mstale[0m    (poll #6)  order=4dedc7a4
  [    382ms]  [92mVISIBLE[0m  (poll #7, X-Cache: MISS)  order=4dedc7a4

[96mOrder 870/1000:[0m
  [      7ms]  [91mstale[0m    (poll #1)  order=4d81248b
  [     72ms]  [91mstale[0m    (poll #2)  order=4d81248b
  [    133ms]  [91mstale[0m    (poll #3)  order=4d81248b
  [    195ms]  [91mstale[0m    (poll #4)  order=4d81248b
  [    259ms]  [91mstale[0m    (poll #5)  order=4d81248b
  [    324ms]  [91mstale[0m    (poll #6)  order=4d81248b
  [    388ms]  [91mstale[0m    (poll #7)  order=4d81248b
  [    453ms]  [91mstale[0m    (poll #8)  order=4d81248b
  [    523ms]  [92mVISIBLE[0m  (poll #9, X-Cache: MISS)  order=4d81248b

[96mOrder 871/1000:[0m
  [      8ms]  [91mstale[0m    (poll #1)  order=b7095e52
  [     70ms]  [91mstale[0m    (poll #2)  order=b7095e52
  [    132ms]  [91mstale[0m    (poll #3)  order=b7095e52
  [    196ms]  [91mstale[0m    (poll #4)  order=b7095e52
  [    260ms]  [91mstale[0m    (poll #5)  order=b7095e52
  [    322ms]  [91mstale[0m    (poll #6)  order=b7095e52
  [    388ms]  [91mstale[0m    (poll #7)  order=b7095e52
  [    454ms]  [91mstale[0m    (poll #8)  order=b7095e52
  [    529ms]  [92mVISIBLE[0m  (poll #9, X-Cache: MISS)  order=b7095e52

[96mOrder 872/1000:[0m
  [     12ms]  [91mstale[0m    (poll #1)  order=a820c117
  [     76ms]  [91mstale[0m    (poll #2)  order=a820c117
  [    142ms]  [91mstale[0m    (poll #3)  order=a820c117
  [    204ms]  [91mstale[0m    (poll #4)  order=a820c117
  [    265ms]  [91mstale[0m    (poll #5)  order=a820c117
  [    326ms]  [91mstale[0m    (poll #6)  order=a820c117
  [    388ms]  [91mstale[0m    (poll #7)  order=a820c117
  [    444ms]  [91mstale[0m    (poll #8)  order=a820c117
  [    505ms]  [92mVISIBLE[0m  (poll #9, X-Cache: MISS)  order=a820c117

[96mOrder 873/1000:[0m
  [      5ms]  [91mstale[0m    (poll #1)  order=9f7a11dc
  [     65ms]  [91mstale[0m    (poll #2)  order=9f7a11dc
  [    128ms]  [91mstale[0m    (poll #3)  order=9f7a11dc
  [    190ms]  [91mstale[0m    (poll #4)  order=9f7a11dc
  [    257ms]  [91mstale[0m    (poll #5)  order=9f7a11dc
  [    324ms]  [91mstale[0m    (poll #6)  order=9f7a11dc
  [    391ms]  [91mstale[0m    (poll #7)  order=9f7a11dc
  [    462ms]  [92mVISIBLE[0m  (poll #8, X-Cache: MISS)  order=9f7a11dc

[96mOrder 874/1000:[0m
  [      8ms]  [91mstale[0m    (poll #1)  order=8850423d
  [     71ms]  [91mstale[0m    (poll #2)  order=8850423d
  [    129ms]  [91mstale[0m    (poll #3)  order=8850423d
  [    195ms]  [91mstale[0m    (poll #4)  order=8850423d
  [    263ms]  [91mstale[0m    (poll #5)  order=8850423d
  [    325ms]  [91mstale[0m    (poll #6)  order=8850423d
  [    392ms]  [91mstale[0m    (poll #7)  order=8850423d
  [    457ms]  [91mstale[0m    (poll #8)  order=8850423d
  [    523ms]  [92mVISIBLE[0m  (poll #9, X-Cache: MISS)  order=8850423d

[96mOrder 875/1000:[0m
  [      7ms]  [91mstale[0m    (poll #1)  order=51a04eed
  [     64ms]  [91mstale[0m    (poll #2)  order=51a04eed
  [    122ms]  [91mstale[0m    (poll #3)  order=51a04eed
  [    187ms]  [91mstale[0m    (poll #4)  order=51a04eed
  [    253ms]  [91mstale[0m    (poll #5)  order=51a04eed
  [    320ms]  [91mstale[0m    (poll #6)  order=51a04eed
  [    387ms]  [91mstale[0m    (poll #7)  order=51a04eed
  [    456ms]  [91mstale[0m    (poll #8)  order=51a04eed
  [    528ms]  [92mVISIBLE[0m  (poll #9, X-Cache: MISS)  order=51a04eed

[96mOrder 876/1000:[0m
  [     12ms]  [91mstale[0m    (poll #1)  order=eba2a86e
  [     77ms]  [91mstale[0m    (poll #2)  order=eba2a86e
  [    137ms]  [91mstale[0m    (poll #3)  order=eba2a86e
  [    197ms]  [91mstale[0m    (poll #4)  order=eba2a86e
  [    263ms]  [91mstale[0m    (poll #5)  order=eba2a86e
  [    329ms]  [91mstale[0m    (poll #6)  order=eba2a86e
  [    396ms]  [91mstale[0m    (poll #7)  order=eba2a86e
  [    469ms]  [92mVISIBLE[0m  (poll #8, X-Cache: MISS)  order=eba2a86e

[96mOrder 877/1000:[0m
  [     10ms]  [91mstale[0m    (poll #1)  order=56372ea3
  [     73ms]  [91mstale[0m    (poll #2)  order=56372ea3
  [    131ms]  [91mstale[0m    (poll #3)  order=56372ea3
  [    193ms]  [91mstale[0m    (poll #4)  order=56372ea3
  [    258ms]  [91mstale[0m    (poll #5)  order=56372ea3
  [    324ms]  [91mstale[0m    (poll #6)  order=56372ea3
  [    389ms]  [91mstale[0m    (poll #7)  order=56372ea3
  [    456ms]  [91mstale[0m    (poll #8)  order=56372ea3
  [    526ms]  [92mVISIBLE[0m  (poll #9, X-Cache: MISS)  order=56372ea3

[96mOrder 878/1000:[0m
  [      9ms]  [91mstale[0m    (poll #1)  order=a0146ac7
  [     72ms]  [91mstale[0m    (poll #2)  order=a0146ac7
  [    130ms]  [91mstale[0m    (poll #3)  order=a0146ac7
  [    193ms]  [91mstale[0m    (poll #4)  order=a0146ac7
  [    263ms]  [91mstale[0m    (poll #5)  order=a0146ac7
  [    325ms]  [91mstale[0m    (poll #6)  order=a0146ac7
  [    395ms]  [91mstale[0m    (poll #7)  order=a0146ac7
  [    463ms]  [92mVISIBLE[0m  (poll #8, X-Cache: MISS)  order=a0146ac7

[96mOrder 879/1000:[0m
  [     10ms]  [91mstale[0m    (poll #1)  order=0152e20d
  [     75ms]  [91mstale[0m    (poll #2)  order=0152e20d
  [    137ms]  [91mstale[0m    (poll #3)  order=0152e20d
  [    200ms]  [91mstale[0m    (poll #4)  order=0152e20d
  [    267ms]  [91mstale[0m    (poll #5)  order=0152e20d
  [    339ms]  [91mstale[0m    (poll #6)  order=0152e20d
  [    412ms]  [91mstale[0m    (poll #7)  order=0152e20d
  [    482ms]  [91mstale[0m    (poll #8)  order=0152e20d
  [    551ms]  [92mVISIBLE[0m  (poll #9, X-Cache: MISS)  order=0152e20d

[96mOrder 880/1000:[0m
  [     14ms]  [91mstale[0m    (poll #1)  order=5d621b33
  [     83ms]  [91mstale[0m    (poll #2)  order=5d621b33
  [    143ms]  [91mstale[0m    (poll #3)  order=5d621b33
  [    205ms]  [91mstale[0m    (poll #4)  order=5d621b33
  [    270ms]  [91mstale[0m    (poll #5)  order=5d621b33
  [    339ms]  [91mstale[0m    (poll #6)  order=5d621b33
  [    405ms]  [91mstale[0m    (poll #7)  order=5d621b33
  [    472ms]  [92mVISIBLE[0m  (poll #8, X-Cache: MISS)  order=5d621b33

[96mOrder 881/1000:[0m
  [      9ms]  [91mstale[0m    (poll #1)  order=470611d3
  [     67ms]  [91mstale[0m    (poll #2)  order=470611d3
  [    128ms]  [91mstale[0m    (poll #3)  order=470611d3
  [    190ms]  [91mstale[0m    (poll #4)  order=470611d3
  [    257ms]  [91mstale[0m    (poll #5)  order=470611d3
  [    323ms]  [91mstale[0m    (poll #6)  order=470611d3
  [    389ms]  [91mstale[0m    (poll #7)  order=470611d3
  [    455ms]  [91mstale[0m    (poll #8)  order=470611d3
  [    524ms]  [92mVISIBLE[0m  (poll #9, X-Cache: MISS)  order=470611d3

[96mOrder 882/1000:[0m
  [      8ms]  [91mstale[0m    (poll #1)  order=475705a9
  [     68ms]  [91mstale[0m    (poll #2)  order=475705a9
  [    126ms]  [91mstale[0m    (poll #3)  order=475705a9
  [    190ms]  [91mstale[0m    (poll #4)  order=475705a9
  [    254ms]  [91mstale[0m    (poll #5)  order=475705a9
  [    320ms]  [91mstale[0m    (poll #6)  order=475705a9
  [    388ms]  [91mstale[0m    (poll #7)  order=475705a9
  [    457ms]  [91mstale[0m    (poll #8)  order=475705a9
  [    530ms]  [92mVISIBLE[0m  (poll #9, X-Cache: MISS)  order=475705a9

[96mOrder 883/1000:[0m
  [     12ms]  [91mstale[0m    (poll #1)  order=fd756658
  [     73ms]  [91mstale[0m    (poll #2)  order=fd756658
  [    135ms]  [91mstale[0m    (poll #3)  order=fd756658
  [    195ms]  [91mstale[0m    (poll #4)  order=fd756658
  [    263ms]  [91mstale[0m    (poll #5)  order=fd756658
  [    333ms]  [91mstale[0m    (poll #6)  order=fd756658
  [    398ms]  [91mstale[0m    (poll #7)  order=fd756658
  [    457ms]  [92mVISIBLE[0m  (poll #8, X-Cache: MISS)  order=fd756658

[96mOrder 884/1000:[0m
  [      5ms]  [91mstale[0m    (poll #1)  order=96db6cae
  [     63ms]  [91mstale[0m    (poll #2)  order=96db6cae
  [    123ms]  [91mstale[0m    (poll #3)  order=96db6cae
  [    187ms]  [91mstale[0m    (poll #4)  order=96db6cae
  [    257ms]  [91mstale[0m    (poll #5)  order=96db6cae
  [    327ms]  [91mstale[0m    (poll #6)  order=96db6cae
  [    398ms]  [91mstale[0m    (poll #7)  order=96db6cae
  [    463ms]  [91mstale[0m    (poll #8)  order=96db6cae
  [    537ms]  [92mVISIBLE[0m  (poll #9, X-Cache: MISS)  order=96db6cae

[96mOrder 885/1000:[0m
  [     10ms]  [91mstale[0m    (poll #1)  order=b9751dd9
  [     72ms]  [91mstale[0m    (poll #2)  order=b9751dd9
  [    135ms]  [91mstale[0m    (poll #3)  order=b9751dd9
  [    200ms]  [91mstale[0m    (poll #4)  order=b9751dd9
  [    267ms]  [91mstale[0m    (poll #5)  order=b9751dd9
  [    338ms]  [91mstale[0m    (poll #6)  order=b9751dd9
  [    405ms]  [91mstale[0m    (poll #7)  order=b9751dd9
  [    473ms]  [91mstale[0m    (poll #8)  order=b9751dd9
  [    543ms]  [92mVISIBLE[0m  (poll #9, X-Cache: MISS)  order=b9751dd9

[96mOrder 886/1000:[0m
  [     11ms]  [91mstale[0m    (poll #1)  order=b81f04e0
  [     71ms]  [91mstale[0m    (poll #2)  order=b81f04e0
  [    131ms]  [91mstale[0m    (poll #3)  order=b81f04e0
  [    190ms]  [91mstale[0m    (poll #4)  order=b81f04e0
  [    253ms]  [91mstale[0m    (poll #5)  order=b81f04e0
  [    314ms]  [91mstale[0m    (poll #6)  order=b81f04e0
  [    376ms]  [91mstale[0m    (poll #7)  order=b81f04e0
  [    439ms]  [91mstale[0m    (poll #8)  order=b81f04e0
  [    505ms]  [92mVISIBLE[0m  (poll #9, X-Cache: MISS)  order=b81f04e0

[96mOrder 887/1000:[0m
  [     10ms]  [91mstale[0m    (poll #1)  order=223e5f98
  [     70ms]  [91mstale[0m    (poll #2)  order=223e5f98
  [    131ms]  [91mstale[0m    (poll #3)  order=223e5f98
  [    191ms]  [91mstale[0m    (poll #4)  order=223e5f98
  [    254ms]  [91mstale[0m    (poll #5)  order=223e5f98
  [    318ms]  [91mstale[0m    (poll #6)  order=223e5f98
  [    385ms]  [91mstale[0m    (poll #7)  order=223e5f98
  [    454ms]  [92mVISIBLE[0m  (poll #8, X-Cache: MISS)  order=223e5f98

[96mOrder 888/1000:[0m
  [      7ms]  [91mstale[0m    (poll #1)  order=6db9e424
  [     69ms]  [91mstale[0m    (poll #2)  order=6db9e424
  [    130ms]  [91mstale[0m    (poll #3)  order=6db9e424
  [    192ms]  [91mstale[0m    (poll #4)  order=6db9e424
  [    252ms]  [91mstale[0m    (poll #5)  order=6db9e424
  [    311ms]  [91mstale[0m    (poll #6)  order=6db9e424
  [    370ms]  [91mstale[0m    (poll #7)  order=6db9e424
  [    430ms]  [91mstale[0m    (poll #8)  order=6db9e424
  [    489ms]  [92mVISIBLE[0m  (poll #9, X-Cache: MISS)  order=6db9e424

[96mOrder 889/1000:[0m
  [      4ms]  [91mstale[0m    (poll #1)  order=bc97d7d4
  [     64ms]  [91mstale[0m    (poll #2)  order=bc97d7d4
  [    123ms]  [91mstale[0m    (poll #3)  order=bc97d7d4
  [    184ms]  [91mstale[0m    (poll #4)  order=bc97d7d4
  [    247ms]  [91mstale[0m    (poll #5)  order=bc97d7d4
  [    316ms]  [91mstale[0m    (poll #6)  order=bc97d7d4
  [    384ms]  [91mstale[0m    (poll #7)  order=bc97d7d4
  [    456ms]  [91mstale[0m    (poll #8)  order=bc97d7d4
  [    521ms]  [92mVISIBLE[0m  (poll #9, X-Cache: MISS)  order=bc97d7d4

[96mOrder 890/1000:[0m
  [      7ms]  [91mstale[0m    (poll #1)  order=84dbd5fa
  [     69ms]  [91mstale[0m    (poll #2)  order=84dbd5fa
  [    132ms]  [91mstale[0m    (poll #3)  order=84dbd5fa
  [    199ms]  [91mstale[0m    (poll #4)  order=84dbd5fa
  [    262ms]  [91mstale[0m    (poll #5)  order=84dbd5fa
  [    327ms]  [91mstale[0m    (poll #6)  order=84dbd5fa
  [    394ms]  [91mstale[0m    (poll #7)  order=84dbd5fa
  [    465ms]  [91mstale[0m    (poll #8)  order=84dbd5fa
  [    537ms]  [92mVISIBLE[0m  (poll #9, X-Cache: MISS)  order=84dbd5fa

[96mOrder 891/1000:[0m
  [     10ms]  [91mstale[0m    (poll #1)  order=235b63ad
  [     74ms]  [91mstale[0m    (poll #2)  order=235b63ad
  [    138ms]  [91mstale[0m    (poll #3)  order=235b63ad
  [    198ms]  [91mstale[0m    (poll #4)  order=235b63ad
  [    257ms]  [91mstale[0m    (poll #5)  order=235b63ad
  [    318ms]  [91mstale[0m    (poll #6)  order=235b63ad
  [    378ms]  [91mstale[0m    (poll #7)  order=235b63ad
  [    442ms]  [91mstale[0m    (poll #8)  order=235b63ad
  [    510ms]  [92mVISIBLE[0m  (poll #9, X-Cache: MISS)  order=235b63ad

[96mOrder 892/1000:[0m
  [     10ms]  [91mstale[0m    (poll #1)  order=1f05e636
  [     71ms]  [91mstale[0m    (poll #2)  order=1f05e636
  [    135ms]  [91mstale[0m    (poll #3)  order=1f05e636
  [    196ms]  [91mstale[0m    (poll #4)  order=1f05e636
  [    267ms]  [91mstale[0m    (poll #5)  order=1f05e636
  [    339ms]  [91mstale[0m    (poll #6)  order=1f05e636
  [    415ms]  [91mstale[0m    (poll #7)  order=1f05e636
  [    488ms]  [92mVISIBLE[0m  (poll #8, X-Cache: MISS)  order=1f05e636

[96mOrder 893/1000:[0m
  [      7ms]  [91mstale[0m    (poll #1)  order=1c6dda8e
  [     70ms]  [91mstale[0m    (poll #2)  order=1c6dda8e
  [    131ms]  [91mstale[0m    (poll #3)  order=1c6dda8e
  [    191ms]  [91mstale[0m    (poll #4)  order=1c6dda8e
  [    250ms]  [91mstale[0m    (poll #5)  order=1c6dda8e
  [    311ms]  [91mstale[0m    (poll #6)  order=1c6dda8e
  [    371ms]  [91mstale[0m    (poll #7)  order=1c6dda8e
  [    437ms]  [91mstale[0m    (poll #8)  order=1c6dda8e
  [    505ms]  [92mVISIBLE[0m  (poll #9, X-Cache: MISS)  order=1c6dda8e

[96mOrder 894/1000:[0m
  [      8ms]  [91mstale[0m    (poll #1)  order=e0069874
  [     67ms]  [91mstale[0m    (poll #2)  order=e0069874
  [    128ms]  [91mstale[0m    (poll #3)  order=e0069874
  [    192ms]  [91mstale[0m    (poll #4)  order=e0069874
  [    260ms]  [91mstale[0m    (poll #5)  order=e0069874
  [    326ms]  [91mstale[0m    (poll #6)  order=e0069874
  [    392ms]  [91mstale[0m    (poll #7)  order=e0069874
  [    458ms]  [91mstale[0m    (poll #8)  order=e0069874
  [    522ms]  [92mVISIBLE[0m  (poll #9, X-Cache: MISS)  order=e0069874

[96mOrder 895/1000:[0m
  [      8ms]  [91mstale[0m    (poll #1)  order=96757d91
  [     66ms]  [91mstale[0m    (poll #2)  order=96757d91
  [    127ms]  [91mstale[0m    (poll #3)  order=96757d91
  [    190ms]  [91mstale[0m    (poll #4)  order=96757d91
  [    256ms]  [91mstale[0m    (poll #5)  order=96757d91
  [    325ms]  [91mstale[0m    (poll #6)  order=96757d91
  [    397ms]  [91mstale[0m    (poll #7)  order=96757d91
  [    468ms]  [91mstale[0m    (poll #8)  order=96757d91
  [    537ms]  [92mVISIBLE[0m  (poll #9, X-Cache: MISS)  order=96757d91

[96mOrder 896/1000:[0m
  [     11ms]  [91mstale[0m    (poll #1)  order=040def09
  [     75ms]  [91mstale[0m    (poll #2)  order=040def09
  [    138ms]  [91mstale[0m    (poll #3)  order=040def09
  [    197ms]  [91mstale[0m    (poll #4)  order=040def09
  [    260ms]  [91mstale[0m    (poll #5)  order=040def09
  [    329ms]  [91mstale[0m    (poll #6)  order=040def09
  [    396ms]  [92mVISIBLE[0m  (poll #7, X-Cache: MISS)  order=040def09

[96mOrder 897/1000:[0m
  [     11ms]  [91mstale[0m    (poll #1)  order=6aeedf9d
  [     75ms]  [91mstale[0m    (poll #2)  order=6aeedf9d
  [    139ms]  [91mstale[0m    (poll #3)  order=6aeedf9d
  [    201ms]  [91mstale[0m    (poll #4)  order=6aeedf9d
  [    263ms]  [91mstale[0m    (poll #5)  order=6aeedf9d
  [    330ms]  [91mstale[0m    (poll #6)  order=6aeedf9d
  [    397ms]  [91mstale[0m    (poll #7)  order=6aeedf9d
  [    470ms]  [92mVISIBLE[0m  (poll #8, X-Cache: MISS)  order=6aeedf9d

[96mOrder 898/1000:[0m
  [      9ms]  [91mstale[0m    (poll #1)  order=4b8592bb
  [     71ms]  [91mstale[0m    (poll #2)  order=4b8592bb
  [    134ms]  [91mstale[0m    (poll #3)  order=4b8592bb
  [    199ms]  [91mstale[0m    (poll #4)  order=4b8592bb
  [    263ms]  [91mstale[0m    (poll #5)  order=4b8592bb
  [    333ms]  [91mstale[0m    (poll #6)  order=4b8592bb
  [    403ms]  [91mstale[0m    (poll #7)  order=4b8592bb
  [    468ms]  [91mstale[0m    (poll #8)  order=4b8592bb
  [    537ms]  [92mVISIBLE[0m  (poll #9, X-Cache: MISS)  order=4b8592bb

[96mOrder 899/1000:[0m
  [     11ms]  [91mstale[0m    (poll #1)  order=94762959
  [     75ms]  [91mstale[0m    (poll #2)  order=94762959
  [    137ms]  [91mstale[0m    (poll #3)  order=94762959
  [    200ms]  [91mstale[0m    (poll #4)  order=94762959
  [    269ms]  [91mstale[0m    (poll #5)  order=94762959
  [    341ms]  [91mstale[0m    (poll #6)  order=94762959
  [    411ms]  [91mstale[0m    (poll #7)  order=94762959
  [    479ms]  [92mVISIBLE[0m  (poll #8, X-Cache: MISS)  order=94762959

[96mOrder 900/1000:[0m
  [      8ms]  [91mstale[0m    (poll #1)  order=e6c835e1
  [     71ms]  [91mstale[0m    (poll #2)  order=e6c835e1
  [    135ms]  [91mstale[0m    (poll #3)  order=e6c835e1
  [    196ms]  [91mstale[0m    (poll #4)  order=e6c835e1
  [    266ms]  [91mstale[0m    (poll #5)  order=e6c835e1
  [    336ms]  [91mstale[0m    (poll #6)  order=e6c835e1
  [    405ms]  [91mstale[0m    (poll #7)  order=e6c835e1
  [    477ms]  [92mVISIBLE[0m  (poll #8, X-Cache: MISS)  order=e6c835e1

[96mOrder 901/1000:[0m
  [     10ms]  [91mstale[0m    (poll #1)  order=a1369a96
  [     74ms]  [91mstale[0m    (poll #2)  order=a1369a96
  [    137ms]  [91mstale[0m    (poll #3)  order=a1369a96
  [    200ms]  [91mstale[0m    (poll #4)  order=a1369a96
  [    267ms]  [91mstale[0m    (poll #5)  order=a1369a96
  [    338ms]  [91mstale[0m    (poll #6)  order=a1369a96
  [    409ms]  [91mstale[0m    (poll #7)  order=a1369a96
  [    479ms]  [91mstale[0m    (poll #8)  order=a1369a96
  [    552ms]  [92mVISIBLE[0m  (poll #9, X-Cache: MISS)  order=a1369a96

[96mOrder 902/1000:[0m
  [     12ms]  [91mstale[0m    (poll #1)  order=d333501e
  [     74ms]  [91mstale[0m    (poll #2)  order=d333501e
  [    137ms]  [91mstale[0m    (poll #3)  order=d333501e
  [    200ms]  [91mstale[0m    (poll #4)  order=d333501e
  [    270ms]  [91mstale[0m    (poll #5)  order=d333501e
  [    340ms]  [91mstale[0m    (poll #6)  order=d333501e
  [    408ms]  [91mstale[0m    (poll #7)  order=d333501e
  [    478ms]  [92mVISIBLE[0m  (poll #8, X-Cache: MISS)  order=d333501e

[96mOrder 903/1000:[0m
  [      9ms]  [91mstale[0m    (poll #1)  order=54f8a40b
  [     69ms]  [91mstale[0m    (poll #2)  order=54f8a40b
  [    127ms]  [91mstale[0m    (poll #3)  order=54f8a40b
  [    189ms]  [91mstale[0m    (poll #4)  order=54f8a40b
  [    248ms]  [91mstale[0m    (poll #5)  order=54f8a40b
  [    310ms]  [91mstale[0m    (poll #6)  order=54f8a40b
  [    375ms]  [91mstale[0m    (poll #7)  order=54f8a40b
  [    444ms]  [91mstale[0m    (poll #8)  order=54f8a40b
  [    515ms]  [92mVISIBLE[0m  (poll #9, X-Cache: MISS)  order=54f8a40b

[96mOrder 904/1000:[0m
  [     12ms]  [91mstale[0m    (poll #1)  order=19b16017
  [     77ms]  [91mstale[0m    (poll #2)  order=19b16017
  [    137ms]  [91mstale[0m    (poll #3)  order=19b16017
  [    198ms]  [91mstale[0m    (poll #4)  order=19b16017
  [    262ms]  [91mstale[0m    (poll #5)  order=19b16017
  [    326ms]  [91mstale[0m    (poll #6)  order=19b16017
  [    396ms]  [91mstale[0m    (poll #7)  order=19b16017
  [    468ms]  [92mVISIBLE[0m  (poll #8, X-Cache: MISS)  order=19b16017

[96mOrder 905/1000:[0m
  [     10ms]  [91mstale[0m    (poll #1)  order=74271e68
  [     74ms]  [91mstale[0m    (poll #2)  order=74271e68
  [    134ms]  [91mstale[0m    (poll #3)  order=74271e68
  [    198ms]  [91mstale[0m    (poll #4)  order=74271e68
  [    265ms]  [91mstale[0m    (poll #5)  order=74271e68
  [    330ms]  [91mstale[0m    (poll #6)  order=74271e68
  [    389ms]  [91mstale[0m    (poll #7)  order=74271e68
  [    449ms]  [91mstale[0m    (poll #8)  order=74271e68
  [    510ms]  [92mVISIBLE[0m  (poll #9, X-Cache: MISS)  order=74271e68

[96mOrder 906/1000:[0m
  [      4ms]  [91mstale[0m    (poll #1)  order=468fa318
  [     63ms]  [91mstale[0m    (poll #2)  order=468fa318
  [    124ms]  [91mstale[0m    (poll #3)  order=468fa318
  [    180ms]  [91mstale[0m    (poll #4)  order=468fa318
  [    242ms]  [91mstale[0m    (poll #5)  order=468fa318
  [    309ms]  [91mstale[0m    (poll #6)  order=468fa318
  [    378ms]  [91mstale[0m    (poll #7)  order=468fa318
  [    449ms]  [91mstale[0m    (poll #8)  order=468fa318
  [    516ms]  [92mVISIBLE[0m  (poll #9, X-Cache: MISS)  order=468fa318

[96mOrder 907/1000:[0m
  [      9ms]  [91mstale[0m    (poll #1)  order=bcc27ad2
  [     67ms]  [91mstale[0m    (poll #2)  order=bcc27ad2
  [    128ms]  [91mstale[0m    (poll #3)  order=bcc27ad2
  [    194ms]  [91mstale[0m    (poll #4)  order=bcc27ad2
  [    263ms]  [91mstale[0m    (poll #5)  order=bcc27ad2
  [    330ms]  [91mstale[0m    (poll #6)  order=bcc27ad2
  [    402ms]  [91mstale[0m    (poll #7)  order=bcc27ad2
  [    475ms]  [92mVISIBLE[0m  (poll #8, X-Cache: MISS)  order=bcc27ad2

[96mOrder 908/1000:[0m
  [      5ms]  [91mstale[0m    (poll #1)  order=eb2d651e
  [     65ms]  [91mstale[0m    (poll #2)  order=eb2d651e
  [    126ms]  [91mstale[0m    (poll #3)  order=eb2d651e
  [    184ms]  [91mstale[0m    (poll #4)  order=eb2d651e
  [    243ms]  [91mstale[0m    (poll #5)  order=eb2d651e
  [    301ms]  [91mstale[0m    (poll #6)  order=eb2d651e
  [    363ms]  [91mstale[0m    (poll #7)  order=eb2d651e
  [    422ms]  [91mstale[0m    (poll #8)  order=eb2d651e
  [    482ms]  [91mstale[0m    (poll #9)  order=eb2d651e
  [    544ms]  [92mVISIBLE[0m  (poll #10, X-Cache: MISS)  order=eb2d651e

[96mOrder 909/1000:[0m
  [      6ms]  [91mstale[0m    (poll #1)  order=9c835932
  [     65ms]  [91mstale[0m    (poll #2)  order=9c835932
  [    128ms]  [91mstale[0m    (poll #3)  order=9c835932
  [    192ms]  [91mstale[0m    (poll #4)  order=9c835932
  [    261ms]  [91mstale[0m    (poll #5)  order=9c835932
  [    330ms]  [91mstale[0m    (poll #6)  order=9c835932
  [    402ms]  [91mstale[0m    (poll #7)  order=9c835932
  [    467ms]  [92mVISIBLE[0m  (poll #8, X-Cache: MISS)  order=9c835932

[96mOrder 910/1000:[0m
  [      8ms]  [91mstale[0m    (poll #1)  order=64f368a4
  [     71ms]  [91mstale[0m    (poll #2)  order=64f368a4
  [    129ms]  [91mstale[0m    (poll #3)  order=64f368a4
  [    194ms]  [91mstale[0m    (poll #4)  order=64f368a4
  [    259ms]  [91mstale[0m    (poll #5)  order=64f368a4
  [    328ms]  [91mstale[0m    (poll #6)  order=64f368a4
  [    395ms]  [92mVISIBLE[0m  (poll #7, X-Cache: MISS)  order=64f368a4

[96mOrder 911/1000:[0m
  [      8ms]  [91mstale[0m    (poll #1)  order=ca830f13
  [     72ms]  [91mstale[0m    (poll #2)  order=ca830f13
  [    131ms]  [91mstale[0m    (poll #3)  order=ca830f13
  [    190ms]  [91mstale[0m    (poll #4)  order=ca830f13
  [    254ms]  [91mstale[0m    (poll #5)  order=ca830f13
  [    317ms]  [91mstale[0m    (poll #6)  order=ca830f13
  [    380ms]  [91mstale[0m    (poll #7)  order=ca830f13
  [    447ms]  [91mstale[0m    (poll #8)  order=ca830f13
  [    517ms]  [92mVISIBLE[0m  (poll #9, X-Cache: MISS)  order=ca830f13

[96mOrder 912/1000:[0m
  [      9ms]  [91mstale[0m    (poll #1)  order=94dd6644
  [     70ms]  [91mstale[0m    (poll #2)  order=94dd6644
  [    128ms]  [91mstale[0m    (poll #3)  order=94dd6644
  [    193ms]  [91mstale[0m    (poll #4)  order=94dd6644
  [    263ms]  [91mstale[0m    (poll #5)  order=94dd6644
  [    332ms]  [91mstale[0m    (poll #6)  order=94dd6644
  [    401ms]  [91mstale[0m    (poll #7)  order=94dd6644
  [    475ms]  [91mstale[0m    (poll #8)  order=94dd6644
  [    547ms]  [92mVISIBLE[0m  (poll #9, X-Cache: MISS)  order=94dd6644

[96mOrder 913/1000:[0m
  [     12ms]  [91mstale[0m    (poll #1)  order=24a246cd
  [     77ms]  [91mstale[0m    (poll #2)  order=24a246cd
  [    138ms]  [91mstale[0m    (poll #3)  order=24a246cd
  [    199ms]  [91mstale[0m    (poll #4)  order=24a246cd
  [    263ms]  [91mstale[0m    (poll #5)  order=24a246cd
  [    331ms]  [91mstale[0m    (poll #6)  order=24a246cd
  [    401ms]  [91mstale[0m    (poll #7)  order=24a246cd
  [    472ms]  [92mVISIBLE[0m  (poll #8, X-Cache: MISS)  order=24a246cd

[96mOrder 914/1000:[0m
  [      9ms]  [91mstale[0m    (poll #1)  order=93fbefac
  [     72ms]  [91mstale[0m    (poll #2)  order=93fbefac
  [    133ms]  [91mstale[0m    (poll #3)  order=93fbefac
  [    198ms]  [91mstale[0m    (poll #4)  order=93fbefac
  [    269ms]  [91mstale[0m    (poll #5)  order=93fbefac
  [    335ms]  [91mstale[0m    (poll #6)  order=93fbefac
  [    397ms]  [91mstale[0m    (poll #7)  order=93fbefac
  [    466ms]  [91mstale[0m    (poll #8)  order=93fbefac
  [    538ms]  [92mVISIBLE[0m  (poll #9, X-Cache: MISS)  order=93fbefac

[96mOrder 915/1000:[0m
  [     12ms]  [91mstale[0m    (poll #1)  order=0837000c
  [     75ms]  [91mstale[0m    (poll #2)  order=0837000c
  [    136ms]  [91mstale[0m    (poll #3)  order=0837000c
  [    201ms]  [91mstale[0m    (poll #4)  order=0837000c
  [    268ms]  [91mstale[0m    (poll #5)  order=0837000c
  [    335ms]  [91mstale[0m    (poll #6)  order=0837000c
  [    405ms]  [91mstale[0m    (poll #7)  order=0837000c
  [    478ms]  [92mVISIBLE[0m  (poll #8, X-Cache: MISS)  order=0837000c

[96mOrder 916/1000:[0m
  [     11ms]  [91mstale[0m    (poll #1)  order=951f6e6e
  [     76ms]  [91mstale[0m    (poll #2)  order=951f6e6e
  [    140ms]  [91mstale[0m    (poll #3)  order=951f6e6e
  [    202ms]  [91mstale[0m    (poll #4)  order=951f6e6e
  [    270ms]  [91mstale[0m    (poll #5)  order=951f6e6e
  [    338ms]  [91mstale[0m    (poll #6)  order=951f6e6e
  [    406ms]  [91mstale[0m    (poll #7)  order=951f6e6e
  [    478ms]  [91mstale[0m    (poll #8)  order=951f6e6e
  [    548ms]  [92mVISIBLE[0m  (poll #9, X-Cache: MISS)  order=951f6e6e

[96mOrder 917/1000:[0m
  [     11ms]  [91mstale[0m    (poll #1)  order=fb8e83c0
  [     74ms]  [91mstale[0m    (poll #2)  order=fb8e83c0
  [    136ms]  [91mstale[0m    (poll #3)  order=fb8e83c0
  [    200ms]  [91mstale[0m    (poll #4)  order=fb8e83c0
  [    269ms]  [91mstale[0m    (poll #5)  order=fb8e83c0
  [    341ms]  [92mVISIBLE[0m  (poll #6, X-Cache: MISS)  order=fb8e83c0

[96mOrder 918/1000:[0m
  [     12ms]  [91mstale[0m    (poll #1)  order=174738e8
  [     76ms]  [91mstale[0m    (poll #2)  order=174738e8
  [    139ms]  [91mstale[0m    (poll #3)  order=174738e8
  [    207ms]  [91mstale[0m    (poll #4)  order=174738e8
  [    282ms]  [91mstale[0m    (poll #5)  order=174738e8
  [    351ms]  [91mstale[0m    (poll #6)  order=174738e8
  [    417ms]  [91mstale[0m    (poll #7)  order=174738e8
  [    487ms]  [91mstale[0m    (poll #8)  order=174738e8
  [    556ms]  [92mVISIBLE[0m  (poll #9, X-Cache: MISS)  order=174738e8

[96mOrder 919/1000:[0m
  [     10ms]  [91mstale[0m    (poll #1)  order=4dde4165
  [     76ms]  [91mstale[0m    (poll #2)  order=4dde4165
  [    140ms]  [91mstale[0m    (poll #3)  order=4dde4165
  [    201ms]  [91mstale[0m    (poll #4)  order=4dde4165
  [    270ms]  [91mstale[0m    (poll #5)  order=4dde4165
  [    340ms]  [91mstale[0m    (poll #6)  order=4dde4165
  [    409ms]  [91mstale[0m    (poll #7)  order=4dde4165
  [    478ms]  [92mVISIBLE[0m  (poll #8, X-Cache: MISS)  order=4dde4165

[96mOrder 920/1000:[0m
  [     10ms]  [91mstale[0m    (poll #1)  order=348d21fd
  [     73ms]  [91mstale[0m    (poll #2)  order=348d21fd
  [    133ms]  [91mstale[0m    (poll #3)  order=348d21fd
  [    197ms]  [91mstale[0m    (poll #4)  order=348d21fd
  [    264ms]  [91mstale[0m    (poll #5)  order=348d21fd
  [    333ms]  [91mstale[0m    (poll #6)  order=348d21fd
  [    406ms]  [91mstale[0m    (poll #7)  order=348d21fd
  [    479ms]  [92mVISIBLE[0m  (poll #8, X-Cache: MISS)  order=348d21fd

[96mOrder 921/1000:[0m
  [     10ms]  [91mstale[0m    (poll #1)  order=6a6ea0ba
  [     75ms]  [91mstale[0m    (poll #2)  order=6a6ea0ba
  [    136ms]  [91mstale[0m    (poll #3)  order=6a6ea0ba
  [    198ms]  [91mstale[0m    (poll #4)  order=6a6ea0ba
  [    264ms]  [91mstale[0m    (poll #5)  order=6a6ea0ba
  [    333ms]  [91mstale[0m    (poll #6)  order=6a6ea0ba
  [    402ms]  [91mstale[0m    (poll #7)  order=6a6ea0ba
  [    475ms]  [91mstale[0m    (poll #8)  order=6a6ea0ba
  [    544ms]  [92mVISIBLE[0m  (poll #9, X-Cache: MISS)  order=6a6ea0ba

[96mOrder 922/1000:[0m
  [     12ms]  [91mstale[0m    (poll #1)  order=974a4353
  [     76ms]  [91mstale[0m    (poll #2)  order=974a4353
  [    138ms]  [91mstale[0m    (poll #3)  order=974a4353
  [    204ms]  [91mstale[0m    (poll #4)  order=974a4353
  [    269ms]  [91mstale[0m    (poll #5)  order=974a4353
  [    341ms]  [91mstale[0m    (poll #6)  order=974a4353
  [    411ms]  [91mstale[0m    (poll #7)  order=974a4353
  [    482ms]  [92mVISIBLE[0m  (poll #8, X-Cache: MISS)  order=974a4353

[96mOrder 923/1000:[0m
  [      5ms]  [91mstale[0m    (poll #1)  order=addb392c
  [     64ms]  [91mstale[0m    (poll #2)  order=addb392c
  [    121ms]  [91mstale[0m    (poll #3)  order=addb392c
  [    179ms]  [91mstale[0m    (poll #4)  order=addb392c
  [    240ms]  [91mstale[0m    (poll #5)  order=addb392c
  [    301ms]  [91mstale[0m    (poll #6)  order=addb392c
  [    361ms]  [91mstale[0m    (poll #7)  order=addb392c
  [    421ms]  [92mVISIBLE[0m  (poll #8, X-Cache: MISS)  order=addb392c

[96mOrder 924/1000:[0m
  [      8ms]  [91mstale[0m    (poll #1)  order=8f6209a1
  [     69ms]  [91mstale[0m    (poll #2)  order=8f6209a1
  [    129ms]  [91mstale[0m    (poll #3)  order=8f6209a1
  [    193ms]  [91mstale[0m    (poll #4)  order=8f6209a1
  [    255ms]  [91mstale[0m    (poll #5)  order=8f6209a1
  [    316ms]  [91mstale[0m    (poll #6)  order=8f6209a1
  [    375ms]  [91mstale[0m    (poll #7)  order=8f6209a1
  [    443ms]  [91mstale[0m    (poll #8)  order=8f6209a1
  [    512ms]  [92mVISIBLE[0m  (poll #9, X-Cache: MISS)  order=8f6209a1

[96mOrder 925/1000:[0m
  [     11ms]  [91mstale[0m    (poll #1)  order=007e407e
  [     73ms]  [91mstale[0m    (poll #2)  order=007e407e
  [    133ms]  [91mstale[0m    (poll #3)  order=007e407e
  [    195ms]  [91mstale[0m    (poll #4)  order=007e407e
  [    255ms]  [91mstale[0m    (poll #5)  order=007e407e
  [    317ms]  [91mstale[0m    (poll #6)  order=007e407e
  [    375ms]  [91mstale[0m    (poll #7)  order=007e407e
  [    438ms]  [91mstale[0m    (poll #8)  order=007e407e
  [    500ms]  [92mVISIBLE[0m  (poll #9, X-Cache: MISS)  order=007e407e

[96mOrder 926/1000:[0m
  [      5ms]  [91mstale[0m    (poll #1)  order=85849dac
  [     65ms]  [91mstale[0m    (poll #2)  order=85849dac
  [    123ms]  [91mstale[0m    (poll #3)  order=85849dac
  [    185ms]  [91mstale[0m    (poll #4)  order=85849dac
  [    250ms]  [91mstale[0m    (poll #5)  order=85849dac
  [    317ms]  [91mstale[0m    (poll #6)  order=85849dac
  [    383ms]  [91mstale[0m    (poll #7)  order=85849dac
  [    452ms]  [91mstale[0m    (poll #8)  order=85849dac
  [    526ms]  [92mVISIBLE[0m  (poll #9, X-Cache: MISS)  order=85849dac

[96mOrder 927/1000:[0m
  [      7ms]  [91mstale[0m    (poll #1)  order=28f3e3ff
  [     67ms]  [91mstale[0m    (poll #2)  order=28f3e3ff
  [    135ms]  [91mstale[0m    (poll #3)  order=28f3e3ff
  [    200ms]  [91mstale[0m    (poll #4)  order=28f3e3ff
  [    264ms]  [91mstale[0m    (poll #5)  order=28f3e3ff
  [    324ms]  [91mstale[0m    (poll #6)  order=28f3e3ff
  [    391ms]  [92mVISIBLE[0m  (poll #7, X-Cache: MISS)  order=28f3e3ff

[96mOrder 928/1000:[0m
  [     11ms]  [91mstale[0m    (poll #1)  order=2a4e796b
  [     71ms]  [91mstale[0m    (poll #2)  order=2a4e796b
  [    131ms]  [91mstale[0m    (poll #3)  order=2a4e796b
  [    197ms]  [91mstale[0m    (poll #4)  order=2a4e796b
  [    266ms]  [91mstale[0m    (poll #5)  order=2a4e796b
  [    331ms]  [91mstale[0m    (poll #6)  order=2a4e796b
  [    392ms]  [91mstale[0m    (poll #7)  order=2a4e796b
  [    452ms]  [91mstale[0m    (poll #8)  order=2a4e796b
  [    512ms]  [92mVISIBLE[0m  (poll #9, X-Cache: MISS)  order=2a4e796b

[96mOrder 929/1000:[0m
  [      5ms]  [91mstale[0m    (poll #1)  order=4b9ab088
  [     65ms]  [91mstale[0m    (poll #2)  order=4b9ab088
  [    125ms]  [91mstale[0m    (poll #3)  order=4b9ab088
  [    189ms]  [91mstale[0m    (poll #4)  order=4b9ab088
  [    253ms]  [91mstale[0m    (poll #5)  order=4b9ab088
  [    322ms]  [91mstale[0m    (poll #6)  order=4b9ab088
  [    381ms]  [91mstale[0m    (poll #7)  order=4b9ab088
  [    445ms]  [91mstale[0m    (poll #8)  order=4b9ab088
  [    514ms]  [92mVISIBLE[0m  (poll #9, X-Cache: MISS)  order=4b9ab088

[96mOrder 930/1000:[0m
  [     10ms]  [91mstale[0m    (poll #1)  order=d523c292
  [     74ms]  [91mstale[0m    (poll #2)  order=d523c292
  [    133ms]  [91mstale[0m    (poll #3)  order=d523c292
  [    195ms]  [91mstale[0m    (poll #4)  order=d523c292
  [    267ms]  [91mstale[0m    (poll #5)  order=d523c292
  [    339ms]  [91mstale[0m    (poll #6)  order=d523c292
  [    401ms]  [91mstale[0m    (poll #7)  order=d523c292
  [    463ms]  [91mstale[0m    (poll #8)  order=d523c292
  [    526ms]  [92mVISIBLE[0m  (poll #9, X-Cache: MISS)  order=d523c292

[96mOrder 931/1000:[0m
  [      5ms]  [91mstale[0m    (poll #1)  order=3479deb9
  [     66ms]  [91mstale[0m    (poll #2)  order=3479deb9
  [    125ms]  [91mstale[0m    (poll #3)  order=3479deb9
  [    189ms]  [91mstale[0m    (poll #4)  order=3479deb9
  [    259ms]  [91mstale[0m    (poll #5)  order=3479deb9
  [    328ms]  [91mstale[0m    (poll #6)  order=3479deb9
  [    394ms]  [91mstale[0m    (poll #7)  order=3479deb9
  [    466ms]  [92mVISIBLE[0m  (poll #8, X-Cache: MISS)  order=3479deb9

[96mOrder 932/1000:[0m
  [     10ms]  [91mstale[0m    (poll #1)  order=33bc83f0
  [     74ms]  [91mstale[0m    (poll #2)  order=33bc83f0
  [    138ms]  [91mstale[0m    (poll #3)  order=33bc83f0
  [    203ms]  [91mstale[0m    (poll #4)  order=33bc83f0
  [    273ms]  [91mstale[0m    (poll #5)  order=33bc83f0
  [    348ms]  [91mstale[0m    (poll #6)  order=33bc83f0
  [    418ms]  [91mstale[0m    (poll #7)  order=33bc83f0
  [    490ms]  [91mstale[0m    (poll #8)  order=33bc83f0
  [    561ms]  [92mVISIBLE[0m  (poll #9, X-Cache: MISS)  order=33bc83f0

[96mOrder 933/1000:[0m
  [      4ms]  [91mstale[0m    (poll #1)  order=7b67642b
  [     64ms]  [91mstale[0m    (poll #2)  order=7b67642b
  [    126ms]  [91mstale[0m    (poll #3)  order=7b67642b
  [    187ms]  [91mstale[0m    (poll #4)  order=7b67642b
  [    255ms]  [91mstale[0m    (poll #5)  order=7b67642b
  [    324ms]  [91mstale[0m    (poll #6)  order=7b67642b
  [    395ms]  [92mVISIBLE[0m  (poll #7, X-Cache: MISS)  order=7b67642b

[96mOrder 934/1000:[0m
  [     11ms]  [91mstale[0m    (poll #1)  order=a034e313
  [     74ms]  [91mstale[0m    (poll #2)  order=a034e313
  [    134ms]  [91mstale[0m    (poll #3)  order=a034e313
  [    196ms]  [91mstale[0m    (poll #4)  order=a034e313
  [    267ms]  [91mstale[0m    (poll #5)  order=a034e313
  [    336ms]  [91mstale[0m    (poll #6)  order=a034e313
  [    410ms]  [91mstale[0m    (poll #7)  order=a034e313
  [    481ms]  [92mVISIBLE[0m  (poll #8, X-Cache: MISS)  order=a034e313

[96mOrder 935/1000:[0m
  [      8ms]  [91mstale[0m    (poll #1)  order=7cd2136b
  [     71ms]  [91mstale[0m    (poll #2)  order=7cd2136b
  [    132ms]  [91mstale[0m    (poll #3)  order=7cd2136b
  [    194ms]  [91mstale[0m    (poll #4)  order=7cd2136b
  [    264ms]  [91mstale[0m    (poll #5)  order=7cd2136b
  [    331ms]  [91mstale[0m    (poll #6)  order=7cd2136b
  [    394ms]  [91mstale[0m    (poll #7)  order=7cd2136b
  [    493ms]  [91mstale[0m    (poll #8)  order=7cd2136b
  [    564ms]  [92mVISIBLE[0m  (poll #9, X-Cache: MISS)  order=7cd2136b

[96mOrder 936/1000:[0m
  [     17ms]  [91mstale[0m    (poll #1)  order=cfc99baf
  [     81ms]  [91mstale[0m    (poll #2)  order=cfc99baf
  [    142ms]  [91mstale[0m    (poll #3)  order=cfc99baf
  [    212ms]  [91mstale[0m    (poll #4)  order=cfc99baf
  [    276ms]  [91mstale[0m    (poll #5)  order=cfc99baf
  [    343ms]  [91mstale[0m    (poll #6)  order=cfc99baf
  [    415ms]  [92mVISIBLE[0m  (poll #7, X-Cache: MISS)  order=cfc99baf

[96mOrder 937/1000:[0m
  [     10ms]  [91mstale[0m    (poll #1)  order=6d890f75
  [     73ms]  [91mstale[0m    (poll #2)  order=6d890f75
  [    138ms]  [91mstale[0m    (poll #3)  order=6d890f75
  [    201ms]  [91mstale[0m    (poll #4)  order=6d890f75
  [    266ms]  [91mstale[0m    (poll #5)  order=6d890f75
  [    337ms]  [91mstale[0m    (poll #6)  order=6d890f75
  [    408ms]  [91mstale[0m    (poll #7)  order=6d890f75
  [    478ms]  [92mVISIBLE[0m  (poll #8, X-Cache: MISS)  order=6d890f75

[96mOrder 938/1000:[0m
  [      8ms]  [91mstale[0m    (poll #1)  order=807ded7e
  [     72ms]  [91mstale[0m    (poll #2)  order=807ded7e
  [    135ms]  [91mstale[0m    (poll #3)  order=807ded7e
  [    200ms]  [91mstale[0m    (poll #4)  order=807ded7e
  [    270ms]  [91mstale[0m    (poll #5)  order=807ded7e
  [    341ms]  [91mstale[0m    (poll #6)  order=807ded7e
  [    413ms]  [91mstale[0m    (poll #7)  order=807ded7e
  [    484ms]  [92mVISIBLE[0m  (poll #8, X-Cache: MISS)  order=807ded7e

[96mOrder 939/1000:[0m
  [      8ms]  [91mstale[0m    (poll #1)  order=93a83b95
  [     72ms]  [91mstale[0m    (poll #2)  order=93a83b95
  [    134ms]  [91mstale[0m    (poll #3)  order=93a83b95
  [    199ms]  [91mstale[0m    (poll #4)  order=93a83b95
  [    268ms]  [91mstale[0m    (poll #5)  order=93a83b95
  [    339ms]  [91mstale[0m    (poll #6)  order=93a83b95
  [    411ms]  [92mVISIBLE[0m  (poll #7, X-Cache: MISS)  order=93a83b95

[96mOrder 940/1000:[0m
  [     10ms]  [91mstale[0m    (poll #1)  order=6b259169
  [     73ms]  [91mstale[0m    (poll #2)  order=6b259169
  [    134ms]  [91mstale[0m    (poll #3)  order=6b259169
  [    198ms]  [91mstale[0m    (poll #4)  order=6b259169
  [    265ms]  [91mstale[0m    (poll #5)  order=6b259169
  [    338ms]  [91mstale[0m    (poll #6)  order=6b259169
  [    408ms]  [91mstale[0m    (poll #7)  order=6b259169
  [    481ms]  [92mVISIBLE[0m  (poll #8, X-Cache: MISS)  order=6b259169

[96mOrder 941/1000:[0m
  [     10ms]  [91mstale[0m    (poll #1)  order=c745df4f
  [     71ms]  [91mstale[0m    (poll #2)  order=c745df4f
  [    136ms]  [91mstale[0m    (poll #3)  order=c745df4f
  [    201ms]  [91mstale[0m    (poll #4)  order=c745df4f
  [    266ms]  [91mstale[0m    (poll #5)  order=c745df4f
  [    339ms]  [91mstale[0m    (poll #6)  order=c745df4f
  [    406ms]  [91mstale[0m    (poll #7)  order=c745df4f
  [    477ms]  [91mstale[0m    (poll #8)  order=c745df4f
  [    547ms]  [92mVISIBLE[0m  (poll #9, X-Cache: MISS)  order=c745df4f

[96mOrder 942/1000:[0m
  [     10ms]  [91mstale[0m    (poll #1)  order=9cdfd71e
  [     73ms]  [91mstale[0m    (poll #2)  order=9cdfd71e
  [    137ms]  [91mstale[0m    (poll #3)  order=9cdfd71e
  [    198ms]  [91mstale[0m    (poll #4)  order=9cdfd71e
  [    266ms]  [91mstale[0m    (poll #5)  order=9cdfd71e
  [    338ms]  [91mstale[0m    (poll #6)  order=9cdfd71e
  [    409ms]  [91mstale[0m    (poll #7)  order=9cdfd71e
  [    480ms]  [92mVISIBLE[0m  (poll #8, X-Cache: MISS)  order=9cdfd71e

[96mOrder 943/1000:[0m
  [     10ms]  [91mstale[0m    (poll #1)  order=86c9426d
  [     69ms]  [91mstale[0m    (poll #2)  order=86c9426d
  [    126ms]  [91mstale[0m    (poll #3)  order=86c9426d
  [    185ms]  [91mstale[0m    (poll #4)  order=86c9426d
  [    244ms]  [91mstale[0m    (poll #5)  order=86c9426d
  [    307ms]  [91mstale[0m    (poll #6)  order=86c9426d
  [    374ms]  [91mstale[0m    (poll #7)  order=86c9426d
  [    447ms]  [91mstale[0m    (poll #8)  order=86c9426d
  [    514ms]  [92mVISIBLE[0m  (poll #9, X-Cache: MISS)  order=86c9426d

[96mOrder 944/1000:[0m
  [     10ms]  [91mstale[0m    (poll #1)  order=a234f999
  [     72ms]  [91mstale[0m    (poll #2)  order=a234f999
  [    136ms]  [91mstale[0m    (poll #3)  order=a234f999
  [    201ms]  [91mstale[0m    (poll #4)  order=a234f999
  [    270ms]  [91mstale[0m    (poll #5)  order=a234f999
  [    338ms]  [91mstale[0m    (poll #6)  order=a234f999
  [    406ms]  [92mVISIBLE[0m  (poll #7, X-Cache: MISS)  order=a234f999

[96mOrder 945/1000:[0m
  [     11ms]  [91mstale[0m    (poll #1)  order=d1849a8b
  [     75ms]  [91mstale[0m    (poll #2)  order=d1849a8b
  [    139ms]  [91mstale[0m    (poll #3)  order=d1849a8b
  [    203ms]  [91mstale[0m    (poll #4)  order=d1849a8b
  [    263ms]  [91mstale[0m    (poll #5)  order=d1849a8b
  [    324ms]  [91mstale[0m    (poll #6)  order=d1849a8b
  [    390ms]  [91mstale[0m    (poll #7)  order=d1849a8b
  [    451ms]  [92mVISIBLE[0m  (poll #8, X-Cache: MISS)  order=d1849a8b

[96mOrder 946/1000:[0m
  [      5ms]  [91mstale[0m    (poll #1)  order=6ea1c4bc
  [     61ms]  [91mstale[0m    (poll #2)  order=6ea1c4bc
  [    123ms]  [91mstale[0m    (poll #3)  order=6ea1c4bc
  [    187ms]  [91mstale[0m    (poll #4)  order=6ea1c4bc
  [    251ms]  [91mstale[0m    (poll #5)  order=6ea1c4bc
  [    324ms]  [91mstale[0m    (poll #6)  order=6ea1c4bc
  [    397ms]  [92mVISIBLE[0m  (poll #7, X-Cache: MISS)  order=6ea1c4bc

[96mOrder 947/1000:[0m
  [     11ms]  [91mstale[0m    (poll #1)  order=9a3fe498
  [     72ms]  [91mstale[0m    (poll #2)  order=9a3fe498
  [    132ms]  [91mstale[0m    (poll #3)  order=9a3fe498
  [    193ms]  [91mstale[0m    (poll #4)  order=9a3fe498
  [    260ms]  [91mstale[0m    (poll #5)  order=9a3fe498
  [    328ms]  [91mstale[0m    (poll #6)  order=9a3fe498
  [    402ms]  [92mVISIBLE[0m  (poll #7, X-Cache: MISS)  order=9a3fe498

[96mOrder 948/1000:[0m
  [     10ms]  [91mstale[0m    (poll #1)  order=c310135d
  [     75ms]  [91mstale[0m    (poll #2)  order=c310135d
  [    137ms]  [91mstale[0m    (poll #3)  order=c310135d
  [    202ms]  [91mstale[0m    (poll #4)  order=c310135d
  [    271ms]  [91mstale[0m    (poll #5)  order=c310135d
  [    341ms]  [91mstale[0m    (poll #6)  order=c310135d
  [    412ms]  [91mstale[0m    (poll #7)  order=c310135d
  [    482ms]  [91mstale[0m    (poll #8)  order=c310135d
  [    554ms]  [92mVISIBLE[0m  (poll #9, X-Cache: MISS)  order=c310135d

[96mOrder 949/1000:[0m
  [     11ms]  [91mstale[0m    (poll #1)  order=e7ac3d88
  [     75ms]  [91mstale[0m    (poll #2)  order=e7ac3d88
  [    143ms]  [91mstale[0m    (poll #3)  order=e7ac3d88
  [    203ms]  [91mstale[0m    (poll #4)  order=e7ac3d88
  [    260ms]  [91mstale[0m    (poll #5)  order=e7ac3d88
  [    319ms]  [91mstale[0m    (poll #6)  order=e7ac3d88
  [    381ms]  [91mstale[0m    (poll #7)  order=e7ac3d88
  [    444ms]  [92mVISIBLE[0m  (poll #8, X-Cache: MISS)  order=e7ac3d88

[96mOrder 950/1000:[0m
  [      5ms]  [91mstale[0m    (poll #1)  order=279b4597
  [     65ms]  [91mstale[0m    (poll #2)  order=279b4597
  [    129ms]  [91mstale[0m    (poll #3)  order=279b4597
  [    192ms]  [91mstale[0m    (poll #4)  order=279b4597
  [    260ms]  [91mstale[0m    (poll #5)  order=279b4597
  [    338ms]  [91mstale[0m    (poll #6)  order=279b4597
  [    406ms]  [91mstale[0m    (poll #7)  order=279b4597
  [    476ms]  [91mstale[0m    (poll #8)  order=279b4597
  [    547ms]  [92mVISIBLE[0m  (poll #9, X-Cache: MISS)  order=279b4597

[96mOrder 951/1000:[0m
  [      5ms]  [91mstale[0m    (poll #1)  order=088ae22a
  [     64ms]  [91mstale[0m    (poll #2)  order=088ae22a
  [    126ms]  [91mstale[0m    (poll #3)  order=088ae22a
  [    189ms]  [91mstale[0m    (poll #4)  order=088ae22a
  [    253ms]  [91mstale[0m    (poll #5)  order=088ae22a
  [    318ms]  [91mstale[0m    (poll #6)  order=088ae22a
  [    389ms]  [91mstale[0m    (poll #7)  order=088ae22a
  [    459ms]  [91mstale[0m    (poll #8)  order=088ae22a
  [    535ms]  [92mVISIBLE[0m  (poll #9, X-Cache: MISS)  order=088ae22a

[96mOrder 952/1000:[0m
  [     10ms]  [91mstale[0m    (poll #1)  order=ad676c82
  [     71ms]  [91mstale[0m    (poll #2)  order=ad676c82
  [    131ms]  [91mstale[0m    (poll #3)  order=ad676c82
  [    192ms]  [91mstale[0m    (poll #4)  order=ad676c82
  [    261ms]  [91mstale[0m    (poll #5)  order=ad676c82
  [    331ms]  [91mstale[0m    (poll #6)  order=ad676c82
  [    403ms]  [91mstale[0m    (poll #7)  order=ad676c82
  [    481ms]  [92mVISIBLE[0m  (poll #8, X-Cache: MISS)  order=ad676c82

[96mOrder 953/1000:[0m
  [     10ms]  [91mstale[0m    (poll #1)  order=cfc321f2
  [     72ms]  [91mstale[0m    (poll #2)  order=cfc321f2
  [    131ms]  [91mstale[0m    (poll #3)  order=cfc321f2
  [    196ms]  [91mstale[0m    (poll #4)  order=cfc321f2
  [    262ms]  [91mstale[0m    (poll #5)  order=cfc321f2
  [    322ms]  [91mstale[0m    (poll #6)  order=cfc321f2
  [    385ms]  [91mstale[0m    (poll #7)  order=cfc321f2
  [    452ms]  [92mVISIBLE[0m  (poll #8, X-Cache: MISS)  order=cfc321f2

[96mOrder 954/1000:[0m
  [      8ms]  [91mstale[0m    (poll #1)  order=5c8e555b
  [     72ms]  [91mstale[0m    (poll #2)  order=5c8e555b
  [    134ms]  [91mstale[0m    (poll #3)  order=5c8e555b
  [    199ms]  [91mstale[0m    (poll #4)  order=5c8e555b
  [    268ms]  [91mstale[0m    (poll #5)  order=5c8e555b
  [    339ms]  [91mstale[0m    (poll #6)  order=5c8e555b
  [    407ms]  [91mstale[0m    (poll #7)  order=5c8e555b
  [    476ms]  [91mstale[0m    (poll #8)  order=5c8e555b
  [    547ms]  [92mVISIBLE[0m  (poll #9, X-Cache: MISS)  order=5c8e555b

[96mOrder 955/1000:[0m
  [      9ms]  [91mstale[0m    (poll #1)  order=c427097b
  [     71ms]  [91mstale[0m    (poll #2)  order=c427097b
  [    132ms]  [91mstale[0m    (poll #3)  order=c427097b
  [    195ms]  [91mstale[0m    (poll #4)  order=c427097b
  [    265ms]  [91mstale[0m    (poll #5)  order=c427097b
  [    328ms]  [91mstale[0m    (poll #6)  order=c427097b
  [    394ms]  [91mstale[0m    (poll #7)  order=c427097b
  [    462ms]  [91mstale[0m    (poll #8)  order=c427097b
  [    538ms]  [92mVISIBLE[0m  (poll #9, X-Cache: MISS)  order=c427097b

[96mOrder 956/1000:[0m
  [     10ms]  [91mstale[0m    (poll #1)  order=dd333b5b
  [     73ms]  [91mstale[0m    (poll #2)  order=dd333b5b
  [    137ms]  [91mstale[0m    (poll #3)  order=dd333b5b
  [    201ms]  [91mstale[0m    (poll #4)  order=dd333b5b
  [    271ms]  [91mstale[0m    (poll #5)  order=dd333b5b
  [    342ms]  [91mstale[0m    (poll #6)  order=dd333b5b
  [    417ms]  [91mstale[0m    (poll #7)  order=dd333b5b
  [    493ms]  [92mVISIBLE[0m  (poll #8, X-Cache: MISS)  order=dd333b5b

[96mOrder 957/1000:[0m
  [     11ms]  [91mstale[0m    (poll #1)  order=3a813a91
  [     72ms]  [91mstale[0m    (poll #2)  order=3a813a91
  [    136ms]  [91mstale[0m    (poll #3)  order=3a813a91
  [    199ms]  [91mstale[0m    (poll #4)  order=3a813a91
  [    268ms]  [91mstale[0m    (poll #5)  order=3a813a91
  [    339ms]  [91mstale[0m    (poll #6)  order=3a813a91
  [    409ms]  [91mstale[0m    (poll #7)  order=3a813a91
  [    479ms]  [92mVISIBLE[0m  (poll #8, X-Cache: MISS)  order=3a813a91

[96mOrder 958/1000:[0m
  [     12ms]  [91mstale[0m    (poll #1)  order=c9662b6b
  [     76ms]  [91mstale[0m    (poll #2)  order=c9662b6b
  [    139ms]  [91mstale[0m    (poll #3)  order=c9662b6b
  [    202ms]  [91mstale[0m    (poll #4)  order=c9662b6b
  [    271ms]  [91mstale[0m    (poll #5)  order=c9662b6b
  [    341ms]  [91mstale[0m    (poll #6)  order=c9662b6b
  [    412ms]  [91mstale[0m    (poll #7)  order=c9662b6b
  [    479ms]  [91mstale[0m    (poll #8)  order=c9662b6b
  [    558ms]  [92mVISIBLE[0m  (poll #9, X-Cache: MISS)  order=c9662b6b

[96mOrder 959/1000:[0m
  [      7ms]  [91mstale[0m    (poll #1)  order=9ae7630c
  [     68ms]  [91mstale[0m    (poll #2)  order=9ae7630c
  [    129ms]  [91mstale[0m    (poll #3)  order=9ae7630c
  [    188ms]  [91mstale[0m    (poll #4)  order=9ae7630c
  [    255ms]  [91mstale[0m    (poll #5)  order=9ae7630c
  [    321ms]  [91mstale[0m    (poll #6)  order=9ae7630c
  [    386ms]  [91mstale[0m    (poll #7)  order=9ae7630c
  [    455ms]  [92mVISIBLE[0m  (poll #8, X-Cache: MISS)  order=9ae7630c

[96mOrder 960/1000:[0m
  [      6ms]  [91mstale[0m    (poll #1)  order=2490208d
  [     68ms]  [91mstale[0m    (poll #2)  order=2490208d
  [    127ms]  [91mstale[0m    (poll #3)  order=2490208d
  [    188ms]  [91mstale[0m    (poll #4)  order=2490208d
  [    255ms]  [91mstale[0m    (poll #5)  order=2490208d
  [    327ms]  [91mstale[0m    (poll #6)  order=2490208d
  [    400ms]  [91mstale[0m    (poll #7)  order=2490208d
  [    474ms]  [91mstale[0m    (poll #8)  order=2490208d
  [    542ms]  [92mVISIBLE[0m  (poll #9, X-Cache: MISS)  order=2490208d

[96mOrder 961/1000:[0m
  [     11ms]  [91mstale[0m    (poll #1)  order=ecdc5930
  [     78ms]  [91mstale[0m    (poll #2)  order=ecdc5930
  [    135ms]  [91mstale[0m    (poll #3)  order=ecdc5930
  [    198ms]  [91mstale[0m    (poll #4)  order=ecdc5930
  [    261ms]  [91mstale[0m    (poll #5)  order=ecdc5930
  [    327ms]  [91mstale[0m    (poll #6)  order=ecdc5930
  [    394ms]  [91mstale[0m    (poll #7)  order=ecdc5930
  [    454ms]  [91mstale[0m    (poll #8)  order=ecdc5930
  [    517ms]  [92mVISIBLE[0m  (poll #9, X-Cache: MISS)  order=ecdc5930

[96mOrder 962/1000:[0m
  [      7ms]  [91mstale[0m    (poll #1)  order=356aef6f
  [     69ms]  [91mstale[0m    (poll #2)  order=356aef6f
  [    129ms]  [91mstale[0m    (poll #3)  order=356aef6f
  [    189ms]  [91mstale[0m    (poll #4)  order=356aef6f
  [    257ms]  [91mstale[0m    (poll #5)  order=356aef6f
  [    329ms]  [91mstale[0m    (poll #6)  order=356aef6f
  [    405ms]  [91mstale[0m    (poll #7)  order=356aef6f
  [    474ms]  [92mVISIBLE[0m  (poll #8, X-Cache: MISS)  order=356aef6f

[96mOrder 963/1000:[0m
  [     32ms]  [91mstale[0m    (poll #1)  order=b56f04a6
  [    133ms]  [91mstale[0m    (poll #2)  order=b56f04a6
  [    192ms]  [91mstale[0m    (poll #3)  order=b56f04a6
  [    253ms]  [91mstale[0m    (poll #4)  order=b56f04a6
  [    314ms]  [91mstale[0m    (poll #5)  order=b56f04a6
  [    376ms]  [91mstale[0m    (poll #6)  order=b56f04a6
  [    444ms]  [91mstale[0m    (poll #7)  order=b56f04a6
  [    518ms]  [92mVISIBLE[0m  (poll #8, X-Cache: MISS)  order=b56f04a6

[96mOrder 964/1000:[0m
  [     10ms]  [91mstale[0m    (poll #1)  order=2036e879
  [     75ms]  [91mstale[0m    (poll #2)  order=2036e879
  [    139ms]  [91mstale[0m    (poll #3)  order=2036e879
  [    201ms]  [91mstale[0m    (poll #4)  order=2036e879
  [    269ms]  [91mstale[0m    (poll #5)  order=2036e879
  [    344ms]  [91mstale[0m    (poll #6)  order=2036e879
  [    416ms]  [91mstale[0m    (poll #7)  order=2036e879
  [    491ms]  [92mVISIBLE[0m  (poll #8, X-Cache: MISS)  order=2036e879

[96mOrder 965/1000:[0m
  [      5ms]  [91mstale[0m    (poll #1)  order=e8b4aa42
  [     66ms]  [91mstale[0m    (poll #2)  order=e8b4aa42
  [    135ms]  [91mstale[0m    (poll #3)  order=e8b4aa42
  [    212ms]  [91mstale[0m    (poll #4)  order=e8b4aa42
  [    273ms]  [91mstale[0m    (poll #5)  order=e8b4aa42
  [    335ms]  [91mstale[0m    (poll #6)  order=e8b4aa42
  [    396ms]  [91mstale[0m    (poll #7)  order=e8b4aa42
  [    465ms]  [91mstale[0m    (poll #8)  order=e8b4aa42
  [    539ms]  [92mVISIBLE[0m  (poll #9, X-Cache: MISS)  order=e8b4aa42

[96mOrder 966/1000:[0m
  [     10ms]  [91mstale[0m    (poll #1)  order=52f709f8
  [     75ms]  [91mstale[0m    (poll #2)  order=52f709f8
  [    135ms]  [91mstale[0m    (poll #3)  order=52f709f8
  [    198ms]  [91mstale[0m    (poll #4)  order=52f709f8
  [    265ms]  [91mstale[0m    (poll #5)  order=52f709f8
  [    335ms]  [91mstale[0m    (poll #6)  order=52f709f8
  [    410ms]  [91mstale[0m    (poll #7)  order=52f709f8
  [    484ms]  [92mVISIBLE[0m  (poll #8, X-Cache: MISS)  order=52f709f8

[96mOrder 967/1000:[0m
  [      9ms]  [91mstale[0m    (poll #1)  order=2dce6f28
  [     72ms]  [91mstale[0m    (poll #2)  order=2dce6f28
  [    135ms]  [91mstale[0m    (poll #3)  order=2dce6f28
  [    197ms]  [91mstale[0m    (poll #4)  order=2dce6f28
  [    261ms]  [91mstale[0m    (poll #5)  order=2dce6f28
  [    330ms]  [91mstale[0m    (poll #6)  order=2dce6f28
  [    399ms]  [91mstale[0m    (poll #7)  order=2dce6f28
  [    480ms]  [92mVISIBLE[0m  (poll #8, X-Cache: MISS)  order=2dce6f28

[96mOrder 968/1000:[0m
  [     10ms]  [91mstale[0m    (poll #1)  order=abce0ee6
  [     74ms]  [91mstale[0m    (poll #2)  order=abce0ee6
  [    137ms]  [91mstale[0m    (poll #3)  order=abce0ee6
  [    201ms]  [91mstale[0m    (poll #4)  order=abce0ee6
  [    270ms]  [91mstale[0m    (poll #5)  order=abce0ee6
  [    346ms]  [91mstale[0m    (poll #6)  order=abce0ee6
  [    420ms]  [91mstale[0m    (poll #7)  order=abce0ee6
  [    489ms]  [92mVISIBLE[0m  (poll #8, X-Cache: MISS)  order=abce0ee6

[96mOrder 969/1000:[0m
  [      6ms]  [91mstale[0m    (poll #1)  order=f621e70d
  [     64ms]  [91mstale[0m    (poll #2)  order=f621e70d
  [    126ms]  [91mstale[0m    (poll #3)  order=f621e70d
  [    187ms]  [91mstale[0m    (poll #4)  order=f621e70d
  [    250ms]  [91mstale[0m    (poll #5)  order=f621e70d
  [    306ms]  [91mstale[0m    (poll #6)  order=f621e70d
  [    365ms]  [91mstale[0m    (poll #7)  order=f621e70d
  [    428ms]  [91mstale[0m    (poll #8)  order=f621e70d
  [    489ms]  [91mstale[0m    (poll #9)  order=f621e70d
  [    558ms]  [92mVISIBLE[0m  (poll #10, X-Cache: MISS)  order=f621e70d

[96mOrder 970/1000:[0m
  [      9ms]  [91mstale[0m    (poll #1)  order=480d37ce
  [     73ms]  [91mstale[0m    (poll #2)  order=480d37ce
  [    133ms]  [91mstale[0m    (poll #3)  order=480d37ce
  [    195ms]  [91mstale[0m    (poll #4)  order=480d37ce
  [    258ms]  [91mstale[0m    (poll #5)  order=480d37ce
  [    322ms]  [91mstale[0m    (poll #6)  order=480d37ce
  [    386ms]  [91mstale[0m    (poll #7)  order=480d37ce
  [    459ms]  [92mVISIBLE[0m  (poll #8, X-Cache: MISS)  order=480d37ce

[96mOrder 971/1000:[0m
  [     11ms]  [91mstale[0m    (poll #1)  order=45c4ae77
  [     76ms]  [91mstale[0m    (poll #2)  order=45c4ae77
  [    139ms]  [91mstale[0m    (poll #3)  order=45c4ae77
  [    200ms]  [91mstale[0m    (poll #4)  order=45c4ae77
  [    266ms]  [91mstale[0m    (poll #5)  order=45c4ae77
  [    338ms]  [91mstale[0m    (poll #6)  order=45c4ae77
  [    408ms]  [91mstale[0m    (poll #7)  order=45c4ae77
  [    484ms]  [92mVISIBLE[0m  (poll #8, X-Cache: MISS)  order=45c4ae77

[96mOrder 972/1000:[0m
  [      9ms]  [91mstale[0m    (poll #1)  order=ff0a448c
  [     72ms]  [91mstale[0m    (poll #2)  order=ff0a448c
  [    136ms]  [91mstale[0m    (poll #3)  order=ff0a448c
  [    204ms]  [91mstale[0m    (poll #4)  order=ff0a448c
  [    276ms]  [91mstale[0m    (poll #5)  order=ff0a448c
  [    347ms]  [91mstale[0m    (poll #6)  order=ff0a448c
  [    418ms]  [91mstale[0m    (poll #7)  order=ff0a448c
  [    489ms]  [91mstale[0m    (poll #8)  order=ff0a448c
  [    556ms]  [92mVISIBLE[0m  (poll #9, X-Cache: MISS)  order=ff0a448c

[96mOrder 973/1000:[0m
  [      5ms]  [91mstale[0m    (poll #1)  order=a3d259fa
  [     61ms]  [91mstale[0m    (poll #2)  order=a3d259fa
  [    124ms]  [91mstale[0m    (poll #3)  order=a3d259fa
  [    184ms]  [91mstale[0m    (poll #4)  order=a3d259fa
  [    250ms]  [91mstale[0m    (poll #5)  order=a3d259fa
  [    322ms]  [91mstale[0m    (poll #6)  order=a3d259fa
  [    392ms]  [92mVISIBLE[0m  (poll #7, X-Cache: MISS)  order=a3d259fa

[96mOrder 974/1000:[0m
  [      9ms]  [91mstale[0m    (poll #1)  order=aa9cdcf2
  [     73ms]  [91mstale[0m    (poll #2)  order=aa9cdcf2
  [    133ms]  [91mstale[0m    (poll #3)  order=aa9cdcf2
  [    196ms]  [91mstale[0m    (poll #4)  order=aa9cdcf2
  [    263ms]  [91mstale[0m    (poll #5)  order=aa9cdcf2
  [    333ms]  [91mstale[0m    (poll #6)  order=aa9cdcf2
  [    400ms]  [91mstale[0m    (poll #7)  order=aa9cdcf2
  [    470ms]  [92mVISIBLE[0m  (poll #8, X-Cache: MISS)  order=aa9cdcf2

[96mOrder 975/1000:[0m
  [      9ms]  [91mstale[0m    (poll #1)  order=97bf3194
  [     70ms]  [91mstale[0m    (poll #2)  order=97bf3194
  [    130ms]  [91mstale[0m    (poll #3)  order=97bf3194
  [    195ms]  [91mstale[0m    (poll #4)  order=97bf3194
  [    258ms]  [91mstale[0m    (poll #5)  order=97bf3194
  [    322ms]  [91mstale[0m    (poll #6)  order=97bf3194
  [    386ms]  [91mstale[0m    (poll #7)  order=97bf3194
  [    456ms]  [91mstale[0m    (poll #8)  order=97bf3194
  [    530ms]  [92mVISIBLE[0m  (poll #9, X-Cache: MISS)  order=97bf3194

[96mOrder 976/1000:[0m
  [     11ms]  [91mstale[0m    (poll #1)  order=3876b523
  [     71ms]  [91mstale[0m    (poll #2)  order=3876b523
  [    129ms]  [91mstale[0m    (poll #3)  order=3876b523
  [    191ms]  [91mstale[0m    (poll #4)  order=3876b523
  [    256ms]  [91mstale[0m    (poll #5)  order=3876b523
  [    329ms]  [91mstale[0m    (poll #6)  order=3876b523
  [    402ms]  [91mstale[0m    (poll #7)  order=3876b523
  [    473ms]  [92mVISIBLE[0m  (poll #8, X-Cache: MISS)  order=3876b523

[96mOrder 977/1000:[0m
  [     10ms]  [91mstale[0m    (poll #1)  order=ccb1845c
  [     69ms]  [91mstale[0m    (poll #2)  order=ccb1845c
  [    130ms]  [91mstale[0m    (poll #3)  order=ccb1845c
  [    193ms]  [91mstale[0m    (poll #4)  order=ccb1845c
  [    256ms]  [91mstale[0m    (poll #5)  order=ccb1845c
  [    326ms]  [91mstale[0m    (poll #6)  order=ccb1845c
  [    399ms]  [91mstale[0m    (poll #7)  order=ccb1845c
  [    471ms]  [91mstale[0m    (poll #8)  order=ccb1845c
  [    543ms]  [92mVISIBLE[0m  (poll #9, X-Cache: MISS)  order=ccb1845c

[96mOrder 978/1000:[0m
  [     11ms]  [91mstale[0m    (poll #1)  order=1b56625c
  [     71ms]  [91mstale[0m    (poll #2)  order=1b56625c
  [    130ms]  [91mstale[0m    (poll #3)  order=1b56625c
  [    192ms]  [91mstale[0m    (poll #4)  order=1b56625c
  [    261ms]  [91mstale[0m    (poll #5)  order=1b56625c
  [    334ms]  [91mstale[0m    (poll #6)  order=1b56625c
  [    406ms]  [91mstale[0m    (poll #7)  order=1b56625c
  [    480ms]  [92mVISIBLE[0m  (poll #8, X-Cache: MISS)  order=1b56625c

[96mOrder 979/1000:[0m
  [      9ms]  [91mstale[0m    (poll #1)  order=edd3397e
  [     74ms]  [91mstale[0m    (poll #2)  order=edd3397e
  [    137ms]  [91mstale[0m    (poll #3)  order=edd3397e
  [    202ms]  [91mstale[0m    (poll #4)  order=edd3397e
  [    272ms]  [91mstale[0m    (poll #5)  order=edd3397e
  [    341ms]  [91mstale[0m    (poll #6)  order=edd3397e
  [    412ms]  [91mstale[0m    (poll #7)  order=edd3397e
  [    481ms]  [92mVISIBLE[0m  (poll #8, X-Cache: MISS)  order=edd3397e

[96mOrder 980/1000:[0m
  [     11ms]  [91mstale[0m    (poll #1)  order=52ec242b
  [     72ms]  [91mstale[0m    (poll #2)  order=52ec242b
  [    132ms]  [91mstale[0m    (poll #3)  order=52ec242b
  [    195ms]  [91mstale[0m    (poll #4)  order=52ec242b
  [    263ms]  [91mstale[0m    (poll #5)  order=52ec242b
  [    333ms]  [91mstale[0m    (poll #6)  order=52ec242b
  [    401ms]  [91mstale[0m    (poll #7)  order=52ec242b
  [    469ms]  [91mstale[0m    (poll #8)  order=52ec242b
  [    538ms]  [92mVISIBLE[0m  (poll #9, X-Cache: MISS)  order=52ec242b

[96mOrder 981/1000:[0m
  [     12ms]  [91mstale[0m    (poll #1)  order=8f1d1b33
  [     76ms]  [91mstale[0m    (poll #2)  order=8f1d1b33
  [    141ms]  [91mstale[0m    (poll #3)  order=8f1d1b33
  [    205ms]  [91mstale[0m    (poll #4)  order=8f1d1b33
  [    271ms]  [91mstale[0m    (poll #5)  order=8f1d1b33
  [    342ms]  [91mstale[0m    (poll #6)  order=8f1d1b33
  [    415ms]  [91mstale[0m    (poll #7)  order=8f1d1b33
  [    488ms]  [92mVISIBLE[0m  (poll #8, X-Cache: MISS)  order=8f1d1b33

[96mOrder 982/1000:[0m
  [      9ms]  [91mstale[0m    (poll #1)  order=c999e2dc
  [     69ms]  [91mstale[0m    (poll #2)  order=c999e2dc
  [    132ms]  [91mstale[0m    (poll #3)  order=c999e2dc
  [    197ms]  [91mstale[0m    (poll #4)  order=c999e2dc
  [    262ms]  [91mstale[0m    (poll #5)  order=c999e2dc
  [    332ms]  [91mstale[0m    (poll #6)  order=c999e2dc
  [    414ms]  [91mstale[0m    (poll #7)  order=c999e2dc
  [    476ms]  [91mstale[0m    (poll #8)  order=c999e2dc
  [    539ms]  [92mVISIBLE[0m  (poll #9, X-Cache: MISS)  order=c999e2dc

[96mOrder 983/1000:[0m
  [      7ms]  [91mstale[0m    (poll #1)  order=fe156a4e
  [     66ms]  [91mstale[0m    (poll #2)  order=fe156a4e
  [    130ms]  [91mstale[0m    (poll #3)  order=fe156a4e
  [    193ms]  [91mstale[0m    (poll #4)  order=fe156a4e
  [    258ms]  [91mstale[0m    (poll #5)  order=fe156a4e
  [    326ms]  [91mstale[0m    (poll #6)  order=fe156a4e
  [    397ms]  [91mstale[0m    (poll #7)  order=fe156a4e
  [    471ms]  [92mVISIBLE[0m  (poll #8, X-Cache: MISS)  order=fe156a4e

[96mOrder 984/1000:[0m
  [     10ms]  [91mstale[0m    (poll #1)  order=3eaa2f5d
  [     74ms]  [91mstale[0m    (poll #2)  order=3eaa2f5d
  [    139ms]  [91mstale[0m    (poll #3)  order=3eaa2f5d
  [    203ms]  [91mstale[0m    (poll #4)  order=3eaa2f5d
  [    264ms]  [91mstale[0m    (poll #5)  order=3eaa2f5d
  [    325ms]  [91mstale[0m    (poll #6)  order=3eaa2f5d
  [    388ms]  [91mstale[0m    (poll #7)  order=3eaa2f5d
  [    451ms]  [91mstale[0m    (poll #8)  order=3eaa2f5d
  [    510ms]  [92mVISIBLE[0m  (poll #9, X-Cache: MISS)  order=3eaa2f5d

[96mOrder 985/1000:[0m
  [      8ms]  [91mstale[0m    (poll #1)  order=cf6cf93f
  [     67ms]  [91mstale[0m    (poll #2)  order=cf6cf93f
  [    128ms]  [91mstale[0m    (poll #3)  order=cf6cf93f
  [    194ms]  [91mstale[0m    (poll #4)  order=cf6cf93f
  [    264ms]  [91mstale[0m    (poll #5)  order=cf6cf93f
  [    336ms]  [91mstale[0m    (poll #6)  order=cf6cf93f
  [    409ms]  [91mstale[0m    (poll #7)  order=cf6cf93f
  [    479ms]  [92mVISIBLE[0m  (poll #8, X-Cache: MISS)  order=cf6cf93f

[96mOrder 986/1000:[0m
  [     11ms]  [91mstale[0m    (poll #1)  order=76095cf3
  [     75ms]  [91mstale[0m    (poll #2)  order=76095cf3
  [    139ms]  [91mstale[0m    (poll #3)  order=76095cf3
  [    205ms]  [91mstale[0m    (poll #4)  order=76095cf3
  [    269ms]  [91mstale[0m    (poll #5)  order=76095cf3
  [    338ms]  [91mstale[0m    (poll #6)  order=76095cf3
  [    408ms]  [91mstale[0m    (poll #7)  order=76095cf3
  [    475ms]  [91mstale[0m    (poll #8)  order=76095cf3
  [    548ms]  [92mVISIBLE[0m  (poll #9, X-Cache: MISS)  order=76095cf3

[96mOrder 987/1000:[0m
  [     11ms]  [91mstale[0m    (poll #1)  order=bb67dc02
  [     74ms]  [91mstale[0m    (poll #2)  order=bb67dc02
  [    137ms]  [91mstale[0m    (poll #3)  order=bb67dc02
  [    200ms]  [91mstale[0m    (poll #4)  order=bb67dc02
  [    264ms]  [91mstale[0m    (poll #5)  order=bb67dc02
  [    332ms]  [91mstale[0m    (poll #6)  order=bb67dc02
  [    403ms]  [91mstale[0m    (poll #7)  order=bb67dc02
  [    477ms]  [92mVISIBLE[0m  (poll #8, X-Cache: MISS)  order=bb67dc02

[96mOrder 988/1000:[0m
  [     10ms]  [91mstale[0m    (poll #1)  order=5b7bb3c4
  [     75ms]  [91mstale[0m    (poll #2)  order=5b7bb3c4
  [    138ms]  [91mstale[0m    (poll #3)  order=5b7bb3c4
  [    203ms]  [91mstale[0m    (poll #4)  order=5b7bb3c4
  [    273ms]  [91mstale[0m    (poll #5)  order=5b7bb3c4
  [    338ms]  [91mstale[0m    (poll #6)  order=5b7bb3c4
  [    407ms]  [91mstale[0m    (poll #7)  order=5b7bb3c4
  [    480ms]  [92mVISIBLE[0m  (poll #8, X-Cache: MISS)  order=5b7bb3c4

[96mOrder 989/1000:[0m
  [      6ms]  [91mstale[0m    (poll #1)  order=70aa5ce2
  [     64ms]  [91mstale[0m    (poll #2)  order=70aa5ce2
  [    122ms]  [91mstale[0m    (poll #3)  order=70aa5ce2
  [    183ms]  [91mstale[0m    (poll #4)  order=70aa5ce2
  [    240ms]  [91mstale[0m    (poll #5)  order=70aa5ce2
  [    297ms]  [91mstale[0m    (poll #6)  order=70aa5ce2
  [    359ms]  [91mstale[0m    (poll #7)  order=70aa5ce2
  [    420ms]  [92mVISIBLE[0m  (poll #8, X-Cache: MISS)  order=70aa5ce2

[96mOrder 990/1000:[0m
  [      7ms]  [91mstale[0m    (poll #1)  order=d13aa7c2
  [     67ms]  [91mstale[0m    (poll #2)  order=d13aa7c2
  [    127ms]  [91mstale[0m    (poll #3)  order=d13aa7c2
  [    192ms]  [91mstale[0m    (poll #4)  order=d13aa7c2
  [    260ms]  [91mstale[0m    (poll #5)  order=d13aa7c2
  [    332ms]  [91mstale[0m    (poll #6)  order=d13aa7c2
  [    409ms]  [91mstale[0m    (poll #7)  order=d13aa7c2
  [    483ms]  [92mVISIBLE[0m  (poll #8, X-Cache: MISS)  order=d13aa7c2

[96mOrder 991/1000:[0m
  [      9ms]  [91mstale[0m    (poll #1)  order=27166622
  [     73ms]  [91mstale[0m    (poll #2)  order=27166622
  [    138ms]  [91mstale[0m    (poll #3)  order=27166622
  [    201ms]  [91mstale[0m    (poll #4)  order=27166622
  [    272ms]  [91mstale[0m    (poll #5)  order=27166622
  [    342ms]  [91mstale[0m    (poll #6)  order=27166622
  [    416ms]  [91mstale[0m    (poll #7)  order=27166622
  [    489ms]  [91mstale[0m    (poll #8)  order=27166622
  [    558ms]  [92mVISIBLE[0m  (poll #9, X-Cache: MISS)  order=27166622

[96mOrder 992/1000:[0m
  [     10ms]  [91mstale[0m    (poll #1)  order=8fbf6004
  [     70ms]  [91mstale[0m    (poll #2)  order=8fbf6004
  [    133ms]  [91mstale[0m    (poll #3)  order=8fbf6004
  [    196ms]  [91mstale[0m    (poll #4)  order=8fbf6004
  [    265ms]  [91mstale[0m    (poll #5)  order=8fbf6004
  [    343ms]  [91mstale[0m    (poll #6)  order=8fbf6004
  [    402ms]  [92mVISIBLE[0m  (poll #7, X-Cache: MISS)  order=8fbf6004

[96mOrder 993/1000:[0m
  [      6ms]  [91mstale[0m    (poll #1)  order=66e4a196
  [     63ms]  [91mstale[0m    (poll #2)  order=66e4a196
  [    124ms]  [91mstale[0m    (poll #3)  order=66e4a196
  [    184ms]  [91mstale[0m    (poll #4)  order=66e4a196
  [    252ms]  [91mstale[0m    (poll #5)  order=66e4a196
  [    319ms]  [91mstale[0m    (poll #6)  order=66e4a196
  [    391ms]  [91mstale[0m    (poll #7)  order=66e4a196
  [    466ms]  [92mVISIBLE[0m  (poll #8, X-Cache: MISS)  order=66e4a196

[96mOrder 994/1000:[0m
  [     10ms]  [91mstale[0m    (poll #1)  order=da1e1c40
  [     71ms]  [91mstale[0m    (poll #2)  order=da1e1c40
  [    132ms]  [91mstale[0m    (poll #3)  order=da1e1c40
  [    228ms]  [91mstale[0m    (poll #4)  order=da1e1c40
  [    292ms]  [91mstale[0m    (poll #5)  order=da1e1c40
  [    363ms]  [91mstale[0m    (poll #6)  order=da1e1c40
  [    433ms]  [91mstale[0m    (poll #7)  order=da1e1c40
  [    504ms]  [92mVISIBLE[0m  (poll #8, X-Cache: MISS)  order=da1e1c40

[96mOrder 995/1000:[0m
  [     10ms]  [91mstale[0m    (poll #1)  order=29916a97
  [     73ms]  [91mstale[0m    (poll #2)  order=29916a97
  [    136ms]  [91mstale[0m    (poll #3)  order=29916a97
  [    199ms]  [91mstale[0m    (poll #4)  order=29916a97
  [    267ms]  [91mstale[0m    (poll #5)  order=29916a97
  [    340ms]  [91mstale[0m    (poll #6)  order=29916a97
  [    413ms]  [91mstale[0m    (poll #7)  order=29916a97
  [    487ms]  [91mstale[0m    (poll #8)  order=29916a97
  [    561ms]  [92mVISIBLE[0m  (poll #9, X-Cache: MISS)  order=29916a97

[96mOrder 996/1000:[0m
  [     10ms]  [91mstale[0m    (poll #1)  order=c30b790b
  [     75ms]  [91mstale[0m    (poll #2)  order=c30b790b
  [    135ms]  [91mstale[0m    (poll #3)  order=c30b790b
  [    195ms]  [91mstale[0m    (poll #4)  order=c30b790b
  [    265ms]  [91mstale[0m    (poll #5)  order=c30b790b
  [    338ms]  [91mstale[0m    (poll #6)  order=c30b790b
  [    410ms]  [91mstale[0m    (poll #7)  order=c30b790b
  [    479ms]  [92mVISIBLE[0m  (poll #8, X-Cache: MISS)  order=c30b790b

[96mOrder 997/1000:[0m
  [      9ms]  [91mstale[0m    (poll #1)  order=6ab5c9b8
  [     68ms]  [91mstale[0m    (poll #2)  order=6ab5c9b8
  [    131ms]  [91mstale[0m    (poll #3)  order=6ab5c9b8
  [    195ms]  [91mstale[0m    (poll #4)  order=6ab5c9b8
  [    268ms]  [91mstale[0m    (poll #5)  order=6ab5c9b8
  [    336ms]  [91mstale[0m    (poll #6)  order=6ab5c9b8
  [    407ms]  [91mstale[0m    (poll #7)  order=6ab5c9b8
  [    480ms]  [92mVISIBLE[0m  (poll #8, X-Cache: MISS)  order=6ab5c9b8

[96mOrder 998/1000:[0m
  [      9ms]  [91mstale[0m    (poll #1)  order=3a2d7ede
  [     70ms]  [91mstale[0m    (poll #2)  order=3a2d7ede
  [    130ms]  [91mstale[0m    (poll #3)  order=3a2d7ede
  [    195ms]  [91mstale[0m    (poll #4)  order=3a2d7ede
  [    263ms]  [91mstale[0m    (poll #5)  order=3a2d7ede
  [    334ms]  [91mstale[0m    (poll #6)  order=3a2d7ede
  [    408ms]  [91mstale[0m    (poll #7)  order=3a2d7ede
  [    480ms]  [92mVISIBLE[0m  (poll #8, X-Cache: MISS)  order=3a2d7ede

[96mOrder 999/1000:[0m
  [     10ms]  [91mstale[0m    (poll #1)  order=d5d733f7
  [     73ms]  [91mstale[0m    (poll #2)  order=d5d733f7
  [    134ms]  [91mstale[0m    (poll #3)  order=d5d733f7
  [    197ms]  [91mstale[0m    (poll #4)  order=d5d733f7
  [    267ms]  [91mstale[0m    (poll #5)  order=d5d733f7
  [    335ms]  [91mstale[0m    (poll #6)  order=d5d733f7
  [    406ms]  [92mVISIBLE[0m  (poll #7, X-Cache: MISS)  order=d5d733f7

[96mOrder 1000/1000:[0m
  [      8ms]  [91mstale[0m    (poll #1)  order=02ff4363
  [     67ms]  [91mstale[0m    (poll #2)  order=02ff4363
  [    130ms]  [91mstale[0m    (poll #3)  order=02ff4363
  [    191ms]  [91mstale[0m    (poll #4)  order=02ff4363
  [    255ms]  [91mstale[0m    (poll #5)  order=02ff4363
  [    325ms]  [91mstale[0m    (poll #6)  order=02ff4363
  [    394ms]  [91mstale[0m    (poll #7)  order=02ff4363
  [    464ms]  [91mstale[0m    (poll #8)  order=02ff4363
  [    538ms]  [92mVISIBLE[0m  (poll #9, X-Cache: MISS)  order=02ff4363

[1m=======================================================[0m
[1m  RESULTS  (N=1000)[0m
[1m=======================================================[0m

  metric                    value
  --------------------------------
  consistency lag ms  
    p50                    486.4
    p95                    554.1
    p99                    561.8
    min                    130.7
    max                    567.0
  avg polls/read             8.3

  [93mWhat this means:[0m
  A user who placed an order and immediately refreshed
  would have seen no order for up to 567ms.
  During this window the read side is STALE — MongoDB has
  the event, but PostgreSQL has not projected it yet.

  [92mThe RYW cache fixes this:[0m
    bash restart.sh --delay 2   # same consumer lag, cache ON
    python scripts/consistency_demo.py
  → Every read returns in ~1ms (cache HIT, no PG needed).

