Stopping services and wiping volumes...

  cache:    DISABLED
  consumer: SLOW (0.05s/event)
  saga:     fast
  stream:   redis-stream :6379  (no memory limit)

Starting services...
time="2026-04-26T04:17:46+05:30" level=warning msg="/Users/akankshawattamwar/Desktop/CS315/CQRS/docker-compose.yml: the attribute `version` is obsolete, it will be ignored, please remove it to avoid potential confusion"
#1 [internal] load local bake definitions
#1 reading from stdin 1.05kB done
#1 DONE 0.0s

#2 [saga internal] load build definition from Dockerfile
#2 transferring dockerfile: 365B done
#2 DONE 0.0s

#3 [consumer internal] load build definition from Dockerfile
#3 transferring dockerfile: 186B done
#3 DONE 0.0s

#4 [saga internal] load metadata for docker.io/library/python:3.12-slim
#4 DONE 1.4s

#5 [consumer internal] load .dockerignore
#5 transferring context: 2B done
#5 DONE 0.0s

#6 [saga internal] load .dockerignore
#6 transferring context: 2B done
#6 DONE 0.0s

#7 [consumer internal] load build context
#7 transferring context: 308B done
#7 DONE 0.0s

#8 [consumer 1/5] FROM docker.io/library/python:3.12-slim@sha256:46cb7cc2877e60fbd5e21a9ae6115c30ace7a077b9f8772da879e4590c18c2e3
#8 resolve docker.io/library/python:3.12-slim@sha256:46cb7cc2877e60fbd5e21a9ae6115c30ace7a077b9f8772da879e4590c18c2e3 done
#8 DONE 0.0s

#9 [consumer 2/5] WORKDIR /app
#9 CACHED

#10 [saga 2/7] WORKDIR /service
#10 CACHED

#11 [saga internal] load build context
#11 transferring context: 386B done
#11 DONE 0.0s

#12 [consumer 3/5] COPY requirements.txt .
#12 DONE 0.0s

#13 [saga 3/7] COPY saga/requirements.txt saga/
#13 DONE 0.0s

#14 [saga 4/7] RUN pip install --no-cache-dir -r saga/requirements.txt
#14 1.509 Collecting pymongo==4.7.2 (from -r saga/requirements.txt (line 1))
#14 1.576   Downloading pymongo-4.7.2-cp312-cp312-manylinux_2_17_aarch64.manylinux2014_aarch64.whl.metadata (22 kB)
#14 1.640 Collecting redis==5.0.5 (from -r saga/requirements.txt (line 2))
#14 1.661   Downloading redis-5.0.5-py3-none-any.whl.metadata (9.3 kB)
#14 1.744 Collecting psycopg2-binary==2.9.9 (from -r saga/requirements.txt (line 3))
#14 1.765   Downloading psycopg2_binary-2.9.9-cp312-cp312-manylinux_2_17_aarch64.manylinux2014_aarch64.whl.metadata (4.4 kB)
#14 1.791 Collecting dnspython<3.0.0,>=1.16.0 (from pymongo==4.7.2->-r saga/requirements.txt (line 1))
#14 1.811   Downloading dnspython-2.8.0-py3-none-any.whl.metadata (5.7 kB)
#14 1.840 Downloading pymongo-4.7.2-cp312-cp312-manylinux_2_17_aarch64.manylinux2014_aarch64.whl (688 kB)
#14 1.975    ━━━━━━━━━━━━━━━━━━━━━━━━━━━━━━━━━━━━━━━━ 689.0/689.0 kB 6.5 MB/s eta 0:00:00
#14 2.080 Downloading redis-5.0.5-py3-none-any.whl (251 kB)
#14 2.127 Downloading psycopg2_binary-2.9.9-cp312-cp312-manylinux_2_17_aarch64.manylinux2014_aarch64.whl (2.9 MB)
#14 2.570    ━━━━━━━━━━━━━━━━━━━━━━━━━━━━━━━━━━━━━━━━ 2.9/2.9 MB 6.5 MB/s eta 0:00:00
#14 2.598 Downloading dnspython-2.8.0-py3-none-any.whl (331 kB)
#14 2.660 Installing collected packages: redis, psycopg2-binary, dnspython, pymongo
#14 2.989 Successfully installed dnspython-2.8.0 psycopg2-binary-2.9.9 pymongo-4.7.2 redis-5.0.5
#14 2.989 WARNING: Running pip as the 'root' user can result in broken permissions and conflicting behaviour with the system package manager, possibly rendering your system unusable. It is recommended to use a virtual environment instead: https://pip.pypa.io/warnings/venv. Use the --root-user-action option if you know what you are doing and want to suppress this warning.
#14 3.157 
#14 3.157 [notice] A new release of pip is available: 25.0.1 -> 26.0.1
#14 3.157 [notice] To update, run: pip install --upgrade pip
#14 DONE 3.2s

#15 [saga 5/7] COPY write-api/events.py write-api/
#15 DONE 0.0s

#16 [saga 6/7] COPY saga/ saga/
#16 DONE 0.0s

#17 [consumer 4/5] RUN pip install --no-cache-dir -r requirements.txt
#17 1.317 Collecting pymongo==4.7.2 (from -r requirements.txt (line 1))
#17 1.432   Downloading pymongo-4.7.2-cp312-cp312-manylinux_2_17_aarch64.manylinux2014_aarch64.whl.metadata (22 kB)
#17 1.496 Collecting redis==5.0.5 (from -r requirements.txt (line 2))
#17 1.516   Downloading redis-5.0.5-py3-none-any.whl.metadata (9.3 kB)
#17 1.565 Collecting psycopg2-binary==2.9.9 (from -r requirements.txt (line 3))
#17 1.586   Downloading psycopg2_binary-2.9.9-cp312-cp312-manylinux_2_17_aarch64.manylinux2014_aarch64.whl.metadata (4.4 kB)
#17 1.606 Collecting dnspython<3.0.0,>=1.16.0 (from pymongo==4.7.2->-r requirements.txt (line 1))
#17 1.626   Downloading dnspython-2.8.0-py3-none-any.whl.metadata (5.7 kB)
#17 1.653 Downloading pymongo-4.7.2-cp312-cp312-manylinux_2_17_aarch64.manylinux2014_aarch64.whl (688 kB)
#17 1.891    ━━━━━━━━━━━━━━━━━━━━━━━━━━━━━━━━━━━━━━━━ 689.0/689.0 kB 3.4 MB/s eta 0:00:00
#17 1.912 Downloading redis-5.0.5-py3-none-any.whl (251 kB)
#17 2.148 Downloading psycopg2_binary-2.9.9-cp312-cp312-manylinux_2_17_aarch64.manylinux2014_aarch64.whl (2.9 MB)
#17 3.085    ━━━━━━━━━━━━━━━━━━━━━━━━━━━━━━━━━━━━━━━━ 2.9/2.9 MB 3.3 MB/s eta 0:00:00
#17 3.103 Downloading dnspython-2.8.0-py3-none-any.whl (331 kB)
#17 3.196 Installing collected packages: redis, psycopg2-binary, dnspython, pymongo
#17 ...

#18 [saga 7/7] WORKDIR /service/saga
#18 DONE 0.0s

#17 [consumer 4/5] RUN pip install --no-cache-dir -r requirements.txt
#17 3.565 Successfully installed dnspython-2.8.0 psycopg2-binary-2.9.9 pymongo-4.7.2 redis-5.0.5
#17 3.565 WARNING: Running pip as the 'root' user can result in broken permissions and conflicting behaviour with the system package manager, possibly rendering your system unusable. It is recommended to use a virtual environment instead: https://pip.pypa.io/warnings/venv. Use the --root-user-action option if you know what you are doing and want to suppress this warning.
#17 3.689 
#17 3.689 [notice] A new release of pip is available: 25.0.1 -> 26.0.1
#17 3.689 [notice] To update, run: pip install --upgrade pip
#17 DONE 3.8s

#19 [consumer 5/5] COPY . .
#19 DONE 0.0s

#20 [consumer] exporting to image
#20 exporting layers
#20 ...

#21 [saga] exporting to image
#21 exporting layers 0.5s done
#21 exporting manifest sha256:54e2bcffc91280ffadefaaa3815858981c5f38bfccb5767447b602c7f660f429 done
#21 exporting config sha256:49fb4cb9fd3f3fa0acfdc72c2157de72e0ff52379dc5217bd87e5a021617ccc3 done
#21 exporting attestation manifest sha256:15a2eadb77c0fcd7259826ec7ded50ba00e2427ef53bd52a9d7f1bd78e414b42 done
#21 exporting manifest list sha256:44dc0b66db1e3b58aa35f4344d93a50e4ce942f786f4d84cadcc5351f73d98e2 done
#21 naming to docker.io/library/cqrs-saga:latest done
#21 unpacking to docker.io/library/cqrs-saga:latest 0.1s done
#21 DONE 0.7s

#22 [saga] resolving provenance for metadata file
#22 DONE 0.0s

#20 [consumer] exporting to image
#20 exporting layers 0.6s done
#20 exporting manifest sha256:6223737224f68747c6ca048ede066f51917c809cbd063a2176b66c35fc7479a3
#20 exporting manifest sha256:6223737224f68747c6ca048ede066f51917c809cbd063a2176b66c35fc7479a3 done
#20 exporting config sha256:0af7ff10442f3d5b655c137033035abff91acd1d960cfad42df6e0276a622ec1 done
#20 exporting attestation manifest sha256:8b672ba0d80b36d3f7ccc919fb9adfbd4a8c9d125bc0a0083f56878aa96c2d97 done
#20 exporting manifest list sha256:02b501435d14cf7dd17094b545fe30a5c891b42e3d6214f9ddb93d1bdd43e111 done
#20 naming to docker.io/library/cqrs-consumer:latest done
#20 unpacking to docker.io/library/cqrs-consumer:latest 0.1s done
#20 DONE 0.8s

#23 [consumer] resolving provenance for metadata file
#23 DONE 0.0s
 cqrs-saga  Built
 cqrs-consumer  Built
time="2026-04-26T04:17:53+05:30" level=warning msg="/Users/akankshawattamwar/Desktop/CS315/CQRS/docker-compose.yml: the attribute `version` is obsolete, it will be ignored, please remove it to avoid potential confusion"
#1 [internal] load local bake definitions
#1 reading from stdin 2.42kB done
#1 DONE 0.0s

#2 [consumer internal] load build definition from Dockerfile
#2 transferring dockerfile: 186B done
#2 DONE 0.0s

#3 [saga internal] load build definition from Dockerfile
#3 transferring dockerfile: 365B done
#3 DONE 0.0s

#4 [write-api internal] load build definition from Dockerfile
#4 transferring dockerfile: 225B done
#4 DONE 0.0s

#5 [read-api internal] load build definition from Dockerfile
#5 transferring dockerfile: 225B done
#5 DONE 0.0s

#6 [frontend internal] load build definition from Dockerfile
#6 transferring dockerfile: 271B done
#6 DONE 0.0s

#7 [read-api internal] load metadata for docker.io/library/python:3.12-slim
#7 DONE 0.4s

#8 [read-api internal] load .dockerignore
#8 transferring context: 2B done
#8 DONE 0.0s

#9 [consumer internal] load .dockerignore
#9 transferring context: 2B done
#9 DONE 0.0s

#10 [saga internal] load .dockerignore
#10 transferring context: 2B done
#10 DONE 0.0s

#11 [write-api internal] load .dockerignore
#11 transferring context: 2B done
#11 DONE 0.0s

#12 [consumer internal] load build context
#12 transferring context: 308B done
#12 DONE 0.0s

#13 [read-api internal] load build context
#13 transferring context: 258B done
#13 DONE 0.0s

#14 [write-api internal] load build context
#14 transferring context: 341B done
#14 DONE 0.0s

#15 [saga 1/5] FROM docker.io/library/python:3.12-slim@sha256:46cb7cc2877e60fbd5e21a9ae6115c30ace7a077b9f8772da879e4590c18c2e3
#15 resolve docker.io/library/python:3.12-slim@sha256:46cb7cc2877e60fbd5e21a9ae6115c30ace7a077b9f8772da879e4590c18c2e3 0.0s done
#15 DONE 0.0s

#16 [saga internal] load build context
#16 transferring context: 386B done
#16 DONE 0.0s

#17 [read-api 4/5] RUN pip install --no-cache-dir -r requirements.txt
#17 CACHED

#18 [read-api 3/5] COPY requirements.txt .
#18 CACHED

#19 [consumer 3/5] COPY requirements.txt .
#19 CACHED

#20 [consumer 4/5] RUN pip install --no-cache-dir -r requirements.txt
#20 CACHED

#21 [write-api 2/5] WORKDIR /app
#21 CACHED

#22 [write-api 3/5] COPY requirements.txt .
#22 CACHED

#23 [write-api 4/5] RUN pip install --no-cache-dir -r requirements.txt
#23 CACHED

#24 [read-api 5/5] COPY . .
#24 CACHED

#25 [write-api 5/5] COPY . .
#25 CACHED

#26 [consumer 5/5] COPY . .
#26 CACHED

#27 [consumer] exporting to image
#27 exporting layers
#27 exporting layers done
#27 exporting manifest sha256:6223737224f68747c6ca048ede066f51917c809cbd063a2176b66c35fc7479a3 done
#27 exporting config sha256:0af7ff10442f3d5b655c137033035abff91acd1d960cfad42df6e0276a622ec1 done
#27 exporting attestation manifest sha256:5337f0d3a5e4bd8dab2d9fff85b4d8d275dde021b42e57a6058dc66aea75141c 0.0s done
#27 exporting manifest list sha256:0fd641a1d98ee50a15a1662fba8470dc37f4c2a3ad7035c1619777ffd880436e done
#27 naming to docker.io/library/cqrs-consumer:latest done
#27 unpacking to docker.io/library/cqrs-consumer:latest done
#27 DONE 0.1s

#28 [write-api] exporting to image
#28 exporting layers done
#28 exporting manifest sha256:92a21a99b40b6531c5801222236f42d6aa7bbf8b65d7634fc566f9392602e764 done
#28 exporting config sha256:be9fb26fa271ebf0c525960e70f2e967c21bf78a1eb2b7a7dc06e6d3ff4d3f55 done
#28 exporting attestation manifest sha256:65f71233b1f371d0ef336ad757f27cf95bca980e70950bc4543a2c8540eea531 0.0s done
#28 exporting manifest list sha256:89c886d7af751e19665b9c354818b91a196f5d8a4df825e8eca0ae74da7d4f78 done
#28 naming to docker.io/library/cqrs-write-api:latest done
#28 unpacking to docker.io/library/cqrs-write-api:latest done
#28 DONE 0.1s

#29 [read-api] exporting to image
#29 exporting layers done
#29 exporting manifest sha256:c63ee61fb06e4bd063e843362129b868354c2f94e2566ad3c11bbd0548881470 done
#29 exporting config sha256:46bb870cf8127e2823c379c44ac9a3c0d6ee66fd1b3343341206f22ff23f7f62 done
#29 exporting attestation manifest sha256:1bf171fe4e7f78d736854b7d6637f4dabce18d7a8ded201d3a92dc14e64b13c4 0.0s done
#29 exporting manifest list sha256:991b638964aed41497b2c54d135466635818edc397abd74ee7b4caab46d541d1 done
#29 naming to docker.io/library/cqrs-read-api:latest done
#29 unpacking to docker.io/library/cqrs-read-api:latest done
#29 DONE 0.1s

#30 [saga 2/7] WORKDIR /service
#30 CACHED

#31 [saga 4/7] RUN pip install --no-cache-dir -r saga/requirements.txt
#31 CACHED

#32 [saga 5/7] COPY write-api/events.py write-api/
#32 CACHED

#33 [saga 3/7] COPY saga/requirements.txt saga/
#33 CACHED

#34 [saga 6/7] COPY saga/ saga/
#34 CACHED

#35 [saga 7/7] WORKDIR /service/saga
#35 CACHED

#36 [saga] exporting to image
#36 exporting layers done
#36 exporting manifest sha256:54e2bcffc91280ffadefaaa3815858981c5f38bfccb5767447b602c7f660f429 done
#36 exporting config sha256:49fb4cb9fd3f3fa0acfdc72c2157de72e0ff52379dc5217bd87e5a021617ccc3 done
#36 exporting attestation manifest sha256:078ded5bfbfd5cc81d587717a59fca843d0acdd83789cc27c0488c944d33bbfc done
#36 exporting manifest list sha256:021bf8878ea63b852ccd09a471b1ffdc8000b2b8581662ba8f7decdb5c3638cb done
#36 naming to docker.io/library/cqrs-saga:latest done
#36 unpacking to docker.io/library/cqrs-saga:latest done
#36 DONE 0.1s

#37 [consumer] resolving provenance for metadata file
#37 DONE 0.0s

#38 [write-api] resolving provenance for metadata file
#38 DONE 0.0s

#39 [read-api] resolving provenance for metadata file
#39 DONE 0.0s

#40 [saga] resolving provenance for metadata file
#40 DONE 0.0s

#41 [frontend internal] load metadata for docker.io/library/node:20-alpine
#41 ...

#42 [frontend internal] load metadata for docker.io/library/nginx:alpine
#42 DONE 1.8s

#41 [frontend internal] load metadata for docker.io/library/node:20-alpine
#41 DONE 3.8s

#43 [frontend internal] load .dockerignore
#43 transferring context: 2B done
#43 DONE 0.0s

#44 [frontend stage-1 1/3] FROM docker.io/library/nginx:alpine@sha256:5616878291a2eed594aee8db4dade5878cf7edcb475e59193904b198d9b830de
#44 resolve docker.io/library/nginx:alpine@sha256:5616878291a2eed594aee8db4dade5878cf7edcb475e59193904b198d9b830de done
#44 DONE 0.0s

#45 [frontend build 1/6] FROM docker.io/library/node:20-alpine@sha256:fb4cd12c85ee03686f6af5362a0b0d56d50c58a04632e6c0fb8363f609372293
#45 resolve docker.io/library/node:20-alpine@sha256:fb4cd12c85ee03686f6af5362a0b0d56d50c58a04632e6c0fb8363f609372293 done
#45 DONE 0.0s

#46 [frontend internal] load build context
#46 transferring context: 185.58kB 0.1s done
#46 DONE 0.1s

#47 [frontend build 6/6] RUN npm run build
#47 CACHED

#48 [frontend build 2/6] WORKDIR /app
#48 CACHED

#49 [frontend build 3/6] COPY package.json ./
#49 CACHED

#50 [frontend stage-1 2/3] COPY --from=build /app/dist /usr/share/nginx/html
#50 CACHED

#51 [frontend build 4/6] RUN npm install
#51 CACHED

#52 [frontend build 5/6] COPY . .
#52 CACHED

#53 [frontend stage-1 3/3] COPY nginx.conf /etc/nginx/conf.d/default.conf
#53 CACHED

#54 [frontend] exporting to image
#54 exporting layers done
#54 exporting manifest sha256:32782dd8e2053c61118ccbb621867087941de406675097f92803716fedafab00 done
#54 exporting config sha256:64d46ad231b32d64275256ac207db88e0b5dd078678dcdc752d464f80305d609 done
#54 exporting attestation manifest sha256:2f0ab2c5d0abcdb9585434608e3533350c53640104533abb8952af28b8f3e96d done
#54 exporting manifest list sha256:5d4ec51e485a7f47ae242c31113e1f567e9802e17aa6b4fe78f860f850741a78 done
#54 naming to docker.io/library/cqrs-frontend:latest done
#54 unpacking to docker.io/library/cqrs-frontend:latest done
#54 DONE 0.0s

#55 [frontend] resolving provenance for metadata file
#55 DONE 0.0s
 cqrs-read-api  Built
 cqrs-frontend  Built
 cqrs-saga  Built
 cqrs-consumer  Built
 cqrs-write-api  Built
 Network cqrs_default  Creating
 Network cqrs_default  Created
 Volume "cqrs_postgres_data"  Creating
 Volume "cqrs_postgres_data"  Created
 Volume "cqrs_mongo_data"  Creating
 Volume "cqrs_mongo_data"  Created
 Container cqrs-redis-cache-1  Creating
 Container cqrs-postgres-1  Creating
 Container cqrs-redis-stream-1  Creating
 Container cqrs-mongodb-1  Creating
 Container cqrs-mongodb-1  Created
 Container cqrs-postgres-1  Created
 Container cqrs-redis-cache-1  Created
 Container cqrs-read-api-1  Creating
 Container cqrs-redis-stream-1  Created
 Container cqrs-saga-1  Creating
 Container cqrs-write-api-1  Creating
 Container cqrs-consumer-1  Creating
 Container cqrs-write-api-1  Created
 Container cqrs-consumer-1  Created
 Container cqrs-saga-1  Created
 Container cqrs-read-api-1  Created
 Container cqrs-frontend-1  Creating
 Container cqrs-frontend-1  Created
 Container cqrs-mongodb-1  Starting
 Container cqrs-postgres-1  Starting
 Container cqrs-redis-cache-1  Starting
 Container cqrs-redis-stream-1  Starting
 Container cqrs-redis-stream-1  Started
 Container cqrs-postgres-1  Started
 Container cqrs-redis-cache-1  Started
 Container cqrs-redis-cache-1  Waiting
 Container cqrs-postgres-1  Waiting
 Container cqrs-mongodb-1  Started
 Container cqrs-redis-stream-1  Waiting
 Container cqrs-postgres-1  Waiting
 Container cqrs-mongodb-1  Waiting
 Container cqrs-mongodb-1  Waiting
 Container cqrs-redis-stream-1  Waiting
 Container cqrs-postgres-1  Waiting
 Container cqrs-redis-cache-1  Waiting
 Container cqrs-mongodb-1  Waiting
 Container cqrs-redis-stream-1  Waiting
 Container cqrs-postgres-1  Healthy
 Container cqrs-redis-cache-1  Healthy
 Container cqrs-read-api-1  Starting
 Container cqrs-postgres-1  Healthy
 Container cqrs-redis-stream-1  Healthy
 Container cqrs-postgres-1  Healthy
 Container cqrs-redis-stream-1  Healthy
 Container cqrs-redis-stream-1  Healthy
 Container cqrs-redis-cache-1  Healthy
 Container cqrs-read-api-1  Started
 Container cqrs-frontend-1  Starting
 Container cqrs-frontend-1  Started
 Container cqrs-mongodb-1  Healthy
 Container cqrs-mongodb-1  Healthy
 Container cqrs-mongodb-1  Healthy
 Container cqrs-saga-1  Starting
 Container cqrs-write-api-1  Starting
 Container cqrs-consumer-1  Starting
 Container cqrs-write-api-1  Started
 Container cqrs-consumer-1  Started
 Container cqrs-saga-1  Started
Waiting for APIs to be ready...
Clearing MongoDB events and sagas...
time="2026-04-26T04:18:10+05:30" level=warning msg="/Users/akankshawattamwar/Desktop/CS315/CQRS/docker-compose.yml: the attribute `version` is obsolete, it will be ignored, please remove it to avoid potential confusion"
MongoDB cleared
All services up.
Logs: docker compose logs -f [write-api|read-api|consumer|saga]

[1m=======================================================[0m
[1m  EVENTUAL CONSISTENCY DEMO — 1000 orders[0m
[1m=======================================================[0m

  Write path:  Write API → MongoDB → Redis Stream
  Read path:   Consumer → PostgreSQL ← Read API
  Cache:       DISABLED (DISABLE_CACHE set)

[96mOrder 1/1000:[0m
  [     11ms]  [91mstale[0m    (poll #1)  order=33e11162
  [     72ms]  [92mVISIBLE[0m  (poll #2, X-Cache: MISS)  order=33e11162

[96mOrder 2/1000:[0m
  [      3ms]  [91mstale[0m    (poll #1)  order=e5c67eb3
  [     63ms]  [91mstale[0m    (poll #2)  order=e5c67eb3
  [    121ms]  [91mstale[0m    (poll #3)  order=e5c67eb3
  [    181ms]  [91mstale[0m    (poll #4)  order=e5c67eb3
  [    249ms]  [92mVISIBLE[0m  (poll #5, X-Cache: MISS)  order=e5c67eb3

[96mOrder 3/1000:[0m
  [      7ms]  [91mstale[0m    (poll #1)  order=0c724241
  [     67ms]  [91mstale[0m    (poll #2)  order=0c724241
  [    136ms]  [91mstale[0m    (poll #3)  order=0c724241
  [    202ms]  [91mstale[0m    (poll #4)  order=0c724241
  [    267ms]  [92mVISIBLE[0m  (poll #5, X-Cache: MISS)  order=0c724241

[96mOrder 4/1000:[0m
  [      5ms]  [91mstale[0m    (poll #1)  order=8e6367fb
  [     66ms]  [91mstale[0m    (poll #2)  order=8e6367fb
  [    129ms]  [91mstale[0m    (poll #3)  order=8e6367fb
  [    194ms]  [91mstale[0m    (poll #4)  order=8e6367fb
  [    259ms]  [92mVISIBLE[0m  (poll #5, X-Cache: MISS)  order=8e6367fb

[96mOrder 5/1000:[0m
  [      7ms]  [91mstale[0m    (poll #1)  order=46b283f8
  [     71ms]  [91mstale[0m    (poll #2)  order=46b283f8
  [    139ms]  [91mstale[0m    (poll #3)  order=46b283f8
  [    206ms]  [92mVISIBLE[0m  (poll #4, X-Cache: MISS)  order=46b283f8

[96mOrder 6/1000:[0m
  [      8ms]  [91mstale[0m    (poll #1)  order=797aa38e
  [     71ms]  [91mstale[0m    (poll #2)  order=797aa38e
  [    134ms]  [91mstale[0m    (poll #3)  order=797aa38e
  [    199ms]  [91mstale[0m    (poll #4)  order=797aa38e
  [    274ms]  [92mVISIBLE[0m  (poll #5, X-Cache: MISS)  order=797aa38e

[96mOrder 7/1000:[0m
  [      7ms]  [91mstale[0m    (poll #1)  order=bb7cdc4a
  [     71ms]  [91mstale[0m    (poll #2)  order=bb7cdc4a
  [    134ms]  [91mstale[0m    (poll #3)  order=bb7cdc4a
  [    202ms]  [91mstale[0m    (poll #4)  order=bb7cdc4a
  [    272ms]  [92mVISIBLE[0m  (poll #5, X-Cache: MISS)  order=bb7cdc4a

[96mOrder 8/1000:[0m
  [      9ms]  [91mstale[0m    (poll #1)  order=ba371564
  [     73ms]  [91mstale[0m    (poll #2)  order=ba371564
  [    135ms]  [91mstale[0m    (poll #3)  order=ba371564
  [    201ms]  [91mstale[0m    (poll #4)  order=ba371564
  [    267ms]  [92mVISIBLE[0m  (poll #5, X-Cache: MISS)  order=ba371564

[96mOrder 9/1000:[0m
  [      8ms]  [91mstale[0m    (poll #1)  order=3f78430e
  [     71ms]  [91mstale[0m    (poll #2)  order=3f78430e
  [    135ms]  [91mstale[0m    (poll #3)  order=3f78430e
  [    205ms]  [91mstale[0m    (poll #4)  order=3f78430e
  [    275ms]  [92mVISIBLE[0m  (poll #5, X-Cache: MISS)  order=3f78430e

[96mOrder 10/1000:[0m
  [      9ms]  [91mstale[0m    (poll #1)  order=463b41c0
  [     74ms]  [91mstale[0m    (poll #2)  order=463b41c0
  [    138ms]  [92mVISIBLE[0m  (poll #3, X-Cache: MISS)  order=463b41c0

[96mOrder 11/1000:[0m
  [      7ms]  [91mstale[0m    (poll #1)  order=97804d15
  [     71ms]  [91mstale[0m    (poll #2)  order=97804d15
  [    134ms]  [91mstale[0m    (poll #3)  order=97804d15
  [    204ms]  [91mstale[0m    (poll #4)  order=97804d15
  [    272ms]  [92mVISIBLE[0m  (poll #5, X-Cache: MISS)  order=97804d15

[96mOrder 12/1000:[0m
  [      9ms]  [91mstale[0m    (poll #1)  order=0563c1eb
  [     73ms]  [91mstale[0m    (poll #2)  order=0563c1eb
  [    138ms]  [91mstale[0m    (poll #3)  order=0563c1eb
  [    198ms]  [92mVISIBLE[0m  (poll #4, X-Cache: MISS)  order=0563c1eb

[96mOrder 13/1000:[0m
  [      4ms]  [91mstale[0m    (poll #1)  order=f97412b8
  [     64ms]  [91mstale[0m    (poll #2)  order=f97412b8
  [    128ms]  [91mstale[0m    (poll #3)  order=f97412b8
  [    193ms]  [92mVISIBLE[0m  (poll #4, X-Cache: MISS)  order=f97412b8

[96mOrder 14/1000:[0m
  [      7ms]  [91mstale[0m    (poll #1)  order=4a7f796d
  [     70ms]  [91mstale[0m    (poll #2)  order=4a7f796d
  [    132ms]  [91mstale[0m    (poll #3)  order=4a7f796d
  [    192ms]  [91mstale[0m    (poll #4)  order=4a7f796d
  [    256ms]  [92mVISIBLE[0m  (poll #5, X-Cache: MISS)  order=4a7f796d

[96mOrder 15/1000:[0m
  [      8ms]  [91mstale[0m    (poll #1)  order=2bb8ea55
  [     69ms]  [91mstale[0m    (poll #2)  order=2bb8ea55
  [    133ms]  [91mstale[0m    (poll #3)  order=2bb8ea55
  [    198ms]  [91mstale[0m    (poll #4)  order=2bb8ea55
  [    269ms]  [92mVISIBLE[0m  (poll #5, X-Cache: MISS)  order=2bb8ea55

[96mOrder 16/1000:[0m
  [      7ms]  [91mstale[0m    (poll #1)  order=e0ccad2e
  [     70ms]  [91mstale[0m    (poll #2)  order=e0ccad2e
  [    133ms]  [91mstale[0m    (poll #3)  order=e0ccad2e
  [    201ms]  [92mVISIBLE[0m  (poll #4, X-Cache: MISS)  order=e0ccad2e

[96mOrder 17/1000:[0m
  [      9ms]  [91mstale[0m    (poll #1)  order=4682cf81
  [     71ms]  [91mstale[0m    (poll #2)  order=4682cf81
  [    137ms]  [91mstale[0m    (poll #3)  order=4682cf81
  [    203ms]  [91mstale[0m    (poll #4)  order=4682cf81
  [    276ms]  [92mVISIBLE[0m  (poll #5, X-Cache: MISS)  order=4682cf81

[96mOrder 18/1000:[0m
  [      7ms]  [91mstale[0m    (poll #1)  order=c0ff1839
  [     67ms]  [91mstale[0m    (poll #2)  order=c0ff1839
  [    129ms]  [91mstale[0m    (poll #3)  order=c0ff1839
  [    194ms]  [91mstale[0m    (poll #4)  order=c0ff1839
  [    261ms]  [92mVISIBLE[0m  (poll #5, X-Cache: MISS)  order=c0ff1839

[96mOrder 19/1000:[0m
  [      8ms]  [91mstale[0m    (poll #1)  order=a5c564b3
  [     69ms]  [91mstale[0m    (poll #2)  order=a5c564b3
  [    131ms]  [91mstale[0m    (poll #3)  order=a5c564b3
  [    198ms]  [91mstale[0m    (poll #4)  order=a5c564b3
  [    261ms]  [92mVISIBLE[0m  (poll #5, X-Cache: MISS)  order=a5c564b3

[96mOrder 20/1000:[0m
  [      4ms]  [91mstale[0m    (poll #1)  order=b17a7054
  [     64ms]  [91mstale[0m    (poll #2)  order=b17a7054
  [    128ms]  [91mstale[0m    (poll #3)  order=b17a7054
  [    193ms]  [91mstale[0m    (poll #4)  order=b17a7054
  [    261ms]  [92mVISIBLE[0m  (poll #5, X-Cache: MISS)  order=b17a7054

[96mOrder 21/1000:[0m
  [      8ms]  [91mstale[0m    (poll #1)  order=55e48447
  [     74ms]  [91mstale[0m    (poll #2)  order=55e48447
  [    135ms]  [91mstale[0m    (poll #3)  order=55e48447
  [    201ms]  [92mVISIBLE[0m  (poll #4, X-Cache: MISS)  order=55e48447

[96mOrder 22/1000:[0m
  [      7ms]  [91mstale[0m    (poll #1)  order=57bec7aa
  [     70ms]  [91mstale[0m    (poll #2)  order=57bec7aa
  [    133ms]  [91mstale[0m    (poll #3)  order=57bec7aa
  [    197ms]  [91mstale[0m    (poll #4)  order=57bec7aa
  [    267ms]  [92mVISIBLE[0m  (poll #5, X-Cache: MISS)  order=57bec7aa

[96mOrder 23/1000:[0m
  [      8ms]  [91mstale[0m    (poll #1)  order=94d2c288
  [     74ms]  [91mstale[0m    (poll #2)  order=94d2c288
  [    141ms]  [91mstale[0m    (poll #3)  order=94d2c288
  [    210ms]  [91mstale[0m    (poll #4)  order=94d2c288
  [    285ms]  [92mVISIBLE[0m  (poll #5, X-Cache: MISS)  order=94d2c288

[96mOrder 24/1000:[0m
  [      9ms]  [91mstale[0m    (poll #1)  order=9765512c
  [     73ms]  [91mstale[0m    (poll #2)  order=9765512c
  [    140ms]  [91mstale[0m    (poll #3)  order=9765512c
  [    208ms]  [92mVISIBLE[0m  (poll #4, X-Cache: MISS)  order=9765512c

[96mOrder 25/1000:[0m
  [      8ms]  [91mstale[0m    (poll #1)  order=4636a55d
  [     73ms]  [91mstale[0m    (poll #2)  order=4636a55d
  [    137ms]  [91mstale[0m    (poll #3)  order=4636a55d
  [    203ms]  [91mstale[0m    (poll #4)  order=4636a55d
  [    273ms]  [92mVISIBLE[0m  (poll #5, X-Cache: MISS)  order=4636a55d

[96mOrder 26/1000:[0m
  [      8ms]  [91mstale[0m    (poll #1)  order=f4d3ab66
  [     72ms]  [91mstale[0m    (poll #2)  order=f4d3ab66
  [    138ms]  [91mstale[0m    (poll #3)  order=f4d3ab66
  [    206ms]  [92mVISIBLE[0m  (poll #4, X-Cache: MISS)  order=f4d3ab66

[96mOrder 27/1000:[0m
  [      7ms]  [91mstale[0m    (poll #1)  order=d81bdfbd
  [     72ms]  [91mstale[0m    (poll #2)  order=d81bdfbd
  [    132ms]  [91mstale[0m    (poll #3)  order=d81bdfbd
  [    191ms]  [91mstale[0m    (poll #4)  order=d81bdfbd
  [    250ms]  [92mVISIBLE[0m  (poll #5, X-Cache: MISS)  order=d81bdfbd

[96mOrder 28/1000:[0m
  [      5ms]  [91mstale[0m    (poll #1)  order=54de099a
  [     67ms]  [91mstale[0m    (poll #2)  order=54de099a
  [    129ms]  [91mstale[0m    (poll #3)  order=54de099a
  [    198ms]  [91mstale[0m    (poll #4)  order=54de099a
  [    267ms]  [92mVISIBLE[0m  (poll #5, X-Cache: MISS)  order=54de099a

[96mOrder 29/1000:[0m
  [      9ms]  [91mstale[0m    (poll #1)  order=03b21df5
  [     73ms]  [91mstale[0m    (poll #2)  order=03b21df5
  [    139ms]  [91mstale[0m    (poll #3)  order=03b21df5
  [    202ms]  [92mVISIBLE[0m  (poll #4, X-Cache: MISS)  order=03b21df5

[96mOrder 30/1000:[0m
  [      3ms]  [91mstale[0m    (poll #1)  order=a33d3735
  [     63ms]  [91mstale[0m    (poll #2)  order=a33d3735
  [    122ms]  [91mstale[0m    (poll #3)  order=a33d3735
  [    184ms]  [91mstale[0m    (poll #4)  order=a33d3735
  [    248ms]  [92mVISIBLE[0m  (poll #5, X-Cache: MISS)  order=a33d3735

[96mOrder 31/1000:[0m
  [      7ms]  [91mstale[0m    (poll #1)  order=10cbcb12
  [     68ms]  [91mstale[0m    (poll #2)  order=10cbcb12
  [    132ms]  [91mstale[0m    (poll #3)  order=10cbcb12
  [    201ms]  [91mstale[0m    (poll #4)  order=10cbcb12
  [    271ms]  [92mVISIBLE[0m  (poll #5, X-Cache: MISS)  order=10cbcb12

[96mOrder 32/1000:[0m
  [      3ms]  [91mstale[0m    (poll #1)  order=d5dc014d
  [     64ms]  [91mstale[0m    (poll #2)  order=d5dc014d
  [    122ms]  [91mstale[0m    (poll #3)  order=d5dc014d
  [    180ms]  [91mstale[0m    (poll #4)  order=d5dc014d
  [    237ms]  [91mstale[0m    (poll #5)  order=d5dc014d
  [    299ms]  [92mVISIBLE[0m  (poll #6, X-Cache: MISS)  order=d5dc014d

[96mOrder 33/1000:[0m
  [      3ms]  [91mstale[0m    (poll #1)  order=acd9027b
  [     62ms]  [91mstale[0m    (poll #2)  order=acd9027b
  [    125ms]  [91mstale[0m    (poll #3)  order=acd9027b
  [    188ms]  [91mstale[0m    (poll #4)  order=acd9027b
  [    253ms]  [92mVISIBLE[0m  (poll #5, X-Cache: MISS)  order=acd9027b

[96mOrder 34/1000:[0m
  [      4ms]  [91mstale[0m    (poll #1)  order=76fa9cc7
  [     65ms]  [91mstale[0m    (poll #2)  order=76fa9cc7
  [    129ms]  [91mstale[0m    (poll #3)  order=76fa9cc7
  [    193ms]  [92mVISIBLE[0m  (poll #4, X-Cache: MISS)  order=76fa9cc7

[96mOrder 35/1000:[0m
  [      4ms]  [91mstale[0m    (poll #1)  order=bfb5cda0
  [     63ms]  [91mstale[0m    (poll #2)  order=bfb5cda0
  [    128ms]  [91mstale[0m    (poll #3)  order=bfb5cda0
  [    196ms]  [91mstale[0m    (poll #4)  order=bfb5cda0
  [    263ms]  [92mVISIBLE[0m  (poll #5, X-Cache: MISS)  order=bfb5cda0

[96mOrder 36/1000:[0m
  [      7ms]  [91mstale[0m    (poll #1)  order=3f07bfb5
  [     66ms]  [91mstale[0m    (poll #2)  order=3f07bfb5
  [    132ms]  [91mstale[0m    (poll #3)  order=3f07bfb5
  [    196ms]  [91mstale[0m    (poll #4)  order=3f07bfb5
  [    261ms]  [92mVISIBLE[0m  (poll #5, X-Cache: MISS)  order=3f07bfb5

[96mOrder 37/1000:[0m
  [      6ms]  [91mstale[0m    (poll #1)  order=a679d520
  [     69ms]  [91mstale[0m    (poll #2)  order=a679d520
  [    135ms]  [91mstale[0m    (poll #3)  order=a679d520
  [    199ms]  [92mVISIBLE[0m  (poll #4, X-Cache: MISS)  order=a679d520

[96mOrder 38/1000:[0m
  [      7ms]  [91mstale[0m    (poll #1)  order=a28c244b
  [     71ms]  [91mstale[0m    (poll #2)  order=a28c244b
  [    134ms]  [91mstale[0m    (poll #3)  order=a28c244b
  [    200ms]  [91mstale[0m    (poll #4)  order=a28c244b
  [    264ms]  [92mVISIBLE[0m  (poll #5, X-Cache: MISS)  order=a28c244b

[96mOrder 39/1000:[0m
  [      9ms]  [91mstale[0m    (poll #1)  order=461529d1
  [     70ms]  [91mstale[0m    (poll #2)  order=461529d1
  [    133ms]  [91mstale[0m    (poll #3)  order=461529d1
  [    203ms]  [91mstale[0m    (poll #4)  order=461529d1
  [    273ms]  [92mVISIBLE[0m  (poll #5, X-Cache: MISS)  order=461529d1

[96mOrder 40/1000:[0m
  [      9ms]  [91mstale[0m    (poll #1)  order=79741534
  [     71ms]  [91mstale[0m    (poll #2)  order=79741534
  [    134ms]  [91mstale[0m    (poll #3)  order=79741534
  [    199ms]  [91mstale[0m    (poll #4)  order=79741534
  [    269ms]  [92mVISIBLE[0m  (poll #5, X-Cache: MISS)  order=79741534

[96mOrder 41/1000:[0m
  [      7ms]  [91mstale[0m    (poll #1)  order=74f98b3a
  [     71ms]  [91mstale[0m    (poll #2)  order=74f98b3a
  [    138ms]  [91mstale[0m    (poll #3)  order=74f98b3a
  [    203ms]  [92mVISIBLE[0m  (poll #4, X-Cache: MISS)  order=74f98b3a

[96mOrder 42/1000:[0m
  [      6ms]  [91mstale[0m    (poll #1)  order=fba7dd2d
  [     69ms]  [91mstale[0m    (poll #2)  order=fba7dd2d
  [    130ms]  [91mstale[0m    (poll #3)  order=fba7dd2d
  [    189ms]  [91mstale[0m    (poll #4)  order=fba7dd2d
  [    247ms]  [92mVISIBLE[0m  (poll #5, X-Cache: MISS)  order=fba7dd2d

[96mOrder 43/1000:[0m
  [      4ms]  [91mstale[0m    (poll #1)  order=9b7cb432
  [     64ms]  [91mstale[0m    (poll #2)  order=9b7cb432
  [    127ms]  [91mstale[0m    (poll #3)  order=9b7cb432
  [    189ms]  [91mstale[0m    (poll #4)  order=9b7cb432
  [    259ms]  [92mVISIBLE[0m  (poll #5, X-Cache: MISS)  order=9b7cb432

[96mOrder 44/1000:[0m
  [      7ms]  [91mstale[0m    (poll #1)  order=896e0356
  [     70ms]  [91mstale[0m    (poll #2)  order=896e0356
  [    131ms]  [91mstale[0m    (poll #3)  order=896e0356
  [    198ms]  [91mstale[0m    (poll #4)  order=896e0356
  [    265ms]  [92mVISIBLE[0m  (poll #5, X-Cache: MISS)  order=896e0356

[96mOrder 45/1000:[0m
  [      8ms]  [91mstale[0m    (poll #1)  order=cd4d5340
  [     70ms]  [91mstale[0m    (poll #2)  order=cd4d5340
  [    136ms]  [91mstale[0m    (poll #3)  order=cd4d5340
  [    204ms]  [91mstale[0m    (poll #4)  order=cd4d5340
  [    274ms]  [92mVISIBLE[0m  (poll #5, X-Cache: MISS)  order=cd4d5340

[96mOrder 46/1000:[0m
  [      7ms]  [91mstale[0m    (poll #1)  order=03496609
  [     71ms]  [91mstale[0m    (poll #2)  order=03496609
  [    137ms]  [91mstale[0m    (poll #3)  order=03496609
  [    204ms]  [92mVISIBLE[0m  (poll #4, X-Cache: MISS)  order=03496609

[96mOrder 47/1000:[0m
  [      7ms]  [91mstale[0m    (poll #1)  order=ebf14e45
  [     71ms]  [91mstale[0m    (poll #2)  order=ebf14e45
  [    135ms]  [91mstale[0m    (poll #3)  order=ebf14e45
  [    199ms]  [91mstale[0m    (poll #4)  order=ebf14e45
  [    266ms]  [92mVISIBLE[0m  (poll #5, X-Cache: MISS)  order=ebf14e45

[96mOrder 48/1000:[0m
  [      8ms]  [91mstale[0m    (poll #1)  order=c3b0f749
  [     72ms]  [91mstale[0m    (poll #2)  order=c3b0f749
  [    135ms]  [91mstale[0m    (poll #3)  order=c3b0f749
  [    203ms]  [92mVISIBLE[0m  (poll #4, X-Cache: MISS)  order=c3b0f749

[96mOrder 49/1000:[0m
  [      8ms]  [91mstale[0m    (poll #1)  order=cccb73c8
  [     73ms]  [91mstale[0m    (poll #2)  order=cccb73c8
  [    140ms]  [91mstale[0m    (poll #3)  order=cccb73c8
  [    205ms]  [91mstale[0m    (poll #4)  order=cccb73c8
  [    278ms]  [92mVISIBLE[0m  (poll #5, X-Cache: MISS)  order=cccb73c8

[96mOrder 50/1000:[0m
  [      9ms]  [91mstale[0m    (poll #1)  order=de482672
  [     74ms]  [91mstale[0m    (poll #2)  order=de482672
  [    135ms]  [91mstale[0m    (poll #3)  order=de482672
  [    199ms]  [91mstale[0m    (poll #4)  order=de482672
  [    269ms]  [92mVISIBLE[0m  (poll #5, X-Cache: MISS)  order=de482672

[96mOrder 51/1000:[0m
  [      5ms]  [91mstale[0m    (poll #1)  order=5e7fa50f
  [     66ms]  [91mstale[0m    (poll #2)  order=5e7fa50f
  [    125ms]  [91mstale[0m    (poll #3)  order=5e7fa50f
  [    185ms]  [91mstale[0m    (poll #4)  order=5e7fa50f
  [    249ms]  [92mVISIBLE[0m  (poll #5, X-Cache: MISS)  order=5e7fa50f

[96mOrder 52/1000:[0m
  [      6ms]  [91mstale[0m    (poll #1)  order=dc953212
  [     66ms]  [91mstale[0m    (poll #2)  order=dc953212
  [    130ms]  [91mstale[0m    (poll #3)  order=dc953212
  [    197ms]  [91mstale[0m    (poll #4)  order=dc953212
  [    267ms]  [92mVISIBLE[0m  (poll #5, X-Cache: MISS)  order=dc953212

[96mOrder 53/1000:[0m
  [      8ms]  [91mstale[0m    (poll #1)  order=20e014d6
  [     73ms]  [91mstale[0m    (poll #2)  order=20e014d6
  [    134ms]  [91mstale[0m    (poll #3)  order=20e014d6
  [    201ms]  [92mVISIBLE[0m  (poll #4, X-Cache: MISS)  order=20e014d6

[96mOrder 54/1000:[0m
  [      9ms]  [91mstale[0m    (poll #1)  order=dea95dd4
  [     72ms]  [91mstale[0m    (poll #2)  order=dea95dd4
  [    136ms]  [91mstale[0m    (poll #3)  order=dea95dd4
  [    203ms]  [92mVISIBLE[0m  (poll #4, X-Cache: MISS)  order=dea95dd4

[96mOrder 55/1000:[0m
  [      8ms]  [91mstale[0m    (poll #1)  order=81cfac28
  [     71ms]  [91mstale[0m    (poll #2)  order=81cfac28
  [    135ms]  [91mstale[0m    (poll #3)  order=81cfac28
  [    200ms]  [91mstale[0m    (poll #4)  order=81cfac28
  [    267ms]  [92mVISIBLE[0m  (poll #5, X-Cache: MISS)  order=81cfac28

[96mOrder 56/1000:[0m
  [      8ms]  [91mstale[0m    (poll #1)  order=3d1e152d
  [     71ms]  [91mstale[0m    (poll #2)  order=3d1e152d
  [    137ms]  [91mstale[0m    (poll #3)  order=3d1e152d
  [    203ms]  [92mVISIBLE[0m  (poll #4, X-Cache: MISS)  order=3d1e152d

[96mOrder 57/1000:[0m
  [      6ms]  [91mstale[0m    (poll #1)  order=abac12fd
  [     70ms]  [91mstale[0m    (poll #2)  order=abac12fd
  [    134ms]  [91mstale[0m    (poll #3)  order=abac12fd
  [    200ms]  [91mstale[0m    (poll #4)  order=abac12fd
  [    270ms]  [92mVISIBLE[0m  (poll #5, X-Cache: MISS)  order=abac12fd

[96mOrder 58/1000:[0m
  [      7ms]  [91mstale[0m    (poll #1)  order=9646e6aa
  [     70ms]  [91mstale[0m    (poll #2)  order=9646e6aa
  [    135ms]  [91mstale[0m    (poll #3)  order=9646e6aa
  [    201ms]  [92mVISIBLE[0m  (poll #4, X-Cache: MISS)  order=9646e6aa

[96mOrder 59/1000:[0m
  [      8ms]  [91mstale[0m    (poll #1)  order=3498ade4
  [     72ms]  [91mstale[0m    (poll #2)  order=3498ade4
  [    135ms]  [91mstale[0m    (poll #3)  order=3498ade4
  [    204ms]  [91mstale[0m    (poll #4)  order=3498ade4
  [    276ms]  [92mVISIBLE[0m  (poll #5, X-Cache: MISS)  order=3498ade4

[96mOrder 60/1000:[0m
  [      7ms]  [91mstale[0m    (poll #1)  order=137575de
  [     70ms]  [91mstale[0m    (poll #2)  order=137575de
  [    134ms]  [91mstale[0m    (poll #3)  order=137575de
  [    202ms]  [91mstale[0m    (poll #4)  order=137575de
  [    269ms]  [92mVISIBLE[0m  (poll #5, X-Cache: MISS)  order=137575de

[96mOrder 61/1000:[0m
  [      8ms]  [91mstale[0m    (poll #1)  order=f04bf882
  [     68ms]  [91mstale[0m    (poll #2)  order=f04bf882
  [    130ms]  [91mstale[0m    (poll #3)  order=f04bf882
  [    198ms]  [91mstale[0m    (poll #4)  order=f04bf882
  [    271ms]  [92mVISIBLE[0m  (poll #5, X-Cache: MISS)  order=f04bf882

[96mOrder 62/1000:[0m
  [      8ms]  [91mstale[0m    (poll #1)  order=5ab231fb
  [     67ms]  [91mstale[0m    (poll #2)  order=5ab231fb
  [    129ms]  [91mstale[0m    (poll #3)  order=5ab231fb
  [    196ms]  [91mstale[0m    (poll #4)  order=5ab231fb
  [    267ms]  [92mVISIBLE[0m  (poll #5, X-Cache: MISS)  order=5ab231fb

[96mOrder 63/1000:[0m
  [      8ms]  [91mstale[0m    (poll #1)  order=7aac5b9b
  [     72ms]  [91mstale[0m    (poll #2)  order=7aac5b9b
  [    137ms]  [91mstale[0m    (poll #3)  order=7aac5b9b
  [    204ms]  [92mVISIBLE[0m  (poll #4, X-Cache: MISS)  order=7aac5b9b

[96mOrder 64/1000:[0m
  [      7ms]  [91mstale[0m    (poll #1)  order=74a2545a
  [     71ms]  [91mstale[0m    (poll #2)  order=74a2545a
  [    135ms]  [91mstale[0m    (poll #3)  order=74a2545a
  [    200ms]  [91mstale[0m    (poll #4)  order=74a2545a
  [    271ms]  [92mVISIBLE[0m  (poll #5, X-Cache: MISS)  order=74a2545a

[96mOrder 65/1000:[0m
  [      9ms]  [91mstale[0m    (poll #1)  order=945e71aa
  [     73ms]  [91mstale[0m    (poll #2)  order=945e71aa
  [    138ms]  [91mstale[0m    (poll #3)  order=945e71aa
  [    206ms]  [91mstale[0m    (poll #4)  order=945e71aa
  [    278ms]  [92mVISIBLE[0m  (poll #5, X-Cache: MISS)  order=945e71aa

[96mOrder 66/1000:[0m
  [      9ms]  [91mstale[0m    (poll #1)  order=b6578f76
  [     73ms]  [91mstale[0m    (poll #2)  order=b6578f76
  [    136ms]  [91mstale[0m    (poll #3)  order=b6578f76
  [    199ms]  [91mstale[0m    (poll #4)  order=b6578f76
  [    267ms]  [92mVISIBLE[0m  (poll #5, X-Cache: MISS)  order=b6578f76

[96mOrder 67/1000:[0m
  [      7ms]  [91mstale[0m    (poll #1)  order=0ae04aac
  [     71ms]  [91mstale[0m    (poll #2)  order=0ae04aac
  [    135ms]  [91mstale[0m    (poll #3)  order=0ae04aac
  [    203ms]  [92mVISIBLE[0m  (poll #4, X-Cache: MISS)  order=0ae04aac

[96mOrder 68/1000:[0m
  [      7ms]  [91mstale[0m    (poll #1)  order=4fef5103
  [     65ms]  [91mstale[0m    (poll #2)  order=4fef5103
  [    128ms]  [91mstale[0m    (poll #3)  order=4fef5103
  [    194ms]  [91mstale[0m    (poll #4)  order=4fef5103
  [    264ms]  [92mVISIBLE[0m  (poll #5, X-Cache: MISS)  order=4fef5103

[96mOrder 69/1000:[0m
  [      7ms]  [91mstale[0m    (poll #1)  order=b4dc684a
  [     67ms]  [91mstale[0m    (poll #2)  order=b4dc684a
  [    133ms]  [91mstale[0m    (poll #3)  order=b4dc684a
  [    200ms]  [91mstale[0m    (poll #4)  order=b4dc684a
  [    270ms]  [92mVISIBLE[0m  (poll #5, X-Cache: MISS)  order=b4dc684a

[96mOrder 70/1000:[0m
  [      5ms]  [91mstale[0m    (poll #1)  order=ea068008
  [     70ms]  [91mstale[0m    (poll #2)  order=ea068008
  [    131ms]  [91mstale[0m    (poll #3)  order=ea068008
  [    188ms]  [91mstale[0m    (poll #4)  order=ea068008
  [    248ms]  [92mVISIBLE[0m  (poll #5, X-Cache: MISS)  order=ea068008

[96mOrder 71/1000:[0m
  [      4ms]  [91mstale[0m    (poll #1)  order=ca2ee3d4
  [     64ms]  [91mstale[0m    (poll #2)  order=ca2ee3d4
  [    127ms]  [91mstale[0m    (poll #3)  order=ca2ee3d4
  [    194ms]  [91mstale[0m    (poll #4)  order=ca2ee3d4
  [    255ms]  [92mVISIBLE[0m  (poll #5, X-Cache: MISS)  order=ca2ee3d4

[96mOrder 72/1000:[0m
  [      3ms]  [91mstale[0m    (poll #1)  order=0932a1a9
  [     62ms]  [91mstale[0m    (poll #2)  order=0932a1a9
  [    122ms]  [91mstale[0m    (poll #3)  order=0932a1a9
  [    184ms]  [91mstale[0m    (poll #4)  order=0932a1a9
  [    247ms]  [92mVISIBLE[0m  (poll #5, X-Cache: MISS)  order=0932a1a9

[96mOrder 73/1000:[0m
  [      4ms]  [91mstale[0m    (poll #1)  order=fc6a0204
  [     64ms]  [91mstale[0m    (poll #2)  order=fc6a0204
  [    124ms]  [91mstale[0m    (poll #3)  order=fc6a0204
  [    189ms]  [91mstale[0m    (poll #4)  order=fc6a0204
  [    259ms]  [92mVISIBLE[0m  (poll #5, X-Cache: MISS)  order=fc6a0204

[96mOrder 74/1000:[0m
  [      7ms]  [91mstale[0m    (poll #1)  order=443f7f70
  [     70ms]  [91mstale[0m    (poll #2)  order=443f7f70
  [    132ms]  [91mstale[0m    (poll #3)  order=443f7f70
  [    198ms]  [92mVISIBLE[0m  (poll #4, X-Cache: MISS)  order=443f7f70

[96mOrder 75/1000:[0m
  [      7ms]  [91mstale[0m    (poll #1)  order=b2fdfbed
  [     67ms]  [91mstale[0m    (poll #2)  order=b2fdfbed
  [    131ms]  [91mstale[0m    (poll #3)  order=b2fdfbed
  [    198ms]  [91mstale[0m    (poll #4)  order=b2fdfbed
  [    267ms]  [92mVISIBLE[0m  (poll #5, X-Cache: MISS)  order=b2fdfbed

[96mOrder 76/1000:[0m
  [      7ms]  [91mstale[0m    (poll #1)  order=f97e276d
  [     67ms]  [91mstale[0m    (poll #2)  order=f97e276d
  [    129ms]  [91mstale[0m    (poll #3)  order=f97e276d
  [    196ms]  [91mstale[0m    (poll #4)  order=f97e276d
  [    261ms]  [92mVISIBLE[0m  (poll #5, X-Cache: MISS)  order=f97e276d

[96mOrder 77/1000:[0m
  [      9ms]  [91mstale[0m    (poll #1)  order=bd33455f
  [     73ms]  [91mstale[0m    (poll #2)  order=bd33455f
  [    139ms]  [91mstale[0m    (poll #3)  order=bd33455f
  [    204ms]  [91mstale[0m    (poll #4)  order=bd33455f
  [    265ms]  [92mVISIBLE[0m  (poll #5, X-Cache: MISS)  order=bd33455f

[96mOrder 78/1000:[0m
  [      7ms]  [91mstale[0m    (poll #1)  order=c7b0e1de
  [     70ms]  [91mstale[0m    (poll #2)  order=c7b0e1de
  [    134ms]  [91mstale[0m    (poll #3)  order=c7b0e1de
  [    202ms]  [91mstale[0m    (poll #4)  order=c7b0e1de
  [    273ms]  [92mVISIBLE[0m  (poll #5, X-Cache: MISS)  order=c7b0e1de

[96mOrder 79/1000:[0m
  [      9ms]  [91mstale[0m    (poll #1)  order=89cd5aaf
  [     75ms]  [91mstale[0m    (poll #2)  order=89cd5aaf
  [    141ms]  [91mstale[0m    (poll #3)  order=89cd5aaf
  [    211ms]  [92mVISIBLE[0m  (poll #4, X-Cache: MISS)  order=89cd5aaf

[96mOrder 80/1000:[0m
  [      8ms]  [91mstale[0m    (poll #1)  order=5f132abc
  [     71ms]  [91mstale[0m    (poll #2)  order=5f132abc
  [    132ms]  [91mstale[0m    (poll #3)  order=5f132abc
  [    195ms]  [91mstale[0m    (poll #4)  order=5f132abc
  [    256ms]  [92mVISIBLE[0m  (poll #5, X-Cache: MISS)  order=5f132abc

[96mOrder 81/1000:[0m
  [      4ms]  [91mstale[0m    (poll #1)  order=e3f2abee
  [     66ms]  [91mstale[0m    (poll #2)  order=e3f2abee
  [    122ms]  [91mstale[0m    (poll #3)  order=e3f2abee
  [    186ms]  [91mstale[0m    (poll #4)  order=e3f2abee
  [    257ms]  [92mVISIBLE[0m  (poll #5, X-Cache: MISS)  order=e3f2abee

[96mOrder 82/1000:[0m
  [      9ms]  [91mstale[0m    (poll #1)  order=031766f7
  [     72ms]  [91mstale[0m    (poll #2)  order=031766f7
  [    140ms]  [91mstale[0m    (poll #3)  order=031766f7
  [    204ms]  [91mstale[0m    (poll #4)  order=031766f7
  [    271ms]  [92mVISIBLE[0m  (poll #5, X-Cache: MISS)  order=031766f7

[96mOrder 83/1000:[0m
  [      7ms]  [91mstale[0m    (poll #1)  order=39ca361c
  [     69ms]  [91mstale[0m    (poll #2)  order=39ca361c
  [    133ms]  [91mstale[0m    (poll #3)  order=39ca361c
  [    200ms]  [91mstale[0m    (poll #4)  order=39ca361c
  [    269ms]  [92mVISIBLE[0m  (poll #5, X-Cache: MISS)  order=39ca361c

[96mOrder 84/1000:[0m
  [      9ms]  [91mstale[0m    (poll #1)  order=abfcbef5
  [     72ms]  [91mstale[0m    (poll #2)  order=abfcbef5
  [    137ms]  [91mstale[0m    (poll #3)  order=abfcbef5
  [    206ms]  [91mstale[0m    (poll #4)  order=abfcbef5
  [    274ms]  [92mVISIBLE[0m  (poll #5, X-Cache: MISS)  order=abfcbef5

[96mOrder 85/1000:[0m
  [      5ms]  [91mstale[0m    (poll #1)  order=0bac1492
  [     63ms]  [91mstale[0m    (poll #2)  order=0bac1492
  [    123ms]  [91mstale[0m    (poll #3)  order=0bac1492
  [    196ms]  [91mstale[0m    (poll #4)  order=0bac1492
  [    263ms]  [92mVISIBLE[0m  (poll #5, X-Cache: MISS)  order=0bac1492

[96mOrder 86/1000:[0m
  [      9ms]  [91mstale[0m    (poll #1)  order=05c942a2
  [     73ms]  [91mstale[0m    (poll #2)  order=05c942a2
  [    135ms]  [91mstale[0m    (poll #3)  order=05c942a2
  [    198ms]  [92mVISIBLE[0m  (poll #4, X-Cache: MISS)  order=05c942a2

[96mOrder 87/1000:[0m
  [      9ms]  [91mstale[0m    (poll #1)  order=339e5906
  [     73ms]  [91mstale[0m    (poll #2)  order=339e5906
  [    134ms]  [91mstale[0m    (poll #3)  order=339e5906
  [    205ms]  [91mstale[0m    (poll #4)  order=339e5906
  [    275ms]  [92mVISIBLE[0m  (poll #5, X-Cache: MISS)  order=339e5906

[96mOrder 88/1000:[0m
  [      9ms]  [91mstale[0m    (poll #1)  order=271c7691
  [     67ms]  [91mstale[0m    (poll #2)  order=271c7691
  [    131ms]  [91mstale[0m    (poll #3)  order=271c7691
  [    195ms]  [91mstale[0m    (poll #4)  order=271c7691
  [    265ms]  [92mVISIBLE[0m  (poll #5, X-Cache: MISS)  order=271c7691

[96mOrder 89/1000:[0m
  [      4ms]  [91mstale[0m    (poll #1)  order=e8a76f0a
  [     64ms]  [91mstale[0m    (poll #2)  order=e8a76f0a
  [    124ms]  [91mstale[0m    (poll #3)  order=e8a76f0a
  [    186ms]  [91mstale[0m    (poll #4)  order=e8a76f0a
  [    254ms]  [92mVISIBLE[0m  (poll #5, X-Cache: MISS)  order=e8a76f0a

[96mOrder 90/1000:[0m
  [      6ms]  [91mstale[0m    (poll #1)  order=1137b090
  [     68ms]  [91mstale[0m    (poll #2)  order=1137b090
  [    130ms]  [91mstale[0m    (poll #3)  order=1137b090
  [    194ms]  [91mstale[0m    (poll #4)  order=1137b090
  [    261ms]  [92mVISIBLE[0m  (poll #5, X-Cache: MISS)  order=1137b090

[96mOrder 91/1000:[0m
  [      9ms]  [91mstale[0m    (poll #1)  order=cd7d72e8
  [     74ms]  [91mstale[0m    (poll #2)  order=cd7d72e8
  [    142ms]  [91mstale[0m    (poll #3)  order=cd7d72e8
  [    205ms]  [91mstale[0m    (poll #4)  order=cd7d72e8
  [    273ms]  [92mVISIBLE[0m  (poll #5, X-Cache: MISS)  order=cd7d72e8

[96mOrder 92/1000:[0m
  [      9ms]  [91mstale[0m    (poll #1)  order=0b1bde98
  [     73ms]  [91mstale[0m    (poll #2)  order=0b1bde98
  [    139ms]  [91mstale[0m    (poll #3)  order=0b1bde98
  [    204ms]  [92mVISIBLE[0m  (poll #4, X-Cache: MISS)  order=0b1bde98

[96mOrder 93/1000:[0m
  [      5ms]  [91mstale[0m    (poll #1)  order=2688ad79
  [     64ms]  [91mstale[0m    (poll #2)  order=2688ad79
  [    128ms]  [91mstale[0m    (poll #3)  order=2688ad79
  [    194ms]  [91mstale[0m    (poll #4)  order=2688ad79
  [    264ms]  [92mVISIBLE[0m  (poll #5, X-Cache: MISS)  order=2688ad79

[96mOrder 94/1000:[0m
  [      4ms]  [91mstale[0m    (poll #1)  order=b97025ff
  [     64ms]  [91mstale[0m    (poll #2)  order=b97025ff
  [    125ms]  [91mstale[0m    (poll #3)  order=b97025ff
  [    189ms]  [91mstale[0m    (poll #4)  order=b97025ff
  [    258ms]  [92mVISIBLE[0m  (poll #5, X-Cache: MISS)  order=b97025ff

[96mOrder 95/1000:[0m
  [      9ms]  [91mstale[0m    (poll #1)  order=e9559d5d
  [     74ms]  [91mstale[0m    (poll #2)  order=e9559d5d
  [    139ms]  [91mstale[0m    (poll #3)  order=e9559d5d
  [    208ms]  [91mstale[0m    (poll #4)  order=e9559d5d
  [    268ms]  [92mVISIBLE[0m  (poll #5, X-Cache: MISS)  order=e9559d5d

[96mOrder 96/1000:[0m
  [      8ms]  [91mstale[0m    (poll #1)  order=43b7ea57
  [     70ms]  [91mstale[0m    (poll #2)  order=43b7ea57
  [    131ms]  [91mstale[0m    (poll #3)  order=43b7ea57
  [    200ms]  [91mstale[0m    (poll #4)  order=43b7ea57
  [    272ms]  [92mVISIBLE[0m  (poll #5, X-Cache: MISS)  order=43b7ea57

[96mOrder 97/1000:[0m
  [      9ms]  [91mstale[0m    (poll #1)  order=46923d3d
  [     75ms]  [91mstale[0m    (poll #2)  order=46923d3d
  [    141ms]  [91mstale[0m    (poll #3)  order=46923d3d
  [    203ms]  [91mstale[0m    (poll #4)  order=46923d3d
  [    268ms]  [92mVISIBLE[0m  (poll #5, X-Cache: MISS)  order=46923d3d

[96mOrder 98/1000:[0m
  [      5ms]  [91mstale[0m    (poll #1)  order=04d2b4b1
  [     68ms]  [91mstale[0m    (poll #2)  order=04d2b4b1
  [    136ms]  [91mstale[0m    (poll #3)  order=04d2b4b1
  [    206ms]  [92mVISIBLE[0m  (poll #4, X-Cache: MISS)  order=04d2b4b1

[96mOrder 99/1000:[0m
  [      7ms]  [91mstale[0m    (poll #1)  order=1aceacf6
  [     69ms]  [91mstale[0m    (poll #2)  order=1aceacf6
  [    134ms]  [91mstale[0m    (poll #3)  order=1aceacf6
  [    201ms]  [91mstale[0m    (poll #4)  order=1aceacf6
  [    272ms]  [92mVISIBLE[0m  (poll #5, X-Cache: MISS)  order=1aceacf6

[96mOrder 100/1000:[0m
  [     10ms]  [91mstale[0m    (poll #1)  order=3e96e4b3
  [     74ms]  [91mstale[0m    (poll #2)  order=3e96e4b3
  [    136ms]  [91mstale[0m    (poll #3)  order=3e96e4b3
  [    200ms]  [91mstale[0m    (poll #4)  order=3e96e4b3
  [    266ms]  [92mVISIBLE[0m  (poll #5, X-Cache: MISS)  order=3e96e4b3

[96mOrder 101/1000:[0m
  [      6ms]  [91mstale[0m    (poll #1)  order=628d0019
  [     68ms]  [91mstale[0m    (poll #2)  order=628d0019
  [    131ms]  [91mstale[0m    (poll #3)  order=628d0019
  [    198ms]  [91mstale[0m    (poll #4)  order=628d0019
  [    266ms]  [92mVISIBLE[0m  (poll #5, X-Cache: MISS)  order=628d0019

[96mOrder 102/1000:[0m
  [      9ms]  [91mstale[0m    (poll #1)  order=80aec996
  [     72ms]  [91mstale[0m    (poll #2)  order=80aec996
  [    141ms]  [91mstale[0m    (poll #3)  order=80aec996
  [    206ms]  [92mVISIBLE[0m  (poll #4, X-Cache: MISS)  order=80aec996

[96mOrder 103/1000:[0m
  [      8ms]  [91mstale[0m    (poll #1)  order=12a15105
  [     66ms]  [91mstale[0m    (poll #2)  order=12a15105
  [    127ms]  [91mstale[0m    (poll #3)  order=12a15105
  [    196ms]  [91mstale[0m    (poll #4)  order=12a15105
  [    264ms]  [92mVISIBLE[0m  (poll #5, X-Cache: MISS)  order=12a15105

[96mOrder 104/1000:[0m
  [      8ms]  [91mstale[0m    (poll #1)  order=1c623dec
  [     74ms]  [91mstale[0m    (poll #2)  order=1c623dec
  [    137ms]  [91mstale[0m    (poll #3)  order=1c623dec
  [    204ms]  [91mstale[0m    (poll #4)  order=1c623dec
  [    268ms]  [92mVISIBLE[0m  (poll #5, X-Cache: MISS)  order=1c623dec

[96mOrder 105/1000:[0m
  [      9ms]  [91mstale[0m    (poll #1)  order=f4a7de5e
  [     67ms]  [91mstale[0m    (poll #2)  order=f4a7de5e
  [    132ms]  [91mstale[0m    (poll #3)  order=f4a7de5e
  [    199ms]  [91mstale[0m    (poll #4)  order=f4a7de5e
  [    269ms]  [92mVISIBLE[0m  (poll #5, X-Cache: MISS)  order=f4a7de5e

[96mOrder 106/1000:[0m
  [      9ms]  [91mstale[0m    (poll #1)  order=c30ead61
  [     70ms]  [91mstale[0m    (poll #2)  order=c30ead61
  [    135ms]  [91mstale[0m    (poll #3)  order=c30ead61
  [    201ms]  [91mstale[0m    (poll #4)  order=c30ead61
  [    271ms]  [92mVISIBLE[0m  (poll #5, X-Cache: MISS)  order=c30ead61

[96mOrder 107/1000:[0m
  [      5ms]  [91mstale[0m    (poll #1)  order=0bc1aa59
  [     63ms]  [91mstale[0m    (poll #2)  order=0bc1aa59
  [    124ms]  [91mstale[0m    (poll #3)  order=0bc1aa59
  [    192ms]  [92mVISIBLE[0m  (poll #4, X-Cache: MISS)  order=0bc1aa59

[96mOrder 108/1000:[0m
  [      4ms]  [91mstale[0m    (poll #1)  order=29d667e8
  [     60ms]  [91mstale[0m    (poll #2)  order=29d667e8
  [    122ms]  [91mstale[0m    (poll #3)  order=29d667e8
  [    187ms]  [92mVISIBLE[0m  (poll #4, X-Cache: MISS)  order=29d667e8

[96mOrder 109/1000:[0m
  [      5ms]  [91mstale[0m    (poll #1)  order=706534d3
  [     67ms]  [91mstale[0m    (poll #2)  order=706534d3
  [    132ms]  [91mstale[0m    (poll #3)  order=706534d3
  [    195ms]  [91mstale[0m    (poll #4)  order=706534d3
  [    263ms]  [92mVISIBLE[0m  (poll #5, X-Cache: MISS)  order=706534d3

[96mOrder 110/1000:[0m
  [      4ms]  [91mstale[0m    (poll #1)  order=d37d30cf
  [     62ms]  [91mstale[0m    (poll #2)  order=d37d30cf
  [    118ms]  [91mstale[0m    (poll #3)  order=d37d30cf
  [    176ms]  [91mstale[0m    (poll #4)  order=d37d30cf
  [    237ms]  [91mstale[0m    (poll #5)  order=d37d30cf
  [    297ms]  [92mVISIBLE[0m  (poll #6, X-Cache: MISS)  order=d37d30cf

[96mOrder 111/1000:[0m
  [      6ms]  [91mstale[0m    (poll #1)  order=d36dd2ef
  [     66ms]  [91mstale[0m    (poll #2)  order=d36dd2ef
  [    129ms]  [91mstale[0m    (poll #3)  order=d36dd2ef
  [    197ms]  [91mstale[0m    (poll #4)  order=d36dd2ef
  [    259ms]  [92mVISIBLE[0m  (poll #5, X-Cache: MISS)  order=d36dd2ef

[96mOrder 112/1000:[0m
  [      6ms]  [91mstale[0m    (poll #1)  order=9e9155e9
  [     67ms]  [91mstale[0m    (poll #2)  order=9e9155e9
  [    133ms]  [91mstale[0m    (poll #3)  order=9e9155e9
  [    200ms]  [92mVISIBLE[0m  (poll #4, X-Cache: MISS)  order=9e9155e9

[96mOrder 113/1000:[0m
  [      6ms]  [91mstale[0m    (poll #1)  order=5b329950
  [     67ms]  [91mstale[0m    (poll #2)  order=5b329950
  [    131ms]  [91mstale[0m    (poll #3)  order=5b329950
  [    199ms]  [92mVISIBLE[0m  (poll #4, X-Cache: MISS)  order=5b329950

[96mOrder 114/1000:[0m
  [      4ms]  [91mstale[0m    (poll #1)  order=9875a8d3
  [     61ms]  [91mstale[0m    (poll #2)  order=9875a8d3
  [    121ms]  [91mstale[0m    (poll #3)  order=9875a8d3
  [    190ms]  [91mstale[0m    (poll #4)  order=9875a8d3
  [    258ms]  [92mVISIBLE[0m  (poll #5, X-Cache: MISS)  order=9875a8d3

[96mOrder 115/1000:[0m
  [      9ms]  [91mstale[0m    (poll #1)  order=7f52a54b
  [     75ms]  [91mstale[0m    (poll #2)  order=7f52a54b
  [    139ms]  [91mstale[0m    (poll #3)  order=7f52a54b
  [    204ms]  [92mVISIBLE[0m  (poll #4, X-Cache: MISS)  order=7f52a54b

[96mOrder 116/1000:[0m
  [      5ms]  [91mstale[0m    (poll #1)  order=107cf52f
  [     62ms]  [91mstale[0m    (poll #2)  order=107cf52f
  [    126ms]  [91mstale[0m    (poll #3)  order=107cf52f
  [    193ms]  [91mstale[0m    (poll #4)  order=107cf52f
  [    256ms]  [92mVISIBLE[0m  (poll #5, X-Cache: MISS)  order=107cf52f

[96mOrder 117/1000:[0m
  [      8ms]  [91mstale[0m    (poll #1)  order=c13c1a73
  [     66ms]  [91mstale[0m    (poll #2)  order=c13c1a73
  [    130ms]  [91mstale[0m    (poll #3)  order=c13c1a73
  [    196ms]  [91mstale[0m    (poll #4)  order=c13c1a73
  [    271ms]  [92mVISIBLE[0m  (poll #5, X-Cache: MISS)  order=c13c1a73

[96mOrder 118/1000:[0m
  [      4ms]  [91mstale[0m    (poll #1)  order=a77e2daa
  [     59ms]  [91mstale[0m    (poll #2)  order=a77e2daa
  [    122ms]  [91mstale[0m    (poll #3)  order=a77e2daa
  [    183ms]  [91mstale[0m    (poll #4)  order=a77e2daa
  [    244ms]  [91mstale[0m    (poll #5)  order=a77e2daa
  [    309ms]  [92mVISIBLE[0m  (poll #6, X-Cache: MISS)  order=a77e2daa

[96mOrder 119/1000:[0m
  [      5ms]  [91mstale[0m    (poll #1)  order=c9f69651
  [     67ms]  [91mstale[0m    (poll #2)  order=c9f69651
  [    128ms]  [91mstale[0m    (poll #3)  order=c9f69651
  [    194ms]  [92mVISIBLE[0m  (poll #4, X-Cache: MISS)  order=c9f69651

[96mOrder 120/1000:[0m
  [      7ms]  [91mstale[0m    (poll #1)  order=d360c501
  [     67ms]  [91mstale[0m    (poll #2)  order=d360c501
  [    133ms]  [91mstale[0m    (poll #3)  order=d360c501
  [    200ms]  [91mstale[0m    (poll #4)  order=d360c501
  [    267ms]  [92mVISIBLE[0m  (poll #5, X-Cache: MISS)  order=d360c501

[96mOrder 121/1000:[0m
  [      8ms]  [91mstale[0m    (poll #1)  order=c7ffb643
  [     70ms]  [91mstale[0m    (poll #2)  order=c7ffb643
  [    133ms]  [91mstale[0m    (poll #3)  order=c7ffb643
  [    203ms]  [91mstale[0m    (poll #4)  order=c7ffb643
  [    269ms]  [92mVISIBLE[0m  (poll #5, X-Cache: MISS)  order=c7ffb643

[96mOrder 122/1000:[0m
  [      9ms]  [91mstale[0m    (poll #1)  order=83ccc2f2
  [     70ms]  [91mstale[0m    (poll #2)  order=83ccc2f2
  [    135ms]  [91mstale[0m    (poll #3)  order=83ccc2f2
  [    203ms]  [91mstale[0m    (poll #4)  order=83ccc2f2
  [    270ms]  [92mVISIBLE[0m  (poll #5, X-Cache: MISS)  order=83ccc2f2

[96mOrder 123/1000:[0m
  [      6ms]  [91mstale[0m    (poll #1)  order=dac3286f
  [     64ms]  [91mstale[0m    (poll #2)  order=dac3286f
  [    127ms]  [91mstale[0m    (poll #3)  order=dac3286f
  [    192ms]  [92mVISIBLE[0m  (poll #4, X-Cache: MISS)  order=dac3286f

[96mOrder 124/1000:[0m
  [      5ms]  [91mstale[0m    (poll #1)  order=08e155e0
  [     62ms]  [91mstale[0m    (poll #2)  order=08e155e0
  [    125ms]  [91mstale[0m    (poll #3)  order=08e155e0
  [    191ms]  [92mVISIBLE[0m  (poll #4, X-Cache: MISS)  order=08e155e0

[96mOrder 125/1000:[0m
  [      7ms]  [91mstale[0m    (poll #1)  order=86a4d0da
  [     65ms]  [91mstale[0m    (poll #2)  order=86a4d0da
  [    127ms]  [91mstale[0m    (poll #3)  order=86a4d0da
  [    191ms]  [91mstale[0m    (poll #4)  order=86a4d0da
  [    265ms]  [92mVISIBLE[0m  (poll #5, X-Cache: MISS)  order=86a4d0da

[96mOrder 126/1000:[0m
  [      7ms]  [91mstale[0m    (poll #1)  order=962bf7b4
  [     69ms]  [91mstale[0m    (poll #2)  order=962bf7b4
  [    134ms]  [91mstale[0m    (poll #3)  order=962bf7b4
  [    201ms]  [91mstale[0m    (poll #4)  order=962bf7b4
  [    271ms]  [92mVISIBLE[0m  (poll #5, X-Cache: MISS)  order=962bf7b4

[96mOrder 127/1000:[0m
  [      9ms]  [91mstale[0m    (poll #1)  order=e0e82cf7
  [     69ms]  [91mstale[0m    (poll #2)  order=e0e82cf7
  [    128ms]  [91mstale[0m    (poll #3)  order=e0e82cf7
  [    186ms]  [91mstale[0m    (poll #4)  order=e0e82cf7
  [    248ms]  [92mVISIBLE[0m  (poll #5, X-Cache: MISS)  order=e0e82cf7

[96mOrder 128/1000:[0m
  [      6ms]  [91mstale[0m    (poll #1)  order=ba13cd3c
  [     66ms]  [91mstale[0m    (poll #2)  order=ba13cd3c
  [    129ms]  [91mstale[0m    (poll #3)  order=ba13cd3c
  [    192ms]  [91mstale[0m    (poll #4)  order=ba13cd3c
  [    256ms]  [92mVISIBLE[0m  (poll #5, X-Cache: MISS)  order=ba13cd3c

[96mOrder 129/1000:[0m
  [      6ms]  [91mstale[0m    (poll #1)  order=78102ad0
  [     70ms]  [91mstale[0m    (poll #2)  order=78102ad0
  [    135ms]  [91mstale[0m    (poll #3)  order=78102ad0
  [    209ms]  [91mstale[0m    (poll #4)  order=78102ad0
  [    279ms]  [92mVISIBLE[0m  (poll #5, X-Cache: MISS)  order=78102ad0

[96mOrder 130/1000:[0m
  [      9ms]  [91mstale[0m    (poll #1)  order=f5b88869
  [     73ms]  [91mstale[0m    (poll #2)  order=f5b88869
  [    135ms]  [91mstale[0m    (poll #3)  order=f5b88869
  [    201ms]  [92mVISIBLE[0m  (poll #4, X-Cache: MISS)  order=f5b88869

[96mOrder 131/1000:[0m
  [      8ms]  [91mstale[0m    (poll #1)  order=8d447969
  [     72ms]  [91mstale[0m    (poll #2)  order=8d447969
  [    137ms]  [91mstale[0m    (poll #3)  order=8d447969
  [    201ms]  [92mVISIBLE[0m  (poll #4, X-Cache: MISS)  order=8d447969

[96mOrder 132/1000:[0m
  [      7ms]  [91mstale[0m    (poll #1)  order=f681a0cb
  [     65ms]  [91mstale[0m    (poll #2)  order=f681a0cb
  [    130ms]  [91mstale[0m    (poll #3)  order=f681a0cb
  [    198ms]  [91mstale[0m    (poll #4)  order=f681a0cb
  [    265ms]  [92mVISIBLE[0m  (poll #5, X-Cache: MISS)  order=f681a0cb

[96mOrder 133/1000:[0m
  [      6ms]  [91mstale[0m    (poll #1)  order=cecc335f
  [     68ms]  [91mstale[0m    (poll #2)  order=cecc335f
  [    129ms]  [91mstale[0m    (poll #3)  order=cecc335f
  [    198ms]  [91mstale[0m    (poll #4)  order=cecc335f
  [    281ms]  [92mVISIBLE[0m  (poll #5, X-Cache: MISS)  order=cecc335f

[96mOrder 134/1000:[0m
  [      9ms]  [91mstale[0m    (poll #1)  order=e42004f6
  [    105ms]  [91mstale[0m    (poll #2)  order=e42004f6
  [    169ms]  [91mstale[0m    (poll #3)  order=e42004f6
  [    232ms]  [91mstale[0m    (poll #4)  order=e42004f6
  [    303ms]  [92mVISIBLE[0m  (poll #5, X-Cache: MISS)  order=e42004f6

[96mOrder 135/1000:[0m
  [      8ms]  [91mstale[0m    (poll #1)  order=fc42ceb0
  [     70ms]  [91mstale[0m    (poll #2)  order=fc42ceb0
  [    134ms]  [91mstale[0m    (poll #3)  order=fc42ceb0
  [    202ms]  [92mVISIBLE[0m  (poll #4, X-Cache: MISS)  order=fc42ceb0

[96mOrder 136/1000:[0m
  [      6ms]  [91mstale[0m    (poll #1)  order=be63f887
  [     67ms]  [91mstale[0m    (poll #2)  order=be63f887
  [    130ms]  [91mstale[0m    (poll #3)  order=be63f887
  [    196ms]  [91mstale[0m    (poll #4)  order=be63f887
  [    263ms]  [92mVISIBLE[0m  (poll #5, X-Cache: MISS)  order=be63f887

[96mOrder 137/1000:[0m
  [      9ms]  [91mstale[0m    (poll #1)  order=eb4289b0
  [     68ms]  [91mstale[0m    (poll #2)  order=eb4289b0
  [    129ms]  [91mstale[0m    (poll #3)  order=eb4289b0
  [    199ms]  [92mVISIBLE[0m  (poll #4, X-Cache: MISS)  order=eb4289b0

[96mOrder 138/1000:[0m
  [      7ms]  [91mstale[0m    (poll #1)  order=cb823d0b
  [     71ms]  [91mstale[0m    (poll #2)  order=cb823d0b
  [    135ms]  [91mstale[0m    (poll #3)  order=cb823d0b
  [    200ms]  [91mstale[0m    (poll #4)  order=cb823d0b
  [    272ms]  [92mVISIBLE[0m  (poll #5, X-Cache: MISS)  order=cb823d0b

[96mOrder 139/1000:[0m
  [      7ms]  [91mstale[0m    (poll #1)  order=181b516f
  [     70ms]  [91mstale[0m    (poll #2)  order=181b516f
  [    131ms]  [91mstale[0m    (poll #3)  order=181b516f
  [    200ms]  [91mstale[0m    (poll #4)  order=181b516f
  [    267ms]  [92mVISIBLE[0m  (poll #5, X-Cache: MISS)  order=181b516f

[96mOrder 140/1000:[0m
  [      7ms]  [91mstale[0m    (poll #1)  order=dc06a0c4
  [     66ms]  [91mstale[0m    (poll #2)  order=dc06a0c4
  [    128ms]  [91mstale[0m    (poll #3)  order=dc06a0c4
  [    194ms]  [92mVISIBLE[0m  (poll #4, X-Cache: MISS)  order=dc06a0c4

[96mOrder 141/1000:[0m
  [      9ms]  [91mstale[0m    (poll #1)  order=fac2e6b4
  [     72ms]  [91mstale[0m    (poll #2)  order=fac2e6b4
  [    136ms]  [91mstale[0m    (poll #3)  order=fac2e6b4
  [    200ms]  [92mVISIBLE[0m  (poll #4, X-Cache: MISS)  order=fac2e6b4

[96mOrder 142/1000:[0m
  [      9ms]  [91mstale[0m    (poll #1)  order=8174a9f6
  [     75ms]  [91mstale[0m    (poll #2)  order=8174a9f6
  [    140ms]  [91mstale[0m    (poll #3)  order=8174a9f6
  [    210ms]  [91mstale[0m    (poll #4)  order=8174a9f6
  [    281ms]  [92mVISIBLE[0m  (poll #5, X-Cache: MISS)  order=8174a9f6

[96mOrder 143/1000:[0m
  [      9ms]  [91mstale[0m    (poll #1)  order=193b059d
  [     71ms]  [91mstale[0m    (poll #2)  order=193b059d
  [    137ms]  [91mstale[0m    (poll #3)  order=193b059d
  [    201ms]  [92mVISIBLE[0m  (poll #4, X-Cache: MISS)  order=193b059d

[96mOrder 144/1000:[0m
  [      4ms]  [91mstale[0m    (poll #1)  order=8cbb2df2
  [     61ms]  [91mstale[0m    (poll #2)  order=8cbb2df2
  [    120ms]  [91mstale[0m    (poll #3)  order=8cbb2df2
  [    184ms]  [91mstale[0m    (poll #4)  order=8cbb2df2
  [    246ms]  [92mVISIBLE[0m  (poll #5, X-Cache: MISS)  order=8cbb2df2

[96mOrder 145/1000:[0m
  [      3ms]  [91mstale[0m    (poll #1)  order=5b05e907
  [     64ms]  [91mstale[0m    (poll #2)  order=5b05e907
  [    127ms]  [91mstale[0m    (poll #3)  order=5b05e907
  [    189ms]  [91mstale[0m    (poll #4)  order=5b05e907
  [    256ms]  [92mVISIBLE[0m  (poll #5, X-Cache: MISS)  order=5b05e907

[96mOrder 146/1000:[0m
  [      5ms]  [91mstale[0m    (poll #1)  order=5aeca941
  [     64ms]  [91mstale[0m    (poll #2)  order=5aeca941
  [    123ms]  [91mstale[0m    (poll #3)  order=5aeca941
  [    188ms]  [91mstale[0m    (poll #4)  order=5aeca941
  [    250ms]  [92mVISIBLE[0m  (poll #5, X-Cache: MISS)  order=5aeca941

[96mOrder 147/1000:[0m
  [      3ms]  [91mstale[0m    (poll #1)  order=9b49cb45
  [     63ms]  [91mstale[0m    (poll #2)  order=9b49cb45
  [    122ms]  [91mstale[0m    (poll #3)  order=9b49cb45
  [    185ms]  [92mVISIBLE[0m  (poll #4, X-Cache: MISS)  order=9b49cb45

[96mOrder 148/1000:[0m
  [      6ms]  [91mstale[0m    (poll #1)  order=1e2064e9
  [     66ms]  [91mstale[0m    (poll #2)  order=1e2064e9
  [    132ms]  [91mstale[0m    (poll #3)  order=1e2064e9
  [    195ms]  [91mstale[0m    (poll #4)  order=1e2064e9
  [    262ms]  [92mVISIBLE[0m  (poll #5, X-Cache: MISS)  order=1e2064e9

[96mOrder 149/1000:[0m
  [      9ms]  [91mstale[0m    (poll #1)  order=10c4f327
  [     72ms]  [91mstale[0m    (poll #2)  order=10c4f327
  [    135ms]  [91mstale[0m    (poll #3)  order=10c4f327
  [    197ms]  [91mstale[0m    (poll #4)  order=10c4f327
  [    255ms]  [92mVISIBLE[0m  (poll #5, X-Cache: MISS)  order=10c4f327

[96mOrder 150/1000:[0m
  [      4ms]  [91mstale[0m    (poll #1)  order=e331cc21
  [     63ms]  [91mstale[0m    (poll #2)  order=e331cc21
  [    126ms]  [91mstale[0m    (poll #3)  order=e331cc21
  [    189ms]  [91mstale[0m    (poll #4)  order=e331cc21
  [    248ms]  [92mVISIBLE[0m  (poll #5, X-Cache: MISS)  order=e331cc21

[96mOrder 151/1000:[0m
  [      5ms]  [91mstale[0m    (poll #1)  order=c7865c81
  [     66ms]  [91mstale[0m    (poll #2)  order=c7865c81
  [    130ms]  [91mstale[0m    (poll #3)  order=c7865c81
  [    195ms]  [92mVISIBLE[0m  (poll #4, X-Cache: MISS)  order=c7865c81

[96mOrder 152/1000:[0m
  [      6ms]  [91mstale[0m    (poll #1)  order=bb9a5185
  [     68ms]  [91mstale[0m    (poll #2)  order=bb9a5185
  [    133ms]  [91mstale[0m    (poll #3)  order=bb9a5185
  [    200ms]  [91mstale[0m    (poll #4)  order=bb9a5185
  [    271ms]  [92mVISIBLE[0m  (poll #5, X-Cache: MISS)  order=bb9a5185

[96mOrder 153/1000:[0m
  [      8ms]  [91mstale[0m    (poll #1)  order=ea6c60c5
  [     73ms]  [91mstale[0m    (poll #2)  order=ea6c60c5
  [    136ms]  [91mstale[0m    (poll #3)  order=ea6c60c5
  [    201ms]  [91mstale[0m    (poll #4)  order=ea6c60c5
  [    272ms]  [92mVISIBLE[0m  (poll #5, X-Cache: MISS)  order=ea6c60c5

[96mOrder 154/1000:[0m
  [      7ms]  [91mstale[0m    (poll #1)  order=1c8723b4
  [     68ms]  [91mstale[0m    (poll #2)  order=1c8723b4
  [    135ms]  [91mstale[0m    (poll #3)  order=1c8723b4
  [    197ms]  [91mstale[0m    (poll #4)  order=1c8723b4
  [    260ms]  [92mVISIBLE[0m  (poll #5, X-Cache: MISS)  order=1c8723b4

[96mOrder 155/1000:[0m
  [     10ms]  [91mstale[0m    (poll #1)  order=4984754c
  [     74ms]  [91mstale[0m    (poll #2)  order=4984754c
  [    136ms]  [91mstale[0m    (poll #3)  order=4984754c
  [    199ms]  [92mVISIBLE[0m  (poll #4, X-Cache: MISS)  order=4984754c

[96mOrder 156/1000:[0m
  [      8ms]  [91mstale[0m    (poll #1)  order=b60a532a
  [     72ms]  [91mstale[0m    (poll #2)  order=b60a532a
  [    138ms]  [91mstale[0m    (poll #3)  order=b60a532a
  [    199ms]  [92mVISIBLE[0m  (poll #4, X-Cache: MISS)  order=b60a532a

[96mOrder 157/1000:[0m
  [      4ms]  [91mstale[0m    (poll #1)  order=fbb281c6
  [     63ms]  [91mstale[0m    (poll #2)  order=fbb281c6
  [    125ms]  [91mstale[0m    (poll #3)  order=fbb281c6
  [    186ms]  [91mstale[0m    (poll #4)  order=fbb281c6
  [    252ms]  [92mVISIBLE[0m  (poll #5, X-Cache: MISS)  order=fbb281c6

[96mOrder 158/1000:[0m
  [      9ms]  [91mstale[0m    (poll #1)  order=915f7292
  [     73ms]  [91mstale[0m    (poll #2)  order=915f7292
  [    137ms]  [91mstale[0m    (poll #3)  order=915f7292
  [    203ms]  [91mstale[0m    (poll #4)  order=915f7292
  [    274ms]  [92mVISIBLE[0m  (poll #5, X-Cache: MISS)  order=915f7292

[96mOrder 159/1000:[0m
  [      8ms]  [91mstale[0m    (poll #1)  order=de8be6be
  [     71ms]  [91mstale[0m    (poll #2)  order=de8be6be
  [    134ms]  [91mstale[0m    (poll #3)  order=de8be6be
  [    200ms]  [91mstale[0m    (poll #4)  order=de8be6be
  [    271ms]  [92mVISIBLE[0m  (poll #5, X-Cache: MISS)  order=de8be6be

[96mOrder 160/1000:[0m
  [      9ms]  [91mstale[0m    (poll #1)  order=c45a2fc2
  [     72ms]  [91mstale[0m    (poll #2)  order=c45a2fc2
  [    136ms]  [91mstale[0m    (poll #3)  order=c45a2fc2
  [    209ms]  [92mVISIBLE[0m  (poll #4, X-Cache: MISS)  order=c45a2fc2

[96mOrder 161/1000:[0m
  [      7ms]  [91mstale[0m    (poll #1)  order=7de77e69
  [     71ms]  [91mstale[0m    (poll #2)  order=7de77e69
  [    135ms]  [91mstale[0m    (poll #3)  order=7de77e69
  [    202ms]  [91mstale[0m    (poll #4)  order=7de77e69
  [    271ms]  [92mVISIBLE[0m  (poll #5, X-Cache: MISS)  order=7de77e69

[96mOrder 162/1000:[0m
  [      7ms]  [91mstale[0m    (poll #1)  order=0a37757f
  [     71ms]  [91mstale[0m    (poll #2)  order=0a37757f
  [    132ms]  [91mstale[0m    (poll #3)  order=0a37757f
  [    202ms]  [92mVISIBLE[0m  (poll #4, X-Cache: MISS)  order=0a37757f

[96mOrder 163/1000:[0m
  [      7ms]  [91mstale[0m    (poll #1)  order=2ea8228a
  [     69ms]  [91mstale[0m    (poll #2)  order=2ea8228a
  [    133ms]  [91mstale[0m    (poll #3)  order=2ea8228a
  [    197ms]  [91mstale[0m    (poll #4)  order=2ea8228a
  [    265ms]  [92mVISIBLE[0m  (poll #5, X-Cache: MISS)  order=2ea8228a

[96mOrder 164/1000:[0m
  [      8ms]  [91mstale[0m    (poll #1)  order=e6cc4910
  [     68ms]  [91mstale[0m    (poll #2)  order=e6cc4910
  [    132ms]  [91mstale[0m    (poll #3)  order=e6cc4910
  [    198ms]  [91mstale[0m    (poll #4)  order=e6cc4910
  [    270ms]  [92mVISIBLE[0m  (poll #5, X-Cache: MISS)  order=e6cc4910

[96mOrder 165/1000:[0m
  [     11ms]  [91mstale[0m    (poll #1)  order=4ceccb86
  [     75ms]  [91mstale[0m    (poll #2)  order=4ceccb86
  [    138ms]  [91mstale[0m    (poll #3)  order=4ceccb86
  [    203ms]  [91mstale[0m    (poll #4)  order=4ceccb86
  [    273ms]  [92mVISIBLE[0m  (poll #5, X-Cache: MISS)  order=4ceccb86

[96mOrder 166/1000:[0m
  [     11ms]  [91mstale[0m    (poll #1)  order=6518a306
  [     74ms]  [91mstale[0m    (poll #2)  order=6518a306
  [    137ms]  [91mstale[0m    (poll #3)  order=6518a306
  [    201ms]  [92mVISIBLE[0m  (poll #4, X-Cache: MISS)  order=6518a306

[96mOrder 167/1000:[0m
  [      4ms]  [91mstale[0m    (poll #1)  order=edc7f4ef
  [     65ms]  [91mstale[0m    (poll #2)  order=edc7f4ef
  [    130ms]  [91mstale[0m    (poll #3)  order=edc7f4ef
  [    191ms]  [91mstale[0m    (poll #4)  order=edc7f4ef
  [    263ms]  [92mVISIBLE[0m  (poll #5, X-Cache: MISS)  order=edc7f4ef

[96mOrder 168/1000:[0m
  [      8ms]  [91mstale[0m    (poll #1)  order=c4fed012
  [     73ms]  [91mstale[0m    (poll #2)  order=c4fed012
  [    138ms]  [91mstale[0m    (poll #3)  order=c4fed012
  [    206ms]  [91mstale[0m    (poll #4)  order=c4fed012
  [    277ms]  [92mVISIBLE[0m  (poll #5, X-Cache: MISS)  order=c4fed012

[96mOrder 169/1000:[0m
  [      9ms]  [91mstale[0m    (poll #1)  order=fcb67e0f
  [     71ms]  [91mstale[0m    (poll #2)  order=fcb67e0f
  [    131ms]  [91mstale[0m    (poll #3)  order=fcb67e0f
  [    199ms]  [92mVISIBLE[0m  (poll #4, X-Cache: MISS)  order=fcb67e0f

[96mOrder 170/1000:[0m
  [      5ms]  [91mstale[0m    (poll #1)  order=27477734
  [     69ms]  [91mstale[0m    (poll #2)  order=27477734
  [    129ms]  [91mstale[0m    (poll #3)  order=27477734
  [    193ms]  [91mstale[0m    (poll #4)  order=27477734
  [    264ms]  [92mVISIBLE[0m  (poll #5, X-Cache: MISS)  order=27477734

[96mOrder 171/1000:[0m
  [      8ms]  [91mstale[0m    (poll #1)  order=696a393f
  [     70ms]  [91mstale[0m    (poll #2)  order=696a393f
  [    134ms]  [91mstale[0m    (poll #3)  order=696a393f
  [    200ms]  [92mVISIBLE[0m  (poll #4, X-Cache: MISS)  order=696a393f

[96mOrder 172/1000:[0m
  [      9ms]  [91mstale[0m    (poll #1)  order=2a30bcd4
  [     73ms]  [91mstale[0m    (poll #2)  order=2a30bcd4
  [    135ms]  [91mstale[0m    (poll #3)  order=2a30bcd4
  [    201ms]  [92mVISIBLE[0m  (poll #4, X-Cache: MISS)  order=2a30bcd4

[96mOrder 173/1000:[0m
  [      8ms]  [91mstale[0m    (poll #1)  order=c4a1b7e4
  [     69ms]  [91mstale[0m    (poll #2)  order=c4a1b7e4
  [    133ms]  [91mstale[0m    (poll #3)  order=c4a1b7e4
  [    198ms]  [92mVISIBLE[0m  (poll #4, X-Cache: MISS)  order=c4a1b7e4

[96mOrder 174/1000:[0m
  [      8ms]  [91mstale[0m    (poll #1)  order=c46f06ec
  [     72ms]  [91mstale[0m    (poll #2)  order=c46f06ec
  [    134ms]  [91mstale[0m    (poll #3)  order=c46f06ec
  [    197ms]  [91mstale[0m    (poll #4)  order=c46f06ec
  [    266ms]  [92mVISIBLE[0m  (poll #5, X-Cache: MISS)  order=c46f06ec

[96mOrder 175/1000:[0m
  [      8ms]  [91mstale[0m    (poll #1)  order=9584337f
  [     73ms]  [91mstale[0m    (poll #2)  order=9584337f
  [    138ms]  [91mstale[0m    (poll #3)  order=9584337f
  [    201ms]  [91mstale[0m    (poll #4)  order=9584337f
  [    270ms]  [92mVISIBLE[0m  (poll #5, X-Cache: MISS)  order=9584337f

[96mOrder 176/1000:[0m
  [      9ms]  [91mstale[0m    (poll #1)  order=217baedd
  [     73ms]  [91mstale[0m    (poll #2)  order=217baedd
  [    137ms]  [91mstale[0m    (poll #3)  order=217baedd
  [    201ms]  [92mVISIBLE[0m  (poll #4, X-Cache: MISS)  order=217baedd

[96mOrder 177/1000:[0m
  [      7ms]  [91mstale[0m    (poll #1)  order=025b6d81
  [     66ms]  [91mstale[0m    (poll #2)  order=025b6d81
  [    131ms]  [91mstale[0m    (poll #3)  order=025b6d81
  [    199ms]  [91mstale[0m    (poll #4)  order=025b6d81
  [    266ms]  [92mVISIBLE[0m  (poll #5, X-Cache: MISS)  order=025b6d81

[96mOrder 178/1000:[0m
  [      9ms]  [91mstale[0m    (poll #1)  order=cd1c4b37
  [     73ms]  [91mstale[0m    (poll #2)  order=cd1c4b37
  [    136ms]  [91mstale[0m    (poll #3)  order=cd1c4b37
  [    201ms]  [92mVISIBLE[0m  (poll #4, X-Cache: MISS)  order=cd1c4b37

[96mOrder 179/1000:[0m
  [      9ms]  [91mstale[0m    (poll #1)  order=27edc59f
  [     72ms]  [91mstale[0m    (poll #2)  order=27edc59f
  [    135ms]  [91mstale[0m    (poll #3)  order=27edc59f
  [    200ms]  [91mstale[0m    (poll #4)  order=27edc59f
  [    265ms]  [92mVISIBLE[0m  (poll #5, X-Cache: MISS)  order=27edc59f

[96mOrder 180/1000:[0m
  [      7ms]  [91mstale[0m    (poll #1)  order=c0e29c21
  [     71ms]  [91mstale[0m    (poll #2)  order=c0e29c21
  [    132ms]  [91mstale[0m    (poll #3)  order=c0e29c21
  [    198ms]  [91mstale[0m    (poll #4)  order=c0e29c21
  [    270ms]  [92mVISIBLE[0m  (poll #5, X-Cache: MISS)  order=c0e29c21

[96mOrder 181/1000:[0m
  [      9ms]  [91mstale[0m    (poll #1)  order=efbe1439
  [     72ms]  [91mstale[0m    (poll #2)  order=efbe1439
  [    129ms]  [91mstale[0m    (poll #3)  order=efbe1439
  [    191ms]  [91mstale[0m    (poll #4)  order=efbe1439
  [    253ms]  [92mVISIBLE[0m  (poll #5, X-Cache: MISS)  order=efbe1439

[96mOrder 182/1000:[0m
  [      4ms]  [91mstale[0m    (poll #1)  order=d6188b07
  [     64ms]  [91mstale[0m    (poll #2)  order=d6188b07
  [    127ms]  [91mstale[0m    (poll #3)  order=d6188b07
  [    191ms]  [91mstale[0m    (poll #4)  order=d6188b07
  [    258ms]  [92mVISIBLE[0m  (poll #5, X-Cache: MISS)  order=d6188b07

[96mOrder 183/1000:[0m
  [      5ms]  [91mstale[0m    (poll #1)  order=a30763c6
  [     63ms]  [91mstale[0m    (poll #2)  order=a30763c6
  [    125ms]  [91mstale[0m    (poll #3)  order=a30763c6
  [    188ms]  [91mstale[0m    (poll #4)  order=a30763c6
  [    250ms]  [92mVISIBLE[0m  (poll #5, X-Cache: MISS)  order=a30763c6

[96mOrder 184/1000:[0m
  [      7ms]  [91mstale[0m    (poll #1)  order=67017e18
  [     71ms]  [91mstale[0m    (poll #2)  order=67017e18
  [    133ms]  [91mstale[0m    (poll #3)  order=67017e18
  [    196ms]  [92mVISIBLE[0m  (poll #4, X-Cache: MISS)  order=67017e18

[96mOrder 185/1000:[0m
  [      5ms]  [91mstale[0m    (poll #1)  order=eae10bac
  [     62ms]  [91mstale[0m    (poll #2)  order=eae10bac
  [    118ms]  [91mstale[0m    (poll #3)  order=eae10bac
  [    180ms]  [91mstale[0m    (poll #4)  order=eae10bac
  [    241ms]  [92mVISIBLE[0m  (poll #5, X-Cache: MISS)  order=eae10bac

[96mOrder 186/1000:[0m
  [      4ms]  [91mstale[0m    (poll #1)  order=b0521a29
  [     66ms]  [91mstale[0m    (poll #2)  order=b0521a29
  [    128ms]  [91mstale[0m    (poll #3)  order=b0521a29
  [    190ms]  [91mstale[0m    (poll #4)  order=b0521a29
  [    251ms]  [92mVISIBLE[0m  (poll #5, X-Cache: MISS)  order=b0521a29

[96mOrder 187/1000:[0m
  [      6ms]  [91mstale[0m    (poll #1)  order=24085a00
  [     69ms]  [91mstale[0m    (poll #2)  order=24085a00
  [    135ms]  [91mstale[0m    (poll #3)  order=24085a00
  [    201ms]  [91mstale[0m    (poll #4)  order=24085a00
  [    269ms]  [92mVISIBLE[0m  (poll #5, X-Cache: MISS)  order=24085a00

[96mOrder 188/1000:[0m
  [     10ms]  [91mstale[0m    (poll #1)  order=346ed668
  [     74ms]  [91mstale[0m    (poll #2)  order=346ed668
  [    140ms]  [91mstale[0m    (poll #3)  order=346ed668
  [    205ms]  [92mVISIBLE[0m  (poll #4, X-Cache: MISS)  order=346ed668

[96mOrder 189/1000:[0m
  [      7ms]  [91mstale[0m    (poll #1)  order=86483045
  [     66ms]  [91mstale[0m    (poll #2)  order=86483045
  [    130ms]  [91mstale[0m    (poll #3)  order=86483045
  [    193ms]  [91mstale[0m    (poll #4)  order=86483045
  [    253ms]  [92mVISIBLE[0m  (poll #5, X-Cache: MISS)  order=86483045

[96mOrder 190/1000:[0m
  [      3ms]  [91mstale[0m    (poll #1)  order=09d625bd
  [     62ms]  [91mstale[0m    (poll #2)  order=09d625bd
  [    123ms]  [91mstale[0m    (poll #3)  order=09d625bd
  [    184ms]  [91mstale[0m    (poll #4)  order=09d625bd
  [    255ms]  [92mVISIBLE[0m  (poll #5, X-Cache: MISS)  order=09d625bd

[96mOrder 191/1000:[0m
  [      7ms]  [91mstale[0m    (poll #1)  order=e40783d3
  [     69ms]  [91mstale[0m    (poll #2)  order=e40783d3
  [    131ms]  [91mstale[0m    (poll #3)  order=e40783d3
  [    196ms]  [92mVISIBLE[0m  (poll #4, X-Cache: MISS)  order=e40783d3

[96mOrder 192/1000:[0m
  [     10ms]  [91mstale[0m    (poll #1)  order=036ae8f5
  [     75ms]  [91mstale[0m    (poll #2)  order=036ae8f5
  [    134ms]  [91mstale[0m    (poll #3)  order=036ae8f5
  [    196ms]  [91mstale[0m    (poll #4)  order=036ae8f5
  [    259ms]  [92mVISIBLE[0m  (poll #5, X-Cache: MISS)  order=036ae8f5

[96mOrder 193/1000:[0m
  [      7ms]  [91mstale[0m    (poll #1)  order=043c7e43
  [     71ms]  [91mstale[0m    (poll #2)  order=043c7e43
  [    138ms]  [91mstale[0m    (poll #3)  order=043c7e43
  [    200ms]  [91mstale[0m    (poll #4)  order=043c7e43
  [    274ms]  [92mVISIBLE[0m  (poll #5, X-Cache: MISS)  order=043c7e43

[96mOrder 194/1000:[0m
  [      5ms]  [91mstale[0m    (poll #1)  order=03ece246
  [     68ms]  [91mstale[0m    (poll #2)  order=03ece246
  [    128ms]  [91mstale[0m    (poll #3)  order=03ece246
  [    190ms]  [92mVISIBLE[0m  (poll #4, X-Cache: MISS)  order=03ece246

[96mOrder 195/1000:[0m
  [      7ms]  [91mstale[0m    (poll #1)  order=d3d3c507
  [     69ms]  [91mstale[0m    (poll #2)  order=d3d3c507
  [    134ms]  [91mstale[0m    (poll #3)  order=d3d3c507
  [    196ms]  [91mstale[0m    (poll #4)  order=d3d3c507
  [    260ms]  [92mVISIBLE[0m  (poll #5, X-Cache: MISS)  order=d3d3c507

[96mOrder 196/1000:[0m
  [      4ms]  [91mstale[0m    (poll #1)  order=722f9ed4
  [     63ms]  [91mstale[0m    (poll #2)  order=722f9ed4
  [    126ms]  [91mstale[0m    (poll #3)  order=722f9ed4
  [    185ms]  [92mVISIBLE[0m  (poll #4, X-Cache: MISS)  order=722f9ed4

[96mOrder 197/1000:[0m
  [      7ms]  [91mstale[0m    (poll #1)  order=22b49e7a
  [     71ms]  [91mstale[0m    (poll #2)  order=22b49e7a
  [    134ms]  [91mstale[0m    (poll #3)  order=22b49e7a
  [    201ms]  [92mVISIBLE[0m  (poll #4, X-Cache: MISS)  order=22b49e7a

[96mOrder 198/1000:[0m
  [      8ms]  [91mstale[0m    (poll #1)  order=acd4f04c
  [     72ms]  [91mstale[0m    (poll #2)  order=acd4f04c
  [    140ms]  [91mstale[0m    (poll #3)  order=acd4f04c
  [    208ms]  [91mstale[0m    (poll #4)  order=acd4f04c
  [    276ms]  [92mVISIBLE[0m  (poll #5, X-Cache: MISS)  order=acd4f04c

[96mOrder 199/1000:[0m
  [      8ms]  [91mstale[0m    (poll #1)  order=26b07f82
  [     70ms]  [91mstale[0m    (poll #2)  order=26b07f82
  [    133ms]  [91mstale[0m    (poll #3)  order=26b07f82
  [    201ms]  [92mVISIBLE[0m  (poll #4, X-Cache: MISS)  order=26b07f82

[96mOrder 200/1000:[0m
  [      8ms]  [91mstale[0m    (poll #1)  order=7c83400c
  [     71ms]  [91mstale[0m    (poll #2)  order=7c83400c
  [    137ms]  [91mstale[0m    (poll #3)  order=7c83400c
  [    205ms]  [91mstale[0m    (poll #4)  order=7c83400c
  [    271ms]  [92mVISIBLE[0m  (poll #5, X-Cache: MISS)  order=7c83400c

[96mOrder 201/1000:[0m
  [      9ms]  [91mstale[0m    (poll #1)  order=870cc38d
  [     72ms]  [91mstale[0m    (poll #2)  order=870cc38d
  [    135ms]  [91mstale[0m    (poll #3)  order=870cc38d
  [    201ms]  [91mstale[0m    (poll #4)  order=870cc38d
  [    272ms]  [92mVISIBLE[0m  (poll #5, X-Cache: MISS)  order=870cc38d

[96mOrder 202/1000:[0m
  [      9ms]  [91mstale[0m    (poll #1)  order=473ab60f
  [     68ms]  [91mstale[0m    (poll #2)  order=473ab60f
  [    132ms]  [91mstale[0m    (poll #3)  order=473ab60f
  [    197ms]  [92mVISIBLE[0m  (poll #4, X-Cache: MISS)  order=473ab60f

[96mOrder 203/1000:[0m
  [      9ms]  [91mstale[0m    (poll #1)  order=6e76d50c
  [     71ms]  [91mstale[0m    (poll #2)  order=6e76d50c
  [    134ms]  [91mstale[0m    (poll #3)  order=6e76d50c
  [    201ms]  [91mstale[0m    (poll #4)  order=6e76d50c
  [    271ms]  [92mVISIBLE[0m  (poll #5, X-Cache: MISS)  order=6e76d50c

[96mOrder 204/1000:[0m
  [      8ms]  [91mstale[0m    (poll #1)  order=aedd5860
  [     72ms]  [91mstale[0m    (poll #2)  order=aedd5860
  [    139ms]  [91mstale[0m    (poll #3)  order=aedd5860
  [    201ms]  [91mstale[0m    (poll #4)  order=aedd5860
  [    266ms]  [92mVISIBLE[0m  (poll #5, X-Cache: MISS)  order=aedd5860

[96mOrder 205/1000:[0m
  [      9ms]  [91mstale[0m    (poll #1)  order=31df904d
  [     73ms]  [91mstale[0m    (poll #2)  order=31df904d
  [    138ms]  [91mstale[0m    (poll #3)  order=31df904d
  [    204ms]  [92mVISIBLE[0m  (poll #4, X-Cache: MISS)  order=31df904d

[96mOrder 206/1000:[0m
  [      3ms]  [91mstale[0m    (poll #1)  order=29bbbda4
  [     63ms]  [91mstale[0m    (poll #2)  order=29bbbda4
  [    126ms]  [91mstale[0m    (poll #3)  order=29bbbda4
  [    190ms]  [91mstale[0m    (poll #4)  order=29bbbda4
  [    252ms]  [92mVISIBLE[0m  (poll #5, X-Cache: MISS)  order=29bbbda4

[96mOrder 207/1000:[0m
  [      9ms]  [91mstale[0m    (poll #1)  order=53226c14
  [     73ms]  [91mstale[0m    (poll #2)  order=53226c14
  [    138ms]  [91mstale[0m    (poll #3)  order=53226c14
  [    203ms]  [91mstale[0m    (poll #4)  order=53226c14
  [    274ms]  [92mVISIBLE[0m  (poll #5, X-Cache: MISS)  order=53226c14

[96mOrder 208/1000:[0m
  [      7ms]  [91mstale[0m    (poll #1)  order=de003611
  [     70ms]  [91mstale[0m    (poll #2)  order=de003611
  [    135ms]  [91mstale[0m    (poll #3)  order=de003611
  [    205ms]  [92mVISIBLE[0m  (poll #4, X-Cache: MISS)  order=de003611

[96mOrder 209/1000:[0m
  [      9ms]  [91mstale[0m    (poll #1)  order=bd82c84b
  [     73ms]  [91mstale[0m    (poll #2)  order=bd82c84b
  [    136ms]  [91mstale[0m    (poll #3)  order=bd82c84b
  [    198ms]  [91mstale[0m    (poll #4)  order=bd82c84b
  [    266ms]  [92mVISIBLE[0m  (poll #5, X-Cache: MISS)  order=bd82c84b

[96mOrder 210/1000:[0m
  [      8ms]  [91mstale[0m    (poll #1)  order=1e857c27
  [     72ms]  [91mstale[0m    (poll #2)  order=1e857c27
  [    136ms]  [91mstale[0m    (poll #3)  order=1e857c27
  [    200ms]  [91mstale[0m    (poll #4)  order=1e857c27
  [    269ms]  [92mVISIBLE[0m  (poll #5, X-Cache: MISS)  order=1e857c27

[96mOrder 211/1000:[0m
  [      9ms]  [91mstale[0m    (poll #1)  order=f8b368bd
  [     74ms]  [91mstale[0m    (poll #2)  order=f8b368bd
  [    135ms]  [91mstale[0m    (poll #3)  order=f8b368bd
  [    200ms]  [91mstale[0m    (poll #4)  order=f8b368bd
  [    267ms]  [92mVISIBLE[0m  (poll #5, X-Cache: MISS)  order=f8b368bd

[96mOrder 212/1000:[0m
  [     10ms]  [91mstale[0m    (poll #1)  order=1d87c1c8
  [     74ms]  [91mstale[0m    (poll #2)  order=1d87c1c8
  [    137ms]  [91mstale[0m    (poll #3)  order=1d87c1c8
  [    206ms]  [92mVISIBLE[0m  (poll #4, X-Cache: MISS)  order=1d87c1c8

[96mOrder 213/1000:[0m
  [      7ms]  [91mstale[0m    (poll #1)  order=1d61793d
  [     70ms]  [91mstale[0m    (poll #2)  order=1d61793d
  [    132ms]  [91mstale[0m    (poll #3)  order=1d61793d
  [    202ms]  [91mstale[0m    (poll #4)  order=1d61793d
  [    270ms]  [92mVISIBLE[0m  (poll #5, X-Cache: MISS)  order=1d61793d

[96mOrder 214/1000:[0m
  [      8ms]  [91mstale[0m    (poll #1)  order=584245d5
  [     71ms]  [91mstale[0m    (poll #2)  order=584245d5
  [    137ms]  [91mstale[0m    (poll #3)  order=584245d5
  [    202ms]  [92mVISIBLE[0m  (poll #4, X-Cache: MISS)  order=584245d5

[96mOrder 215/1000:[0m
  [      4ms]  [91mstale[0m    (poll #1)  order=f2713716
  [     64ms]  [91mstale[0m    (poll #2)  order=f2713716
  [    124ms]  [91mstale[0m    (poll #3)  order=f2713716
  [    184ms]  [91mstale[0m    (poll #4)  order=f2713716
  [    252ms]  [92mVISIBLE[0m  (poll #5, X-Cache: MISS)  order=f2713716

[96mOrder 216/1000:[0m
  [      9ms]  [91mstale[0m    (poll #1)  order=c6de7f5f
  [     72ms]  [91mstale[0m    (poll #2)  order=c6de7f5f
  [    134ms]  [91mstale[0m    (poll #3)  order=c6de7f5f
  [    198ms]  [92mVISIBLE[0m  (poll #4, X-Cache: MISS)  order=c6de7f5f

[96mOrder 217/1000:[0m
  [      7ms]  [91mstale[0m    (poll #1)  order=c07db89c
  [     69ms]  [91mstale[0m    (poll #2)  order=c07db89c
  [    132ms]  [91mstale[0m    (poll #3)  order=c07db89c
  [    201ms]  [91mstale[0m    (poll #4)  order=c07db89c
  [    271ms]  [92mVISIBLE[0m  (poll #5, X-Cache: MISS)  order=c07db89c

[96mOrder 218/1000:[0m
  [     10ms]  [91mstale[0m    (poll #1)  order=34afa1d9
  [     72ms]  [91mstale[0m    (poll #2)  order=34afa1d9
  [    137ms]  [91mstale[0m    (poll #3)  order=34afa1d9
  [    212ms]  [92mVISIBLE[0m  (poll #4, X-Cache: MISS)  order=34afa1d9

[96mOrder 219/1000:[0m
  [      5ms]  [91mstale[0m    (poll #1)  order=40e1491c
  [     67ms]  [91mstale[0m    (poll #2)  order=40e1491c
  [    132ms]  [91mstale[0m    (poll #3)  order=40e1491c
  [    199ms]  [91mstale[0m    (poll #4)  order=40e1491c
  [    268ms]  [92mVISIBLE[0m  (poll #5, X-Cache: MISS)  order=40e1491c

[96mOrder 220/1000:[0m
  [     10ms]  [91mstale[0m    (poll #1)  order=d5d3f49d
  [     73ms]  [91mstale[0m    (poll #2)  order=d5d3f49d
  [    172ms]  [91mstale[0m    (poll #3)  order=d5d3f49d
  [    234ms]  [92mVISIBLE[0m  (poll #4, X-Cache: MISS)  order=d5d3f49d

[96mOrder 221/1000:[0m
  [      4ms]  [91mstale[0m    (poll #1)  order=770ffbc7
  [     63ms]  [91mstale[0m    (poll #2)  order=770ffbc7
  [    126ms]  [91mstale[0m    (poll #3)  order=770ffbc7
  [    189ms]  [91mstale[0m    (poll #4)  order=770ffbc7
  [    252ms]  [92mVISIBLE[0m  (poll #5, X-Cache: MISS)  order=770ffbc7

[96mOrder 222/1000:[0m
  [      4ms]  [91mstale[0m    (poll #1)  order=fac063d0
  [     67ms]  [91mstale[0m    (poll #2)  order=fac063d0
  [    125ms]  [91mstale[0m    (poll #3)  order=fac063d0
  [    192ms]  [91mstale[0m    (poll #4)  order=fac063d0
  [    257ms]  [92mVISIBLE[0m  (poll #5, X-Cache: MISS)  order=fac063d0

[96mOrder 223/1000:[0m
  [      7ms]  [91mstale[0m    (poll #1)  order=ac6e9bfb
  [     69ms]  [91mstale[0m    (poll #2)  order=ac6e9bfb
  [    128ms]  [91mstale[0m    (poll #3)  order=ac6e9bfb
  [    198ms]  [92mVISIBLE[0m  (poll #4, X-Cache: MISS)  order=ac6e9bfb

[96mOrder 224/1000:[0m
  [      8ms]  [91mstale[0m    (poll #1)  order=9e55056a
  [     69ms]  [91mstale[0m    (poll #2)  order=9e55056a
  [    127ms]  [91mstale[0m    (poll #3)  order=9e55056a
  [    190ms]  [91mstale[0m    (poll #4)  order=9e55056a
  [    250ms]  [92mVISIBLE[0m  (poll #5, X-Cache: MISS)  order=9e55056a

[96mOrder 225/1000:[0m
  [      4ms]  [91mstale[0m    (poll #1)  order=f404fd7c
  [     59ms]  [91mstale[0m    (poll #2)  order=f404fd7c
  [    119ms]  [91mstale[0m    (poll #3)  order=f404fd7c
  [    176ms]  [91mstale[0m    (poll #4)  order=f404fd7c
  [    235ms]  [92mVISIBLE[0m  (poll #5, X-Cache: MISS)  order=f404fd7c

[96mOrder 226/1000:[0m
  [      4ms]  [91mstale[0m    (poll #1)  order=71f77fc1
  [     65ms]  [91mstale[0m    (poll #2)  order=71f77fc1
  [    128ms]  [91mstale[0m    (poll #3)  order=71f77fc1
  [    194ms]  [91mstale[0m    (poll #4)  order=71f77fc1
  [    262ms]  [92mVISIBLE[0m  (poll #5, X-Cache: MISS)  order=71f77fc1

[96mOrder 227/1000:[0m
  [      7ms]  [91mstale[0m    (poll #1)  order=a69cdb1a
  [     69ms]  [91mstale[0m    (poll #2)  order=a69cdb1a
  [    128ms]  [91mstale[0m    (poll #3)  order=a69cdb1a
  [    192ms]  [91mstale[0m    (poll #4)  order=a69cdb1a
  [    261ms]  [92mVISIBLE[0m  (poll #5, X-Cache: MISS)  order=a69cdb1a

[96mOrder 228/1000:[0m
  [      7ms]  [91mstale[0m    (poll #1)  order=42a51272
  [     68ms]  [91mstale[0m    (poll #2)  order=42a51272
  [    134ms]  [92mVISIBLE[0m  (poll #3, X-Cache: MISS)  order=42a51272

[96mOrder 229/1000:[0m
  [      5ms]  [91mstale[0m    (poll #1)  order=33d58d53
  [     65ms]  [91mstale[0m    (poll #2)  order=33d58d53
  [    129ms]  [91mstale[0m    (poll #3)  order=33d58d53
  [    192ms]  [91mstale[0m    (poll #4)  order=33d58d53
  [    257ms]  [92mVISIBLE[0m  (poll #5, X-Cache: MISS)  order=33d58d53

[96mOrder 230/1000:[0m
  [      4ms]  [91mstale[0m    (poll #1)  order=23edcabe
  [     61ms]  [91mstale[0m    (poll #2)  order=23edcabe
  [    118ms]  [91mstale[0m    (poll #3)  order=23edcabe
  [    178ms]  [91mstale[0m    (poll #4)  order=23edcabe
  [    241ms]  [91mstale[0m    (poll #5)  order=23edcabe
  [    302ms]  [92mVISIBLE[0m  (poll #6, X-Cache: MISS)  order=23edcabe

[96mOrder 231/1000:[0m
  [      4ms]  [91mstale[0m    (poll #1)  order=4eedef4e
  [     65ms]  [91mstale[0m    (poll #2)  order=4eedef4e
  [    124ms]  [91mstale[0m    (poll #3)  order=4eedef4e
  [    188ms]  [91mstale[0m    (poll #4)  order=4eedef4e
  [    257ms]  [92mVISIBLE[0m  (poll #5, X-Cache: MISS)  order=4eedef4e

[96mOrder 232/1000:[0m
  [      9ms]  [91mstale[0m    (poll #1)  order=1c3fa9d2
  [     68ms]  [91mstale[0m    (poll #2)  order=1c3fa9d2
  [    134ms]  [91mstale[0m    (poll #3)  order=1c3fa9d2
  [    198ms]  [91mstale[0m    (poll #4)  order=1c3fa9d2
  [    259ms]  [92mVISIBLE[0m  (poll #5, X-Cache: MISS)  order=1c3fa9d2

[96mOrder 233/1000:[0m
  [      9ms]  [91mstale[0m    (poll #1)  order=ea312e4e
  [     69ms]  [91mstale[0m    (poll #2)  order=ea312e4e
  [    134ms]  [91mstale[0m    (poll #3)  order=ea312e4e
  [    201ms]  [92mVISIBLE[0m  (poll #4, X-Cache: MISS)  order=ea312e4e

[96mOrder 234/1000:[0m
  [      9ms]  [91mstale[0m    (poll #1)  order=dcfb4329
  [     71ms]  [91mstale[0m    (poll #2)  order=dcfb4329
  [    131ms]  [91mstale[0m    (poll #3)  order=dcfb4329
  [    197ms]  [91mstale[0m    (poll #4)  order=dcfb4329
  [    258ms]  [92mVISIBLE[0m  (poll #5, X-Cache: MISS)  order=dcfb4329

[96mOrder 235/1000:[0m
  [      3ms]  [91mstale[0m    (poll #1)  order=9830e018
  [     63ms]  [91mstale[0m    (poll #2)  order=9830e018
  [    124ms]  [91mstale[0m    (poll #3)  order=9830e018
  [    186ms]  [91mstale[0m    (poll #4)  order=9830e018
  [    252ms]  [92mVISIBLE[0m  (poll #5, X-Cache: MISS)  order=9830e018

[96mOrder 236/1000:[0m
  [      7ms]  [91mstale[0m    (poll #1)  order=d8082d06
  [     68ms]  [91mstale[0m    (poll #2)  order=d8082d06
  [    134ms]  [91mstale[0m    (poll #3)  order=d8082d06
  [    200ms]  [91mstale[0m    (poll #4)  order=d8082d06
  [    269ms]  [92mVISIBLE[0m  (poll #5, X-Cache: MISS)  order=d8082d06

[96mOrder 237/1000:[0m
  [      9ms]  [91mstale[0m    (poll #1)  order=67a6934f
  [     73ms]  [91mstale[0m    (poll #2)  order=67a6934f
  [    132ms]  [91mstale[0m    (poll #3)  order=67a6934f
  [    199ms]  [91mstale[0m    (poll #4)  order=67a6934f
  [    265ms]  [92mVISIBLE[0m  (poll #5, X-Cache: MISS)  order=67a6934f

[96mOrder 238/1000:[0m
  [      9ms]  [91mstale[0m    (poll #1)  order=6c5ae489
  [     68ms]  [91mstale[0m    (poll #2)  order=6c5ae489
  [    136ms]  [91mstale[0m    (poll #3)  order=6c5ae489
  [    201ms]  [91mstale[0m    (poll #4)  order=6c5ae489
  [    269ms]  [92mVISIBLE[0m  (poll #5, X-Cache: MISS)  order=6c5ae489

[96mOrder 239/1000:[0m
  [      9ms]  [91mstale[0m    (poll #1)  order=4853777a
  [     73ms]  [91mstale[0m    (poll #2)  order=4853777a
  [    136ms]  [91mstale[0m    (poll #3)  order=4853777a
  [    201ms]  [91mstale[0m    (poll #4)  order=4853777a
  [    268ms]  [92mVISIBLE[0m  (poll #5, X-Cache: MISS)  order=4853777a

[96mOrder 240/1000:[0m
  [      6ms]  [91mstale[0m    (poll #1)  order=5a6e1e25
  [     61ms]  [91mstale[0m    (poll #2)  order=5a6e1e25
  [    124ms]  [91mstale[0m    (poll #3)  order=5a6e1e25
  [    190ms]  [92mVISIBLE[0m  (poll #4, X-Cache: MISS)  order=5a6e1e25

[96mOrder 241/1000:[0m
  [      9ms]  [91mstale[0m    (poll #1)  order=7821fef9
  [     72ms]  [91mstale[0m    (poll #2)  order=7821fef9
  [    137ms]  [91mstale[0m    (poll #3)  order=7821fef9
  [    204ms]  [91mstale[0m    (poll #4)  order=7821fef9
  [    270ms]  [92mVISIBLE[0m  (poll #5, X-Cache: MISS)  order=7821fef9

[96mOrder 242/1000:[0m
  [      5ms]  [91mstale[0m    (poll #1)  order=0add7cab
  [     65ms]  [91mstale[0m    (poll #2)  order=0add7cab
  [    131ms]  [91mstale[0m    (poll #3)  order=0add7cab
  [    197ms]  [91mstale[0m    (poll #4)  order=0add7cab
  [    267ms]  [92mVISIBLE[0m  (poll #5, X-Cache: MISS)  order=0add7cab

[96mOrder 243/1000:[0m
  [      9ms]  [91mstale[0m    (poll #1)  order=0a568ee0
  [     73ms]  [91mstale[0m    (poll #2)  order=0a568ee0
  [    135ms]  [91mstale[0m    (poll #3)  order=0a568ee0
  [    203ms]  [91mstale[0m    (poll #4)  order=0a568ee0
  [    267ms]  [92mVISIBLE[0m  (poll #5, X-Cache: MISS)  order=0a568ee0

[96mOrder 244/1000:[0m
  [      6ms]  [91mstale[0m    (poll #1)  order=a11c156e
  [     64ms]  [91mstale[0m    (poll #2)  order=a11c156e
  [    130ms]  [91mstale[0m    (poll #3)  order=a11c156e
  [    193ms]  [92mVISIBLE[0m  (poll #4, X-Cache: MISS)  order=a11c156e

[96mOrder 245/1000:[0m
  [      4ms]  [91mstale[0m    (poll #1)  order=ba8e825b
  [     64ms]  [91mstale[0m    (poll #2)  order=ba8e825b
  [    127ms]  [91mstale[0m    (poll #3)  order=ba8e825b
  [    192ms]  [92mVISIBLE[0m  (poll #4, X-Cache: MISS)  order=ba8e825b

[96mOrder 246/1000:[0m
  [      7ms]  [91mstale[0m    (poll #1)  order=349855c8
  [     68ms]  [91mstale[0m    (poll #2)  order=349855c8
  [    130ms]  [91mstale[0m    (poll #3)  order=349855c8
  [    198ms]  [91mstale[0m    (poll #4)  order=349855c8
  [    269ms]  [92mVISIBLE[0m  (poll #5, X-Cache: MISS)  order=349855c8

[96mOrder 247/1000:[0m
  [      8ms]  [91mstale[0m    (poll #1)  order=28a55a89
  [     72ms]  [91mstale[0m    (poll #2)  order=28a55a89
  [    136ms]  [91mstale[0m    (poll #3)  order=28a55a89
  [    205ms]  [91mstale[0m    (poll #4)  order=28a55a89
  [    272ms]  [92mVISIBLE[0m  (poll #5, X-Cache: MISS)  order=28a55a89

[96mOrder 248/1000:[0m
  [      9ms]  [91mstale[0m    (poll #1)  order=11a60c58
  [     70ms]  [91mstale[0m    (poll #2)  order=11a60c58
  [    131ms]  [91mstale[0m    (poll #3)  order=11a60c58
  [    196ms]  [92mVISIBLE[0m  (poll #4, X-Cache: MISS)  order=11a60c58

[96mOrder 249/1000:[0m
  [      7ms]  [91mstale[0m    (poll #1)  order=d2a61ac3
  [     70ms]  [91mstale[0m    (poll #2)  order=d2a61ac3
  [    134ms]  [91mstale[0m    (poll #3)  order=d2a61ac3
  [    200ms]  [91mstale[0m    (poll #4)  order=d2a61ac3
  [    277ms]  [92mVISIBLE[0m  (poll #5, X-Cache: MISS)  order=d2a61ac3

[96mOrder 250/1000:[0m
  [      4ms]  [91mstale[0m    (poll #1)  order=2dbeb592
  [     64ms]  [91mstale[0m    (poll #2)  order=2dbeb592
  [    124ms]  [91mstale[0m    (poll #3)  order=2dbeb592
  [    186ms]  [91mstale[0m    (poll #4)  order=2dbeb592
  [    246ms]  [92mVISIBLE[0m  (poll #5, X-Cache: MISS)  order=2dbeb592

[96mOrder 251/1000:[0m
  [      7ms]  [91mstale[0m    (poll #1)  order=e4c44eef
  [     68ms]  [91mstale[0m    (poll #2)  order=e4c44eef
  [    129ms]  [91mstale[0m    (poll #3)  order=e4c44eef
  [    197ms]  [91mstale[0m    (poll #4)  order=e4c44eef
  [    268ms]  [92mVISIBLE[0m  (poll #5, X-Cache: MISS)  order=e4c44eef

[96mOrder 252/1000:[0m
  [     10ms]  [91mstale[0m    (poll #1)  order=fc5e725f
  [     74ms]  [91mstale[0m    (poll #2)  order=fc5e725f
  [    138ms]  [91mstale[0m    (poll #3)  order=fc5e725f
  [    204ms]  [91mstale[0m    (poll #4)  order=fc5e725f
  [    275ms]  [92mVISIBLE[0m  (poll #5, X-Cache: MISS)  order=fc5e725f

[96mOrder 253/1000:[0m
  [      9ms]  [91mstale[0m    (poll #1)  order=a5a97beb
  [     71ms]  [91mstale[0m    (poll #2)  order=a5a97beb
  [    135ms]  [91mstale[0m    (poll #3)  order=a5a97beb
  [    200ms]  [91mstale[0m    (poll #4)  order=a5a97beb
  [    265ms]  [92mVISIBLE[0m  (poll #5, X-Cache: MISS)  order=a5a97beb

[96mOrder 254/1000:[0m
  [      9ms]  [91mstale[0m    (poll #1)  order=8cd71767
  [     74ms]  [91mstale[0m    (poll #2)  order=8cd71767
  [    136ms]  [91mstale[0m    (poll #3)  order=8cd71767
  [    201ms]  [92mVISIBLE[0m  (poll #4, X-Cache: MISS)  order=8cd71767

[96mOrder 255/1000:[0m
  [      8ms]  [91mstale[0m    (poll #1)  order=5495f234
  [     72ms]  [91mstale[0m    (poll #2)  order=5495f234
  [    137ms]  [91mstale[0m    (poll #3)  order=5495f234
  [    202ms]  [91mstale[0m    (poll #4)  order=5495f234
  [    275ms]  [92mVISIBLE[0m  (poll #5, X-Cache: MISS)  order=5495f234

[96mOrder 256/1000:[0m
  [     10ms]  [91mstale[0m    (poll #1)  order=beeb850b
  [     73ms]  [91mstale[0m    (poll #2)  order=beeb850b
  [    138ms]  [91mstale[0m    (poll #3)  order=beeb850b
  [    203ms]  [91mstale[0m    (poll #4)  order=beeb850b
  [    274ms]  [92mVISIBLE[0m  (poll #5, X-Cache: MISS)  order=beeb850b

[96mOrder 257/1000:[0m
  [      7ms]  [91mstale[0m    (poll #1)  order=c6b35c01
  [     71ms]  [91mstale[0m    (poll #2)  order=c6b35c01
  [    134ms]  [91mstale[0m    (poll #3)  order=c6b35c01
  [    200ms]  [92mVISIBLE[0m  (poll #4, X-Cache: MISS)  order=c6b35c01

[96mOrder 258/1000:[0m
  [     19ms]  [91mstale[0m    (poll #1)  order=277b3277
  [     80ms]  [91mstale[0m    (poll #2)  order=277b3277
  [    143ms]  [91mstale[0m    (poll #3)  order=277b3277
  [    206ms]  [91mstale[0m    (poll #4)  order=277b3277
  [    273ms]  [92mVISIBLE[0m  (poll #5, X-Cache: MISS)  order=277b3277

[96mOrder 259/1000:[0m
  [      9ms]  [91mstale[0m    (poll #1)  order=160fcee6
  [     69ms]  [91mstale[0m    (poll #2)  order=160fcee6
  [    132ms]  [91mstale[0m    (poll #3)  order=160fcee6
  [    200ms]  [91mstale[0m    (poll #4)  order=160fcee6
  [    272ms]  [92mVISIBLE[0m  (poll #5, X-Cache: MISS)  order=160fcee6

[96mOrder 260/1000:[0m
  [      9ms]  [91mstale[0m    (poll #1)  order=024d193e
  [     72ms]  [91mstale[0m    (poll #2)  order=024d193e
  [    135ms]  [91mstale[0m    (poll #3)  order=024d193e
  [    199ms]  [92mVISIBLE[0m  (poll #4, X-Cache: MISS)  order=024d193e

[96mOrder 261/1000:[0m
  [      9ms]  [91mstale[0m    (poll #1)  order=e446478d
  [     73ms]  [91mstale[0m    (poll #2)  order=e446478d
  [    134ms]  [91mstale[0m    (poll #3)  order=e446478d
  [    201ms]  [91mstale[0m    (poll #4)  order=e446478d
  [    273ms]  [92mVISIBLE[0m  (poll #5, X-Cache: MISS)  order=e446478d

[96mOrder 262/1000:[0m
  [      8ms]  [91mstale[0m    (poll #1)  order=6ddb1417
  [     73ms]  [91mstale[0m    (poll #2)  order=6ddb1417
  [    130ms]  [91mstale[0m    (poll #3)  order=6ddb1417
  [    195ms]  [91mstale[0m    (poll #4)  order=6ddb1417
  [    256ms]  [92mVISIBLE[0m  (poll #5, X-Cache: MISS)  order=6ddb1417

[96mOrder 263/1000:[0m
  [      5ms]  [91mstale[0m    (poll #1)  order=386e1457
  [     61ms]  [91mstale[0m    (poll #2)  order=386e1457
  [    123ms]  [91mstale[0m    (poll #3)  order=386e1457
  [    190ms]  [92mVISIBLE[0m  (poll #4, X-Cache: MISS)  order=386e1457

[96mOrder 264/1000:[0m
  [      4ms]  [91mstale[0m    (poll #1)  order=4b22b187
  [     63ms]  [91mstale[0m    (poll #2)  order=4b22b187
  [    125ms]  [91mstale[0m    (poll #3)  order=4b22b187
  [    184ms]  [91mstale[0m    (poll #4)  order=4b22b187
  [    248ms]  [92mVISIBLE[0m  (poll #5, X-Cache: MISS)  order=4b22b187

[96mOrder 265/1000:[0m
  [     10ms]  [91mstale[0m    (poll #1)  order=8faa2f19
  [     73ms]  [91mstale[0m    (poll #2)  order=8faa2f19
  [    131ms]  [91mstale[0m    (poll #3)  order=8faa2f19
  [    197ms]  [91mstale[0m    (poll #4)  order=8faa2f19
  [    265ms]  [92mVISIBLE[0m  (poll #5, X-Cache: MISS)  order=8faa2f19

[96mOrder 266/1000:[0m
  [      7ms]  [91mstale[0m    (poll #1)  order=e0786c35
  [     71ms]  [91mstale[0m    (poll #2)  order=e0786c35
  [    138ms]  [91mstale[0m    (poll #3)  order=e0786c35
  [    202ms]  [91mstale[0m    (poll #4)  order=e0786c35
  [    263ms]  [92mVISIBLE[0m  (poll #5, X-Cache: MISS)  order=e0786c35

[96mOrder 267/1000:[0m
  [      7ms]  [91mstale[0m    (poll #1)  order=f00f2c04
  [     66ms]  [91mstale[0m    (poll #2)  order=f00f2c04
  [    131ms]  [91mstale[0m    (poll #3)  order=f00f2c04
  [    194ms]  [91mstale[0m    (poll #4)  order=f00f2c04
  [    260ms]  [92mVISIBLE[0m  (poll #5, X-Cache: MISS)  order=f00f2c04

[96mOrder 268/1000:[0m
  [      7ms]  [91mstale[0m    (poll #1)  order=6788be26
  [     71ms]  [91mstale[0m    (poll #2)  order=6788be26
  [    134ms]  [91mstale[0m    (poll #3)  order=6788be26
  [    196ms]  [91mstale[0m    (poll #4)  order=6788be26
  [    254ms]  [92mVISIBLE[0m  (poll #5, X-Cache: MISS)  order=6788be26

[96mOrder 269/1000:[0m
  [      4ms]  [91mstale[0m    (poll #1)  order=d44a020f
  [     63ms]  [91mstale[0m    (poll #2)  order=d44a020f
  [    120ms]  [91mstale[0m    (poll #3)  order=d44a020f
  [    184ms]  [92mVISIBLE[0m  (poll #4, X-Cache: MISS)  order=d44a020f

[96mOrder 270/1000:[0m
  [      6ms]  [91mstale[0m    (poll #1)  order=a6dc133b
  [     63ms]  [91mstale[0m    (poll #2)  order=a6dc133b
  [    124ms]  [91mstale[0m    (poll #3)  order=a6dc133b
  [    189ms]  [91mstale[0m    (poll #4)  order=a6dc133b
  [    252ms]  [92mVISIBLE[0m  (poll #5, X-Cache: MISS)  order=a6dc133b

[96mOrder 271/1000:[0m
  [      6ms]  [91mstale[0m    (poll #1)  order=e12582d3
  [     66ms]  [91mstale[0m    (poll #2)  order=e12582d3
  [    128ms]  [91mstale[0m    (poll #3)  order=e12582d3
  [    192ms]  [91mstale[0m    (poll #4)  order=e12582d3
  [    261ms]  [92mVISIBLE[0m  (poll #5, X-Cache: MISS)  order=e12582d3

[96mOrder 272/1000:[0m
  [      7ms]  [91mstale[0m    (poll #1)  order=7c837fed
  [     70ms]  [91mstale[0m    (poll #2)  order=7c837fed
  [    132ms]  [91mstale[0m    (poll #3)  order=7c837fed
  [    194ms]  [91mstale[0m    (poll #4)  order=7c837fed
  [    259ms]  [92mVISIBLE[0m  (poll #5, X-Cache: MISS)  order=7c837fed

[96mOrder 273/1000:[0m
  [      4ms]  [91mstale[0m    (poll #1)  order=0eb16bd6
  [     62ms]  [91mstale[0m    (poll #2)  order=0eb16bd6
  [    124ms]  [91mstale[0m    (poll #3)  order=0eb16bd6
  [    188ms]  [91mstale[0m    (poll #4)  order=0eb16bd6
  [    248ms]  [92mVISIBLE[0m  (poll #5, X-Cache: MISS)  order=0eb16bd6

[96mOrder 274/1000:[0m
  [      6ms]  [91mstale[0m    (poll #1)  order=1aa32b34
  [     68ms]  [91mstale[0m    (poll #2)  order=1aa32b34
  [    128ms]  [91mstale[0m    (poll #3)  order=1aa32b34
  [    193ms]  [91mstale[0m    (poll #4)  order=1aa32b34
  [    264ms]  [92mVISIBLE[0m  (poll #5, X-Cache: MISS)  order=1aa32b34

[96mOrder 275/1000:[0m
  [     10ms]  [91mstale[0m    (poll #1)  order=df88ef1f
  [     74ms]  [91mstale[0m    (poll #2)  order=df88ef1f
  [    140ms]  [91mstale[0m    (poll #3)  order=df88ef1f
  [    210ms]  [91mstale[0m    (poll #4)  order=df88ef1f
  [    278ms]  [92mVISIBLE[0m  (poll #5, X-Cache: MISS)  order=df88ef1f

[96mOrder 276/1000:[0m
  [      8ms]  [91mstale[0m    (poll #1)  order=7f030e4d
  [     69ms]  [91mstale[0m    (poll #2)  order=7f030e4d
  [    133ms]  [91mstale[0m    (poll #3)  order=7f030e4d
  [    197ms]  [92mVISIBLE[0m  (poll #4, X-Cache: MISS)  order=7f030e4d

[96mOrder 277/1000:[0m
  [      7ms]  [91mstale[0m    (poll #1)  order=84591ff1
  [     70ms]  [91mstale[0m    (poll #2)  order=84591ff1
  [    132ms]  [91mstale[0m    (poll #3)  order=84591ff1
  [    197ms]  [92mVISIBLE[0m  (poll #4, X-Cache: MISS)  order=84591ff1

[96mOrder 278/1000:[0m
  [      7ms]  [91mstale[0m    (poll #1)  order=99ab1ae1
  [     66ms]  [91mstale[0m    (poll #2)  order=99ab1ae1
  [    127ms]  [91mstale[0m    (poll #3)  order=99ab1ae1
  [    194ms]  [91mstale[0m    (poll #4)  order=99ab1ae1
  [    277ms]  [92mVISIBLE[0m  (poll #5, X-Cache: MISS)  order=99ab1ae1

[96mOrder 279/1000:[0m
  [      9ms]  [91mstale[0m    (poll #1)  order=a4066557
  [     74ms]  [91mstale[0m    (poll #2)  order=a4066557
  [    141ms]  [91mstale[0m    (poll #3)  order=a4066557
  [    211ms]  [92mVISIBLE[0m  (poll #4, X-Cache: MISS)  order=a4066557

[96mOrder 280/1000:[0m
  [      8ms]  [91mstale[0m    (poll #1)  order=b51b3c3d
  [     67ms]  [91mstale[0m    (poll #2)  order=b51b3c3d
  [    132ms]  [91mstale[0m    (poll #3)  order=b51b3c3d
  [    200ms]  [92mVISIBLE[0m  (poll #4, X-Cache: MISS)  order=b51b3c3d

[96mOrder 281/1000:[0m
  [      8ms]  [91mstale[0m    (poll #1)  order=c460f854
  [     68ms]  [91mstale[0m    (poll #2)  order=c460f854
  [    130ms]  [91mstale[0m    (poll #3)  order=c460f854
  [    200ms]  [91mstale[0m    (poll #4)  order=c460f854
  [    268ms]  [92mVISIBLE[0m  (poll #5, X-Cache: MISS)  order=c460f854

[96mOrder 282/1000:[0m
  [      7ms]  [91mstale[0m    (poll #1)  order=bd851260
  [     70ms]  [91mstale[0m    (poll #2)  order=bd851260
  [    135ms]  [91mstale[0m    (poll #3)  order=bd851260
  [    201ms]  [91mstale[0m    (poll #4)  order=bd851260
  [    272ms]  [92mVISIBLE[0m  (poll #5, X-Cache: MISS)  order=bd851260

[96mOrder 283/1000:[0m
  [     10ms]  [91mstale[0m    (poll #1)  order=d2b9ccd3
  [     75ms]  [91mstale[0m    (poll #2)  order=d2b9ccd3
  [    138ms]  [91mstale[0m    (poll #3)  order=d2b9ccd3
  [    200ms]  [91mstale[0m    (poll #4)  order=d2b9ccd3
  [    263ms]  [92mVISIBLE[0m  (poll #5, X-Cache: MISS)  order=d2b9ccd3

[96mOrder 284/1000:[0m
  [      7ms]  [91mstale[0m    (poll #1)  order=7e49f40a
  [     68ms]  [91mstale[0m    (poll #2)  order=7e49f40a
  [    130ms]  [91mstale[0m    (poll #3)  order=7e49f40a
  [    197ms]  [92mVISIBLE[0m  (poll #4, X-Cache: MISS)  order=7e49f40a

[96mOrder 285/1000:[0m
  [      7ms]  [91mstale[0m    (poll #1)  order=1bb669b2
  [     72ms]  [91mstale[0m    (poll #2)  order=1bb669b2
  [    137ms]  [91mstale[0m    (poll #3)  order=1bb669b2
  [    201ms]  [91mstale[0m    (poll #4)  order=1bb669b2
  [    270ms]  [92mVISIBLE[0m  (poll #5, X-Cache: MISS)  order=1bb669b2

[96mOrder 286/1000:[0m
  [      7ms]  [91mstale[0m    (poll #1)  order=6210b5b8
  [     69ms]  [91mstale[0m    (poll #2)  order=6210b5b8
  [    130ms]  [91mstale[0m    (poll #3)  order=6210b5b8
  [    195ms]  [91mstale[0m    (poll #4)  order=6210b5b8
  [    260ms]  [92mVISIBLE[0m  (poll #5, X-Cache: MISS)  order=6210b5b8

[96mOrder 287/1000:[0m
  [      8ms]  [91mstale[0m    (poll #1)  order=bdcb0a81
  [     72ms]  [91mstale[0m    (poll #2)  order=bdcb0a81
  [    133ms]  [91mstale[0m    (poll #3)  order=bdcb0a81
  [    196ms]  [91mstale[0m    (poll #4)  order=bdcb0a81
  [    262ms]  [92mVISIBLE[0m  (poll #5, X-Cache: MISS)  order=bdcb0a81

[96mOrder 288/1000:[0m
  [      8ms]  [91mstale[0m    (poll #1)  order=7471361b
  [     67ms]  [91mstale[0m    (poll #2)  order=7471361b
  [    134ms]  [91mstale[0m    (poll #3)  order=7471361b
  [    201ms]  [92mVISIBLE[0m  (poll #4, X-Cache: MISS)  order=7471361b

[96mOrder 289/1000:[0m
  [      8ms]  [91mstale[0m    (poll #1)  order=3b54a5d5
  [     68ms]  [91mstale[0m    (poll #2)  order=3b54a5d5
  [    134ms]  [91mstale[0m    (poll #3)  order=3b54a5d5
  [    201ms]  [92mVISIBLE[0m  (poll #4, X-Cache: MISS)  order=3b54a5d5

[96mOrder 290/1000:[0m
  [      8ms]  [91mstale[0m    (poll #1)  order=75be6105
  [     73ms]  [91mstale[0m    (poll #2)  order=75be6105
  [    138ms]  [91mstale[0m    (poll #3)  order=75be6105
  [    201ms]  [91mstale[0m    (poll #4)  order=75be6105
  [    268ms]  [92mVISIBLE[0m  (poll #5, X-Cache: MISS)  order=75be6105

[96mOrder 291/1000:[0m
  [      8ms]  [91mstale[0m    (poll #1)  order=f248dbc5
  [     73ms]  [91mstale[0m    (poll #2)  order=f248dbc5
  [    139ms]  [91mstale[0m    (poll #3)  order=f248dbc5
  [    205ms]  [92mVISIBLE[0m  (poll #4, X-Cache: MISS)  order=f248dbc5

[96mOrder 292/1000:[0m
  [      9ms]  [91mstale[0m    (poll #1)  order=7c639fd3
  [     73ms]  [91mstale[0m    (poll #2)  order=7c639fd3
  [    140ms]  [91mstale[0m    (poll #3)  order=7c639fd3
  [    203ms]  [91mstale[0m    (poll #4)  order=7c639fd3
  [    270ms]  [92mVISIBLE[0m  (poll #5, X-Cache: MISS)  order=7c639fd3

[96mOrder 293/1000:[0m
  [      8ms]  [91mstale[0m    (poll #1)  order=0d4d3586
  [     72ms]  [91mstale[0m    (poll #2)  order=0d4d3586
  [    133ms]  [91mstale[0m    (poll #3)  order=0d4d3586
  [    199ms]  [91mstale[0m    (poll #4)  order=0d4d3586
  [    267ms]  [92mVISIBLE[0m  (poll #5, X-Cache: MISS)  order=0d4d3586

[96mOrder 294/1000:[0m
  [      7ms]  [91mstale[0m    (poll #1)  order=55b09af8
  [     66ms]  [91mstale[0m    (poll #2)  order=55b09af8
  [    131ms]  [91mstale[0m    (poll #3)  order=55b09af8
  [    198ms]  [92mVISIBLE[0m  (poll #4, X-Cache: MISS)  order=55b09af8

[96mOrder 295/1000:[0m
  [      7ms]  [91mstale[0m    (poll #1)  order=be3a357c
  [     67ms]  [91mstale[0m    (poll #2)  order=be3a357c
  [    129ms]  [91mstale[0m    (poll #3)  order=be3a357c
  [    197ms]  [92mVISIBLE[0m  (poll #4, X-Cache: MISS)  order=be3a357c

[96mOrder 296/1000:[0m
  [      8ms]  [91mstale[0m    (poll #1)  order=8893d5c4
  [     72ms]  [91mstale[0m    (poll #2)  order=8893d5c4
  [    133ms]  [91mstale[0m    (poll #3)  order=8893d5c4
  [    201ms]  [91mstale[0m    (poll #4)  order=8893d5c4
  [    268ms]  [92mVISIBLE[0m  (poll #5, X-Cache: MISS)  order=8893d5c4

[96mOrder 297/1000:[0m
  [      8ms]  [91mstale[0m    (poll #1)  order=b5565099
  [     71ms]  [91mstale[0m    (poll #2)  order=b5565099
  [    136ms]  [91mstale[0m    (poll #3)  order=b5565099
  [    200ms]  [91mstale[0m    (poll #4)  order=b5565099
  [    269ms]  [92mVISIBLE[0m  (poll #5, X-Cache: MISS)  order=b5565099

[96mOrder 298/1000:[0m
  [      7ms]  [91mstale[0m    (poll #1)  order=8b6d2fad
  [     69ms]  [91mstale[0m    (poll #2)  order=8b6d2fad
  [    134ms]  [91mstale[0m    (poll #3)  order=8b6d2fad
  [    203ms]  [91mstale[0m    (poll #4)  order=8b6d2fad
  [    268ms]  [92mVISIBLE[0m  (poll #5, X-Cache: MISS)  order=8b6d2fad

[96mOrder 299/1000:[0m
  [     10ms]  [91mstale[0m    (poll #1)  order=acf5563f
  [     72ms]  [91mstale[0m    (poll #2)  order=acf5563f
  [    150ms]  [91mstale[0m    (poll #3)  order=acf5563f
  [    247ms]  [92mVISIBLE[0m  (poll #4, X-Cache: MISS)  order=acf5563f

[96mOrder 300/1000:[0m
  [      7ms]  [91mstale[0m    (poll #1)  order=326666b0
  [     70ms]  [91mstale[0m    (poll #2)  order=326666b0
  [    132ms]  [91mstale[0m    (poll #3)  order=326666b0
  [    199ms]  [91mstale[0m    (poll #4)  order=326666b0
  [    260ms]  [92mVISIBLE[0m  (poll #5, X-Cache: MISS)  order=326666b0

[96mOrder 301/1000:[0m
  [      6ms]  [91mstale[0m    (poll #1)  order=738681e8
  [     64ms]  [91mstale[0m    (poll #2)  order=738681e8
  [    138ms]  [91mstale[0m    (poll #3)  order=738681e8
  [    199ms]  [91mstale[0m    (poll #4)  order=738681e8
  [    260ms]  [92mVISIBLE[0m  (poll #5, X-Cache: MISS)  order=738681e8

[96mOrder 302/1000:[0m
  [      6ms]  [91mstale[0m    (poll #1)  order=4a921c5c
  [     67ms]  [91mstale[0m    (poll #2)  order=4a921c5c
  [    133ms]  [91mstale[0m    (poll #3)  order=4a921c5c
  [    194ms]  [91mstale[0m    (poll #4)  order=4a921c5c
  [    254ms]  [92mVISIBLE[0m  (poll #5, X-Cache: MISS)  order=4a921c5c

[96mOrder 303/1000:[0m
  [      6ms]  [91mstale[0m    (poll #1)  order=8e1c77d0
  [     63ms]  [91mstale[0m    (poll #2)  order=8e1c77d0
  [    133ms]  [91mstale[0m    (poll #3)  order=8e1c77d0
  [    203ms]  [91mstale[0m    (poll #4)  order=8e1c77d0
  [    271ms]  [92mVISIBLE[0m  (poll #5, X-Cache: MISS)  order=8e1c77d0

[96mOrder 304/1000:[0m
  [      8ms]  [91mstale[0m    (poll #1)  order=b2efbb9f
  [     69ms]  [91mstale[0m    (poll #2)  order=b2efbb9f
  [    133ms]  [91mstale[0m    (poll #3)  order=b2efbb9f
  [    202ms]  [91mstale[0m    (poll #4)  order=b2efbb9f
  [    270ms]  [92mVISIBLE[0m  (poll #5, X-Cache: MISS)  order=b2efbb9f

[96mOrder 305/1000:[0m
  [      6ms]  [91mstale[0m    (poll #1)  order=dd31c1b1
  [     64ms]  [91mstale[0m    (poll #2)  order=dd31c1b1
  [    126ms]  [91mstale[0m    (poll #3)  order=dd31c1b1
  [    189ms]  [91mstale[0m    (poll #4)  order=dd31c1b1
  [    261ms]  [92mVISIBLE[0m  (poll #5, X-Cache: MISS)  order=dd31c1b1

[96mOrder 306/1000:[0m
  [      9ms]  [91mstale[0m    (poll #1)  order=8a95c817
  [     71ms]  [91mstale[0m    (poll #2)  order=8a95c817
  [    135ms]  [91mstale[0m    (poll #3)  order=8a95c817
  [    200ms]  [92mVISIBLE[0m  (poll #4, X-Cache: MISS)  order=8a95c817

[96mOrder 307/1000:[0m
  [      8ms]  [91mstale[0m    (poll #1)  order=9a1a0855
  [     72ms]  [91mstale[0m    (poll #2)  order=9a1a0855
  [    133ms]  [91mstale[0m    (poll #3)  order=9a1a0855
  [    197ms]  [91mstale[0m    (poll #4)  order=9a1a0855
  [    263ms]  [92mVISIBLE[0m  (poll #5, X-Cache: MISS)  order=9a1a0855

[96mOrder 308/1000:[0m
  [      5ms]  [91mstale[0m    (poll #1)  order=236993ff
  [     66ms]  [91mstale[0m    (poll #2)  order=236993ff
  [    124ms]  [91mstale[0m    (poll #3)  order=236993ff
  [    185ms]  [91mstale[0m    (poll #4)  order=236993ff
  [    244ms]  [91mstale[0m    (poll #5)  order=236993ff
  [    303ms]  [92mVISIBLE[0m  (poll #6, X-Cache: MISS)  order=236993ff

[96mOrder 309/1000:[0m
  [      5ms]  [91mstale[0m    (poll #1)  order=b19b3797
  [     66ms]  [91mstale[0m    (poll #2)  order=b19b3797
  [    129ms]  [91mstale[0m    (poll #3)  order=b19b3797
  [    194ms]  [91mstale[0m    (poll #4)  order=b19b3797
  [    267ms]  [92mVISIBLE[0m  (poll #5, X-Cache: MISS)  order=b19b3797

[96mOrder 310/1000:[0m
  [     10ms]  [91mstale[0m    (poll #1)  order=6bcd4dae
  [     75ms]  [91mstale[0m    (poll #2)  order=6bcd4dae
  [    142ms]  [91mstale[0m    (poll #3)  order=6bcd4dae
  [    201ms]  [92mVISIBLE[0m  (poll #4, X-Cache: MISS)  order=6bcd4dae

[96mOrder 311/1000:[0m
  [      5ms]  [91mstale[0m    (poll #1)  order=b36aa769
  [     60ms]  [91mstale[0m    (poll #2)  order=b36aa769
  [    119ms]  [91mstale[0m    (poll #3)  order=b36aa769
  [    180ms]  [91mstale[0m    (poll #4)  order=b36aa769
  [    244ms]  [92mVISIBLE[0m  (poll #5, X-Cache: MISS)  order=b36aa769

[96mOrder 312/1000:[0m
  [      7ms]  [91mstale[0m    (poll #1)  order=14448fb7
  [     70ms]  [91mstale[0m    (poll #2)  order=14448fb7
  [    133ms]  [91mstale[0m    (poll #3)  order=14448fb7
  [    196ms]  [91mstale[0m    (poll #4)  order=14448fb7
  [    267ms]  [92mVISIBLE[0m  (poll #5, X-Cache: MISS)  order=14448fb7

[96mOrder 313/1000:[0m
  [     10ms]  [91mstale[0m    (poll #1)  order=54394540
  [     74ms]  [91mstale[0m    (poll #2)  order=54394540
  [    141ms]  [91mstale[0m    (poll #3)  order=54394540
  [    208ms]  [91mstale[0m    (poll #4)  order=54394540
  [    276ms]  [92mVISIBLE[0m  (poll #5, X-Cache: MISS)  order=54394540

[96mOrder 314/1000:[0m
  [      9ms]  [91mstale[0m    (poll #1)  order=d51e2f42
  [     74ms]  [91mstale[0m    (poll #2)  order=d51e2f42
  [    140ms]  [91mstale[0m    (poll #3)  order=d51e2f42
  [    207ms]  [92mVISIBLE[0m  (poll #4, X-Cache: MISS)  order=d51e2f42

[96mOrder 315/1000:[0m
  [      8ms]  [91mstale[0m    (poll #1)  order=15ce0634
  [     72ms]  [91mstale[0m    (poll #2)  order=15ce0634
  [    132ms]  [91mstale[0m    (poll #3)  order=15ce0634
  [    201ms]  [91mstale[0m    (poll #4)  order=15ce0634
  [    272ms]  [92mVISIBLE[0m  (poll #5, X-Cache: MISS)  order=15ce0634

[96mOrder 316/1000:[0m
  [     11ms]  [91mstale[0m    (poll #1)  order=98d70e2e
  [     75ms]  [91mstale[0m    (poll #2)  order=98d70e2e
  [    142ms]  [91mstale[0m    (poll #3)  order=98d70e2e
  [    207ms]  [91mstale[0m    (poll #4)  order=98d70e2e
  [    277ms]  [92mVISIBLE[0m  (poll #5, X-Cache: MISS)  order=98d70e2e

[96mOrder 317/1000:[0m
  [      8ms]  [91mstale[0m    (poll #1)  order=81f2cf21
  [     73ms]  [91mstale[0m    (poll #2)  order=81f2cf21
  [    133ms]  [91mstale[0m    (poll #3)  order=81f2cf21
  [    201ms]  [91mstale[0m    (poll #4)  order=81f2cf21
  [    274ms]  [92mVISIBLE[0m  (poll #5, X-Cache: MISS)  order=81f2cf21

[96mOrder 318/1000:[0m
  [     10ms]  [91mstale[0m    (poll #1)  order=ce0efc60
  [     71ms]  [91mstale[0m    (poll #2)  order=ce0efc60
  [    139ms]  [91mstale[0m    (poll #3)  order=ce0efc60
  [    204ms]  [92mVISIBLE[0m  (poll #4, X-Cache: MISS)  order=ce0efc60

[96mOrder 319/1000:[0m
  [      7ms]  [91mstale[0m    (poll #1)  order=a50b9843
  [     68ms]  [91mstale[0m    (poll #2)  order=a50b9843
  [    133ms]  [91mstale[0m    (poll #3)  order=a50b9843
  [    196ms]  [91mstale[0m    (poll #4)  order=a50b9843
  [    262ms]  [92mVISIBLE[0m  (poll #5, X-Cache: MISS)  order=a50b9843

[96mOrder 320/1000:[0m
  [      9ms]  [91mstale[0m    (poll #1)  order=88c809f3
  [     75ms]  [91mstale[0m    (poll #2)  order=88c809f3
  [    138ms]  [91mstale[0m    (poll #3)  order=88c809f3
  [    203ms]  [91mstale[0m    (poll #4)  order=88c809f3
  [    269ms]  [92mVISIBLE[0m  (poll #5, X-Cache: MISS)  order=88c809f3

[96mOrder 321/1000:[0m
  [      6ms]  [91mstale[0m    (poll #1)  order=69173cb2
  [     66ms]  [91mstale[0m    (poll #2)  order=69173cb2
  [    129ms]  [91mstale[0m    (poll #3)  order=69173cb2
  [    189ms]  [92mVISIBLE[0m  (poll #4, X-Cache: MISS)  order=69173cb2

[96mOrder 322/1000:[0m
  [      7ms]  [91mstale[0m    (poll #1)  order=0508ae67
  [     70ms]  [91mstale[0m    (poll #2)  order=0508ae67
  [    133ms]  [91mstale[0m    (poll #3)  order=0508ae67
  [    198ms]  [91mstale[0m    (poll #4)  order=0508ae67
  [    265ms]  [92mVISIBLE[0m  (poll #5, X-Cache: MISS)  order=0508ae67

[96mOrder 323/1000:[0m
  [      8ms]  [91mstale[0m    (poll #1)  order=772ff609
  [     73ms]  [91mstale[0m    (poll #2)  order=772ff609
  [    136ms]  [91mstale[0m    (poll #3)  order=772ff609
  [    205ms]  [92mVISIBLE[0m  (poll #4, X-Cache: MISS)  order=772ff609

[96mOrder 324/1000:[0m
  [      7ms]  [91mstale[0m    (poll #1)  order=a4d9d934
  [     66ms]  [91mstale[0m    (poll #2)  order=a4d9d934
  [    127ms]  [91mstale[0m    (poll #3)  order=a4d9d934
  [    192ms]  [91mstale[0m    (poll #4)  order=a4d9d934
  [    259ms]  [92mVISIBLE[0m  (poll #5, X-Cache: MISS)  order=a4d9d934

[96mOrder 325/1000:[0m
  [      8ms]  [91mstale[0m    (poll #1)  order=fc04a952
  [     68ms]  [91mstale[0m    (poll #2)  order=fc04a952
  [    134ms]  [91mstale[0m    (poll #3)  order=fc04a952
  [    197ms]  [91mstale[0m    (poll #4)  order=fc04a952
  [    263ms]  [92mVISIBLE[0m  (poll #5, X-Cache: MISS)  order=fc04a952

[96mOrder 326/1000:[0m
  [      8ms]  [91mstale[0m    (poll #1)  order=2f173127
  [     72ms]  [91mstale[0m    (poll #2)  order=2f173127
  [    138ms]  [91mstale[0m    (poll #3)  order=2f173127
  [    217ms]  [91mstale[0m    (poll #4)  order=2f173127
  [    277ms]  [92mVISIBLE[0m  (poll #5, X-Cache: MISS)  order=2f173127

[96mOrder 327/1000:[0m
  [      6ms]  [91mstale[0m    (poll #1)  order=db655bbe
  [     69ms]  [91mstale[0m    (poll #2)  order=db655bbe
  [    133ms]  [91mstale[0m    (poll #3)  order=db655bbe
  [    200ms]  [91mstale[0m    (poll #4)  order=db655bbe
  [    267ms]  [92mVISIBLE[0m  (poll #5, X-Cache: MISS)  order=db655bbe

[96mOrder 328/1000:[0m
  [      8ms]  [91mstale[0m    (poll #1)  order=b220b1d0
  [     71ms]  [91mstale[0m    (poll #2)  order=b220b1d0
  [    138ms]  [91mstale[0m    (poll #3)  order=b220b1d0
  [    205ms]  [92mVISIBLE[0m  (poll #4, X-Cache: MISS)  order=b220b1d0

[96mOrder 329/1000:[0m
  [      6ms]  [91mstale[0m    (poll #1)  order=0365df50
  [     66ms]  [91mstale[0m    (poll #2)  order=0365df50
  [    127ms]  [91mstale[0m    (poll #3)  order=0365df50
  [    191ms]  [92mVISIBLE[0m  (poll #4, X-Cache: MISS)  order=0365df50

[96mOrder 330/1000:[0m
  [      7ms]  [91mstale[0m    (poll #1)  order=f6dcc0d4
  [     67ms]  [91mstale[0m    (poll #2)  order=f6dcc0d4
  [    130ms]  [91mstale[0m    (poll #3)  order=f6dcc0d4
  [    198ms]  [91mstale[0m    (poll #4)  order=f6dcc0d4
  [    269ms]  [92mVISIBLE[0m  (poll #5, X-Cache: MISS)  order=f6dcc0d4

[96mOrder 331/1000:[0m
  [      9ms]  [91mstale[0m    (poll #1)  order=90d8925b
  [     72ms]  [91mstale[0m    (poll #2)  order=90d8925b
  [    133ms]  [91mstale[0m    (poll #3)  order=90d8925b
  [    200ms]  [92mVISIBLE[0m  (poll #4, X-Cache: MISS)  order=90d8925b

[96mOrder 332/1000:[0m
  [      7ms]  [91mstale[0m    (poll #1)  order=b25fd500
  [     70ms]  [91mstale[0m    (poll #2)  order=b25fd500
  [    131ms]  [91mstale[0m    (poll #3)  order=b25fd500
  [    197ms]  [91mstale[0m    (poll #4)  order=b25fd500
  [    269ms]  [92mVISIBLE[0m  (poll #5, X-Cache: MISS)  order=b25fd500

[96mOrder 333/1000:[0m
  [      8ms]  [91mstale[0m    (poll #1)  order=de5851d8
  [     69ms]  [91mstale[0m    (poll #2)  order=de5851d8
  [    130ms]  [91mstale[0m    (poll #3)  order=de5851d8
  [    197ms]  [91mstale[0m    (poll #4)  order=de5851d8
  [    264ms]  [92mVISIBLE[0m  (poll #5, X-Cache: MISS)  order=de5851d8

[96mOrder 334/1000:[0m
  [      8ms]  [91mstale[0m    (poll #1)  order=5aeb849d
  [     70ms]  [91mstale[0m    (poll #2)  order=5aeb849d
  [    130ms]  [91mstale[0m    (poll #3)  order=5aeb849d
  [    196ms]  [91mstale[0m    (poll #4)  order=5aeb849d
  [    273ms]  [92mVISIBLE[0m  (poll #5, X-Cache: MISS)  order=5aeb849d

[96mOrder 335/1000:[0m
  [      9ms]  [91mstale[0m    (poll #1)  order=3f05266a
  [     73ms]  [91mstale[0m    (poll #2)  order=3f05266a
  [    137ms]  [91mstale[0m    (poll #3)  order=3f05266a
  [    203ms]  [92mVISIBLE[0m  (poll #4, X-Cache: MISS)  order=3f05266a

[96mOrder 336/1000:[0m
  [      8ms]  [91mstale[0m    (poll #1)  order=117ab35b
  [     72ms]  [91mstale[0m    (poll #2)  order=117ab35b
  [    138ms]  [91mstale[0m    (poll #3)  order=117ab35b
  [    203ms]  [91mstale[0m    (poll #4)  order=117ab35b
  [    276ms]  [92mVISIBLE[0m  (poll #5, X-Cache: MISS)  order=117ab35b

[96mOrder 337/1000:[0m
  [      7ms]  [91mstale[0m    (poll #1)  order=dc6b7659
  [     71ms]  [91mstale[0m    (poll #2)  order=dc6b7659
  [    136ms]  [91mstale[0m    (poll #3)  order=dc6b7659
  [    199ms]  [91mstale[0m    (poll #4)  order=dc6b7659
  [    265ms]  [92mVISIBLE[0m  (poll #5, X-Cache: MISS)  order=dc6b7659

[96mOrder 338/1000:[0m
  [      7ms]  [91mstale[0m    (poll #1)  order=7dc11276
  [     69ms]  [91mstale[0m    (poll #2)  order=7dc11276
  [    130ms]  [91mstale[0m    (poll #3)  order=7dc11276
  [    188ms]  [91mstale[0m    (poll #4)  order=7dc11276
  [    246ms]  [92mVISIBLE[0m  (poll #5, X-Cache: MISS)  order=7dc11276

[96mOrder 339/1000:[0m
  [      4ms]  [91mstale[0m    (poll #1)  order=46c1a055
  [     63ms]  [91mstale[0m    (poll #2)  order=46c1a055
  [    125ms]  [91mstale[0m    (poll #3)  order=46c1a055
  [    189ms]  [91mstale[0m    (poll #4)  order=46c1a055
  [    253ms]  [92mVISIBLE[0m  (poll #5, X-Cache: MISS)  order=46c1a055

[96mOrder 340/1000:[0m
  [      6ms]  [91mstale[0m    (poll #1)  order=0f462e94
  [     68ms]  [91mstale[0m    (poll #2)  order=0f462e94
  [    129ms]  [91mstale[0m    (poll #3)  order=0f462e94
  [    188ms]  [91mstale[0m    (poll #4)  order=0f462e94
  [    251ms]  [92mVISIBLE[0m  (poll #5, X-Cache: MISS)  order=0f462e94

[96mOrder 341/1000:[0m
  [      4ms]  [91mstale[0m    (poll #1)  order=0f512fbb
  [     65ms]  [91mstale[0m    (poll #2)  order=0f512fbb
  [    127ms]  [91mstale[0m    (poll #3)  order=0f512fbb
  [    191ms]  [91mstale[0m    (poll #4)  order=0f512fbb
  [    252ms]  [92mVISIBLE[0m  (poll #5, X-Cache: MISS)  order=0f512fbb

[96mOrder 342/1000:[0m
  [      6ms]  [91mstale[0m    (poll #1)  order=0aee7018
  [     69ms]  [91mstale[0m    (poll #2)  order=0aee7018
  [    129ms]  [91mstale[0m    (poll #3)  order=0aee7018
  [    194ms]  [91mstale[0m    (poll #4)  order=0aee7018
  [    256ms]  [92mVISIBLE[0m  (poll #5, X-Cache: MISS)  order=0aee7018

[96mOrder 343/1000:[0m
  [      7ms]  [91mstale[0m    (poll #1)  order=4e369b49
  [     69ms]  [91mstale[0m    (poll #2)  order=4e369b49
  [    129ms]  [91mstale[0m    (poll #3)  order=4e369b49
  [    194ms]  [92mVISIBLE[0m  (poll #4, X-Cache: MISS)  order=4e369b49

[96mOrder 344/1000:[0m
  [      6ms]  [91mstale[0m    (poll #1)  order=b2585f43
  [     64ms]  [91mstale[0m    (poll #2)  order=b2585f43
  [    129ms]  [91mstale[0m    (poll #3)  order=b2585f43
  [    194ms]  [91mstale[0m    (poll #4)  order=b2585f43
  [    266ms]  [92mVISIBLE[0m  (poll #5, X-Cache: MISS)  order=b2585f43

[96mOrder 345/1000:[0m
  [      9ms]  [91mstale[0m    (poll #1)  order=b4e92f75
  [     68ms]  [91mstale[0m    (poll #2)  order=b4e92f75
  [    134ms]  [91mstale[0m    (poll #3)  order=b4e92f75
  [    196ms]  [92mVISIBLE[0m  (poll #4, X-Cache: MISS)  order=b4e92f75

[96mOrder 346/1000:[0m
  [      7ms]  [91mstale[0m    (poll #1)  order=19886966
  [     73ms]  [91mstale[0m    (poll #2)  order=19886966
  [    138ms]  [91mstale[0m    (poll #3)  order=19886966
  [    208ms]  [91mstale[0m    (poll #4)  order=19886966
  [    267ms]  [92mVISIBLE[0m  (poll #5, X-Cache: MISS)  order=19886966

[96mOrder 347/1000:[0m
  [      4ms]  [91mstale[0m    (poll #1)  order=b9269c6d
  [     63ms]  [91mstale[0m    (poll #2)  order=b9269c6d
  [    122ms]  [91mstale[0m    (poll #3)  order=b9269c6d
  [    183ms]  [91mstale[0m    (poll #4)  order=b9269c6d
  [    244ms]  [92mVISIBLE[0m  (poll #5, X-Cache: MISS)  order=b9269c6d

[96mOrder 348/1000:[0m
  [      5ms]  [91mstale[0m    (poll #1)  order=50afbcef
  [     61ms]  [91mstale[0m    (poll #2)  order=50afbcef
  [    125ms]  [91mstale[0m    (poll #3)  order=50afbcef
  [    187ms]  [91mstale[0m    (poll #4)  order=50afbcef
  [    264ms]  [92mVISIBLE[0m  (poll #5, X-Cache: MISS)  order=50afbcef

[96mOrder 349/1000:[0m
  [      3ms]  [91mstale[0m    (poll #1)  order=008e8911
  [     62ms]  [91mstale[0m    (poll #2)  order=008e8911
  [    124ms]  [91mstale[0m    (poll #3)  order=008e8911
  [    184ms]  [92mVISIBLE[0m  (poll #4, X-Cache: MISS)  order=008e8911

[96mOrder 350/1000:[0m
  [      5ms]  [91mstale[0m    (poll #1)  order=0c81345f
  [     67ms]  [91mstale[0m    (poll #2)  order=0c81345f
  [    131ms]  [91mstale[0m    (poll #3)  order=0c81345f
  [    198ms]  [91mstale[0m    (poll #4)  order=0c81345f
  [    267ms]  [92mVISIBLE[0m  (poll #5, X-Cache: MISS)  order=0c81345f

[96mOrder 351/1000:[0m
  [      7ms]  [91mstale[0m    (poll #1)  order=d29f454f
  [     68ms]  [91mstale[0m    (poll #2)  order=d29f454f
  [    128ms]  [91mstale[0m    (poll #3)  order=d29f454f
  [    193ms]  [91mstale[0m    (poll #4)  order=d29f454f
  [    265ms]  [92mVISIBLE[0m  (poll #5, X-Cache: MISS)  order=d29f454f

[96mOrder 352/1000:[0m
  [      8ms]  [91mstale[0m    (poll #1)  order=5e40b735
  [     72ms]  [91mstale[0m    (poll #2)  order=5e40b735
  [    137ms]  [91mstale[0m    (poll #3)  order=5e40b735
  [    204ms]  [92mVISIBLE[0m  (poll #4, X-Cache: MISS)  order=5e40b735

[96mOrder 353/1000:[0m
  [      7ms]  [91mstale[0m    (poll #1)  order=1746e138
  [     68ms]  [91mstale[0m    (poll #2)  order=1746e138
  [    130ms]  [91mstale[0m    (poll #3)  order=1746e138
  [    200ms]  [92mVISIBLE[0m  (poll #4, X-Cache: MISS)  order=1746e138

[96mOrder 354/1000:[0m
  [      8ms]  [91mstale[0m    (poll #1)  order=8ca2639d
  [     71ms]  [91mstale[0m    (poll #2)  order=8ca2639d
  [    136ms]  [91mstale[0m    (poll #3)  order=8ca2639d
  [    203ms]  [91mstale[0m    (poll #4)  order=8ca2639d
  [    275ms]  [92mVISIBLE[0m  (poll #5, X-Cache: MISS)  order=8ca2639d

[96mOrder 355/1000:[0m
  [      8ms]  [91mstale[0m    (poll #1)  order=061a4202
  [     68ms]  [91mstale[0m    (poll #2)  order=061a4202
  [    131ms]  [91mstale[0m    (poll #3)  order=061a4202
  [    197ms]  [91mstale[0m    (poll #4)  order=061a4202
  [    259ms]  [92mVISIBLE[0m  (poll #5, X-Cache: MISS)  order=061a4202

[96mOrder 356/1000:[0m
  [      9ms]  [91mstale[0m    (poll #1)  order=07b67606
  [     68ms]  [91mstale[0m    (poll #2)  order=07b67606
  [    132ms]  [91mstale[0m    (poll #3)  order=07b67606
  [    201ms]  [91mstale[0m    (poll #4)  order=07b67606
  [    271ms]  [92mVISIBLE[0m  (poll #5, X-Cache: MISS)  order=07b67606

[96mOrder 357/1000:[0m
  [      7ms]  [91mstale[0m    (poll #1)  order=29984bb9
  [     69ms]  [91mstale[0m    (poll #2)  order=29984bb9
  [    134ms]  [91mstale[0m    (poll #3)  order=29984bb9
  [    201ms]  [92mVISIBLE[0m  (poll #4, X-Cache: MISS)  order=29984bb9

[96mOrder 358/1000:[0m
  [      7ms]  [91mstale[0m    (poll #1)  order=2e5557c7
  [     66ms]  [91mstale[0m    (poll #2)  order=2e5557c7
  [    127ms]  [91mstale[0m    (poll #3)  order=2e5557c7
  [    191ms]  [91mstale[0m    (poll #4)  order=2e5557c7
  [    260ms]  [92mVISIBLE[0m  (poll #5, X-Cache: MISS)  order=2e5557c7

[96mOrder 359/1000:[0m
  [      7ms]  [91mstale[0m    (poll #1)  order=827d40a5
  [     71ms]  [91mstale[0m    (poll #2)  order=827d40a5
  [    135ms]  [91mstale[0m    (poll #3)  order=827d40a5
  [    201ms]  [91mstale[0m    (poll #4)  order=827d40a5
  [    266ms]  [92mVISIBLE[0m  (poll #5, X-Cache: MISS)  order=827d40a5

[96mOrder 360/1000:[0m
  [      6ms]  [91mstale[0m    (poll #1)  order=e40b4d60
  [     70ms]  [91mstale[0m    (poll #2)  order=e40b4d60
  [    130ms]  [91mstale[0m    (poll #3)  order=e40b4d60
  [    190ms]  [91mstale[0m    (poll #4)  order=e40b4d60
  [    260ms]  [92mVISIBLE[0m  (poll #5, X-Cache: MISS)  order=e40b4d60

[96mOrder 361/1000:[0m
  [      8ms]  [91mstale[0m    (poll #1)  order=906f9f87
  [     71ms]  [91mstale[0m    (poll #2)  order=906f9f87
  [    133ms]  [91mstale[0m    (poll #3)  order=906f9f87
  [    200ms]  [91mstale[0m    (poll #4)  order=906f9f87
  [    273ms]  [92mVISIBLE[0m  (poll #5, X-Cache: MISS)  order=906f9f87

[96mOrder 362/1000:[0m
  [      7ms]  [91mstale[0m    (poll #1)  order=ee31c269
  [     70ms]  [91mstale[0m    (poll #2)  order=ee31c269
  [    132ms]  [91mstale[0m    (poll #3)  order=ee31c269
  [    196ms]  [92mVISIBLE[0m  (poll #4, X-Cache: MISS)  order=ee31c269

[96mOrder 363/1000:[0m
  [      7ms]  [91mstale[0m    (poll #1)  order=bd5943ba
  [     65ms]  [91mstale[0m    (poll #2)  order=bd5943ba
  [    128ms]  [91mstale[0m    (poll #3)  order=bd5943ba
  [    195ms]  [91mstale[0m    (poll #4)  order=bd5943ba
  [    268ms]  [92mVISIBLE[0m  (poll #5, X-Cache: MISS)  order=bd5943ba

[96mOrder 364/1000:[0m
  [      7ms]  [91mstale[0m    (poll #1)  order=cf5b576d
  [     68ms]  [91mstale[0m    (poll #2)  order=cf5b576d
  [    131ms]  [91mstale[0m    (poll #3)  order=cf5b576d
  [    193ms]  [91mstale[0m    (poll #4)  order=cf5b576d
  [    261ms]  [92mVISIBLE[0m  (poll #5, X-Cache: MISS)  order=cf5b576d

[96mOrder 365/1000:[0m
  [      7ms]  [91mstale[0m    (poll #1)  order=73e0e98c
  [     67ms]  [91mstale[0m    (poll #2)  order=73e0e98c
  [    128ms]  [91mstale[0m    (poll #3)  order=73e0e98c
  [    190ms]  [91mstale[0m    (poll #4)  order=73e0e98c
  [    258ms]  [92mVISIBLE[0m  (poll #5, X-Cache: MISS)  order=73e0e98c

[96mOrder 366/1000:[0m
  [     10ms]  [91mstale[0m    (poll #1)  order=72af4b9c
  [     72ms]  [91mstale[0m    (poll #2)  order=72af4b9c
  [    136ms]  [91mstale[0m    (poll #3)  order=72af4b9c
  [    206ms]  [91mstale[0m    (poll #4)  order=72af4b9c
  [    274ms]  [92mVISIBLE[0m  (poll #5, X-Cache: MISS)  order=72af4b9c

[96mOrder 367/1000:[0m
  [     10ms]  [91mstale[0m    (poll #1)  order=6bc287cd
  [     74ms]  [91mstale[0m    (poll #2)  order=6bc287cd
  [    138ms]  [91mstale[0m    (poll #3)  order=6bc287cd
  [    202ms]  [92mVISIBLE[0m  (poll #4, X-Cache: MISS)  order=6bc287cd

[96mOrder 368/1000:[0m
  [      7ms]  [91mstale[0m    (poll #1)  order=9e8e9cfc
  [     70ms]  [91mstale[0m    (poll #2)  order=9e8e9cfc
  [    134ms]  [91mstale[0m    (poll #3)  order=9e8e9cfc
  [    198ms]  [91mstale[0m    (poll #4)  order=9e8e9cfc
  [    269ms]  [92mVISIBLE[0m  (poll #5, X-Cache: MISS)  order=9e8e9cfc

[96mOrder 369/1000:[0m
  [     10ms]  [91mstale[0m    (poll #1)  order=e95b8701
  [     73ms]  [91mstale[0m    (poll #2)  order=e95b8701
  [    137ms]  [91mstale[0m    (poll #3)  order=e95b8701
  [    205ms]  [91mstale[0m    (poll #4)  order=e95b8701
  [    272ms]  [92mVISIBLE[0m  (poll #5, X-Cache: MISS)  order=e95b8701

[96mOrder 370/1000:[0m
  [      7ms]  [91mstale[0m    (poll #1)  order=35c4e098
  [     72ms]  [91mstale[0m    (poll #2)  order=35c4e098
  [    133ms]  [91mstale[0m    (poll #3)  order=35c4e098
  [    197ms]  [92mVISIBLE[0m  (poll #4, X-Cache: MISS)  order=35c4e098

[96mOrder 371/1000:[0m
  [      7ms]  [91mstale[0m    (poll #1)  order=2e611e71
  [     70ms]  [91mstale[0m    (poll #2)  order=2e611e71
  [    133ms]  [91mstale[0m    (poll #3)  order=2e611e71
  [    201ms]  [91mstale[0m    (poll #4)  order=2e611e71
  [    266ms]  [92mVISIBLE[0m  (poll #5, X-Cache: MISS)  order=2e611e71

[96mOrder 372/1000:[0m
  [     10ms]  [91mstale[0m    (poll #1)  order=65d9d154
  [     73ms]  [91mstale[0m    (poll #2)  order=65d9d154
  [    136ms]  [91mstale[0m    (poll #3)  order=65d9d154
  [    199ms]  [91mstale[0m    (poll #4)  order=65d9d154
  [    272ms]  [92mVISIBLE[0m  (poll #5, X-Cache: MISS)  order=65d9d154

[96mOrder 373/1000:[0m
  [     10ms]  [91mstale[0m    (poll #1)  order=a51ac3d5
  [     72ms]  [91mstale[0m    (poll #2)  order=a51ac3d5
  [    135ms]  [91mstale[0m    (poll #3)  order=a51ac3d5
  [    204ms]  [92mVISIBLE[0m  (poll #4, X-Cache: MISS)  order=a51ac3d5

[96mOrder 374/1000:[0m
  [      8ms]  [91mstale[0m    (poll #1)  order=e85ff082
  [     72ms]  [91mstale[0m    (poll #2)  order=e85ff082
  [    136ms]  [91mstale[0m    (poll #3)  order=e85ff082
  [    202ms]  [91mstale[0m    (poll #4)  order=e85ff082
  [    276ms]  [92mVISIBLE[0m  (poll #5, X-Cache: MISS)  order=e85ff082

[96mOrder 375/1000:[0m
  [     10ms]  [91mstale[0m    (poll #1)  order=f1f7fc29
  [     74ms]  [91mstale[0m    (poll #2)  order=f1f7fc29
  [    137ms]  [91mstale[0m    (poll #3)  order=f1f7fc29
  [    203ms]  [92mVISIBLE[0m  (poll #4, X-Cache: MISS)  order=f1f7fc29

[96mOrder 376/1000:[0m
  [      8ms]  [91mstale[0m    (poll #1)  order=05bc3fa5
  [     72ms]  [91mstale[0m    (poll #2)  order=05bc3fa5
  [    138ms]  [91mstale[0m    (poll #3)  order=05bc3fa5
  [    208ms]  [91mstale[0m    (poll #4)  order=05bc3fa5
  [    268ms]  [92mVISIBLE[0m  (poll #5, X-Cache: MISS)  order=05bc3fa5

[96mOrder 377/1000:[0m
  [     20ms]  [91mstale[0m    (poll #1)  order=2a5e1745
  [     84ms]  [91mstale[0m    (poll #2)  order=2a5e1745
  [    146ms]  [91mstale[0m    (poll #3)  order=2a5e1745
  [    205ms]  [91mstale[0m    (poll #4)  order=2a5e1745
  [    271ms]  [92mVISIBLE[0m  (poll #5, X-Cache: MISS)  order=2a5e1745

[96mOrder 378/1000:[0m
  [      6ms]  [91mstale[0m    (poll #1)  order=bcea479c
  [     69ms]  [91mstale[0m    (poll #2)  order=bcea479c
  [    134ms]  [91mstale[0m    (poll #3)  order=bcea479c
  [    198ms]  [91mstale[0m    (poll #4)  order=bcea479c
  [    278ms]  [92mVISIBLE[0m  (poll #5, X-Cache: MISS)  order=bcea479c

[96mOrder 379/1000:[0m
  [      4ms]  [91mstale[0m    (poll #1)  order=83a35bed
  [     64ms]  [91mstale[0m    (poll #2)  order=83a35bed
  [    125ms]  [91mstale[0m    (poll #3)  order=83a35bed
  [    189ms]  [91mstale[0m    (poll #4)  order=83a35bed
  [    250ms]  [92mVISIBLE[0m  (poll #5, X-Cache: MISS)  order=83a35bed

[96mOrder 380/1000:[0m
  [      7ms]  [91mstale[0m    (poll #1)  order=5bd45379
  [     71ms]  [91mstale[0m    (poll #2)  order=5bd45379
  [    132ms]  [91mstale[0m    (poll #3)  order=5bd45379
  [    200ms]  [92mVISIBLE[0m  (poll #4, X-Cache: MISS)  order=5bd45379

[96mOrder 381/1000:[0m
  [      7ms]  [91mstale[0m    (poll #1)  order=622fcc2b
  [     66ms]  [91mstale[0m    (poll #2)  order=622fcc2b
  [    130ms]  [91mstale[0m    (poll #3)  order=622fcc2b
  [    193ms]  [91mstale[0m    (poll #4)  order=622fcc2b
  [    262ms]  [92mVISIBLE[0m  (poll #5, X-Cache: MISS)  order=622fcc2b

[96mOrder 382/1000:[0m
  [      8ms]  [91mstale[0m    (poll #1)  order=9af62a0f
  [     72ms]  [91mstale[0m    (poll #2)  order=9af62a0f
  [    132ms]  [91mstale[0m    (poll #3)  order=9af62a0f
  [    195ms]  [92mVISIBLE[0m  (poll #4, X-Cache: MISS)  order=9af62a0f

[96mOrder 383/1000:[0m
  [      7ms]  [91mstale[0m    (poll #1)  order=7e1e26fd
  [     70ms]  [91mstale[0m    (poll #2)  order=7e1e26fd
  [    129ms]  [91mstale[0m    (poll #3)  order=7e1e26fd
  [    195ms]  [91mstale[0m    (poll #4)  order=7e1e26fd
  [    263ms]  [92mVISIBLE[0m  (poll #5, X-Cache: MISS)  order=7e1e26fd

[96mOrder 384/1000:[0m
  [     10ms]  [91mstale[0m    (poll #1)  order=0c89dcff
  [     74ms]  [91mstale[0m    (poll #2)  order=0c89dcff
  [    136ms]  [91mstale[0m    (poll #3)  order=0c89dcff
  [    200ms]  [91mstale[0m    (poll #4)  order=0c89dcff
  [    262ms]  [92mVISIBLE[0m  (poll #5, X-Cache: MISS)  order=0c89dcff

[96mOrder 385/1000:[0m
  [      5ms]  [91mstale[0m    (poll #1)  order=f71575e8
  [     65ms]  [91mstale[0m    (poll #2)  order=f71575e8
  [    127ms]  [91mstale[0m    (poll #3)  order=f71575e8
  [    192ms]  [91mstale[0m    (poll #4)  order=f71575e8
  [    257ms]  [92mVISIBLE[0m  (poll #5, X-Cache: MISS)  order=f71575e8

[96mOrder 386/1000:[0m
  [      5ms]  [91mstale[0m    (poll #1)  order=0d6708dc
  [     61ms]  [91mstale[0m    (poll #2)  order=0d6708dc
  [    123ms]  [91mstale[0m    (poll #3)  order=0d6708dc
  [    185ms]  [92mVISIBLE[0m  (poll #4, X-Cache: MISS)  order=0d6708dc

[96mOrder 387/1000:[0m
  [      4ms]  [91mstale[0m    (poll #1)  order=f61a7dd5
  [     61ms]  [91mstale[0m    (poll #2)  order=f61a7dd5
  [    121ms]  [91mstale[0m    (poll #3)  order=f61a7dd5
  [    179ms]  [91mstale[0m    (poll #4)  order=f61a7dd5
  [    242ms]  [92mVISIBLE[0m  (poll #5, X-Cache: MISS)  order=f61a7dd5

[96mOrder 388/1000:[0m
  [      6ms]  [91mstale[0m    (poll #1)  order=4883abaf
  [     67ms]  [91mstale[0m    (poll #2)  order=4883abaf
  [    132ms]  [91mstale[0m    (poll #3)  order=4883abaf
  [    200ms]  [91mstale[0m    (poll #4)  order=4883abaf
  [    274ms]  [92mVISIBLE[0m  (poll #5, X-Cache: MISS)  order=4883abaf

[96mOrder 389/1000:[0m
  [      6ms]  [91mstale[0m    (poll #1)  order=4f6bfb53
  [     68ms]  [91mstale[0m    (poll #2)  order=4f6bfb53
  [    129ms]  [91mstale[0m    (poll #3)  order=4f6bfb53
  [    196ms]  [92mVISIBLE[0m  (poll #4, X-Cache: MISS)  order=4f6bfb53

[96mOrder 390/1000:[0m
  [      8ms]  [91mstale[0m    (poll #1)  order=fae9ad8e
  [     68ms]  [91mstale[0m    (poll #2)  order=fae9ad8e
  [    133ms]  [91mstale[0m    (poll #3)  order=fae9ad8e
  [    201ms]  [92mVISIBLE[0m  (poll #4, X-Cache: MISS)  order=fae9ad8e

[96mOrder 391/1000:[0m
  [      9ms]  [91mstale[0m    (poll #1)  order=ce6e85ba
  [     71ms]  [91mstale[0m    (poll #2)  order=ce6e85ba
  [    131ms]  [91mstale[0m    (poll #3)  order=ce6e85ba
  [    197ms]  [92mVISIBLE[0m  (poll #4, X-Cache: MISS)  order=ce6e85ba

[96mOrder 392/1000:[0m
  [      9ms]  [91mstale[0m    (poll #1)  order=657793b2
  [     68ms]  [91mstale[0m    (poll #2)  order=657793b2
  [    127ms]  [91mstale[0m    (poll #3)  order=657793b2
  [    194ms]  [91mstale[0m    (poll #4)  order=657793b2
  [    262ms]  [92mVISIBLE[0m  (poll #5, X-Cache: MISS)  order=657793b2

[96mOrder 393/1000:[0m
  [     10ms]  [91mstale[0m    (poll #1)  order=a24b44db
  [     73ms]  [91mstale[0m    (poll #2)  order=a24b44db
  [    138ms]  [91mstale[0m    (poll #3)  order=a24b44db
  [    204ms]  [91mstale[0m    (poll #4)  order=a24b44db
  [    272ms]  [92mVISIBLE[0m  (poll #5, X-Cache: MISS)  order=a24b44db

[96mOrder 394/1000:[0m
  [      7ms]  [91mstale[0m    (poll #1)  order=85829dcb
  [     70ms]  [91mstale[0m    (poll #2)  order=85829dcb
  [    133ms]  [91mstale[0m    (poll #3)  order=85829dcb
  [    196ms]  [91mstale[0m    (poll #4)  order=85829dcb
  [    268ms]  [92mVISIBLE[0m  (poll #5, X-Cache: MISS)  order=85829dcb

[96mOrder 395/1000:[0m
  [     10ms]  [91mstale[0m    (poll #1)  order=ef7fa1bd
  [     71ms]  [91mstale[0m    (poll #2)  order=ef7fa1bd
  [    137ms]  [91mstale[0m    (poll #3)  order=ef7fa1bd
  [    201ms]  [92mVISIBLE[0m  (poll #4, X-Cache: MISS)  order=ef7fa1bd

[96mOrder 396/1000:[0m
  [      7ms]  [91mstale[0m    (poll #1)  order=70d6fa2a
  [     71ms]  [91mstale[0m    (poll #2)  order=70d6fa2a
  [    135ms]  [91mstale[0m    (poll #3)  order=70d6fa2a
  [    200ms]  [91mstale[0m    (poll #4)  order=70d6fa2a
  [    269ms]  [92mVISIBLE[0m  (poll #5, X-Cache: MISS)  order=70d6fa2a

[96mOrder 397/1000:[0m
  [      8ms]  [91mstale[0m    (poll #1)  order=1e9ab734
  [     68ms]  [91mstale[0m    (poll #2)  order=1e9ab734
  [    135ms]  [91mstale[0m    (poll #3)  order=1e9ab734
  [    201ms]  [91mstale[0m    (poll #4)  order=1e9ab734
  [    272ms]  [92mVISIBLE[0m  (poll #5, X-Cache: MISS)  order=1e9ab734

[96mOrder 398/1000:[0m
  [      9ms]  [91mstale[0m    (poll #1)  order=25759ef9
  [     70ms]  [91mstale[0m    (poll #2)  order=25759ef9
  [    135ms]  [91mstale[0m    (poll #3)  order=25759ef9
  [    202ms]  [92mVISIBLE[0m  (poll #4, X-Cache: MISS)  order=25759ef9

[96mOrder 399/1000:[0m
  [      4ms]  [91mstale[0m    (poll #1)  order=c5e2d38d
  [     65ms]  [91mstale[0m    (poll #2)  order=c5e2d38d
  [    126ms]  [91mstale[0m    (poll #3)  order=c5e2d38d
  [    191ms]  [91mstale[0m    (poll #4)  order=c5e2d38d
  [    254ms]  [92mVISIBLE[0m  (poll #5, X-Cache: MISS)  order=c5e2d38d

[96mOrder 400/1000:[0m
  [      6ms]  [91mstale[0m    (poll #1)  order=3c151c1b
  [     69ms]  [91mstale[0m    (poll #2)  order=3c151c1b
  [    132ms]  [91mstale[0m    (poll #3)  order=3c151c1b
  [    195ms]  [91mstale[0m    (poll #4)  order=3c151c1b
  [    258ms]  [92mVISIBLE[0m  (poll #5, X-Cache: MISS)  order=3c151c1b

[96mOrder 401/1000:[0m
  [      7ms]  [91mstale[0m    (poll #1)  order=94877420
  [     67ms]  [91mstale[0m    (poll #2)  order=94877420
  [    132ms]  [91mstale[0m    (poll #3)  order=94877420
  [    200ms]  [91mstale[0m    (poll #4)  order=94877420
  [    266ms]  [92mVISIBLE[0m  (poll #5, X-Cache: MISS)  order=94877420

[96mOrder 402/1000:[0m
  [      9ms]  [91mstale[0m    (poll #1)  order=dbd286c2
  [     72ms]  [91mstale[0m    (poll #2)  order=dbd286c2
  [    135ms]  [91mstale[0m    (poll #3)  order=dbd286c2
  [    200ms]  [92mVISIBLE[0m  (poll #4, X-Cache: MISS)  order=dbd286c2

[96mOrder 403/1000:[0m
  [      7ms]  [91mstale[0m    (poll #1)  order=760dda89
  [     70ms]  [91mstale[0m    (poll #2)  order=760dda89
  [    135ms]  [91mstale[0m    (poll #3)  order=760dda89
  [    203ms]  [91mstale[0m    (poll #4)  order=760dda89
  [    269ms]  [92mVISIBLE[0m  (poll #5, X-Cache: MISS)  order=760dda89

[96mOrder 404/1000:[0m
  [     11ms]  [91mstale[0m    (poll #1)  order=169de923
  [     75ms]  [91mstale[0m    (poll #2)  order=169de923
  [    140ms]  [91mstale[0m    (poll #3)  order=169de923
  [    205ms]  [91mstale[0m    (poll #4)  order=169de923
  [    265ms]  [92mVISIBLE[0m  (poll #5, X-Cache: MISS)  order=169de923

[96mOrder 405/1000:[0m
  [      9ms]  [91mstale[0m    (poll #1)  order=b2975bec
  [     75ms]  [91mstale[0m    (poll #2)  order=b2975bec
  [    140ms]  [91mstale[0m    (poll #3)  order=b2975bec
  [    205ms]  [91mstale[0m    (poll #4)  order=b2975bec
  [    272ms]  [92mVISIBLE[0m  (poll #5, X-Cache: MISS)  order=b2975bec

[96mOrder 406/1000:[0m
  [      8ms]  [91mstale[0m    (poll #1)  order=4dd677be
  [     72ms]  [91mstale[0m    (poll #2)  order=4dd677be
  [    134ms]  [92mVISIBLE[0m  (poll #3, X-Cache: MISS)  order=4dd677be

[96mOrder 407/1000:[0m
  [      6ms]  [91mstale[0m    (poll #1)  order=f295bb46
  [     68ms]  [91mstale[0m    (poll #2)  order=f295bb46
  [    130ms]  [91mstale[0m    (poll #3)  order=f295bb46
  [    195ms]  [91mstale[0m    (poll #4)  order=f295bb46
  [    263ms]  [92mVISIBLE[0m  (poll #5, X-Cache: MISS)  order=f295bb46

[96mOrder 408/1000:[0m
  [      4ms]  [91mstale[0m    (poll #1)  order=6891b723
  [     65ms]  [91mstale[0m    (poll #2)  order=6891b723
  [    129ms]  [91mstale[0m    (poll #3)  order=6891b723
  [    194ms]  [91mstale[0m    (poll #4)  order=6891b723
  [    265ms]  [92mVISIBLE[0m  (poll #5, X-Cache: MISS)  order=6891b723

[96mOrder 409/1000:[0m
  [     11ms]  [91mstale[0m    (poll #1)  order=fabb205b
  [     80ms]  [91mstale[0m    (poll #2)  order=fabb205b
  [    140ms]  [91mstale[0m    (poll #3)  order=fabb205b
  [    201ms]  [91mstale[0m    (poll #4)  order=fabb205b
  [    272ms]  [92mVISIBLE[0m  (poll #5, X-Cache: MISS)  order=fabb205b

[96mOrder 410/1000:[0m
  [      9ms]  [91mstale[0m    (poll #1)  order=215df5fb
  [     69ms]  [91mstale[0m    (poll #2)  order=215df5fb
  [    134ms]  [91mstale[0m    (poll #3)  order=215df5fb
  [    202ms]  [92mVISIBLE[0m  (poll #4, X-Cache: MISS)  order=215df5fb

[96mOrder 411/1000:[0m
  [      7ms]  [91mstale[0m    (poll #1)  order=777a7027
  [     72ms]  [91mstale[0m    (poll #2)  order=777a7027
  [    133ms]  [91mstale[0m    (poll #3)  order=777a7027
  [    194ms]  [92mVISIBLE[0m  (poll #4, X-Cache: MISS)  order=777a7027

[96mOrder 412/1000:[0m
  [      4ms]  [91mstale[0m    (poll #1)  order=69d75287
  [     71ms]  [91mstale[0m    (poll #2)  order=69d75287
  [    129ms]  [91mstale[0m    (poll #3)  order=69d75287
  [    190ms]  [91mstale[0m    (poll #4)  order=69d75287
  [    251ms]  [92mVISIBLE[0m  (poll #5, X-Cache: MISS)  order=69d75287

[96mOrder 413/1000:[0m
  [      5ms]  [91mstale[0m    (poll #1)  order=bbea257e
  [     66ms]  [91mstale[0m    (poll #2)  order=bbea257e
  [    127ms]  [91mstale[0m    (poll #3)  order=bbea257e
  [    190ms]  [91mstale[0m    (poll #4)  order=bbea257e
  [    260ms]  [92mVISIBLE[0m  (poll #5, X-Cache: MISS)  order=bbea257e

[96mOrder 414/1000:[0m
  [      4ms]  [91mstale[0m    (poll #1)  order=d266e4a2
  [     59ms]  [91mstale[0m    (poll #2)  order=d266e4a2
  [    122ms]  [91mstale[0m    (poll #3)  order=d266e4a2
  [    183ms]  [91mstale[0m    (poll #4)  order=d266e4a2
  [    244ms]  [92mVISIBLE[0m  (poll #5, X-Cache: MISS)  order=d266e4a2

[96mOrder 415/1000:[0m
  [      7ms]  [91mstale[0m    (poll #1)  order=085776d8
  [     68ms]  [91mstale[0m    (poll #2)  order=085776d8
  [    130ms]  [91mstale[0m    (poll #3)  order=085776d8
  [    198ms]  [91mstale[0m    (poll #4)  order=085776d8
  [    257ms]  [92mVISIBLE[0m  (poll #5, X-Cache: MISS)  order=085776d8

[96mOrder 416/1000:[0m
  [      5ms]  [91mstale[0m    (poll #1)  order=2ef083b4
  [     72ms]  [91mstale[0m    (poll #2)  order=2ef083b4
  [    132ms]  [91mstale[0m    (poll #3)  order=2ef083b4
  [    195ms]  [92mVISIBLE[0m  (poll #4, X-Cache: MISS)  order=2ef083b4

[96mOrder 417/1000:[0m
  [      5ms]  [91mstale[0m    (poll #1)  order=bbfea26c
  [     64ms]  [91mstale[0m    (poll #2)  order=bbfea26c
  [    126ms]  [91mstale[0m    (poll #3)  order=bbfea26c
  [    190ms]  [91mstale[0m    (poll #4)  order=bbfea26c
  [    260ms]  [92mVISIBLE[0m  (poll #5, X-Cache: MISS)  order=bbfea26c

[96mOrder 418/1000:[0m
  [      6ms]  [91mstale[0m    (poll #1)  order=0b20f42a
  [     69ms]  [91mstale[0m    (poll #2)  order=0b20f42a
  [    133ms]  [91mstale[0m    (poll #3)  order=0b20f42a
  [    197ms]  [91mstale[0m    (poll #4)  order=0b20f42a
  [    258ms]  [92mVISIBLE[0m  (poll #5, X-Cache: MISS)  order=0b20f42a

[96mOrder 419/1000:[0m
  [      5ms]  [91mstale[0m    (poll #1)  order=8dd15333
  [     65ms]  [91mstale[0m    (poll #2)  order=8dd15333
  [    127ms]  [91mstale[0m    (poll #3)  order=8dd15333
  [    191ms]  [91mstale[0m    (poll #4)  order=8dd15333
  [    258ms]  [92mVISIBLE[0m  (poll #5, X-Cache: MISS)  order=8dd15333

[96mOrder 420/1000:[0m
  [      8ms]  [91mstale[0m    (poll #1)  order=e4db13a5
  [     72ms]  [91mstale[0m    (poll #2)  order=e4db13a5
  [    133ms]  [91mstale[0m    (poll #3)  order=e4db13a5
  [    196ms]  [91mstale[0m    (poll #4)  order=e4db13a5
  [    266ms]  [92mVISIBLE[0m  (poll #5, X-Cache: MISS)  order=e4db13a5

[96mOrder 421/1000:[0m
  [     10ms]  [91mstale[0m    (poll #1)  order=fbe3c484
  [     72ms]  [91mstale[0m    (poll #2)  order=fbe3c484
  [    138ms]  [91mstale[0m    (poll #3)  order=fbe3c484
  [    207ms]  [92mVISIBLE[0m  (poll #4, X-Cache: MISS)  order=fbe3c484

[96mOrder 422/1000:[0m
  [      7ms]  [91mstale[0m    (poll #1)  order=d6da7b15
  [     66ms]  [91mstale[0m    (poll #2)  order=d6da7b15
  [    128ms]  [91mstale[0m    (poll #3)  order=d6da7b15
  [    190ms]  [91mstale[0m    (poll #4)  order=d6da7b15
  [    255ms]  [92mVISIBLE[0m  (poll #5, X-Cache: MISS)  order=d6da7b15

[96mOrder 423/1000:[0m
  [      7ms]  [91mstale[0m    (poll #1)  order=8031f926
  [     71ms]  [91mstale[0m    (poll #2)  order=8031f926
  [    138ms]  [91mstale[0m    (poll #3)  order=8031f926
  [    206ms]  [92mVISIBLE[0m  (poll #4, X-Cache: MISS)  order=8031f926

[96mOrder 424/1000:[0m
  [     10ms]  [91mstale[0m    (poll #1)  order=99b1bb18
  [     75ms]  [91mstale[0m    (poll #2)  order=99b1bb18
  [    139ms]  [91mstale[0m    (poll #3)  order=99b1bb18
  [    203ms]  [92mVISIBLE[0m  (poll #4, X-Cache: MISS)  order=99b1bb18

[96mOrder 425/1000:[0m
  [      7ms]  [91mstale[0m    (poll #1)  order=4a938336
  [     72ms]  [91mstale[0m    (poll #2)  order=4a938336
  [    132ms]  [91mstale[0m    (poll #3)  order=4a938336
  [    200ms]  [92mVISIBLE[0m  (poll #4, X-Cache: MISS)  order=4a938336

[96mOrder 426/1000:[0m
  [      8ms]  [91mstale[0m    (poll #1)  order=50f972c2
  [     68ms]  [91mstale[0m    (poll #2)  order=50f972c2
  [    132ms]  [91mstale[0m    (poll #3)  order=50f972c2
  [    194ms]  [91mstale[0m    (poll #4)  order=50f972c2
  [    256ms]  [92mVISIBLE[0m  (poll #5, X-Cache: MISS)  order=50f972c2

[96mOrder 427/1000:[0m
  [      4ms]  [91mstale[0m    (poll #1)  order=603de493
  [     64ms]  [91mstale[0m    (poll #2)  order=603de493
  [    122ms]  [91mstale[0m    (poll #3)  order=603de493
  [    182ms]  [91mstale[0m    (poll #4)  order=603de493
  [    247ms]  [92mVISIBLE[0m  (poll #5, X-Cache: MISS)  order=603de493

[96mOrder 428/1000:[0m
  [      6ms]  [91mstale[0m    (poll #1)  order=a2339581
  [     64ms]  [91mstale[0m    (poll #2)  order=a2339581
  [    124ms]  [91mstale[0m    (poll #3)  order=a2339581
  [    188ms]  [91mstale[0m    (poll #4)  order=a2339581
  [    255ms]  [92mVISIBLE[0m  (poll #5, X-Cache: MISS)  order=a2339581

[96mOrder 429/1000:[0m
  [      8ms]  [91mstale[0m    (poll #1)  order=f1cf57cb
  [     67ms]  [91mstale[0m    (poll #2)  order=f1cf57cb
  [    132ms]  [91mstale[0m    (poll #3)  order=f1cf57cb
  [    197ms]  [92mVISIBLE[0m  (poll #4, X-Cache: MISS)  order=f1cf57cb

[96mOrder 430/1000:[0m
  [      7ms]  [91mstale[0m    (poll #1)  order=ab553e8c
  [     71ms]  [91mstale[0m    (poll #2)  order=ab553e8c
  [    137ms]  [91mstale[0m    (poll #3)  order=ab553e8c
  [    201ms]  [92mVISIBLE[0m  (poll #4, X-Cache: MISS)  order=ab553e8c

[96mOrder 431/1000:[0m
  [      9ms]  [91mstale[0m    (poll #1)  order=981439a9
  [     72ms]  [91mstale[0m    (poll #2)  order=981439a9
  [    131ms]  [91mstale[0m    (poll #3)  order=981439a9
  [    201ms]  [92mVISIBLE[0m  (poll #4, X-Cache: MISS)  order=981439a9

[96mOrder 432/1000:[0m
  [     10ms]  [91mstale[0m    (poll #1)  order=fac701ca
  [     74ms]  [91mstale[0m    (poll #2)  order=fac701ca
  [    141ms]  [91mstale[0m    (poll #3)  order=fac701ca
  [    202ms]  [91mstale[0m    (poll #4)  order=fac701ca
  [    270ms]  [92mVISIBLE[0m  (poll #5, X-Cache: MISS)  order=fac701ca

[96mOrder 433/1000:[0m
  [     10ms]  [91mstale[0m    (poll #1)  order=7e98367a
  [     74ms]  [91mstale[0m    (poll #2)  order=7e98367a
  [    139ms]  [91mstale[0m    (poll #3)  order=7e98367a
  [    201ms]  [92mVISIBLE[0m  (poll #4, X-Cache: MISS)  order=7e98367a

[96mOrder 434/1000:[0m
  [      7ms]  [91mstale[0m    (poll #1)  order=fa6064e7
  [     70ms]  [91mstale[0m    (poll #2)  order=fa6064e7
  [    135ms]  [91mstale[0m    (poll #3)  order=fa6064e7
  [    199ms]  [91mstale[0m    (poll #4)  order=fa6064e7
  [    270ms]  [92mVISIBLE[0m  (poll #5, X-Cache: MISS)  order=fa6064e7

[96mOrder 435/1000:[0m
  [      9ms]  [91mstale[0m    (poll #1)  order=85163828
  [     69ms]  [91mstale[0m    (poll #2)  order=85163828
  [    129ms]  [91mstale[0m    (poll #3)  order=85163828
  [    196ms]  [92mVISIBLE[0m  (poll #4, X-Cache: MISS)  order=85163828

[96mOrder 436/1000:[0m
  [      7ms]  [91mstale[0m    (poll #1)  order=d4e79a65
  [     71ms]  [91mstale[0m    (poll #2)  order=d4e79a65
  [    134ms]  [91mstale[0m    (poll #3)  order=d4e79a65
  [    199ms]  [91mstale[0m    (poll #4)  order=d4e79a65
  [    266ms]  [92mVISIBLE[0m  (poll #5, X-Cache: MISS)  order=d4e79a65

[96mOrder 437/1000:[0m
  [     10ms]  [91mstale[0m    (poll #1)  order=c718ba29
  [     73ms]  [91mstale[0m    (poll #2)  order=c718ba29
  [    141ms]  [91mstale[0m    (poll #3)  order=c718ba29
  [    208ms]  [91mstale[0m    (poll #4)  order=c718ba29
  [    277ms]  [92mVISIBLE[0m  (poll #5, X-Cache: MISS)  order=c718ba29

[96mOrder 438/1000:[0m
  [      7ms]  [91mstale[0m    (poll #1)  order=53db22be
  [     70ms]  [91mstale[0m    (poll #2)  order=53db22be
  [    130ms]  [91mstale[0m    (poll #3)  order=53db22be
  [    199ms]  [91mstale[0m    (poll #4)  order=53db22be
  [    258ms]  [92mVISIBLE[0m  (poll #5, X-Cache: MISS)  order=53db22be

[96mOrder 439/1000:[0m
  [      4ms]  [91mstale[0m    (poll #1)  order=ffc9c8a1
  [     65ms]  [91mstale[0m    (poll #2)  order=ffc9c8a1
  [    128ms]  [91mstale[0m    (poll #3)  order=ffc9c8a1
  [    195ms]  [91mstale[0m    (poll #4)  order=ffc9c8a1
  [    260ms]  [92mVISIBLE[0m  (poll #5, X-Cache: MISS)  order=ffc9c8a1

[96mOrder 440/1000:[0m
  [     18ms]  [91mstale[0m    (poll #1)  order=13108e5f
  [     76ms]  [91mstale[0m    (poll #2)  order=13108e5f
  [    140ms]  [91mstale[0m    (poll #3)  order=13108e5f
  [    206ms]  [92mVISIBLE[0m  (poll #4, X-Cache: MISS)  order=13108e5f

[96mOrder 441/1000:[0m
  [      8ms]  [91mstale[0m    (poll #1)  order=e667ac79
  [     73ms]  [91mstale[0m    (poll #2)  order=e667ac79
  [    138ms]  [91mstale[0m    (poll #3)  order=e667ac79
  [    199ms]  [91mstale[0m    (poll #4)  order=e667ac79
  [    266ms]  [92mVISIBLE[0m  (poll #5, X-Cache: MISS)  order=e667ac79

[96mOrder 442/1000:[0m
  [      9ms]  [91mstale[0m    (poll #1)  order=9f9fbc67
  [     77ms]  [91mstale[0m    (poll #2)  order=9f9fbc67
  [    137ms]  [91mstale[0m    (poll #3)  order=9f9fbc67
  [    202ms]  [91mstale[0m    (poll #4)  order=9f9fbc67
  [    264ms]  [92mVISIBLE[0m  (poll #5, X-Cache: MISS)  order=9f9fbc67

[96mOrder 443/1000:[0m
  [      9ms]  [91mstale[0m    (poll #1)  order=8a15f2ed
  [     72ms]  [91mstale[0m    (poll #2)  order=8a15f2ed
  [    135ms]  [91mstale[0m    (poll #3)  order=8a15f2ed
  [    203ms]  [91mstale[0m    (poll #4)  order=8a15f2ed
  [    273ms]  [92mVISIBLE[0m  (poll #5, X-Cache: MISS)  order=8a15f2ed

[96mOrder 444/1000:[0m
  [     11ms]  [91mstale[0m    (poll #1)  order=ee138588
  [     73ms]  [91mstale[0m    (poll #2)  order=ee138588
  [    135ms]  [91mstale[0m    (poll #3)  order=ee138588
  [    198ms]  [91mstale[0m    (poll #4)  order=ee138588
  [    260ms]  [92mVISIBLE[0m  (poll #5, X-Cache: MISS)  order=ee138588

[96mOrder 445/1000:[0m
  [      8ms]  [91mstale[0m    (poll #1)  order=042aedf6
  [     71ms]  [91mstale[0m    (poll #2)  order=042aedf6
  [    136ms]  [91mstale[0m    (poll #3)  order=042aedf6
  [    201ms]  [92mVISIBLE[0m  (poll #4, X-Cache: MISS)  order=042aedf6

[96mOrder 446/1000:[0m
  [      9ms]  [91mstale[0m    (poll #1)  order=2da69e9e
  [     70ms]  [91mstale[0m    (poll #2)  order=2da69e9e
  [    132ms]  [91mstale[0m    (poll #3)  order=2da69e9e
  [    200ms]  [91mstale[0m    (poll #4)  order=2da69e9e
  [    265ms]  [92mVISIBLE[0m  (poll #5, X-Cache: MISS)  order=2da69e9e

[96mOrder 447/1000:[0m
  [      6ms]  [91mstale[0m    (poll #1)  order=fd1b5f2f
  [     70ms]  [91mstale[0m    (poll #2)  order=fd1b5f2f
  [    130ms]  [91mstale[0m    (poll #3)  order=fd1b5f2f
  [    200ms]  [92mVISIBLE[0m  (poll #4, X-Cache: MISS)  order=fd1b5f2f

[96mOrder 448/1000:[0m
  [      9ms]  [91mstale[0m    (poll #1)  order=fd7fa783
  [     71ms]  [91mstale[0m    (poll #2)  order=fd7fa783
  [    133ms]  [91mstale[0m    (poll #3)  order=fd7fa783
  [    198ms]  [91mstale[0m    (poll #4)  order=fd7fa783
  [    267ms]  [92mVISIBLE[0m  (poll #5, X-Cache: MISS)  order=fd7fa783

[96mOrder 449/1000:[0m
  [     11ms]  [91mstale[0m    (poll #1)  order=52862d2d
  [     72ms]  [91mstale[0m    (poll #2)  order=52862d2d
  [    138ms]  [91mstale[0m    (poll #3)  order=52862d2d
  [    203ms]  [91mstale[0m    (poll #4)  order=52862d2d
  [    273ms]  [92mVISIBLE[0m  (poll #5, X-Cache: MISS)  order=52862d2d

[96mOrder 450/1000:[0m
  [     10ms]  [91mstale[0m    (poll #1)  order=83bb4326
  [     74ms]  [91mstale[0m    (poll #2)  order=83bb4326
  [    136ms]  [91mstale[0m    (poll #3)  order=83bb4326
  [    201ms]  [91mstale[0m    (poll #4)  order=83bb4326
  [    274ms]  [92mVISIBLE[0m  (poll #5, X-Cache: MISS)  order=83bb4326

[96mOrder 451/1000:[0m
  [     10ms]  [91mstale[0m    (poll #1)  order=ea4313cb
  [     75ms]  [91mstale[0m    (poll #2)  order=ea4313cb
  [    148ms]  [91mstale[0m    (poll #3)  order=ea4313cb
  [    214ms]  [92mVISIBLE[0m  (poll #4, X-Cache: MISS)  order=ea4313cb

[96mOrder 452/1000:[0m
  [      5ms]  [91mstale[0m    (poll #1)  order=3b6ab885
  [     67ms]  [91mstale[0m    (poll #2)  order=3b6ab885
  [    126ms]  [91mstale[0m    (poll #3)  order=3b6ab885
  [    190ms]  [92mVISIBLE[0m  (poll #4, X-Cache: MISS)  order=3b6ab885

[96mOrder 453/1000:[0m
  [      6ms]  [91mstale[0m    (poll #1)  order=a8f8f5dd
  [     70ms]  [91mstale[0m    (poll #2)  order=a8f8f5dd
  [    132ms]  [91mstale[0m    (poll #3)  order=a8f8f5dd
  [    200ms]  [91mstale[0m    (poll #4)  order=a8f8f5dd
  [    267ms]  [92mVISIBLE[0m  (poll #5, X-Cache: MISS)  order=a8f8f5dd

[96mOrder 454/1000:[0m
  [      8ms]  [91mstale[0m    (poll #1)  order=05b557c8
  [     71ms]  [91mstale[0m    (poll #2)  order=05b557c8
  [    134ms]  [91mstale[0m    (poll #3)  order=05b557c8
  [    201ms]  [91mstale[0m    (poll #4)  order=05b557c8
  [    271ms]  [92mVISIBLE[0m  (poll #5, X-Cache: MISS)  order=05b557c8

[96mOrder 455/1000:[0m
  [      4ms]  [91mstale[0m    (poll #1)  order=2533cbfa
  [     63ms]  [91mstale[0m    (poll #2)  order=2533cbfa
  [    129ms]  [91mstale[0m    (poll #3)  order=2533cbfa
  [    188ms]  [91mstale[0m    (poll #4)  order=2533cbfa
  [    251ms]  [92mVISIBLE[0m  (poll #5, X-Cache: MISS)  order=2533cbfa

[96mOrder 456/1000:[0m
  [      5ms]  [91mstale[0m    (poll #1)  order=602e10c4
  [     67ms]  [91mstale[0m    (poll #2)  order=602e10c4
  [    127ms]  [91mstale[0m    (poll #3)  order=602e10c4
  [    194ms]  [91mstale[0m    (poll #4)  order=602e10c4
  [    259ms]  [92mVISIBLE[0m  (poll #5, X-Cache: MISS)  order=602e10c4

[96mOrder 457/1000:[0m
  [      6ms]  [91mstale[0m    (poll #1)  order=b8fb1992
  [     64ms]  [91mstale[0m    (poll #2)  order=b8fb1992
  [    126ms]  [91mstale[0m    (poll #3)  order=b8fb1992
  [    187ms]  [92mVISIBLE[0m  (poll #4, X-Cache: MISS)  order=b8fb1992

[96mOrder 458/1000:[0m
  [      5ms]  [91mstale[0m    (poll #1)  order=efd6d7a4
  [     64ms]  [91mstale[0m    (poll #2)  order=efd6d7a4
  [    127ms]  [91mstale[0m    (poll #3)  order=efd6d7a4
  [    189ms]  [91mstale[0m    (poll #4)  order=efd6d7a4
  [    250ms]  [92mVISIBLE[0m  (poll #5, X-Cache: MISS)  order=efd6d7a4

[96mOrder 459/1000:[0m
  [      5ms]  [91mstale[0m    (poll #1)  order=6797f38f
  [     65ms]  [91mstale[0m    (poll #2)  order=6797f38f
  [    125ms]  [91mstale[0m    (poll #3)  order=6797f38f
  [    186ms]  [91mstale[0m    (poll #4)  order=6797f38f
  [    253ms]  [92mVISIBLE[0m  (poll #5, X-Cache: MISS)  order=6797f38f

[96mOrder 460/1000:[0m
  [     10ms]  [91mstale[0m    (poll #1)  order=31324fc0
  [     74ms]  [91mstale[0m    (poll #2)  order=31324fc0
  [    139ms]  [91mstale[0m    (poll #3)  order=31324fc0
  [    199ms]  [91mstale[0m    (poll #4)  order=31324fc0
  [    271ms]  [92mVISIBLE[0m  (poll #5, X-Cache: MISS)  order=31324fc0

[96mOrder 461/1000:[0m
  [      8ms]  [91mstale[0m    (poll #1)  order=004a9cc9
  [     71ms]  [91mstale[0m    (poll #2)  order=004a9cc9
  [    133ms]  [91mstale[0m    (poll #3)  order=004a9cc9
  [    198ms]  [91mstale[0m    (poll #4)  order=004a9cc9
  [    264ms]  [92mVISIBLE[0m  (poll #5, X-Cache: MISS)  order=004a9cc9

[96mOrder 462/1000:[0m
  [      9ms]  [91mstale[0m    (poll #1)  order=0e0045d0
  [     70ms]  [91mstale[0m    (poll #2)  order=0e0045d0
  [    131ms]  [91mstale[0m    (poll #3)  order=0e0045d0
  [    198ms]  [91mstale[0m    (poll #4)  order=0e0045d0
  [    266ms]  [92mVISIBLE[0m  (poll #5, X-Cache: MISS)  order=0e0045d0

[96mOrder 463/1000:[0m
  [      5ms]  [91mstale[0m    (poll #1)  order=e87a981a
  [     66ms]  [91mstale[0m    (poll #2)  order=e87a981a
  [    130ms]  [91mstale[0m    (poll #3)  order=e87a981a
  [    194ms]  [91mstale[0m    (poll #4)  order=e87a981a
  [    262ms]  [92mVISIBLE[0m  (poll #5, X-Cache: MISS)  order=e87a981a

[96mOrder 464/1000:[0m
  [     10ms]  [91mstale[0m    (poll #1)  order=e48e8be7
  [     70ms]  [91mstale[0m    (poll #2)  order=e48e8be7
  [    137ms]  [91mstale[0m    (poll #3)  order=e48e8be7
  [    202ms]  [92mVISIBLE[0m  (poll #4, X-Cache: MISS)  order=e48e8be7

[96mOrder 465/1000:[0m
  [      5ms]  [91mstale[0m    (poll #1)  order=84a173de
  [     64ms]  [91mstale[0m    (poll #2)  order=84a173de
  [    128ms]  [91mstale[0m    (poll #3)  order=84a173de
  [    188ms]  [91mstale[0m    (poll #4)  order=84a173de
  [    250ms]  [91mstale[0m    (poll #5)  order=84a173de
  [    313ms]  [92mVISIBLE[0m  (poll #6, X-Cache: MISS)  order=84a173de

[96mOrder 466/1000:[0m
  [      4ms]  [91mstale[0m    (poll #1)  order=23e19c67
  [     65ms]  [91mstale[0m    (poll #2)  order=23e19c67
  [    127ms]  [91mstale[0m    (poll #3)  order=23e19c67
  [    186ms]  [91mstale[0m    (poll #4)  order=23e19c67
  [    249ms]  [92mVISIBLE[0m  (poll #5, X-Cache: MISS)  order=23e19c67

[96mOrder 467/1000:[0m
  [      5ms]  [91mstale[0m    (poll #1)  order=bd4b7624
  [     63ms]  [91mstale[0m    (poll #2)  order=bd4b7624
  [    125ms]  [91mstale[0m    (poll #3)  order=bd4b7624
  [    188ms]  [91mstale[0m    (poll #4)  order=bd4b7624
  [    253ms]  [92mVISIBLE[0m  (poll #5, X-Cache: MISS)  order=bd4b7624

[96mOrder 468/1000:[0m
  [      9ms]  [91mstale[0m    (poll #1)  order=f923b592
  [     70ms]  [91mstale[0m    (poll #2)  order=f923b592
  [    133ms]  [91mstale[0m    (poll #3)  order=f923b592
  [    201ms]  [92mVISIBLE[0m  (poll #4, X-Cache: MISS)  order=f923b592

[96mOrder 469/1000:[0m
  [      9ms]  [91mstale[0m    (poll #1)  order=d0c0a2af
  [     72ms]  [91mstale[0m    (poll #2)  order=d0c0a2af
  [    133ms]  [91mstale[0m    (poll #3)  order=d0c0a2af
  [    197ms]  [91mstale[0m    (poll #4)  order=d0c0a2af
  [    267ms]  [92mVISIBLE[0m  (poll #5, X-Cache: MISS)  order=d0c0a2af

[96mOrder 470/1000:[0m
  [     10ms]  [91mstale[0m    (poll #1)  order=a380331a
  [     73ms]  [91mstale[0m    (poll #2)  order=a380331a
  [    133ms]  [91mstale[0m    (poll #3)  order=a380331a
  [    199ms]  [91mstale[0m    (poll #4)  order=a380331a
  [    263ms]  [92mVISIBLE[0m  (poll #5, X-Cache: MISS)  order=a380331a

[96mOrder 471/1000:[0m
  [      8ms]  [91mstale[0m    (poll #1)  order=74844968
  [     72ms]  [91mstale[0m    (poll #2)  order=74844968
  [    135ms]  [91mstale[0m    (poll #3)  order=74844968
  [    203ms]  [91mstale[0m    (poll #4)  order=74844968
  [    273ms]  [92mVISIBLE[0m  (poll #5, X-Cache: MISS)  order=74844968

[96mOrder 472/1000:[0m
  [     10ms]  [91mstale[0m    (poll #1)  order=88586434
  [     71ms]  [91mstale[0m    (poll #2)  order=88586434
  [    135ms]  [91mstale[0m    (poll #3)  order=88586434
  [    204ms]  [91mstale[0m    (poll #4)  order=88586434
  [    275ms]  [92mVISIBLE[0m  (poll #5, X-Cache: MISS)  order=88586434

[96mOrder 473/1000:[0m
  [      9ms]  [91mstale[0m    (poll #1)  order=ea8887bc
  [     73ms]  [91mstale[0m    (poll #2)  order=ea8887bc
  [    140ms]  [91mstale[0m    (poll #3)  order=ea8887bc
  [    207ms]  [92mVISIBLE[0m  (poll #4, X-Cache: MISS)  order=ea8887bc

[96mOrder 474/1000:[0m
  [      8ms]  [91mstale[0m    (poll #1)  order=01ff5d57
  [     74ms]  [91mstale[0m    (poll #2)  order=01ff5d57
  [    147ms]  [91mstale[0m    (poll #3)  order=01ff5d57
  [    211ms]  [91mstale[0m    (poll #4)  order=01ff5d57
  [    277ms]  [92mVISIBLE[0m  (poll #5, X-Cache: MISS)  order=01ff5d57

[96mOrder 475/1000:[0m
  [      8ms]  [91mstale[0m    (poll #1)  order=7975b111
  [     71ms]  [91mstale[0m    (poll #2)  order=7975b111
  [    132ms]  [91mstale[0m    (poll #3)  order=7975b111
  [    198ms]  [91mstale[0m    (poll #4)  order=7975b111
  [    269ms]  [92mVISIBLE[0m  (poll #5, X-Cache: MISS)  order=7975b111

[96mOrder 476/1000:[0m
  [     10ms]  [91mstale[0m    (poll #1)  order=7f493bdb
  [     75ms]  [91mstale[0m    (poll #2)  order=7f493bdb
  [    138ms]  [91mstale[0m    (poll #3)  order=7f493bdb
  [    203ms]  [92mVISIBLE[0m  (poll #4, X-Cache: MISS)  order=7f493bdb

[96mOrder 477/1000:[0m
  [      4ms]  [91mstale[0m    (poll #1)  order=3cb46677
  [     64ms]  [91mstale[0m    (poll #2)  order=3cb46677
  [    125ms]  [91mstale[0m    (poll #3)  order=3cb46677
  [    189ms]  [91mstale[0m    (poll #4)  order=3cb46677
  [    254ms]  [92mVISIBLE[0m  (poll #5, X-Cache: MISS)  order=3cb46677

[96mOrder 478/1000:[0m
  [      7ms]  [91mstale[0m    (poll #1)  order=c157d981
  [     66ms]  [91mstale[0m    (poll #2)  order=c157d981
  [    125ms]  [91mstale[0m    (poll #3)  order=c157d981
  [    188ms]  [91mstale[0m    (poll #4)  order=c157d981
  [    258ms]  [92mVISIBLE[0m  (poll #5, X-Cache: MISS)  order=c157d981

[96mOrder 479/1000:[0m
  [     10ms]  [91mstale[0m    (poll #1)  order=059a7dff
  [     72ms]  [91mstale[0m    (poll #2)  order=059a7dff
  [    137ms]  [91mstale[0m    (poll #3)  order=059a7dff
  [    202ms]  [91mstale[0m    (poll #4)  order=059a7dff
  [    273ms]  [92mVISIBLE[0m  (poll #5, X-Cache: MISS)  order=059a7dff

[96mOrder 480/1000:[0m
  [     10ms]  [91mstale[0m    (poll #1)  order=f0d4e362
  [     74ms]  [91mstale[0m    (poll #2)  order=f0d4e362
  [    137ms]  [91mstale[0m    (poll #3)  order=f0d4e362
  [    196ms]  [91mstale[0m    (poll #4)  order=f0d4e362
  [    260ms]  [92mVISIBLE[0m  (poll #5, X-Cache: MISS)  order=f0d4e362

[96mOrder 481/1000:[0m
  [      4ms]  [91mstale[0m    (poll #1)  order=ac6d5489
  [     64ms]  [91mstale[0m    (poll #2)  order=ac6d5489
  [    126ms]  [91mstale[0m    (poll #3)  order=ac6d5489
  [    191ms]  [91mstale[0m    (poll #4)  order=ac6d5489
  [    259ms]  [92mVISIBLE[0m  (poll #5, X-Cache: MISS)  order=ac6d5489

[96mOrder 482/1000:[0m
  [     10ms]  [91mstale[0m    (poll #1)  order=0f78d68b
  [     69ms]  [91mstale[0m    (poll #2)  order=0f78d68b
  [    134ms]  [91mstale[0m    (poll #3)  order=0f78d68b
  [    193ms]  [91mstale[0m    (poll #4)  order=0f78d68b
  [    258ms]  [92mVISIBLE[0m  (poll #5, X-Cache: MISS)  order=0f78d68b

[96mOrder 483/1000:[0m
  [      9ms]  [91mstale[0m    (poll #1)  order=4106702c
  [     75ms]  [91mstale[0m    (poll #2)  order=4106702c
  [    138ms]  [91mstale[0m    (poll #3)  order=4106702c
  [    199ms]  [91mstale[0m    (poll #4)  order=4106702c
  [    264ms]  [92mVISIBLE[0m  (poll #5, X-Cache: MISS)  order=4106702c

[96mOrder 484/1000:[0m
  [      8ms]  [91mstale[0m    (poll #1)  order=1e65e854
  [     71ms]  [91mstale[0m    (poll #2)  order=1e65e854
  [    132ms]  [91mstale[0m    (poll #3)  order=1e65e854
  [    197ms]  [91mstale[0m    (poll #4)  order=1e65e854
  [    267ms]  [92mVISIBLE[0m  (poll #5, X-Cache: MISS)  order=1e65e854

[96mOrder 485/1000:[0m
  [     10ms]  [91mstale[0m    (poll #1)  order=3ef2f94d
  [     71ms]  [91mstale[0m    (poll #2)  order=3ef2f94d
  [    136ms]  [92mVISIBLE[0m  (poll #3, X-Cache: MISS)  order=3ef2f94d

[96mOrder 486/1000:[0m
  [      7ms]  [91mstale[0m    (poll #1)  order=4433670d
  [     69ms]  [91mstale[0m    (poll #2)  order=4433670d
  [    134ms]  [91mstale[0m    (poll #3)  order=4433670d
  [    202ms]  [91mstale[0m    (poll #4)  order=4433670d
  [    271ms]  [92mVISIBLE[0m  (poll #5, X-Cache: MISS)  order=4433670d

[96mOrder 487/1000:[0m
  [      9ms]  [91mstale[0m    (poll #1)  order=92712d3f
  [     72ms]  [91mstale[0m    (poll #2)  order=92712d3f
  [    131ms]  [91mstale[0m    (poll #3)  order=92712d3f
  [    197ms]  [91mstale[0m    (poll #4)  order=92712d3f
  [    264ms]  [92mVISIBLE[0m  (poll #5, X-Cache: MISS)  order=92712d3f

[96mOrder 488/1000:[0m
  [     10ms]  [91mstale[0m    (poll #1)  order=b2423558
  [     74ms]  [91mstale[0m    (poll #2)  order=b2423558
  [    136ms]  [91mstale[0m    (poll #3)  order=b2423558
  [    206ms]  [91mstale[0m    (poll #4)  order=b2423558
  [    274ms]  [92mVISIBLE[0m  (poll #5, X-Cache: MISS)  order=b2423558

[96mOrder 489/1000:[0m
  [      9ms]  [91mstale[0m    (poll #1)  order=fbcce869
  [     73ms]  [91mstale[0m    (poll #2)  order=fbcce869
  [    137ms]  [91mstale[0m    (poll #3)  order=fbcce869
  [    201ms]  [92mVISIBLE[0m  (poll #4, X-Cache: MISS)  order=fbcce869

[96mOrder 490/1000:[0m
  [      7ms]  [91mstale[0m    (poll #1)  order=f59c4467
  [     71ms]  [91mstale[0m    (poll #2)  order=f59c4467
  [    132ms]  [91mstale[0m    (poll #3)  order=f59c4467
  [    197ms]  [91mstale[0m    (poll #4)  order=f59c4467
  [    271ms]  [92mVISIBLE[0m  (poll #5, X-Cache: MISS)  order=f59c4467

[96mOrder 491/1000:[0m
  [      9ms]  [91mstale[0m    (poll #1)  order=c0e31cbd
  [     73ms]  [91mstale[0m    (poll #2)  order=c0e31cbd
  [    138ms]  [91mstale[0m    (poll #3)  order=c0e31cbd
  [    201ms]  [91mstale[0m    (poll #4)  order=c0e31cbd
  [    270ms]  [92mVISIBLE[0m  (poll #5, X-Cache: MISS)  order=c0e31cbd

[96mOrder 492/1000:[0m
  [     10ms]  [91mstale[0m    (poll #1)  order=29316c4f
  [     75ms]  [91mstale[0m    (poll #2)  order=29316c4f
  [    135ms]  [91mstale[0m    (poll #3)  order=29316c4f
  [    192ms]  [91mstale[0m    (poll #4)  order=29316c4f
  [    257ms]  [92mVISIBLE[0m  (poll #5, X-Cache: MISS)  order=29316c4f

[96mOrder 493/1000:[0m
  [      4ms]  [91mstale[0m    (poll #1)  order=beb486c1
  [     59ms]  [91mstale[0m    (poll #2)  order=beb486c1
  [    121ms]  [91mstale[0m    (poll #3)  order=beb486c1
  [    179ms]  [91mstale[0m    (poll #4)  order=beb486c1
  [    243ms]  [92mVISIBLE[0m  (poll #5, X-Cache: MISS)  order=beb486c1

[96mOrder 494/1000:[0m
  [      8ms]  [91mstale[0m    (poll #1)  order=4aaa50ae
  [     72ms]  [91mstale[0m    (poll #2)  order=4aaa50ae
  [    131ms]  [91mstale[0m    (poll #3)  order=4aaa50ae
  [    197ms]  [92mVISIBLE[0m  (poll #4, X-Cache: MISS)  order=4aaa50ae

[96mOrder 495/1000:[0m
  [      7ms]  [91mstale[0m    (poll #1)  order=a2318142
  [     70ms]  [91mstale[0m    (poll #2)  order=a2318142
  [    131ms]  [91mstale[0m    (poll #3)  order=a2318142
  [    199ms]  [91mstale[0m    (poll #4)  order=a2318142
  [    271ms]  [92mVISIBLE[0m  (poll #5, X-Cache: MISS)  order=a2318142

[96mOrder 496/1000:[0m
  [      4ms]  [91mstale[0m    (poll #1)  order=f1512c3d
  [     64ms]  [91mstale[0m    (poll #2)  order=f1512c3d
  [    124ms]  [91mstale[0m    (poll #3)  order=f1512c3d
  [    185ms]  [91mstale[0m    (poll #4)  order=f1512c3d
  [    250ms]  [92mVISIBLE[0m  (poll #5, X-Cache: MISS)  order=f1512c3d

[96mOrder 497/1000:[0m
  [      5ms]  [91mstale[0m    (poll #1)  order=720c719f
  [     66ms]  [91mstale[0m    (poll #2)  order=720c719f
  [    130ms]  [91mstale[0m    (poll #3)  order=720c719f
  [    194ms]  [91mstale[0m    (poll #4)  order=720c719f
  [    264ms]  [92mVISIBLE[0m  (poll #5, X-Cache: MISS)  order=720c719f

[96mOrder 498/1000:[0m
  [      8ms]  [91mstale[0m    (poll #1)  order=000274ae
  [     71ms]  [91mstale[0m    (poll #2)  order=000274ae
  [    132ms]  [91mstale[0m    (poll #3)  order=000274ae
  [    197ms]  [92mVISIBLE[0m  (poll #4, X-Cache: MISS)  order=000274ae

[96mOrder 499/1000:[0m
  [      8ms]  [91mstale[0m    (poll #1)  order=efd3442f
  [     71ms]  [91mstale[0m    (poll #2)  order=efd3442f
  [    135ms]  [91mstale[0m    (poll #3)  order=efd3442f
  [    199ms]  [91mstale[0m    (poll #4)  order=efd3442f
  [    270ms]  [92mVISIBLE[0m  (poll #5, X-Cache: MISS)  order=efd3442f

[96mOrder 500/1000:[0m
  [      9ms]  [91mstale[0m    (poll #1)  order=7f69468e
  [     72ms]  [91mstale[0m    (poll #2)  order=7f69468e
  [    139ms]  [91mstale[0m    (poll #3)  order=7f69468e
  [    208ms]  [91mstale[0m    (poll #4)  order=7f69468e
  [    274ms]  [92mVISIBLE[0m  (poll #5, X-Cache: MISS)  order=7f69468e

[96mOrder 501/1000:[0m
  [      7ms]  [91mstale[0m    (poll #1)  order=fe597781
  [     71ms]  [91mstale[0m    (poll #2)  order=fe597781
  [    135ms]  [91mstale[0m    (poll #3)  order=fe597781
  [    199ms]  [91mstale[0m    (poll #4)  order=fe597781
  [    264ms]  [92mVISIBLE[0m  (poll #5, X-Cache: MISS)  order=fe597781

[96mOrder 502/1000:[0m
  [      8ms]  [91mstale[0m    (poll #1)  order=7e819102
  [     72ms]  [91mstale[0m    (poll #2)  order=7e819102
  [    133ms]  [91mstale[0m    (poll #3)  order=7e819102
  [    194ms]  [92mVISIBLE[0m  (poll #4, X-Cache: MISS)  order=7e819102

[96mOrder 503/1000:[0m
  [      4ms]  [91mstale[0m    (poll #1)  order=a6b71fa1
  [     63ms]  [91mstale[0m    (poll #2)  order=a6b71fa1
  [    125ms]  [91mstale[0m    (poll #3)  order=a6b71fa1
  [    184ms]  [91mstale[0m    (poll #4)  order=a6b71fa1
  [    246ms]  [91mstale[0m    (poll #5)  order=a6b71fa1
  [    311ms]  [92mVISIBLE[0m  (poll #6, X-Cache: MISS)  order=a6b71fa1

[96mOrder 504/1000:[0m
  [     10ms]  [91mstale[0m    (poll #1)  order=a49cc5a7
  [     72ms]  [91mstale[0m    (poll #2)  order=a49cc5a7
  [    133ms]  [91mstale[0m    (poll #3)  order=a49cc5a7
  [    197ms]  [92mVISIBLE[0m  (poll #4, X-Cache: MISS)  order=a49cc5a7

[96mOrder 505/1000:[0m
  [      4ms]  [91mstale[0m    (poll #1)  order=3d5906cc
  [     60ms]  [91mstale[0m    (poll #2)  order=3d5906cc
  [    118ms]  [91mstale[0m    (poll #3)  order=3d5906cc
  [    181ms]  [91mstale[0m    (poll #4)  order=3d5906cc
  [    245ms]  [92mVISIBLE[0m  (poll #5, X-Cache: MISS)  order=3d5906cc

[96mOrder 506/1000:[0m
  [      6ms]  [91mstale[0m    (poll #1)  order=9a752604
  [     70ms]  [91mstale[0m    (poll #2)  order=9a752604
  [    131ms]  [91mstale[0m    (poll #3)  order=9a752604
  [    200ms]  [91mstale[0m    (poll #4)  order=9a752604
  [    263ms]  [92mVISIBLE[0m  (poll #5, X-Cache: MISS)  order=9a752604

[96mOrder 507/1000:[0m
  [     10ms]  [91mstale[0m    (poll #1)  order=f609b77c
  [     71ms]  [91mstale[0m    (poll #2)  order=f609b77c
  [    133ms]  [91mstale[0m    (poll #3)  order=f609b77c
  [    200ms]  [92mVISIBLE[0m  (poll #4, X-Cache: MISS)  order=f609b77c

[96mOrder 508/1000:[0m
  [      8ms]  [91mstale[0m    (poll #1)  order=b5d0a595
  [     68ms]  [91mstale[0m    (poll #2)  order=b5d0a595
  [    131ms]  [91mstale[0m    (poll #3)  order=b5d0a595
  [    198ms]  [91mstale[0m    (poll #4)  order=b5d0a595
  [    269ms]  [92mVISIBLE[0m  (poll #5, X-Cache: MISS)  order=b5d0a595

[96mOrder 509/1000:[0m
  [     10ms]  [91mstale[0m    (poll #1)  order=24e192e7
  [     75ms]  [91mstale[0m    (poll #2)  order=24e192e7
  [    135ms]  [91mstale[0m    (poll #3)  order=24e192e7
  [    201ms]  [92mVISIBLE[0m  (poll #4, X-Cache: MISS)  order=24e192e7

[96mOrder 510/1000:[0m
  [      8ms]  [91mstale[0m    (poll #1)  order=a59fa066
  [     71ms]  [91mstale[0m    (poll #2)  order=a59fa066
  [    135ms]  [91mstale[0m    (poll #3)  order=a59fa066
  [    204ms]  [91mstale[0m    (poll #4)  order=a59fa066
  [    272ms]  [92mVISIBLE[0m  (poll #5, X-Cache: MISS)  order=a59fa066

[96mOrder 511/1000:[0m
  [     10ms]  [91mstale[0m    (poll #1)  order=f4c88ceb
  [     72ms]  [91mstale[0m    (poll #2)  order=f4c88ceb
  [    137ms]  [91mstale[0m    (poll #3)  order=f4c88ceb
  [    203ms]  [91mstale[0m    (poll #4)  order=f4c88ceb
  [    272ms]  [92mVISIBLE[0m  (poll #5, X-Cache: MISS)  order=f4c88ceb

[96mOrder 512/1000:[0m
  [      9ms]  [91mstale[0m    (poll #1)  order=9b318b98
  [     69ms]  [91mstale[0m    (poll #2)  order=9b318b98
  [    134ms]  [91mstale[0m    (poll #3)  order=9b318b98
  [    203ms]  [92mVISIBLE[0m  (poll #4, X-Cache: MISS)  order=9b318b98

[96mOrder 513/1000:[0m
  [      8ms]  [91mstale[0m    (poll #1)  order=3b83c637
  [     72ms]  [91mstale[0m    (poll #2)  order=3b83c637
  [    136ms]  [91mstale[0m    (poll #3)  order=3b83c637
  [    205ms]  [92mVISIBLE[0m  (poll #4, X-Cache: MISS)  order=3b83c637

[96mOrder 514/1000:[0m
  [      8ms]  [91mstale[0m    (poll #1)  order=2b8797b3
  [     71ms]  [91mstale[0m    (poll #2)  order=2b8797b3
  [    136ms]  [91mstale[0m    (poll #3)  order=2b8797b3
  [    200ms]  [91mstale[0m    (poll #4)  order=2b8797b3
  [    271ms]  [92mVISIBLE[0m  (poll #5, X-Cache: MISS)  order=2b8797b3

[96mOrder 515/1000:[0m
  [     10ms]  [91mstale[0m    (poll #1)  order=60b0d22d
  [     74ms]  [91mstale[0m    (poll #2)  order=60b0d22d
  [    136ms]  [91mstale[0m    (poll #3)  order=60b0d22d
  [    199ms]  [91mstale[0m    (poll #4)  order=60b0d22d
  [    260ms]  [92mVISIBLE[0m  (poll #5, X-Cache: MISS)  order=60b0d22d

[96mOrder 516/1000:[0m
  [      8ms]  [91mstale[0m    (poll #1)  order=32a23c1f
  [     70ms]  [91mstale[0m    (poll #2)  order=32a23c1f
  [    132ms]  [91mstale[0m    (poll #3)  order=32a23c1f
  [    199ms]  [91mstale[0m    (poll #4)  order=32a23c1f
  [    272ms]  [92mVISIBLE[0m  (poll #5, X-Cache: MISS)  order=32a23c1f

[96mOrder 517/1000:[0m
  [      8ms]  [91mstale[0m    (poll #1)  order=a4b9feb7
  [     72ms]  [91mstale[0m    (poll #2)  order=a4b9feb7
  [    137ms]  [91mstale[0m    (poll #3)  order=a4b9feb7
  [    201ms]  [92mVISIBLE[0m  (poll #4, X-Cache: MISS)  order=a4b9feb7

[96mOrder 518/1000:[0m
  [      8ms]  [91mstale[0m    (poll #1)  order=22a1db04
  [     69ms]  [91mstale[0m    (poll #2)  order=22a1db04
  [    134ms]  [91mstale[0m    (poll #3)  order=22a1db04
  [    198ms]  [92mVISIBLE[0m  (poll #4, X-Cache: MISS)  order=22a1db04

[96mOrder 519/1000:[0m
  [     10ms]  [91mstale[0m    (poll #1)  order=af471400
  [     75ms]  [91mstale[0m    (poll #2)  order=af471400
  [    135ms]  [91mstale[0m    (poll #3)  order=af471400
  [    198ms]  [91mstale[0m    (poll #4)  order=af471400
  [    265ms]  [92mVISIBLE[0m  (poll #5, X-Cache: MISS)  order=af471400

[96mOrder 520/1000:[0m
  [     10ms]  [91mstale[0m    (poll #1)  order=9c9309cc
  [     72ms]  [91mstale[0m    (poll #2)  order=9c9309cc
  [    137ms]  [91mstale[0m    (poll #3)  order=9c9309cc
  [    201ms]  [92mVISIBLE[0m  (poll #4, X-Cache: MISS)  order=9c9309cc

[96mOrder 521/1000:[0m
  [      8ms]  [91mstale[0m    (poll #1)  order=75f4d958
  [     71ms]  [91mstale[0m    (poll #2)  order=75f4d958
  [    133ms]  [91mstale[0m    (poll #3)  order=75f4d958
  [    196ms]  [91mstale[0m    (poll #4)  order=75f4d958
  [    261ms]  [92mVISIBLE[0m  (poll #5, X-Cache: MISS)  order=75f4d958

[96mOrder 522/1000:[0m
  [     10ms]  [91mstale[0m    (poll #1)  order=8234538a
  [     75ms]  [91mstale[0m    (poll #2)  order=8234538a
  [    140ms]  [91mstale[0m    (poll #3)  order=8234538a
  [    203ms]  [92mVISIBLE[0m  (poll #4, X-Cache: MISS)  order=8234538a

[96mOrder 523/1000:[0m
  [     10ms]  [91mstale[0m    (poll #1)  order=f9fc791a
  [     75ms]  [91mstale[0m    (poll #2)  order=f9fc791a
  [    140ms]  [91mstale[0m    (poll #3)  order=f9fc791a
  [    204ms]  [91mstale[0m    (poll #4)  order=f9fc791a
  [    268ms]  [92mVISIBLE[0m  (poll #5, X-Cache: MISS)  order=f9fc791a

[96mOrder 524/1000:[0m
  [      7ms]  [91mstale[0m    (poll #1)  order=a868d097
  [     71ms]  [91mstale[0m    (poll #2)  order=a868d097
  [    135ms]  [91mstale[0m    (poll #3)  order=a868d097
  [    200ms]  [91mstale[0m    (poll #4)  order=a868d097
  [    266ms]  [92mVISIBLE[0m  (poll #5, X-Cache: MISS)  order=a868d097

[96mOrder 525/1000:[0m
  [      9ms]  [91mstale[0m    (poll #1)  order=91267215
  [     73ms]  [91mstale[0m    (poll #2)  order=91267215
  [    134ms]  [91mstale[0m    (poll #3)  order=91267215
  [    199ms]  [92mVISIBLE[0m  (poll #4, X-Cache: MISS)  order=91267215

[96mOrder 526/1000:[0m
  [      7ms]  [91mstale[0m    (poll #1)  order=a9b45b99
  [     70ms]  [91mstale[0m    (poll #2)  order=a9b45b99
  [    135ms]  [91mstale[0m    (poll #3)  order=a9b45b99
  [    203ms]  [91mstale[0m    (poll #4)  order=a9b45b99
  [    273ms]  [92mVISIBLE[0m  (poll #5, X-Cache: MISS)  order=a9b45b99

[96mOrder 527/1000:[0m
  [     10ms]  [91mstale[0m    (poll #1)  order=49c04125
  [     73ms]  [91mstale[0m    (poll #2)  order=49c04125
  [    134ms]  [91mstale[0m    (poll #3)  order=49c04125
  [    199ms]  [91mstale[0m    (poll #4)  order=49c04125
  [    268ms]  [92mVISIBLE[0m  (poll #5, X-Cache: MISS)  order=49c04125

[96mOrder 528/1000:[0m
  [      9ms]  [91mstale[0m    (poll #1)  order=e9de82fb
  [     75ms]  [91mstale[0m    (poll #2)  order=e9de82fb
  [    140ms]  [91mstale[0m    (poll #3)  order=e9de82fb
  [    206ms]  [91mstale[0m    (poll #4)  order=e9de82fb
  [    274ms]  [92mVISIBLE[0m  (poll #5, X-Cache: MISS)  order=e9de82fb

[96mOrder 529/1000:[0m
  [     11ms]  [91mstale[0m    (poll #1)  order=55df3d53
  [     74ms]  [91mstale[0m    (poll #2)  order=55df3d53
  [    138ms]  [91mstale[0m    (poll #3)  order=55df3d53
  [    199ms]  [92mVISIBLE[0m  (poll #4, X-Cache: MISS)  order=55df3d53

[96mOrder 530/1000:[0m
  [      8ms]  [91mstale[0m    (poll #1)  order=695cd4f3
  [     71ms]  [91mstale[0m    (poll #2)  order=695cd4f3
  [    133ms]  [91mstale[0m    (poll #3)  order=695cd4f3
  [    200ms]  [91mstale[0m    (poll #4)  order=695cd4f3
  [    269ms]  [92mVISIBLE[0m  (poll #5, X-Cache: MISS)  order=695cd4f3

[96mOrder 531/1000:[0m
  [      8ms]  [91mstale[0m    (poll #1)  order=d1f0edf9
  [     66ms]  [91mstale[0m    (poll #2)  order=d1f0edf9
  [    127ms]  [91mstale[0m    (poll #3)  order=d1f0edf9
  [    185ms]  [91mstale[0m    (poll #4)  order=d1f0edf9
  [    247ms]  [92mVISIBLE[0m  (poll #5, X-Cache: MISS)  order=d1f0edf9

[96mOrder 532/1000:[0m
  [      6ms]  [91mstale[0m    (poll #1)  order=db16d4f5
  [     68ms]  [91mstale[0m    (poll #2)  order=db16d4f5
  [    126ms]  [91mstale[0m    (poll #3)  order=db16d4f5
  [    190ms]  [92mVISIBLE[0m  (poll #4, X-Cache: MISS)  order=db16d4f5

[96mOrder 533/1000:[0m
  [      7ms]  [91mstale[0m    (poll #1)  order=0a58196f
  [     71ms]  [91mstale[0m    (poll #2)  order=0a58196f
  [    134ms]  [91mstale[0m    (poll #3)  order=0a58196f
  [    201ms]  [91mstale[0m    (poll #4)  order=0a58196f
  [    268ms]  [92mVISIBLE[0m  (poll #5, X-Cache: MISS)  order=0a58196f

[96mOrder 534/1000:[0m
  [      8ms]  [91mstale[0m    (poll #1)  order=05f1206f
  [     72ms]  [91mstale[0m    (poll #2)  order=05f1206f
  [    134ms]  [91mstale[0m    (poll #3)  order=05f1206f
  [    200ms]  [91mstale[0m    (poll #4)  order=05f1206f
  [    263ms]  [92mVISIBLE[0m  (poll #5, X-Cache: MISS)  order=05f1206f

[96mOrder 535/1000:[0m
  [      4ms]  [91mstale[0m    (poll #1)  order=4552fc5b
  [     63ms]  [91mstale[0m    (poll #2)  order=4552fc5b
  [    125ms]  [91mstale[0m    (poll #3)  order=4552fc5b
  [    191ms]  [91mstale[0m    (poll #4)  order=4552fc5b
  [    255ms]  [92mVISIBLE[0m  (poll #5, X-Cache: MISS)  order=4552fc5b

[96mOrder 536/1000:[0m
  [      6ms]  [91mstale[0m    (poll #1)  order=c3d940a6
  [     69ms]  [91mstale[0m    (poll #2)  order=c3d940a6
  [    134ms]  [91mstale[0m    (poll #3)  order=c3d940a6
  [    192ms]  [91mstale[0m    (poll #4)  order=c3d940a6
  [    260ms]  [92mVISIBLE[0m  (poll #5, X-Cache: MISS)  order=c3d940a6

[96mOrder 537/1000:[0m
  [     10ms]  [91mstale[0m    (poll #1)  order=1439fe3b
  [     71ms]  [91mstale[0m    (poll #2)  order=1439fe3b
  [    140ms]  [91mstale[0m    (poll #3)  order=1439fe3b
  [    205ms]  [91mstale[0m    (poll #4)  order=1439fe3b
  [    270ms]  [92mVISIBLE[0m  (poll #5, X-Cache: MISS)  order=1439fe3b

[96mOrder 538/1000:[0m
  [      7ms]  [91mstale[0m    (poll #1)  order=d438b25d
  [     70ms]  [91mstale[0m    (poll #2)  order=d438b25d
  [    134ms]  [91mstale[0m    (poll #3)  order=d438b25d
  [    199ms]  [92mVISIBLE[0m  (poll #4, X-Cache: MISS)  order=d438b25d

[96mOrder 539/1000:[0m
  [      8ms]  [91mstale[0m    (poll #1)  order=f7411a12
  [     70ms]  [91mstale[0m    (poll #2)  order=f7411a12
  [    132ms]  [91mstale[0m    (poll #3)  order=f7411a12
  [    195ms]  [91mstale[0m    (poll #4)  order=f7411a12
  [    260ms]  [92mVISIBLE[0m  (poll #5, X-Cache: MISS)  order=f7411a12

[96mOrder 540/1000:[0m
  [      7ms]  [91mstale[0m    (poll #1)  order=4a4d2294
  [     70ms]  [91mstale[0m    (poll #2)  order=4a4d2294
  [    134ms]  [91mstale[0m    (poll #3)  order=4a4d2294
  [    198ms]  [91mstale[0m    (poll #4)  order=4a4d2294
  [    263ms]  [92mVISIBLE[0m  (poll #5, X-Cache: MISS)  order=4a4d2294

[96mOrder 541/1000:[0m
  [      8ms]  [91mstale[0m    (poll #1)  order=16cc3e1f
  [     71ms]  [91mstale[0m    (poll #2)  order=16cc3e1f
  [    127ms]  [91mstale[0m    (poll #3)  order=16cc3e1f
  [    188ms]  [91mstale[0m    (poll #4)  order=16cc3e1f
  [    249ms]  [92mVISIBLE[0m  (poll #5, X-Cache: MISS)  order=16cc3e1f

[96mOrder 542/1000:[0m
  [      6ms]  [91mstale[0m    (poll #1)  order=645f9b43
  [     66ms]  [91mstale[0m    (poll #2)  order=645f9b43
  [    129ms]  [91mstale[0m    (poll #3)  order=645f9b43
  [    195ms]  [91mstale[0m    (poll #4)  order=645f9b43
  [    262ms]  [92mVISIBLE[0m  (poll #5, X-Cache: MISS)  order=645f9b43

[96mOrder 543/1000:[0m
  [      8ms]  [91mstale[0m    (poll #1)  order=dacf50dd
  [     70ms]  [91mstale[0m    (poll #2)  order=dacf50dd
  [    138ms]  [91mstale[0m    (poll #3)  order=dacf50dd
  [    203ms]  [91mstale[0m    (poll #4)  order=dacf50dd
  [    266ms]  [92mVISIBLE[0m  (poll #5, X-Cache: MISS)  order=dacf50dd

[96mOrder 544/1000:[0m
  [      4ms]  [91mstale[0m    (poll #1)  order=237ef39d
  [     63ms]  [91mstale[0m    (poll #2)  order=237ef39d
  [    121ms]  [91mstale[0m    (poll #3)  order=237ef39d
  [    182ms]  [92mVISIBLE[0m  (poll #4, X-Cache: MISS)  order=237ef39d

[96mOrder 545/1000:[0m
  [      4ms]  [91mstale[0m    (poll #1)  order=b7768b50
  [     60ms]  [91mstale[0m    (poll #2)  order=b7768b50
  [    122ms]  [91mstale[0m    (poll #3)  order=b7768b50
  [    186ms]  [91mstale[0m    (poll #4)  order=b7768b50
  [    250ms]  [91mstale[0m    (poll #5)  order=b7768b50
  [    319ms]  [92mVISIBLE[0m  (poll #6, X-Cache: MISS)  order=b7768b50

[96mOrder 546/1000:[0m
  [      7ms]  [91mstale[0m    (poll #1)  order=19cdebaa
  [     68ms]  [91mstale[0m    (poll #2)  order=19cdebaa
  [    127ms]  [91mstale[0m    (poll #3)  order=19cdebaa
  [    194ms]  [92mVISIBLE[0m  (poll #4, X-Cache: MISS)  order=19cdebaa

[96mOrder 547/1000:[0m
  [     10ms]  [91mstale[0m    (poll #1)  order=0bafbbf7
  [     73ms]  [91mstale[0m    (poll #2)  order=0bafbbf7
  [    138ms]  [91mstale[0m    (poll #3)  order=0bafbbf7
  [    206ms]  [92mVISIBLE[0m  (poll #4, X-Cache: MISS)  order=0bafbbf7

[96mOrder 548/1000:[0m
  [      8ms]  [91mstale[0m    (poll #1)  order=8088d97b
  [     71ms]  [91mstale[0m    (poll #2)  order=8088d97b
  [    131ms]  [91mstale[0m    (poll #3)  order=8088d97b
  [    194ms]  [91mstale[0m    (poll #4)  order=8088d97b
  [    265ms]  [92mVISIBLE[0m  (poll #5, X-Cache: MISS)  order=8088d97b

[96mOrder 549/1000:[0m
  [     10ms]  [91mstale[0m    (poll #1)  order=85beadb6
  [     73ms]  [91mstale[0m    (poll #2)  order=85beadb6
  [    137ms]  [91mstale[0m    (poll #3)  order=85beadb6
  [    200ms]  [91mstale[0m    (poll #4)  order=85beadb6
  [    266ms]  [92mVISIBLE[0m  (poll #5, X-Cache: MISS)  order=85beadb6

[96mOrder 550/1000:[0m
  [      8ms]  [91mstale[0m    (poll #1)  order=97252fb6
  [     72ms]  [91mstale[0m    (poll #2)  order=97252fb6
  [    131ms]  [91mstale[0m    (poll #3)  order=97252fb6
  [    198ms]  [91mstale[0m    (poll #4)  order=97252fb6
  [    266ms]  [92mVISIBLE[0m  (poll #5, X-Cache: MISS)  order=97252fb6

[96mOrder 551/1000:[0m
  [     11ms]  [91mstale[0m    (poll #1)  order=fa4e3ee9
  [     75ms]  [91mstale[0m    (poll #2)  order=fa4e3ee9
  [    141ms]  [91mstale[0m    (poll #3)  order=fa4e3ee9
  [    203ms]  [92mVISIBLE[0m  (poll #4, X-Cache: MISS)  order=fa4e3ee9

[96mOrder 552/1000:[0m
  [      7ms]  [91mstale[0m    (poll #1)  order=a4c0eed4
  [     70ms]  [91mstale[0m    (poll #2)  order=a4c0eed4
  [    133ms]  [91mstale[0m    (poll #3)  order=a4c0eed4
  [    196ms]  [92mVISIBLE[0m  (poll #4, X-Cache: MISS)  order=a4c0eed4

[96mOrder 553/1000:[0m
  [      8ms]  [91mstale[0m    (poll #1)  order=25edbeee
  [     72ms]  [91mstale[0m    (poll #2)  order=25edbeee
  [    136ms]  [91mstale[0m    (poll #3)  order=25edbeee
  [    198ms]  [91mstale[0m    (poll #4)  order=25edbeee
  [    271ms]  [92mVISIBLE[0m  (poll #5, X-Cache: MISS)  order=25edbeee

[96mOrder 554/1000:[0m
  [     12ms]  [91mstale[0m    (poll #1)  order=58b6dc14
  [     78ms]  [91mstale[0m    (poll #2)  order=58b6dc14
  [    139ms]  [91mstale[0m    (poll #3)  order=58b6dc14
  [    207ms]  [92mVISIBLE[0m  (poll #4, X-Cache: MISS)  order=58b6dc14

[96mOrder 555/1000:[0m
  [     14ms]  [91mstale[0m    (poll #1)  order=e2f2533b
  [     80ms]  [91mstale[0m    (poll #2)  order=e2f2533b
  [    143ms]  [91mstale[0m    (poll #3)  order=e2f2533b
  [    202ms]  [91mstale[0m    (poll #4)  order=e2f2533b
  [    266ms]  [92mVISIBLE[0m  (poll #5, X-Cache: MISS)  order=e2f2533b

[96mOrder 556/1000:[0m
  [      8ms]  [91mstale[0m    (poll #1)  order=5f56833e
  [     70ms]  [91mstale[0m    (poll #2)  order=5f56833e
  [    128ms]  [91mstale[0m    (poll #3)  order=5f56833e
  [    191ms]  [91mstale[0m    (poll #4)  order=5f56833e
  [    261ms]  [92mVISIBLE[0m  (poll #5, X-Cache: MISS)  order=5f56833e

[96mOrder 557/1000:[0m
  [      8ms]  [91mstale[0m    (poll #1)  order=70a16df6
  [     75ms]  [91mstale[0m    (poll #2)  order=70a16df6
  [    140ms]  [91mstale[0m    (poll #3)  order=70a16df6
  [    208ms]  [92mVISIBLE[0m  (poll #4, X-Cache: MISS)  order=70a16df6

[96mOrder 558/1000:[0m
  [      7ms]  [91mstale[0m    (poll #1)  order=9e4f2003
  [     66ms]  [91mstale[0m    (poll #2)  order=9e4f2003
  [    128ms]  [91mstale[0m    (poll #3)  order=9e4f2003
  [    194ms]  [91mstale[0m    (poll #4)  order=9e4f2003
  [    264ms]  [92mVISIBLE[0m  (poll #5, X-Cache: MISS)  order=9e4f2003

[96mOrder 559/1000:[0m
  [     13ms]  [91mstale[0m    (poll #1)  order=fadfecd5
  [     77ms]  [91mstale[0m    (poll #2)  order=fadfecd5
  [    143ms]  [91mstale[0m    (poll #3)  order=fadfecd5
  [    207ms]  [91mstale[0m    (poll #4)  order=fadfecd5
  [    277ms]  [92mVISIBLE[0m  (poll #5, X-Cache: MISS)  order=fadfecd5

[96mOrder 560/1000:[0m
  [      8ms]  [91mstale[0m    (poll #1)  order=257199a6
  [     72ms]  [91mstale[0m    (poll #2)  order=257199a6
  [    137ms]  [91mstale[0m    (poll #3)  order=257199a6
  [    205ms]  [92mVISIBLE[0m  (poll #4, X-Cache: MISS)  order=257199a6

[96mOrder 561/1000:[0m
  [      8ms]  [91mstale[0m    (poll #1)  order=eb3e0721
  [     67ms]  [91mstale[0m    (poll #2)  order=eb3e0721
  [    130ms]  [91mstale[0m    (poll #3)  order=eb3e0721
  [    194ms]  [92mVISIBLE[0m  (poll #4, X-Cache: MISS)  order=eb3e0721

[96mOrder 562/1000:[0m
  [      8ms]  [91mstale[0m    (poll #1)  order=5e6a1ee5
  [     72ms]  [91mstale[0m    (poll #2)  order=5e6a1ee5
  [    137ms]  [91mstale[0m    (poll #3)  order=5e6a1ee5
  [    201ms]  [91mstale[0m    (poll #4)  order=5e6a1ee5
  [    268ms]  [92mVISIBLE[0m  (poll #5, X-Cache: MISS)  order=5e6a1ee5

[96mOrder 563/1000:[0m
  [     10ms]  [91mstale[0m    (poll #1)  order=826e40f0
  [     75ms]  [91mstale[0m    (poll #2)  order=826e40f0
  [    137ms]  [91mstale[0m    (poll #3)  order=826e40f0
  [    204ms]  [91mstale[0m    (poll #4)  order=826e40f0
  [    273ms]  [92mVISIBLE[0m  (poll #5, X-Cache: MISS)  order=826e40f0

[96mOrder 564/1000:[0m
  [      8ms]  [91mstale[0m    (poll #1)  order=7b0dbe5b
  [     72ms]  [91mstale[0m    (poll #2)  order=7b0dbe5b
  [    136ms]  [91mstale[0m    (poll #3)  order=7b0dbe5b
  [    203ms]  [91mstale[0m    (poll #4)  order=7b0dbe5b
  [    273ms]  [92mVISIBLE[0m  (poll #5, X-Cache: MISS)  order=7b0dbe5b

[96mOrder 565/1000:[0m
  [     10ms]  [91mstale[0m    (poll #1)  order=ae1c3542
  [     74ms]  [91mstale[0m    (poll #2)  order=ae1c3542
  [    137ms]  [91mstale[0m    (poll #3)  order=ae1c3542
  [    203ms]  [92mVISIBLE[0m  (poll #4, X-Cache: MISS)  order=ae1c3542

[96mOrder 566/1000:[0m
  [      8ms]  [91mstale[0m    (poll #1)  order=154c9899
  [     67ms]  [91mstale[0m    (poll #2)  order=154c9899
  [    131ms]  [91mstale[0m    (poll #3)  order=154c9899
  [    197ms]  [91mstale[0m    (poll #4)  order=154c9899
  [    266ms]  [92mVISIBLE[0m  (poll #5, X-Cache: MISS)  order=154c9899

[96mOrder 567/1000:[0m
  [      9ms]  [91mstale[0m    (poll #1)  order=e30a996c
  [     73ms]  [91mstale[0m    (poll #2)  order=e30a996c
  [    136ms]  [91mstale[0m    (poll #3)  order=e30a996c
  [    201ms]  [91mstale[0m    (poll #4)  order=e30a996c
  [    271ms]  [92mVISIBLE[0m  (poll #5, X-Cache: MISS)  order=e30a996c

[96mOrder 568/1000:[0m
  [     10ms]  [91mstale[0m    (poll #1)  order=0980c8f2
  [     71ms]  [91mstale[0m    (poll #2)  order=0980c8f2
  [    135ms]  [91mstale[0m    (poll #3)  order=0980c8f2
  [    200ms]  [91mstale[0m    (poll #4)  order=0980c8f2
  [    266ms]  [92mVISIBLE[0m  (poll #5, X-Cache: MISS)  order=0980c8f2

[96mOrder 569/1000:[0m
  [     10ms]  [91mstale[0m    (poll #1)  order=5d9fcaa3
  [     71ms]  [91mstale[0m    (poll #2)  order=5d9fcaa3
  [    133ms]  [91mstale[0m    (poll #3)  order=5d9fcaa3
  [    191ms]  [91mstale[0m    (poll #4)  order=5d9fcaa3
  [    251ms]  [92mVISIBLE[0m  (poll #5, X-Cache: MISS)  order=5d9fcaa3

[96mOrder 570/1000:[0m
  [      5ms]  [91mstale[0m    (poll #1)  order=8d24254c
  [     67ms]  [91mstale[0m    (poll #2)  order=8d24254c
  [    127ms]  [91mstale[0m    (poll #3)  order=8d24254c
  [    187ms]  [91mstale[0m    (poll #4)  order=8d24254c
  [    248ms]  [92mVISIBLE[0m  (poll #5, X-Cache: MISS)  order=8d24254c

[96mOrder 571/1000:[0m
  [      7ms]  [91mstale[0m    (poll #1)  order=007166f6
  [     69ms]  [91mstale[0m    (poll #2)  order=007166f6
  [    132ms]  [91mstale[0m    (poll #3)  order=007166f6
  [    197ms]  [91mstale[0m    (poll #4)  order=007166f6
  [    265ms]  [92mVISIBLE[0m  (poll #5, X-Cache: MISS)  order=007166f6

[96mOrder 572/1000:[0m
  [      6ms]  [91mstale[0m    (poll #1)  order=8d9fadc7
  [     68ms]  [91mstale[0m    (poll #2)  order=8d9fadc7
  [    133ms]  [91mstale[0m    (poll #3)  order=8d9fadc7
  [    195ms]  [92mVISIBLE[0m  (poll #4, X-Cache: MISS)  order=8d9fadc7

[96mOrder 573/1000:[0m
  [     10ms]  [91mstale[0m    (poll #1)  order=0e87b984
  [     74ms]  [91mstale[0m    (poll #2)  order=0e87b984
  [    138ms]  [91mstale[0m    (poll #3)  order=0e87b984
  [    201ms]  [91mstale[0m    (poll #4)  order=0e87b984
  [    266ms]  [92mVISIBLE[0m  (poll #5, X-Cache: MISS)  order=0e87b984

[96mOrder 574/1000:[0m
  [      7ms]  [91mstale[0m    (poll #1)  order=6630d148
  [     68ms]  [91mstale[0m    (poll #2)  order=6630d148
  [    131ms]  [91mstale[0m    (poll #3)  order=6630d148
  [    195ms]  [92mVISIBLE[0m  (poll #4, X-Cache: MISS)  order=6630d148

[96mOrder 575/1000:[0m
  [      6ms]  [91mstale[0m    (poll #1)  order=df347cf4
  [     67ms]  [91mstale[0m    (poll #2)  order=df347cf4
  [    130ms]  [91mstale[0m    (poll #3)  order=df347cf4
  [    199ms]  [91mstale[0m    (poll #4)  order=df347cf4
  [    269ms]  [92mVISIBLE[0m  (poll #5, X-Cache: MISS)  order=df347cf4

[96mOrder 576/1000:[0m
  [      9ms]  [91mstale[0m    (poll #1)  order=c3263725
  [     72ms]  [91mstale[0m    (poll #2)  order=c3263725
  [    134ms]  [91mstale[0m    (poll #3)  order=c3263725
  [    203ms]  [91mstale[0m    (poll #4)  order=c3263725
  [    271ms]  [92mVISIBLE[0m  (poll #5, X-Cache: MISS)  order=c3263725

[96mOrder 577/1000:[0m
  [      9ms]  [91mstale[0m    (poll #1)  order=221dec8f
  [     71ms]  [91mstale[0m    (poll #2)  order=221dec8f
  [    133ms]  [91mstale[0m    (poll #3)  order=221dec8f
  [    193ms]  [92mVISIBLE[0m  (poll #4, X-Cache: MISS)  order=221dec8f

[96mOrder 578/1000:[0m
  [      6ms]  [91mstale[0m    (poll #1)  order=cd4f3f0d
  [     68ms]  [91mstale[0m    (poll #2)  order=cd4f3f0d
  [    130ms]  [91mstale[0m    (poll #3)  order=cd4f3f0d
  [    192ms]  [91mstale[0m    (poll #4)  order=cd4f3f0d
  [    257ms]  [92mVISIBLE[0m  (poll #5, X-Cache: MISS)  order=cd4f3f0d

[96mOrder 579/1000:[0m
  [      9ms]  [91mstale[0m    (poll #1)  order=e2b208ac
  [     73ms]  [91mstale[0m    (poll #2)  order=e2b208ac
  [    137ms]  [91mstale[0m    (poll #3)  order=e2b208ac
  [    206ms]  [92mVISIBLE[0m  (poll #4, X-Cache: MISS)  order=e2b208ac

[96mOrder 580/1000:[0m
  [      4ms]  [91mstale[0m    (poll #1)  order=c8809bed
  [     64ms]  [91mstale[0m    (poll #2)  order=c8809bed
  [    127ms]  [91mstale[0m    (poll #3)  order=c8809bed
  [    185ms]  [91mstale[0m    (poll #4)  order=c8809bed
  [    246ms]  [92mVISIBLE[0m  (poll #5, X-Cache: MISS)  order=c8809bed

[96mOrder 581/1000:[0m
  [      8ms]  [91mstale[0m    (poll #1)  order=93b658f0
  [     72ms]  [91mstale[0m    (poll #2)  order=93b658f0
  [    136ms]  [91mstale[0m    (poll #3)  order=93b658f0
  [    202ms]  [91mstale[0m    (poll #4)  order=93b658f0
  [    269ms]  [92mVISIBLE[0m  (poll #5, X-Cache: MISS)  order=93b658f0

[96mOrder 582/1000:[0m
  [     10ms]  [91mstale[0m    (poll #1)  order=66af81f1
  [     74ms]  [91mstale[0m    (poll #2)  order=66af81f1
  [    139ms]  [91mstale[0m    (poll #3)  order=66af81f1
  [    200ms]  [92mVISIBLE[0m  (poll #4, X-Cache: MISS)  order=66af81f1

[96mOrder 583/1000:[0m
  [      8ms]  [91mstale[0m    (poll #1)  order=c981ee83
  [     72ms]  [91mstale[0m    (poll #2)  order=c981ee83
  [    136ms]  [91mstale[0m    (poll #3)  order=c981ee83
  [    200ms]  [91mstale[0m    (poll #4)  order=c981ee83
  [    260ms]  [92mVISIBLE[0m  (poll #5, X-Cache: MISS)  order=c981ee83

[96mOrder 584/1000:[0m
  [      4ms]  [91mstale[0m    (poll #1)  order=d84b7992
  [     59ms]  [91mstale[0m    (poll #2)  order=d84b7992
  [    116ms]  [91mstale[0m    (poll #3)  order=d84b7992
  [    178ms]  [91mstale[0m    (poll #4)  order=d84b7992
  [    239ms]  [91mstale[0m    (poll #5)  order=d84b7992
  [    302ms]  [92mVISIBLE[0m  (poll #6, X-Cache: MISS)  order=d84b7992

[96mOrder 585/1000:[0m
  [      6ms]  [91mstale[0m    (poll #1)  order=7befbbde
  [     69ms]  [91mstale[0m    (poll #2)  order=7befbbde
  [    130ms]  [91mstale[0m    (poll #3)  order=7befbbde
  [    195ms]  [92mVISIBLE[0m  (poll #4, X-Cache: MISS)  order=7befbbde

[96mOrder 586/1000:[0m
  [      6ms]  [91mstale[0m    (poll #1)  order=374714d3
  [     66ms]  [91mstale[0m    (poll #2)  order=374714d3
  [    130ms]  [91mstale[0m    (poll #3)  order=374714d3
  [    193ms]  [91mstale[0m    (poll #4)  order=374714d3
  [    263ms]  [92mVISIBLE[0m  (poll #5, X-Cache: MISS)  order=374714d3

[96mOrder 587/1000:[0m
  [      8ms]  [91mstale[0m    (poll #1)  order=4d21de4d
  [     68ms]  [91mstale[0m    (poll #2)  order=4d21de4d
  [    182ms]  [91mstale[0m    (poll #3)  order=4d21de4d
  [    242ms]  [91mstale[0m    (poll #4)  order=4d21de4d
  [    301ms]  [92mVISIBLE[0m  (poll #5, X-Cache: MISS)  order=4d21de4d

[96mOrder 588/1000:[0m
  [      7ms]  [91mstale[0m    (poll #1)  order=9a75e845
  [     69ms]  [91mstale[0m    (poll #2)  order=9a75e845
  [    131ms]  [91mstale[0m    (poll #3)  order=9a75e845
  [    198ms]  [92mVISIBLE[0m  (poll #4, X-Cache: MISS)  order=9a75e845

[96mOrder 589/1000:[0m
  [      8ms]  [91mstale[0m    (poll #1)  order=369281ed
  [     73ms]  [91mstale[0m    (poll #2)  order=369281ed
  [    135ms]  [91mstale[0m    (poll #3)  order=369281ed
  [    199ms]  [91mstale[0m    (poll #4)  order=369281ed
  [    269ms]  [92mVISIBLE[0m  (poll #5, X-Cache: MISS)  order=369281ed

[96mOrder 590/1000:[0m
  [      9ms]  [91mstale[0m    (poll #1)  order=23060fab
  [     74ms]  [91mstale[0m    (poll #2)  order=23060fab
  [    139ms]  [91mstale[0m    (poll #3)  order=23060fab
  [    204ms]  [92mVISIBLE[0m  (poll #4, X-Cache: MISS)  order=23060fab

[96mOrder 591/1000:[0m
  [      7ms]  [91mstale[0m    (poll #1)  order=f2a5a0d3
  [     71ms]  [91mstale[0m    (poll #2)  order=f2a5a0d3
  [    135ms]  [91mstale[0m    (poll #3)  order=f2a5a0d3
  [    200ms]  [91mstale[0m    (poll #4)  order=f2a5a0d3
  [    266ms]  [92mVISIBLE[0m  (poll #5, X-Cache: MISS)  order=f2a5a0d3

[96mOrder 592/1000:[0m
  [      8ms]  [91mstale[0m    (poll #1)  order=86d99738
  [     71ms]  [91mstale[0m    (poll #2)  order=86d99738
  [    135ms]  [91mstale[0m    (poll #3)  order=86d99738
  [    201ms]  [91mstale[0m    (poll #4)  order=86d99738
  [    258ms]  [92mVISIBLE[0m  (poll #5, X-Cache: MISS)  order=86d99738

[96mOrder 593/1000:[0m
  [      4ms]  [91mstale[0m    (poll #1)  order=ee2a3a97
  [     64ms]  [91mstale[0m    (poll #2)  order=ee2a3a97
  [    123ms]  [91mstale[0m    (poll #3)  order=ee2a3a97
  [    184ms]  [91mstale[0m    (poll #4)  order=ee2a3a97
  [    250ms]  [92mVISIBLE[0m  (poll #5, X-Cache: MISS)  order=ee2a3a97

[96mOrder 594/1000:[0m
  [     10ms]  [91mstale[0m    (poll #1)  order=b9e989be
  [     73ms]  [91mstale[0m    (poll #2)  order=b9e989be
  [    136ms]  [91mstale[0m    (poll #3)  order=b9e989be
  [    202ms]  [92mVISIBLE[0m  (poll #4, X-Cache: MISS)  order=b9e989be

[96mOrder 595/1000:[0m
  [      8ms]  [91mstale[0m    (poll #1)  order=bd35bdbe
  [     71ms]  [91mstale[0m    (poll #2)  order=bd35bdbe
  [    135ms]  [91mstale[0m    (poll #3)  order=bd35bdbe
  [    198ms]  [91mstale[0m    (poll #4)  order=bd35bdbe
  [    269ms]  [92mVISIBLE[0m  (poll #5, X-Cache: MISS)  order=bd35bdbe

[96mOrder 596/1000:[0m
  [      9ms]  [91mstale[0m    (poll #1)  order=1490622f
  [     73ms]  [91mstale[0m    (poll #2)  order=1490622f
  [    133ms]  [91mstale[0m    (poll #3)  order=1490622f
  [    197ms]  [92mVISIBLE[0m  (poll #4, X-Cache: MISS)  order=1490622f

[96mOrder 597/1000:[0m
  [      8ms]  [91mstale[0m    (poll #1)  order=26ff56d5
  [     70ms]  [91mstale[0m    (poll #2)  order=26ff56d5
  [    134ms]  [91mstale[0m    (poll #3)  order=26ff56d5
  [    196ms]  [91mstale[0m    (poll #4)  order=26ff56d5
  [    261ms]  [92mVISIBLE[0m  (poll #5, X-Cache: MISS)  order=26ff56d5

[96mOrder 598/1000:[0m
  [      8ms]  [91mstale[0m    (poll #1)  order=197223da
  [     69ms]  [91mstale[0m    (poll #2)  order=197223da
  [    129ms]  [91mstale[0m    (poll #3)  order=197223da
  [    197ms]  [91mstale[0m    (poll #4)  order=197223da
  [    264ms]  [92mVISIBLE[0m  (poll #5, X-Cache: MISS)  order=197223da

[96mOrder 599/1000:[0m
  [      8ms]  [91mstale[0m    (poll #1)  order=d625d7e4
  [     71ms]  [91mstale[0m    (poll #2)  order=d625d7e4
  [    131ms]  [91mstale[0m    (poll #3)  order=d625d7e4
  [    196ms]  [92mVISIBLE[0m  (poll #4, X-Cache: MISS)  order=d625d7e4

[96mOrder 600/1000:[0m
  [      7ms]  [91mstale[0m    (poll #1)  order=89e3e4d5
  [     71ms]  [91mstale[0m    (poll #2)  order=89e3e4d5
  [    135ms]  [91mstale[0m    (poll #3)  order=89e3e4d5
  [    199ms]  [91mstale[0m    (poll #4)  order=89e3e4d5
  [    268ms]  [92mVISIBLE[0m  (poll #5, X-Cache: MISS)  order=89e3e4d5

[96mOrder 601/1000:[0m
  [     11ms]  [91mstale[0m    (poll #1)  order=de732179
  [     72ms]  [91mstale[0m    (poll #2)  order=de732179
  [    134ms]  [91mstale[0m    (poll #3)  order=de732179
  [    199ms]  [91mstale[0m    (poll #4)  order=de732179
  [    270ms]  [92mVISIBLE[0m  (poll #5, X-Cache: MISS)  order=de732179

[96mOrder 602/1000:[0m
  [      8ms]  [91mstale[0m    (poll #1)  order=be75d60d
  [     71ms]  [91mstale[0m    (poll #2)  order=be75d60d
  [    135ms]  [91mstale[0m    (poll #3)  order=be75d60d
  [    202ms]  [92mVISIBLE[0m  (poll #4, X-Cache: MISS)  order=be75d60d

[96mOrder 603/1000:[0m
  [      7ms]  [91mstale[0m    (poll #1)  order=dcdca565
  [     68ms]  [91mstale[0m    (poll #2)  order=dcdca565
  [    131ms]  [91mstale[0m    (poll #3)  order=dcdca565
  [    197ms]  [91mstale[0m    (poll #4)  order=dcdca565
  [    269ms]  [92mVISIBLE[0m  (poll #5, X-Cache: MISS)  order=dcdca565

[96mOrder 604/1000:[0m
  [      8ms]  [91mstale[0m    (poll #1)  order=ef3d70cb
  [     72ms]  [91mstale[0m    (poll #2)  order=ef3d70cb
  [    136ms]  [91mstale[0m    (poll #3)  order=ef3d70cb
  [    202ms]  [91mstale[0m    (poll #4)  order=ef3d70cb
  [    268ms]  [92mVISIBLE[0m  (poll #5, X-Cache: MISS)  order=ef3d70cb

[96mOrder 605/1000:[0m
  [     10ms]  [91mstale[0m    (poll #1)  order=00f5dec2
  [     74ms]  [91mstale[0m    (poll #2)  order=00f5dec2
  [    139ms]  [91mstale[0m    (poll #3)  order=00f5dec2
  [    204ms]  [91mstale[0m    (poll #4)  order=00f5dec2
  [    273ms]  [92mVISIBLE[0m  (poll #5, X-Cache: MISS)  order=00f5dec2

[96mOrder 606/1000:[0m
  [      8ms]  [91mstale[0m    (poll #1)  order=f0264e4f
  [     68ms]  [91mstale[0m    (poll #2)  order=f0264e4f
  [    132ms]  [91mstale[0m    (poll #3)  order=f0264e4f
  [    199ms]  [92mVISIBLE[0m  (poll #4, X-Cache: MISS)  order=f0264e4f

[96mOrder 607/1000:[0m
  [      8ms]  [91mstale[0m    (poll #1)  order=f738fed6
  [     69ms]  [91mstale[0m    (poll #2)  order=f738fed6
  [    138ms]  [91mstale[0m    (poll #3)  order=f738fed6
  [    236ms]  [91mstale[0m    (poll #4)  order=f738fed6
  [    297ms]  [92mVISIBLE[0m  (poll #5, X-Cache: MISS)  order=f738fed6

[96mOrder 608/1000:[0m
  [      6ms]  [91mstale[0m    (poll #1)  order=153053da
  [     64ms]  [91mstale[0m    (poll #2)  order=153053da
  [    133ms]  [91mstale[0m    (poll #3)  order=153053da
  [    195ms]  [91mstale[0m    (poll #4)  order=153053da
  [    256ms]  [92mVISIBLE[0m  (poll #5, X-Cache: MISS)  order=153053da

[96mOrder 609/1000:[0m
  [      6ms]  [91mstale[0m    (poll #1)  order=a772b51f
  [     65ms]  [91mstale[0m    (poll #2)  order=a772b51f
  [    129ms]  [91mstale[0m    (poll #3)  order=a772b51f
  [    196ms]  [91mstale[0m    (poll #4)  order=a772b51f
  [    265ms]  [92mVISIBLE[0m  (poll #5, X-Cache: MISS)  order=a772b51f

[96mOrder 610/1000:[0m
  [      8ms]  [91mstale[0m    (poll #1)  order=ef31d137
  [     72ms]  [91mstale[0m    (poll #2)  order=ef31d137
  [    133ms]  [91mstale[0m    (poll #3)  order=ef31d137
  [    196ms]  [91mstale[0m    (poll #4)  order=ef31d137
  [    264ms]  [92mVISIBLE[0m  (poll #5, X-Cache: MISS)  order=ef31d137

[96mOrder 611/1000:[0m
  [      8ms]  [91mstale[0m    (poll #1)  order=53bbc99b
  [     69ms]  [91mstale[0m    (poll #2)  order=53bbc99b
  [    133ms]  [91mstale[0m    (poll #3)  order=53bbc99b
  [    200ms]  [91mstale[0m    (poll #4)  order=53bbc99b
  [    261ms]  [92mVISIBLE[0m  (poll #5, X-Cache: MISS)  order=53bbc99b

[96mOrder 612/1000:[0m
  [      4ms]  [91mstale[0m    (poll #1)  order=740952c3
  [     64ms]  [91mstale[0m    (poll #2)  order=740952c3
  [    123ms]  [91mstale[0m    (poll #3)  order=740952c3
  [    185ms]  [91mstale[0m    (poll #4)  order=740952c3
  [    250ms]  [92mVISIBLE[0m  (poll #5, X-Cache: MISS)  order=740952c3

[96mOrder 613/1000:[0m
  [      8ms]  [91mstale[0m    (poll #1)  order=7d8f7b80
  [     67ms]  [91mstale[0m    (poll #2)  order=7d8f7b80
  [    129ms]  [91mstale[0m    (poll #3)  order=7d8f7b80
  [    198ms]  [91mstale[0m    (poll #4)  order=7d8f7b80
  [    261ms]  [92mVISIBLE[0m  (poll #5, X-Cache: MISS)  order=7d8f7b80

[96mOrder 614/1000:[0m
  [      6ms]  [91mstale[0m    (poll #1)  order=6339bcd2
  [     68ms]  [91mstale[0m    (poll #2)  order=6339bcd2
  [    130ms]  [91mstale[0m    (poll #3)  order=6339bcd2
  [    195ms]  [91mstale[0m    (poll #4)  order=6339bcd2
  [    266ms]  [92mVISIBLE[0m  (poll #5, X-Cache: MISS)  order=6339bcd2

[96mOrder 615/1000:[0m
  [     10ms]  [91mstale[0m    (poll #1)  order=ba87a205
  [     75ms]  [91mstale[0m    (poll #2)  order=ba87a205
  [    135ms]  [91mstale[0m    (poll #3)  order=ba87a205
  [    200ms]  [92mVISIBLE[0m  (poll #4, X-Cache: MISS)  order=ba87a205

[96mOrder 616/1000:[0m
  [      5ms]  [91mstale[0m    (poll #1)  order=5c515d0a
  [     67ms]  [91mstale[0m    (poll #2)  order=5c515d0a
  [    129ms]  [91mstale[0m    (poll #3)  order=5c515d0a
  [    194ms]  [92mVISIBLE[0m  (poll #4, X-Cache: MISS)  order=5c515d0a

[96mOrder 617/1000:[0m
  [     10ms]  [91mstale[0m    (poll #1)  order=eb6241ee
  [     70ms]  [91mstale[0m    (poll #2)  order=eb6241ee
  [    133ms]  [91mstale[0m    (poll #3)  order=eb6241ee
  [    196ms]  [92mVISIBLE[0m  (poll #4, X-Cache: MISS)  order=eb6241ee

[96mOrder 618/1000:[0m
  [      6ms]  [91mstale[0m    (poll #1)  order=3b5bcdb0
  [     70ms]  [91mstale[0m    (poll #2)  order=3b5bcdb0
  [    128ms]  [91mstale[0m    (poll #3)  order=3b5bcdb0
  [    188ms]  [91mstale[0m    (poll #4)  order=3b5bcdb0
  [    251ms]  [91mstale[0m    (poll #5)  order=3b5bcdb0
  [    315ms]  [92mVISIBLE[0m  (poll #6, X-Cache: MISS)  order=3b5bcdb0

[96mOrder 619/1000:[0m
  [      7ms]  [91mstale[0m    (poll #1)  order=935eff40
  [     66ms]  [91mstale[0m    (poll #2)  order=935eff40
  [    126ms]  [91mstale[0m    (poll #3)  order=935eff40
  [    191ms]  [91mstale[0m    (poll #4)  order=935eff40
  [    260ms]  [92mVISIBLE[0m  (poll #5, X-Cache: MISS)  order=935eff40

[96mOrder 620/1000:[0m
  [      8ms]  [91mstale[0m    (poll #1)  order=8ad14877
  [     72ms]  [91mstale[0m    (poll #2)  order=8ad14877
  [    134ms]  [91mstale[0m    (poll #3)  order=8ad14877
  [    199ms]  [92mVISIBLE[0m  (poll #4, X-Cache: MISS)  order=8ad14877

[96mOrder 621/1000:[0m
  [      7ms]  [91mstale[0m    (poll #1)  order=3108271d
  [     68ms]  [91mstale[0m    (poll #2)  order=3108271d
  [    131ms]  [91mstale[0m    (poll #3)  order=3108271d
  [    199ms]  [91mstale[0m    (poll #4)  order=3108271d
  [    265ms]  [92mVISIBLE[0m  (poll #5, X-Cache: MISS)  order=3108271d

[96mOrder 622/1000:[0m
  [      9ms]  [91mstale[0m    (poll #1)  order=533f3415
  [     74ms]  [91mstale[0m    (poll #2)  order=533f3415
  [    134ms]  [91mstale[0m    (poll #3)  order=533f3415
  [    196ms]  [91mstale[0m    (poll #4)  order=533f3415
  [    261ms]  [92mVISIBLE[0m  (poll #5, X-Cache: MISS)  order=533f3415

[96mOrder 623/1000:[0m
  [      4ms]  [91mstale[0m    (poll #1)  order=2db7b126
  [     67ms]  [91mstale[0m    (poll #2)  order=2db7b126
  [    128ms]  [91mstale[0m    (poll #3)  order=2db7b126
  [    191ms]  [91mstale[0m    (poll #4)  order=2db7b126
  [    253ms]  [92mVISIBLE[0m  (poll #5, X-Cache: MISS)  order=2db7b126

[96mOrder 624/1000:[0m
  [      5ms]  [91mstale[0m    (poll #1)  order=6239f59f
  [     66ms]  [91mstale[0m    (poll #2)  order=6239f59f
  [    132ms]  [91mstale[0m    (poll #3)  order=6239f59f
  [    192ms]  [91mstale[0m    (poll #4)  order=6239f59f
  [    256ms]  [92mVISIBLE[0m  (poll #5, X-Cache: MISS)  order=6239f59f

[96mOrder 625/1000:[0m
  [      6ms]  [91mstale[0m    (poll #1)  order=cacda73e
  [     66ms]  [91mstale[0m    (poll #2)  order=cacda73e
  [    128ms]  [91mstale[0m    (poll #3)  order=cacda73e
  [    192ms]  [91mstale[0m    (poll #4)  order=cacda73e
  [    253ms]  [92mVISIBLE[0m  (poll #5, X-Cache: MISS)  order=cacda73e

[96mOrder 626/1000:[0m
  [      7ms]  [91mstale[0m    (poll #1)  order=3a9e9727
  [     67ms]  [91mstale[0m    (poll #2)  order=3a9e9727
  [    130ms]  [91mstale[0m    (poll #3)  order=3a9e9727
  [    194ms]  [91mstale[0m    (poll #4)  order=3a9e9727
  [    257ms]  [92mVISIBLE[0m  (poll #5, X-Cache: MISS)  order=3a9e9727

[96mOrder 627/1000:[0m
  [      7ms]  [91mstale[0m    (poll #1)  order=7251ba1e
  [     63ms]  [91mstale[0m    (poll #2)  order=7251ba1e
  [    123ms]  [91mstale[0m    (poll #3)  order=7251ba1e
  [    186ms]  [92mVISIBLE[0m  (poll #4, X-Cache: MISS)  order=7251ba1e

[96mOrder 628/1000:[0m
  [      7ms]  [91mstale[0m    (poll #1)  order=c8834119
  [     67ms]  [91mstale[0m    (poll #2)  order=c8834119
  [    127ms]  [91mstale[0m    (poll #3)  order=c8834119
  [    190ms]  [91mstale[0m    (poll #4)  order=c8834119
  [    253ms]  [92mVISIBLE[0m  (poll #5, X-Cache: MISS)  order=c8834119

[96mOrder 629/1000:[0m
  [      9ms]  [91mstale[0m    (poll #1)  order=a1934886
  [     70ms]  [91mstale[0m    (poll #2)  order=a1934886
  [    134ms]  [91mstale[0m    (poll #3)  order=a1934886
  [    198ms]  [91mstale[0m    (poll #4)  order=a1934886
  [    268ms]  [92mVISIBLE[0m  (poll #5, X-Cache: MISS)  order=a1934886

[96mOrder 630/1000:[0m
  [      8ms]  [91mstale[0m    (poll #1)  order=b2278de6
  [     71ms]  [91mstale[0m    (poll #2)  order=b2278de6
  [    134ms]  [91mstale[0m    (poll #3)  order=b2278de6
  [    198ms]  [91mstale[0m    (poll #4)  order=b2278de6
  [    268ms]  [92mVISIBLE[0m  (poll #5, X-Cache: MISS)  order=b2278de6

[96mOrder 631/1000:[0m
  [      8ms]  [91mstale[0m    (poll #1)  order=c9919aa0
  [     67ms]  [91mstale[0m    (poll #2)  order=c9919aa0
  [    123ms]  [91mstale[0m    (poll #3)  order=c9919aa0
  [    182ms]  [91mstale[0m    (poll #4)  order=c9919aa0
  [    244ms]  [92mVISIBLE[0m  (poll #5, X-Cache: MISS)  order=c9919aa0

[96mOrder 632/1000:[0m
  [      5ms]  [91mstale[0m    (poll #1)  order=6de8040e
  [     66ms]  [91mstale[0m    (poll #2)  order=6de8040e
  [    128ms]  [91mstale[0m    (poll #3)  order=6de8040e
  [    189ms]  [92mVISIBLE[0m  (poll #4, X-Cache: MISS)  order=6de8040e

[96mOrder 633/1000:[0m
  [      7ms]  [91mstale[0m    (poll #1)  order=4e913ca3
  [     66ms]  [91mstale[0m    (poll #2)  order=4e913ca3
  [    129ms]  [91mstale[0m    (poll #3)  order=4e913ca3
  [    195ms]  [91mstale[0m    (poll #4)  order=4e913ca3
  [    260ms]  [92mVISIBLE[0m  (poll #5, X-Cache: MISS)  order=4e913ca3

[96mOrder 634/1000:[0m
  [      9ms]  [91mstale[0m    (poll #1)  order=a962b362
  [     71ms]  [91mstale[0m    (poll #2)  order=a962b362
  [    133ms]  [91mstale[0m    (poll #3)  order=a962b362
  [    197ms]  [91mstale[0m    (poll #4)  order=a962b362
  [    262ms]  [92mVISIBLE[0m  (poll #5, X-Cache: MISS)  order=a962b362

[96mOrder 635/1000:[0m
  [      9ms]  [91mstale[0m    (poll #1)  order=1cedb119
  [     69ms]  [91mstale[0m    (poll #2)  order=1cedb119
  [    131ms]  [91mstale[0m    (poll #3)  order=1cedb119
  [    193ms]  [91mstale[0m    (poll #4)  order=1cedb119
  [    256ms]  [92mVISIBLE[0m  (poll #5, X-Cache: MISS)  order=1cedb119

[96mOrder 636/1000:[0m
  [     11ms]  [91mstale[0m    (poll #1)  order=085e0cbf
  [     72ms]  [91mstale[0m    (poll #2)  order=085e0cbf
  [    132ms]  [91mstale[0m    (poll #3)  order=085e0cbf
  [    194ms]  [92mVISIBLE[0m  (poll #4, X-Cache: MISS)  order=085e0cbf

[96mOrder 637/1000:[0m
  [      6ms]  [91mstale[0m    (poll #1)  order=69b81970
  [     67ms]  [91mstale[0m    (poll #2)  order=69b81970
  [    131ms]  [91mstale[0m    (poll #3)  order=69b81970
  [    194ms]  [91mstale[0m    (poll #4)  order=69b81970
  [    261ms]  [92mVISIBLE[0m  (poll #5, X-Cache: MISS)  order=69b81970

[96mOrder 638/1000:[0m
  [     10ms]  [91mstale[0m    (poll #1)  order=012ce64f
  [     73ms]  [91mstale[0m    (poll #2)  order=012ce64f
  [    136ms]  [91mstale[0m    (poll #3)  order=012ce64f
  [    199ms]  [91mstale[0m    (poll #4)  order=012ce64f
  [    268ms]  [92mVISIBLE[0m  (poll #5, X-Cache: MISS)  order=012ce64f

[96mOrder 639/1000:[0m
  [      9ms]  [91mstale[0m    (poll #1)  order=1e0c962c
  [     73ms]  [91mstale[0m    (poll #2)  order=1e0c962c
  [    135ms]  [91mstale[0m    (poll #3)  order=1e0c962c
  [    199ms]  [91mstale[0m    (poll #4)  order=1e0c962c
  [    265ms]  [92mVISIBLE[0m  (poll #5, X-Cache: MISS)  order=1e0c962c

[96mOrder 640/1000:[0m
  [      8ms]  [91mstale[0m    (poll #1)  order=be50a9d0
  [     71ms]  [91mstale[0m    (poll #2)  order=be50a9d0
  [    132ms]  [91mstale[0m    (poll #3)  order=be50a9d0
  [    198ms]  [92mVISIBLE[0m  (poll #4, X-Cache: MISS)  order=be50a9d0

[96mOrder 641/1000:[0m
  [      8ms]  [91mstale[0m    (poll #1)  order=79ec6da6
  [     67ms]  [91mstale[0m    (poll #2)  order=79ec6da6
  [    132ms]  [91mstale[0m    (poll #3)  order=79ec6da6
  [    197ms]  [91mstale[0m    (poll #4)  order=79ec6da6
  [    265ms]  [92mVISIBLE[0m  (poll #5, X-Cache: MISS)  order=79ec6da6

[96mOrder 642/1000:[0m
  [      9ms]  [91mstale[0m    (poll #1)  order=b9e90046
  [     66ms]  [91mstale[0m    (poll #2)  order=b9e90046
  [    128ms]  [91mstale[0m    (poll #3)  order=b9e90046
  [    184ms]  [92mVISIBLE[0m  (poll #4, X-Cache: MISS)  order=b9e90046

[96mOrder 643/1000:[0m
  [      3ms]  [91mstale[0m    (poll #1)  order=5c687e60
  [     60ms]  [91mstale[0m    (poll #2)  order=5c687e60
  [    120ms]  [91mstale[0m    (poll #3)  order=5c687e60
  [    180ms]  [91mstale[0m    (poll #4)  order=5c687e60
  [    242ms]  [91mstale[0m    (poll #5)  order=5c687e60
  [    308ms]  [92mVISIBLE[0m  (poll #6, X-Cache: MISS)  order=5c687e60

[96mOrder 644/1000:[0m
  [      6ms]  [91mstale[0m    (poll #1)  order=f100a66a
  [     62ms]  [91mstale[0m    (poll #2)  order=f100a66a
  [    124ms]  [91mstale[0m    (poll #3)  order=f100a66a
  [    183ms]  [91mstale[0m    (poll #4)  order=f100a66a
  [    244ms]  [92mVISIBLE[0m  (poll #5, X-Cache: MISS)  order=f100a66a

[96mOrder 645/1000:[0m
  [      5ms]  [91mstale[0m    (poll #1)  order=92f6ac01
  [     62ms]  [91mstale[0m    (poll #2)  order=92f6ac01
  [    122ms]  [91mstale[0m    (poll #3)  order=92f6ac01
  [    185ms]  [91mstale[0m    (poll #4)  order=92f6ac01
  [    250ms]  [92mVISIBLE[0m  (poll #5, X-Cache: MISS)  order=92f6ac01

[96mOrder 646/1000:[0m
  [      9ms]  [91mstale[0m    (poll #1)  order=7b92ba52
  [     71ms]  [91mstale[0m    (poll #2)  order=7b92ba52
  [    128ms]  [91mstale[0m    (poll #3)  order=7b92ba52
  [    189ms]  [91mstale[0m    (poll #4)  order=7b92ba52
  [    252ms]  [92mVISIBLE[0m  (poll #5, X-Cache: MISS)  order=7b92ba52

[96mOrder 647/1000:[0m
  [      5ms]  [91mstale[0m    (poll #1)  order=d1c9b7c7
  [     65ms]  [91mstale[0m    (poll #2)  order=d1c9b7c7
  [    126ms]  [91mstale[0m    (poll #3)  order=d1c9b7c7
  [    187ms]  [91mstale[0m    (poll #4)  order=d1c9b7c7
  [    254ms]  [92mVISIBLE[0m  (poll #5, X-Cache: MISS)  order=d1c9b7c7

[96mOrder 648/1000:[0m
  [      6ms]  [91mstale[0m    (poll #1)  order=ac7229d0
  [     69ms]  [91mstale[0m    (poll #2)  order=ac7229d0
  [    129ms]  [91mstale[0m    (poll #3)  order=ac7229d0
  [    198ms]  [91mstale[0m    (poll #4)  order=ac7229d0
  [    263ms]  [92mVISIBLE[0m  (poll #5, X-Cache: MISS)  order=ac7229d0

[96mOrder 649/1000:[0m
  [     11ms]  [91mstale[0m    (poll #1)  order=b97f5264
  [     76ms]  [91mstale[0m    (poll #2)  order=b97f5264
  [    140ms]  [91mstale[0m    (poll #3)  order=b97f5264
  [    203ms]  [92mVISIBLE[0m  (poll #4, X-Cache: MISS)  order=b97f5264

[96mOrder 650/1000:[0m
  [      9ms]  [91mstale[0m    (poll #1)  order=f0cd80fd
  [     74ms]  [91mstale[0m    (poll #2)  order=f0cd80fd
  [    134ms]  [91mstale[0m    (poll #3)  order=f0cd80fd
  [    193ms]  [91mstale[0m    (poll #4)  order=f0cd80fd
  [    256ms]  [92mVISIBLE[0m  (poll #5, X-Cache: MISS)  order=f0cd80fd

[96mOrder 651/1000:[0m
  [      5ms]  [91mstale[0m    (poll #1)  order=a9723c01
  [     65ms]  [91mstale[0m    (poll #2)  order=a9723c01
  [    125ms]  [91mstale[0m    (poll #3)  order=a9723c01
  [    187ms]  [91mstale[0m    (poll #4)  order=a9723c01
  [    252ms]  [91mstale[0m    (poll #5)  order=a9723c01
  [    321ms]  [92mVISIBLE[0m  (poll #6, X-Cache: MISS)  order=a9723c01

[96mOrder 652/1000:[0m
  [      8ms]  [91mstale[0m    (poll #1)  order=a0053749
  [     67ms]  [91mstale[0m    (poll #2)  order=a0053749
  [    128ms]  [91mstale[0m    (poll #3)  order=a0053749
  [    192ms]  [92mVISIBLE[0m  (poll #4, X-Cache: MISS)  order=a0053749

[96mOrder 653/1000:[0m
  [      8ms]  [91mstale[0m    (poll #1)  order=bb8f362a
  [     71ms]  [91mstale[0m    (poll #2)  order=bb8f362a
  [    136ms]  [91mstale[0m    (poll #3)  order=bb8f362a
  [    201ms]  [91mstale[0m    (poll #4)  order=bb8f362a
  [    270ms]  [92mVISIBLE[0m  (poll #5, X-Cache: MISS)  order=bb8f362a

[96mOrder 654/1000:[0m
  [     10ms]  [91mstale[0m    (poll #1)  order=610a2c7c
  [     75ms]  [91mstale[0m    (poll #2)  order=610a2c7c
  [    139ms]  [91mstale[0m    (poll #3)  order=610a2c7c
  [    198ms]  [91mstale[0m    (poll #4)  order=610a2c7c
  [    261ms]  [92mVISIBLE[0m  (poll #5, X-Cache: MISS)  order=610a2c7c

[96mOrder 655/1000:[0m
  [      7ms]  [91mstale[0m    (poll #1)  order=d08d48ef
  [     69ms]  [91mstale[0m    (poll #2)  order=d08d48ef
  [    134ms]  [91mstale[0m    (poll #3)  order=d08d48ef
  [    200ms]  [91mstale[0m    (poll #4)  order=d08d48ef
  [    269ms]  [92mVISIBLE[0m  (poll #5, X-Cache: MISS)  order=d08d48ef

[96mOrder 656/1000:[0m
  [      8ms]  [91mstale[0m    (poll #1)  order=0fcff000
  [     68ms]  [91mstale[0m    (poll #2)  order=0fcff000
  [    129ms]  [91mstale[0m    (poll #3)  order=0fcff000
  [    191ms]  [92mVISIBLE[0m  (poll #4, X-Cache: MISS)  order=0fcff000

[96mOrder 657/1000:[0m
  [      4ms]  [91mstale[0m    (poll #1)  order=5e9b6aeb
  [     65ms]  [91mstale[0m    (poll #2)  order=5e9b6aeb
  [    125ms]  [91mstale[0m    (poll #3)  order=5e9b6aeb
  [    188ms]  [91mstale[0m    (poll #4)  order=5e9b6aeb
  [    255ms]  [92mVISIBLE[0m  (poll #5, X-Cache: MISS)  order=5e9b6aeb

[96mOrder 658/1000:[0m
  [     10ms]  [91mstale[0m    (poll #1)  order=2dfa85c5
  [     75ms]  [91mstale[0m    (poll #2)  order=2dfa85c5
  [    140ms]  [91mstale[0m    (poll #3)  order=2dfa85c5
  [    204ms]  [92mVISIBLE[0m  (poll #4, X-Cache: MISS)  order=2dfa85c5

[96mOrder 659/1000:[0m
  [      8ms]  [91mstale[0m    (poll #1)  order=472c9485
  [     72ms]  [91mstale[0m    (poll #2)  order=472c9485
  [    133ms]  [91mstale[0m    (poll #3)  order=472c9485
  [    197ms]  [91mstale[0m    (poll #4)  order=472c9485
  [    262ms]  [92mVISIBLE[0m  (poll #5, X-Cache: MISS)  order=472c9485

[96mOrder 660/1000:[0m
  [     10ms]  [91mstale[0m    (poll #1)  order=47c89590
  [     74ms]  [91mstale[0m    (poll #2)  order=47c89590
  [    137ms]  [91mstale[0m    (poll #3)  order=47c89590
  [    201ms]  [91mstale[0m    (poll #4)  order=47c89590
  [    270ms]  [92mVISIBLE[0m  (poll #5, X-Cache: MISS)  order=47c89590

[96mOrder 661/1000:[0m
  [     11ms]  [91mstale[0m    (poll #1)  order=fc9dd9b2
  [     71ms]  [91mstale[0m    (poll #2)  order=fc9dd9b2
  [    135ms]  [91mstale[0m    (poll #3)  order=fc9dd9b2
  [    195ms]  [91mstale[0m    (poll #4)  order=fc9dd9b2
  [    259ms]  [92mVISIBLE[0m  (poll #5, X-Cache: MISS)  order=fc9dd9b2

[96mOrder 662/1000:[0m
  [      5ms]  [91mstale[0m    (poll #1)  order=1e44a831
  [     65ms]  [91mstale[0m    (poll #2)  order=1e44a831
  [    124ms]  [91mstale[0m    (poll #3)  order=1e44a831
  [    186ms]  [91mstale[0m    (poll #4)  order=1e44a831
  [    247ms]  [92mVISIBLE[0m  (poll #5, X-Cache: MISS)  order=1e44a831

[96mOrder 663/1000:[0m
  [      4ms]  [91mstale[0m    (poll #1)  order=0c480da2
  [     63ms]  [91mstale[0m    (poll #2)  order=0c480da2
  [    125ms]  [91mstale[0m    (poll #3)  order=0c480da2
  [    188ms]  [91mstale[0m    (poll #4)  order=0c480da2
  [    252ms]  [92mVISIBLE[0m  (poll #5, X-Cache: MISS)  order=0c480da2

[96mOrder 664/1000:[0m
  [      8ms]  [91mstale[0m    (poll #1)  order=cb4bede3
  [     68ms]  [91mstale[0m    (poll #2)  order=cb4bede3
  [    128ms]  [91mstale[0m    (poll #3)  order=cb4bede3
  [    191ms]  [91mstale[0m    (poll #4)  order=cb4bede3
  [    258ms]  [92mVISIBLE[0m  (poll #5, X-Cache: MISS)  order=cb4bede3

[96mOrder 665/1000:[0m
  [      8ms]  [91mstale[0m    (poll #1)  order=04d8ac9f
  [     71ms]  [91mstale[0m    (poll #2)  order=04d8ac9f
  [    132ms]  [91mstale[0m    (poll #3)  order=04d8ac9f
  [    196ms]  [91mstale[0m    (poll #4)  order=04d8ac9f
  [    266ms]  [92mVISIBLE[0m  (poll #5, X-Cache: MISS)  order=04d8ac9f

[96mOrder 666/1000:[0m
  [     10ms]  [91mstale[0m    (poll #1)  order=fa512d7e
  [     70ms]  [91mstale[0m    (poll #2)  order=fa512d7e
  [    133ms]  [91mstale[0m    (poll #3)  order=fa512d7e
  [    199ms]  [91mstale[0m    (poll #4)  order=fa512d7e
  [    268ms]  [92mVISIBLE[0m  (poll #5, X-Cache: MISS)  order=fa512d7e

[96mOrder 667/1000:[0m
  [      9ms]  [91mstale[0m    (poll #1)  order=46885941
  [     72ms]  [91mstale[0m    (poll #2)  order=46885941
  [    133ms]  [91mstale[0m    (poll #3)  order=46885941
  [    199ms]  [92mVISIBLE[0m  (poll #4, X-Cache: MISS)  order=46885941

[96mOrder 668/1000:[0m
  [      8ms]  [91mstale[0m    (poll #1)  order=581c077e
  [     69ms]  [91mstale[0m    (poll #2)  order=581c077e
  [    128ms]  [91mstale[0m    (poll #3)  order=581c077e
  [    191ms]  [92mVISIBLE[0m  (poll #4, X-Cache: MISS)  order=581c077e

[96mOrder 669/1000:[0m
  [      8ms]  [91mstale[0m    (poll #1)  order=c8a53c2d
  [     71ms]  [91mstale[0m    (poll #2)  order=c8a53c2d
  [    135ms]  [91mstale[0m    (poll #3)  order=c8a53c2d
  [    202ms]  [92mVISIBLE[0m  (poll #4, X-Cache: MISS)  order=c8a53c2d

[96mOrder 670/1000:[0m
  [      6ms]  [91mstale[0m    (poll #1)  order=e462b59a
  [     72ms]  [91mstale[0m    (poll #2)  order=e462b59a
  [    134ms]  [91mstale[0m    (poll #3)  order=e462b59a
  [    192ms]  [92mVISIBLE[0m  (poll #4, X-Cache: MISS)  order=e462b59a

[96mOrder 671/1000:[0m
  [      6ms]  [91mstale[0m    (poll #1)  order=c298de95
  [     67ms]  [91mstale[0m    (poll #2)  order=c298de95
  [    131ms]  [91mstale[0m    (poll #3)  order=c298de95
  [    194ms]  [91mstale[0m    (poll #4)  order=c298de95
  [    263ms]  [92mVISIBLE[0m  (poll #5, X-Cache: MISS)  order=c298de95

[96mOrder 672/1000:[0m
  [     11ms]  [91mstale[0m    (poll #1)  order=40948a3b
  [     74ms]  [91mstale[0m    (poll #2)  order=40948a3b
  [    135ms]  [91mstale[0m    (poll #3)  order=40948a3b
  [    201ms]  [91mstale[0m    (poll #4)  order=40948a3b
  [    270ms]  [92mVISIBLE[0m  (poll #5, X-Cache: MISS)  order=40948a3b

[96mOrder 673/1000:[0m
  [     10ms]  [91mstale[0m    (poll #1)  order=eebc4dd4
  [     70ms]  [91mstale[0m    (poll #2)  order=eebc4dd4
  [    129ms]  [91mstale[0m    (poll #3)  order=eebc4dd4
  [    194ms]  [91mstale[0m    (poll #4)  order=eebc4dd4
  [    263ms]  [92mVISIBLE[0m  (poll #5, X-Cache: MISS)  order=eebc4dd4

[96mOrder 674/1000:[0m
  [      9ms]  [91mstale[0m    (poll #1)  order=f10a4ed0
  [     72ms]  [91mstale[0m    (poll #2)  order=f10a4ed0
  [    134ms]  [91mstale[0m    (poll #3)  order=f10a4ed0
  [    198ms]  [91mstale[0m    (poll #4)  order=f10a4ed0
  [    265ms]  [92mVISIBLE[0m  (poll #5, X-Cache: MISS)  order=f10a4ed0

[96mOrder 675/1000:[0m
  [      9ms]  [91mstale[0m    (poll #1)  order=b377e3e4
  [     72ms]  [91mstale[0m    (poll #2)  order=b377e3e4
  [    130ms]  [91mstale[0m    (poll #3)  order=b377e3e4
  [    195ms]  [91mstale[0m    (poll #4)  order=b377e3e4
  [    260ms]  [92mVISIBLE[0m  (poll #5, X-Cache: MISS)  order=b377e3e4

[96mOrder 676/1000:[0m
  [      9ms]  [91mstale[0m    (poll #1)  order=637b7efa
  [     73ms]  [91mstale[0m    (poll #2)  order=637b7efa
  [    137ms]  [91mstale[0m    (poll #3)  order=637b7efa
  [    204ms]  [92mVISIBLE[0m  (poll #4, X-Cache: MISS)  order=637b7efa

[96mOrder 677/1000:[0m
  [      8ms]  [91mstale[0m    (poll #1)  order=a6e4ef8d
  [     67ms]  [91mstale[0m    (poll #2)  order=a6e4ef8d
  [    126ms]  [91mstale[0m    (poll #3)  order=a6e4ef8d
  [    190ms]  [91mstale[0m    (poll #4)  order=a6e4ef8d
  [    260ms]  [92mVISIBLE[0m  (poll #5, X-Cache: MISS)  order=a6e4ef8d

[96mOrder 678/1000:[0m
  [     12ms]  [91mstale[0m    (poll #1)  order=e26c33fb
  [     75ms]  [91mstale[0m    (poll #2)  order=e26c33fb
  [    138ms]  [91mstale[0m    (poll #3)  order=e26c33fb
  [    199ms]  [91mstale[0m    (poll #4)  order=e26c33fb
  [    266ms]  [92mVISIBLE[0m  (poll #5, X-Cache: MISS)  order=e26c33fb

[96mOrder 679/1000:[0m
  [     10ms]  [91mstale[0m    (poll #1)  order=54dfcc2d
  [     70ms]  [91mstale[0m    (poll #2)  order=54dfcc2d
  [    134ms]  [91mstale[0m    (poll #3)  order=54dfcc2d
  [    198ms]  [91mstale[0m    (poll #4)  order=54dfcc2d
  [    265ms]  [92mVISIBLE[0m  (poll #5, X-Cache: MISS)  order=54dfcc2d

[96mOrder 680/1000:[0m
  [      8ms]  [91mstale[0m    (poll #1)  order=bac562c1
  [     67ms]  [91mstale[0m    (poll #2)  order=bac562c1
  [    131ms]  [91mstale[0m    (poll #3)  order=bac562c1
  [    195ms]  [91mstale[0m    (poll #4)  order=bac562c1
  [    264ms]  [92mVISIBLE[0m  (poll #5, X-Cache: MISS)  order=bac562c1

[96mOrder 681/1000:[0m
  [     10ms]  [91mstale[0m    (poll #1)  order=fab9efc1
  [     75ms]  [91mstale[0m    (poll #2)  order=fab9efc1
  [    139ms]  [91mstale[0m    (poll #3)  order=fab9efc1
  [    203ms]  [92mVISIBLE[0m  (poll #4, X-Cache: MISS)  order=fab9efc1

[96mOrder 682/1000:[0m
  [      8ms]  [91mstale[0m    (poll #1)  order=6cd554b5
  [     71ms]  [91mstale[0m    (poll #2)  order=6cd554b5
  [    134ms]  [91mstale[0m    (poll #3)  order=6cd554b5
  [    197ms]  [91mstale[0m    (poll #4)  order=6cd554b5
  [    263ms]  [92mVISIBLE[0m  (poll #5, X-Cache: MISS)  order=6cd554b5

[96mOrder 683/1000:[0m
  [      8ms]  [91mstale[0m    (poll #1)  order=17da7f35
  [     70ms]  [91mstale[0m    (poll #2)  order=17da7f35
  [    130ms]  [91mstale[0m    (poll #3)  order=17da7f35
  [    196ms]  [91mstale[0m    (poll #4)  order=17da7f35
  [    265ms]  [92mVISIBLE[0m  (poll #5, X-Cache: MISS)  order=17da7f35

[96mOrder 684/1000:[0m
  [      9ms]  [91mstale[0m    (poll #1)  order=aae8019f
  [     72ms]  [91mstale[0m    (poll #2)  order=aae8019f
  [    133ms]  [91mstale[0m    (poll #3)  order=aae8019f
  [    192ms]  [91mstale[0m    (poll #4)  order=aae8019f
  [    259ms]  [92mVISIBLE[0m  (poll #5, X-Cache: MISS)  order=aae8019f

[96mOrder 685/1000:[0m
  [      4ms]  [91mstale[0m    (poll #1)  order=12d5d8ba
  [     63ms]  [91mstale[0m    (poll #2)  order=12d5d8ba
  [    125ms]  [91mstale[0m    (poll #3)  order=12d5d8ba
  [    188ms]  [91mstale[0m    (poll #4)  order=12d5d8ba
  [    253ms]  [92mVISIBLE[0m  (poll #5, X-Cache: MISS)  order=12d5d8ba

[96mOrder 686/1000:[0m
  [      5ms]  [91mstale[0m    (poll #1)  order=4defb0b3
  [     70ms]  [91mstale[0m    (poll #2)  order=4defb0b3
  [    130ms]  [91mstale[0m    (poll #3)  order=4defb0b3
  [    194ms]  [91mstale[0m    (poll #4)  order=4defb0b3
  [    258ms]  [92mVISIBLE[0m  (poll #5, X-Cache: MISS)  order=4defb0b3

[96mOrder 687/1000:[0m
  [      8ms]  [91mstale[0m    (poll #1)  order=edebecc4
  [     72ms]  [91mstale[0m    (poll #2)  order=edebecc4
  [    136ms]  [91mstale[0m    (poll #3)  order=edebecc4
  [    200ms]  [91mstale[0m    (poll #4)  order=edebecc4
  [    270ms]  [92mVISIBLE[0m  (poll #5, X-Cache: MISS)  order=edebecc4

[96mOrder 688/1000:[0m
  [     10ms]  [91mstale[0m    (poll #1)  order=22b22894
  [     74ms]  [91mstale[0m    (poll #2)  order=22b22894
  [    139ms]  [91mstale[0m    (poll #3)  order=22b22894
  [    201ms]  [91mstale[0m    (poll #4)  order=22b22894
  [    262ms]  [92mVISIBLE[0m  (poll #5, X-Cache: MISS)  order=22b22894

[96mOrder 689/1000:[0m
  [      3ms]  [91mstale[0m    (poll #1)  order=685b8cf5
  [     63ms]  [91mstale[0m    (poll #2)  order=685b8cf5
  [    125ms]  [91mstale[0m    (poll #3)  order=685b8cf5
  [    183ms]  [91mstale[0m    (poll #4)  order=685b8cf5
  [    244ms]  [92mVISIBLE[0m  (poll #5, X-Cache: MISS)  order=685b8cf5

[96mOrder 690/1000:[0m
  [      8ms]  [91mstale[0m    (poll #1)  order=c02bbe8c
  [     72ms]  [91mstale[0m    (poll #2)  order=c02bbe8c
  [    133ms]  [91mstale[0m    (poll #3)  order=c02bbe8c
  [    197ms]  [91mstale[0m    (poll #4)  order=c02bbe8c
  [    265ms]  [92mVISIBLE[0m  (poll #5, X-Cache: MISS)  order=c02bbe8c

[96mOrder 691/1000:[0m
  [     10ms]  [91mstale[0m    (poll #1)  order=b8c6077c
  [     74ms]  [91mstale[0m    (poll #2)  order=b8c6077c
  [    139ms]  [91mstale[0m    (poll #3)  order=b8c6077c
  [    204ms]  [92mVISIBLE[0m  (poll #4, X-Cache: MISS)  order=b8c6077c

[96mOrder 692/1000:[0m
  [      7ms]  [91mstale[0m    (poll #1)  order=a655e9ca
  [     68ms]  [91mstale[0m    (poll #2)  order=a655e9ca
  [    131ms]  [91mstale[0m    (poll #3)  order=a655e9ca
  [    195ms]  [91mstale[0m    (poll #4)  order=a655e9ca
  [    258ms]  [92mVISIBLE[0m  (poll #5, X-Cache: MISS)  order=a655e9ca

[96mOrder 693/1000:[0m
  [      9ms]  [91mstale[0m    (poll #1)  order=2a5b3a61
  [     67ms]  [91mstale[0m    (poll #2)  order=2a5b3a61
  [    127ms]  [91mstale[0m    (poll #3)  order=2a5b3a61
  [    189ms]  [91mstale[0m    (poll #4)  order=2a5b3a61
  [    254ms]  [92mVISIBLE[0m  (poll #5, X-Cache: MISS)  order=2a5b3a61

[96mOrder 694/1000:[0m
  [      9ms]  [91mstale[0m    (poll #1)  order=4bd6a9de
  [     71ms]  [91mstale[0m    (poll #2)  order=4bd6a9de
  [    128ms]  [91mstale[0m    (poll #3)  order=4bd6a9de
  [    187ms]  [91mstale[0m    (poll #4)  order=4bd6a9de
  [    250ms]  [92mVISIBLE[0m  (poll #5, X-Cache: MISS)  order=4bd6a9de

[96mOrder 695/1000:[0m
  [      5ms]  [91mstale[0m    (poll #1)  order=62aaf974
  [     65ms]  [91mstale[0m    (poll #2)  order=62aaf974
  [    128ms]  [91mstale[0m    (poll #3)  order=62aaf974
  [    188ms]  [91mstale[0m    (poll #4)  order=62aaf974
  [    258ms]  [92mVISIBLE[0m  (poll #5, X-Cache: MISS)  order=62aaf974

[96mOrder 696/1000:[0m
  [     10ms]  [91mstale[0m    (poll #1)  order=0fbf4e90
  [     70ms]  [91mstale[0m    (poll #2)  order=0fbf4e90
  [    132ms]  [91mstale[0m    (poll #3)  order=0fbf4e90
  [    197ms]  [91mstale[0m    (poll #4)  order=0fbf4e90
  [    266ms]  [92mVISIBLE[0m  (poll #5, X-Cache: MISS)  order=0fbf4e90

[96mOrder 697/1000:[0m
  [      9ms]  [91mstale[0m    (poll #1)  order=f0d10dff
  [     67ms]  [91mstale[0m    (poll #2)  order=f0d10dff
  [    127ms]  [91mstale[0m    (poll #3)  order=f0d10dff
  [    188ms]  [92mVISIBLE[0m  (poll #4, X-Cache: MISS)  order=f0d10dff

[96mOrder 698/1000:[0m
  [      8ms]  [91mstale[0m    (poll #1)  order=a74fa586
  [     72ms]  [91mstale[0m    (poll #2)  order=a74fa586
  [    133ms]  [91mstale[0m    (poll #3)  order=a74fa586
  [    198ms]  [91mstale[0m    (poll #4)  order=a74fa586
  [    268ms]  [92mVISIBLE[0m  (poll #5, X-Cache: MISS)  order=a74fa586

[96mOrder 699/1000:[0m
  [      8ms]  [91mstale[0m    (poll #1)  order=137595b6
  [     71ms]  [91mstale[0m    (poll #2)  order=137595b6
  [    135ms]  [91mstale[0m    (poll #3)  order=137595b6
  [    199ms]  [92mVISIBLE[0m  (poll #4, X-Cache: MISS)  order=137595b6

[96mOrder 700/1000:[0m
  [      7ms]  [91mstale[0m    (poll #1)  order=1dcfeff1
  [     68ms]  [91mstale[0m    (poll #2)  order=1dcfeff1
  [    131ms]  [91mstale[0m    (poll #3)  order=1dcfeff1
  [    197ms]  [91mstale[0m    (poll #4)  order=1dcfeff1
  [    267ms]  [92mVISIBLE[0m  (poll #5, X-Cache: MISS)  order=1dcfeff1

[96mOrder 701/1000:[0m
  [      8ms]  [91mstale[0m    (poll #1)  order=612a0780
  [     67ms]  [91mstale[0m    (poll #2)  order=612a0780
  [    127ms]  [91mstale[0m    (poll #3)  order=612a0780
  [    185ms]  [91mstale[0m    (poll #4)  order=612a0780
  [    247ms]  [92mVISIBLE[0m  (poll #5, X-Cache: MISS)  order=612a0780

[96mOrder 702/1000:[0m
  [      4ms]  [91mstale[0m    (poll #1)  order=1e784daa
  [     63ms]  [91mstale[0m    (poll #2)  order=1e784daa
  [    125ms]  [91mstale[0m    (poll #3)  order=1e784daa
  [    188ms]  [91mstale[0m    (poll #4)  order=1e784daa
  [    250ms]  [92mVISIBLE[0m  (poll #5, X-Cache: MISS)  order=1e784daa

[96mOrder 703/1000:[0m
  [      7ms]  [91mstale[0m    (poll #1)  order=0bb3a8cb
  [     70ms]  [91mstale[0m    (poll #2)  order=0bb3a8cb
  [    132ms]  [91mstale[0m    (poll #3)  order=0bb3a8cb
  [    199ms]  [91mstale[0m    (poll #4)  order=0bb3a8cb
  [    269ms]  [92mVISIBLE[0m  (poll #5, X-Cache: MISS)  order=0bb3a8cb

[96mOrder 704/1000:[0m
  [      4ms]  [91mstale[0m    (poll #1)  order=b661bc34
  [     65ms]  [91mstale[0m    (poll #2)  order=b661bc34
  [    126ms]  [91mstale[0m    (poll #3)  order=b661bc34
  [    191ms]  [91mstale[0m    (poll #4)  order=b661bc34
  [    262ms]  [92mVISIBLE[0m  (poll #5, X-Cache: MISS)  order=b661bc34

[96mOrder 705/1000:[0m
  [     11ms]  [91mstale[0m    (poll #1)  order=bff69451
  [     70ms]  [91mstale[0m    (poll #2)  order=bff69451
  [    130ms]  [91mstale[0m    (poll #3)  order=bff69451
  [    193ms]  [91mstale[0m    (poll #4)  order=bff69451
  [    262ms]  [92mVISIBLE[0m  (poll #5, X-Cache: MISS)  order=bff69451

[96mOrder 706/1000:[0m
  [     10ms]  [91mstale[0m    (poll #1)  order=f277c300
  [     74ms]  [91mstale[0m    (poll #2)  order=f277c300
  [    133ms]  [91mstale[0m    (poll #3)  order=f277c300
  [    195ms]  [91mstale[0m    (poll #4)  order=f277c300
  [    265ms]  [92mVISIBLE[0m  (poll #5, X-Cache: MISS)  order=f277c300

[96mOrder 707/1000:[0m
  [      9ms]  [91mstale[0m    (poll #1)  order=1c4865c4
  [     70ms]  [91mstale[0m    (poll #2)  order=1c4865c4
  [    128ms]  [91mstale[0m    (poll #3)  order=1c4865c4
  [    191ms]  [91mstale[0m    (poll #4)  order=1c4865c4
  [    254ms]  [92mVISIBLE[0m  (poll #5, X-Cache: MISS)  order=1c4865c4

[96mOrder 708/1000:[0m
  [      5ms]  [91mstale[0m    (poll #1)  order=50807b55
  [     60ms]  [91mstale[0m    (poll #2)  order=50807b55
  [    118ms]  [91mstale[0m    (poll #3)  order=50807b55
  [    181ms]  [92mVISIBLE[0m  (poll #4, X-Cache: MISS)  order=50807b55

[96mOrder 709/1000:[0m
  [      7ms]  [91mstale[0m    (poll #1)  order=40d50a28
  [     69ms]  [91mstale[0m    (poll #2)  order=40d50a28
  [    131ms]  [91mstale[0m    (poll #3)  order=40d50a28
  [    191ms]  [91mstale[0m    (poll #4)  order=40d50a28
  [    259ms]  [92mVISIBLE[0m  (poll #5, X-Cache: MISS)  order=40d50a28

[96mOrder 710/1000:[0m
  [     10ms]  [91mstale[0m    (poll #1)  order=8ae1b43d
  [     75ms]  [91mstale[0m    (poll #2)  order=8ae1b43d
  [    135ms]  [91mstale[0m    (poll #3)  order=8ae1b43d
  [    197ms]  [92mVISIBLE[0m  (poll #4, X-Cache: MISS)  order=8ae1b43d

[96mOrder 711/1000:[0m
  [      4ms]  [91mstale[0m    (poll #1)  order=29ea1045
  [     64ms]  [91mstale[0m    (poll #2)  order=29ea1045
  [    123ms]  [91mstale[0m    (poll #3)  order=29ea1045
  [    186ms]  [92mVISIBLE[0m  (poll #4, X-Cache: MISS)  order=29ea1045

[96mOrder 712/1000:[0m
  [      7ms]  [91mstale[0m    (poll #1)  order=dbfc9c5f
  [     69ms]  [91mstale[0m    (poll #2)  order=dbfc9c5f
  [    131ms]  [91mstale[0m    (poll #3)  order=dbfc9c5f
  [    194ms]  [91mstale[0m    (poll #4)  order=dbfc9c5f
  [    263ms]  [92mVISIBLE[0m  (poll #5, X-Cache: MISS)  order=dbfc9c5f

[96mOrder 713/1000:[0m
  [      9ms]  [91mstale[0m    (poll #1)  order=4be784a4
  [     72ms]  [91mstale[0m    (poll #2)  order=4be784a4
  [    133ms]  [91mstale[0m    (poll #3)  order=4be784a4
  [    197ms]  [91mstale[0m    (poll #4)  order=4be784a4
  [    266ms]  [92mVISIBLE[0m  (poll #5, X-Cache: MISS)  order=4be784a4

[96mOrder 714/1000:[0m
  [      8ms]  [91mstale[0m    (poll #1)  order=b08e3cb1
  [     71ms]  [91mstale[0m    (poll #2)  order=b08e3cb1
  [    134ms]  [91mstale[0m    (poll #3)  order=b08e3cb1
  [    199ms]  [91mstale[0m    (poll #4)  order=b08e3cb1
  [    269ms]  [92mVISIBLE[0m  (poll #5, X-Cache: MISS)  order=b08e3cb1

[96mOrder 715/1000:[0m
  [     11ms]  [91mstale[0m    (poll #1)  order=a01a5a10
  [     74ms]  [91mstale[0m    (poll #2)  order=a01a5a10
  [    139ms]  [91mstale[0m    (poll #3)  order=a01a5a10
  [    201ms]  [91mstale[0m    (poll #4)  order=a01a5a10
  [    270ms]  [92mVISIBLE[0m  (poll #5, X-Cache: MISS)  order=a01a5a10

[96mOrder 716/1000:[0m
  [      9ms]  [91mstale[0m    (poll #1)  order=34a2c02c
  [     72ms]  [91mstale[0m    (poll #2)  order=34a2c02c
  [    132ms]  [91mstale[0m    (poll #3)  order=34a2c02c
  [    197ms]  [92mVISIBLE[0m  (poll #4, X-Cache: MISS)  order=34a2c02c

[96mOrder 717/1000:[0m
  [      8ms]  [91mstale[0m    (poll #1)  order=6c1a78fd
  [     71ms]  [91mstale[0m    (poll #2)  order=6c1a78fd
  [    135ms]  [91mstale[0m    (poll #3)  order=6c1a78fd
  [    197ms]  [92mVISIBLE[0m  (poll #4, X-Cache: MISS)  order=6c1a78fd

[96mOrder 718/1000:[0m
  [      8ms]  [91mstale[0m    (poll #1)  order=b4786729
  [     74ms]  [91mstale[0m    (poll #2)  order=b4786729
  [    133ms]  [91mstale[0m    (poll #3)  order=b4786729
  [    196ms]  [91mstale[0m    (poll #4)  order=b4786729
  [    263ms]  [92mVISIBLE[0m  (poll #5, X-Cache: MISS)  order=b4786729

[96mOrder 719/1000:[0m
  [      8ms]  [91mstale[0m    (poll #1)  order=d0c737f1
  [     67ms]  [91mstale[0m    (poll #2)  order=d0c737f1
  [    127ms]  [91mstale[0m    (poll #3)  order=d0c737f1
  [    186ms]  [91mstale[0m    (poll #4)  order=d0c737f1
  [    254ms]  [92mVISIBLE[0m  (poll #5, X-Cache: MISS)  order=d0c737f1

[96mOrder 720/1000:[0m
  [     10ms]  [91mstale[0m    (poll #1)  order=7b47f63d
  [     72ms]  [91mstale[0m    (poll #2)  order=7b47f63d
  [    133ms]  [91mstale[0m    (poll #3)  order=7b47f63d
  [    198ms]  [91mstale[0m    (poll #4)  order=7b47f63d
  [    265ms]  [92mVISIBLE[0m  (poll #5, X-Cache: MISS)  order=7b47f63d

[96mOrder 721/1000:[0m
  [     10ms]  [91mstale[0m    (poll #1)  order=ee93372f
  [     74ms]  [91mstale[0m    (poll #2)  order=ee93372f
  [    135ms]  [91mstale[0m    (poll #3)  order=ee93372f
  [    200ms]  [91mstale[0m    (poll #4)  order=ee93372f
  [    270ms]  [92mVISIBLE[0m  (poll #5, X-Cache: MISS)  order=ee93372f

[96mOrder 722/1000:[0m
  [     10ms]  [91mstale[0m    (poll #1)  order=06ecba50
  [     70ms]  [91mstale[0m    (poll #2)  order=06ecba50
  [    130ms]  [91mstale[0m    (poll #3)  order=06ecba50
  [    193ms]  [91mstale[0m    (poll #4)  order=06ecba50
  [    254ms]  [92mVISIBLE[0m  (poll #5, X-Cache: MISS)  order=06ecba50

[96mOrder 723/1000:[0m
  [      7ms]  [91mstale[0m    (poll #1)  order=36d187c8
  [     66ms]  [91mstale[0m    (poll #2)  order=36d187c8
  [    131ms]  [91mstale[0m    (poll #3)  order=36d187c8
  [    195ms]  [91mstale[0m    (poll #4)  order=36d187c8
  [    254ms]  [92mVISIBLE[0m  (poll #5, X-Cache: MISS)  order=36d187c8

[96mOrder 724/1000:[0m
  [      4ms]  [91mstale[0m    (poll #1)  order=9da5d646
  [     61ms]  [91mstale[0m    (poll #2)  order=9da5d646
  [    118ms]  [91mstale[0m    (poll #3)  order=9da5d646
  [    178ms]  [91mstale[0m    (poll #4)  order=9da5d646
  [    235ms]  [92mVISIBLE[0m  (poll #5, X-Cache: MISS)  order=9da5d646

[96mOrder 725/1000:[0m
  [      9ms]  [91mstale[0m    (poll #1)  order=46a7605f
  [     90ms]  [91mstale[0m    (poll #2)  order=46a7605f
  [    151ms]  [91mstale[0m    (poll #3)  order=46a7605f
  [    211ms]  [91mstale[0m    (poll #4)  order=46a7605f
  [    270ms]  [92mVISIBLE[0m  (poll #5, X-Cache: MISS)  order=46a7605f

[96mOrder 726/1000:[0m
  [      6ms]  [91mstale[0m    (poll #1)  order=5c452dcc
  [     63ms]  [91mstale[0m    (poll #2)  order=5c452dcc
  [    124ms]  [91mstale[0m    (poll #3)  order=5c452dcc
  [    185ms]  [91mstale[0m    (poll #4)  order=5c452dcc
  [    251ms]  [92mVISIBLE[0m  (poll #5, X-Cache: MISS)  order=5c452dcc

[96mOrder 727/1000:[0m
  [      8ms]  [91mstale[0m    (poll #1)  order=dffda3f4
  [     66ms]  [91mstale[0m    (poll #2)  order=dffda3f4
  [    124ms]  [91mstale[0m    (poll #3)  order=dffda3f4
  [    185ms]  [91mstale[0m    (poll #4)  order=dffda3f4
  [    245ms]  [92mVISIBLE[0m  (poll #5, X-Cache: MISS)  order=dffda3f4

[96mOrder 728/1000:[0m
  [      7ms]  [91mstale[0m    (poll #1)  order=e3243962
  [     66ms]  [91mstale[0m    (poll #2)  order=e3243962
  [    125ms]  [91mstale[0m    (poll #3)  order=e3243962
  [    188ms]  [91mstale[0m    (poll #4)  order=e3243962
  [    247ms]  [92mVISIBLE[0m  (poll #5, X-Cache: MISS)  order=e3243962

[96mOrder 729/1000:[0m
  [      6ms]  [91mstale[0m    (poll #1)  order=fea757ff
  [     64ms]  [91mstale[0m    (poll #2)  order=fea757ff
  [    125ms]  [91mstale[0m    (poll #3)  order=fea757ff
  [    187ms]  [91mstale[0m    (poll #4)  order=fea757ff
  [    248ms]  [92mVISIBLE[0m  (poll #5, X-Cache: MISS)  order=fea757ff

[96mOrder 730/1000:[0m
  [      8ms]  [91mstale[0m    (poll #1)  order=c268b83f
  [     65ms]  [91mstale[0m    (poll #2)  order=c268b83f
  [    123ms]  [91mstale[0m    (poll #3)  order=c268b83f
  [    185ms]  [91mstale[0m    (poll #4)  order=c268b83f
  [    249ms]  [92mVISIBLE[0m  (poll #5, X-Cache: MISS)  order=c268b83f

[96mOrder 731/1000:[0m
  [      6ms]  [91mstale[0m    (poll #1)  order=093f0e4c
  [     66ms]  [91mstale[0m    (poll #2)  order=093f0e4c
  [    127ms]  [91mstale[0m    (poll #3)  order=093f0e4c
  [    189ms]  [91mstale[0m    (poll #4)  order=093f0e4c
  [    249ms]  [92mVISIBLE[0m  (poll #5, X-Cache: MISS)  order=093f0e4c

[96mOrder 732/1000:[0m
  [      7ms]  [91mstale[0m    (poll #1)  order=f0d78b1e
  [     64ms]  [91mstale[0m    (poll #2)  order=f0d78b1e
  [    125ms]  [91mstale[0m    (poll #3)  order=f0d78b1e
  [    185ms]  [91mstale[0m    (poll #4)  order=f0d78b1e
  [    247ms]  [92mVISIBLE[0m  (poll #5, X-Cache: MISS)  order=f0d78b1e

[96mOrder 733/1000:[0m
  [      7ms]  [91mstale[0m    (poll #1)  order=632f1f63
  [     67ms]  [91mstale[0m    (poll #2)  order=632f1f63
  [    130ms]  [91mstale[0m    (poll #3)  order=632f1f63
  [    186ms]  [91mstale[0m    (poll #4)  order=632f1f63
  [    244ms]  [92mVISIBLE[0m  (poll #5, X-Cache: MISS)  order=632f1f63

[96mOrder 734/1000:[0m
  [      4ms]  [91mstale[0m    (poll #1)  order=8141f409
  [     64ms]  [91mstale[0m    (poll #2)  order=8141f409
  [    124ms]  [91mstale[0m    (poll #3)  order=8141f409
  [    187ms]  [91mstale[0m    (poll #4)  order=8141f409
  [    246ms]  [92mVISIBLE[0m  (poll #5, X-Cache: MISS)  order=8141f409

[96mOrder 735/1000:[0m
  [      9ms]  [91mstale[0m    (poll #1)  order=fb533b9d
  [     71ms]  [91mstale[0m    (poll #2)  order=fb533b9d
  [    131ms]  [91mstale[0m    (poll #3)  order=fb533b9d
  [    191ms]  [92mVISIBLE[0m  (poll #4, X-Cache: MISS)  order=fb533b9d

[96mOrder 736/1000:[0m
  [      7ms]  [91mstale[0m    (poll #1)  order=2bd5a4d9
  [     66ms]  [91mstale[0m    (poll #2)  order=2bd5a4d9
  [    124ms]  [91mstale[0m    (poll #3)  order=2bd5a4d9
  [    188ms]  [91mstale[0m    (poll #4)  order=2bd5a4d9
  [    249ms]  [91mstale[0m    (poll #5)  order=2bd5a4d9
  [    316ms]  [92mVISIBLE[0m  (poll #6, X-Cache: MISS)  order=2bd5a4d9

[96mOrder 737/1000:[0m
  [      6ms]  [91mstale[0m    (poll #1)  order=8f545598
  [     64ms]  [91mstale[0m    (poll #2)  order=8f545598
  [    124ms]  [91mstale[0m    (poll #3)  order=8f545598
  [    186ms]  [92mVISIBLE[0m  (poll #4, X-Cache: MISS)  order=8f545598

[96mOrder 738/1000:[0m
  [      7ms]  [91mstale[0m    (poll #1)  order=454b7ce2
  [     64ms]  [91mstale[0m    (poll #2)  order=454b7ce2
  [    126ms]  [91mstale[0m    (poll #3)  order=454b7ce2
  [    189ms]  [91mstale[0m    (poll #4)  order=454b7ce2
  [    261ms]  [92mVISIBLE[0m  (poll #5, X-Cache: MISS)  order=454b7ce2

[96mOrder 739/1000:[0m
  [     11ms]  [91mstale[0m    (poll #1)  order=e4a3e0cf
  [     71ms]  [91mstale[0m    (poll #2)  order=e4a3e0cf
  [    135ms]  [91mstale[0m    (poll #3)  order=e4a3e0cf
  [    202ms]  [92mVISIBLE[0m  (poll #4, X-Cache: MISS)  order=e4a3e0cf

[96mOrder 740/1000:[0m
  [      9ms]  [91mstale[0m    (poll #1)  order=e4431eeb
  [     73ms]  [91mstale[0m    (poll #2)  order=e4431eeb
  [    137ms]  [91mstale[0m    (poll #3)  order=e4431eeb
  [    196ms]  [92mVISIBLE[0m  (poll #4, X-Cache: MISS)  order=e4431eeb

[96mOrder 741/1000:[0m
  [      4ms]  [91mstale[0m    (poll #1)  order=cf9635d8
  [     64ms]  [91mstale[0m    (poll #2)  order=cf9635d8
  [    126ms]  [91mstale[0m    (poll #3)  order=cf9635d8
  [    183ms]  [91mstale[0m    (poll #4)  order=cf9635d8
  [    245ms]  [91mstale[0m    (poll #5)  order=cf9635d8
  [    307ms]  [92mVISIBLE[0m  (poll #6, X-Cache: MISS)  order=cf9635d8

[96mOrder 742/1000:[0m
  [      5ms]  [91mstale[0m    (poll #1)  order=662a447d
  [     65ms]  [91mstale[0m    (poll #2)  order=662a447d
  [    128ms]  [91mstale[0m    (poll #3)  order=662a447d
  [    193ms]  [92mVISIBLE[0m  (poll #4, X-Cache: MISS)  order=662a447d

[96mOrder 743/1000:[0m
  [      8ms]  [91mstale[0m    (poll #1)  order=cbd006c0
  [     72ms]  [91mstale[0m    (poll #2)  order=cbd006c0
  [    137ms]  [91mstale[0m    (poll #3)  order=cbd006c0
  [    201ms]  [91mstale[0m    (poll #4)  order=cbd006c0
  [    266ms]  [92mVISIBLE[0m  (poll #5, X-Cache: MISS)  order=cbd006c0

[96mOrder 744/1000:[0m
  [     11ms]  [91mstale[0m    (poll #1)  order=bdea30a1
  [     73ms]  [91mstale[0m    (poll #2)  order=bdea30a1
  [    137ms]  [91mstale[0m    (poll #3)  order=bdea30a1
  [    201ms]  [92mVISIBLE[0m  (poll #4, X-Cache: MISS)  order=bdea30a1

[96mOrder 745/1000:[0m
  [     10ms]  [91mstale[0m    (poll #1)  order=799c17ec
  [     74ms]  [91mstale[0m    (poll #2)  order=799c17ec
  [    137ms]  [91mstale[0m    (poll #3)  order=799c17ec
  [    201ms]  [91mstale[0m    (poll #4)  order=799c17ec
  [    268ms]  [92mVISIBLE[0m  (poll #5, X-Cache: MISS)  order=799c17ec

[96mOrder 746/1000:[0m
  [     11ms]  [91mstale[0m    (poll #1)  order=4a7a5767
  [     71ms]  [91mstale[0m    (poll #2)  order=4a7a5767
  [    141ms]  [91mstale[0m    (poll #3)  order=4a7a5767
  [    199ms]  [91mstale[0m    (poll #4)  order=4a7a5767
  [    263ms]  [92mVISIBLE[0m  (poll #5, X-Cache: MISS)  order=4a7a5767

[96mOrder 747/1000:[0m
  [      9ms]  [91mstale[0m    (poll #1)  order=bd0f2c5b
  [     70ms]  [91mstale[0m    (poll #2)  order=bd0f2c5b
  [    128ms]  [91mstale[0m    (poll #3)  order=bd0f2c5b
  [    191ms]  [91mstale[0m    (poll #4)  order=bd0f2c5b
  [    253ms]  [92mVISIBLE[0m  (poll #5, X-Cache: MISS)  order=bd0f2c5b

[96mOrder 748/1000:[0m
  [      5ms]  [91mstale[0m    (poll #1)  order=c327e089
  [     66ms]  [91mstale[0m    (poll #2)  order=c327e089
  [    130ms]  [91mstale[0m    (poll #3)  order=c327e089
  [    194ms]  [91mstale[0m    (poll #4)  order=c327e089
  [    262ms]  [92mVISIBLE[0m  (poll #5, X-Cache: MISS)  order=c327e089

[96mOrder 749/1000:[0m
  [     11ms]  [91mstale[0m    (poll #1)  order=1561b327
  [     75ms]  [91mstale[0m    (poll #2)  order=1561b327
  [    137ms]  [91mstale[0m    (poll #3)  order=1561b327
  [    201ms]  [92mVISIBLE[0m  (poll #4, X-Cache: MISS)  order=1561b327

[96mOrder 750/1000:[0m
  [      8ms]  [91mstale[0m    (poll #1)  order=3f760740
  [     71ms]  [91mstale[0m    (poll #2)  order=3f760740
  [    135ms]  [91mstale[0m    (poll #3)  order=3f760740
  [    198ms]  [91mstale[0m    (poll #4)  order=3f760740
  [    267ms]  [92mVISIBLE[0m  (poll #5, X-Cache: MISS)  order=3f760740

[96mOrder 751/1000:[0m
  [      9ms]  [91mstale[0m    (poll #1)  order=264fe7a8
  [     70ms]  [91mstale[0m    (poll #2)  order=264fe7a8
  [    129ms]  [91mstale[0m    (poll #3)  order=264fe7a8
  [    192ms]  [91mstale[0m    (poll #4)  order=264fe7a8
  [    257ms]  [92mVISIBLE[0m  (poll #5, X-Cache: MISS)  order=264fe7a8

[96mOrder 752/1000:[0m
  [     11ms]  [91mstale[0m    (poll #1)  order=3a550d2d
  [     76ms]  [91mstale[0m    (poll #2)  order=3a550d2d
  [    137ms]  [91mstale[0m    (poll #3)  order=3a550d2d
  [    201ms]  [91mstale[0m    (poll #4)  order=3a550d2d
  [    269ms]  [92mVISIBLE[0m  (poll #5, X-Cache: MISS)  order=3a550d2d

[96mOrder 753/1000:[0m
  [     11ms]  [91mstale[0m    (poll #1)  order=80118b85
  [     70ms]  [91mstale[0m    (poll #2)  order=80118b85
  [    134ms]  [91mstale[0m    (poll #3)  order=80118b85
  [    196ms]  [92mVISIBLE[0m  (poll #4, X-Cache: MISS)  order=80118b85

[96mOrder 754/1000:[0m
  [      8ms]  [91mstale[0m    (poll #1)  order=36d7a952
  [     72ms]  [91mstale[0m    (poll #2)  order=36d7a952
  [    133ms]  [91mstale[0m    (poll #3)  order=36d7a952
  [    198ms]  [91mstale[0m    (poll #4)  order=36d7a952
  [    269ms]  [92mVISIBLE[0m  (poll #5, X-Cache: MISS)  order=36d7a952

[96mOrder 755/1000:[0m
  [     11ms]  [91mstale[0m    (poll #1)  order=abfd8d03
  [     75ms]  [91mstale[0m    (poll #2)  order=abfd8d03
  [    134ms]  [91mstale[0m    (poll #3)  order=abfd8d03
  [    198ms]  [91mstale[0m    (poll #4)  order=abfd8d03
  [    265ms]  [92mVISIBLE[0m  (poll #5, X-Cache: MISS)  order=abfd8d03

[96mOrder 756/1000:[0m
  [     10ms]  [91mstale[0m    (poll #1)  order=a38218f6
  [     74ms]  [91mstale[0m    (poll #2)  order=a38218f6
  [    138ms]  [91mstale[0m    (poll #3)  order=a38218f6
  [    201ms]  [92mVISIBLE[0m  (poll #4, X-Cache: MISS)  order=a38218f6

[96mOrder 757/1000:[0m
  [     10ms]  [91mstale[0m    (poll #1)  order=c2d3033c
  [     74ms]  [91mstale[0m    (poll #2)  order=c2d3033c
  [    137ms]  [91mstale[0m    (poll #3)  order=c2d3033c
  [    200ms]  [91mstale[0m    (poll #4)  order=c2d3033c
  [    267ms]  [92mVISIBLE[0m  (poll #5, X-Cache: MISS)  order=c2d3033c

[96mOrder 758/1000:[0m
  [     10ms]  [91mstale[0m    (poll #1)  order=b41af534
  [     74ms]  [91mstale[0m    (poll #2)  order=b41af534
  [    133ms]  [91mstale[0m    (poll #3)  order=b41af534
  [    197ms]  [91mstale[0m    (poll #4)  order=b41af534
  [    266ms]  [92mVISIBLE[0m  (poll #5, X-Cache: MISS)  order=b41af534

[96mOrder 759/1000:[0m
  [     10ms]  [91mstale[0m    (poll #1)  order=f46ecd6e
  [     74ms]  [91mstale[0m    (poll #2)  order=f46ecd6e
  [    136ms]  [91mstale[0m    (poll #3)  order=f46ecd6e
  [    199ms]  [92mVISIBLE[0m  (poll #4, X-Cache: MISS)  order=f46ecd6e

[96mOrder 760/1000:[0m
  [      8ms]  [91mstale[0m    (poll #1)  order=73dfe86f
  [     69ms]  [91mstale[0m    (poll #2)  order=73dfe86f
  [    129ms]  [91mstale[0m    (poll #3)  order=73dfe86f
  [    193ms]  [91mstale[0m    (poll #4)  order=73dfe86f
  [    263ms]  [92mVISIBLE[0m  (poll #5, X-Cache: MISS)  order=73dfe86f

[96mOrder 761/1000:[0m
  [      8ms]  [91mstale[0m    (poll #1)  order=245fddb4
  [     71ms]  [91mstale[0m    (poll #2)  order=245fddb4
  [    129ms]  [91mstale[0m    (poll #3)  order=245fddb4
  [    193ms]  [91mstale[0m    (poll #4)  order=245fddb4
  [    255ms]  [92mVISIBLE[0m  (poll #5, X-Cache: MISS)  order=245fddb4

[96mOrder 762/1000:[0m
  [      4ms]  [91mstale[0m    (poll #1)  order=a87a33e6
  [     64ms]  [91mstale[0m    (poll #2)  order=a87a33e6
  [    124ms]  [91mstale[0m    (poll #3)  order=a87a33e6
  [    188ms]  [91mstale[0m    (poll #4)  order=a87a33e6
  [    254ms]  [92mVISIBLE[0m  (poll #5, X-Cache: MISS)  order=a87a33e6

[96mOrder 763/1000:[0m
  [      6ms]  [91mstale[0m    (poll #1)  order=a478dab9
  [     68ms]  [91mstale[0m    (poll #2)  order=a478dab9
  [    128ms]  [91mstale[0m    (poll #3)  order=a478dab9
  [    192ms]  [91mstale[0m    (poll #4)  order=a478dab9
  [    260ms]  [92mVISIBLE[0m  (poll #5, X-Cache: MISS)  order=a478dab9

[96mOrder 764/1000:[0m
  [     10ms]  [91mstale[0m    (poll #1)  order=8dabef83
  [     73ms]  [91mstale[0m    (poll #2)  order=8dabef83
  [    136ms]  [91mstale[0m    (poll #3)  order=8dabef83
  [    199ms]  [92mVISIBLE[0m  (poll #4, X-Cache: MISS)  order=8dabef83

[96mOrder 765/1000:[0m
  [      8ms]  [91mstale[0m    (poll #1)  order=a96f2bbc
  [     71ms]  [91mstale[0m    (poll #2)  order=a96f2bbc
  [    135ms]  [91mstale[0m    (poll #3)  order=a96f2bbc
  [    198ms]  [91mstale[0m    (poll #4)  order=a96f2bbc
  [    265ms]  [92mVISIBLE[0m  (poll #5, X-Cache: MISS)  order=a96f2bbc

[96mOrder 766/1000:[0m
  [      7ms]  [91mstale[0m    (poll #1)  order=1171e45e
  [     65ms]  [91mstale[0m    (poll #2)  order=1171e45e
  [    123ms]  [91mstale[0m    (poll #3)  order=1171e45e
  [    186ms]  [92mVISIBLE[0m  (poll #4, X-Cache: MISS)  order=1171e45e

[96mOrder 767/1000:[0m
  [      5ms]  [91mstale[0m    (poll #1)  order=187cda0b
  [     67ms]  [91mstale[0m    (poll #2)  order=187cda0b
  [    130ms]  [91mstale[0m    (poll #3)  order=187cda0b
  [    190ms]  [92mVISIBLE[0m  (poll #4, X-Cache: MISS)  order=187cda0b

[96mOrder 768/1000:[0m
  [      7ms]  [91mstale[0m    (poll #1)  order=3b8225f2
  [     70ms]  [91mstale[0m    (poll #2)  order=3b8225f2
  [    135ms]  [91mstale[0m    (poll #3)  order=3b8225f2
  [    198ms]  [91mstale[0m    (poll #4)  order=3b8225f2
  [    265ms]  [92mVISIBLE[0m  (poll #5, X-Cache: MISS)  order=3b8225f2

[96mOrder 769/1000:[0m
  [      9ms]  [91mstale[0m    (poll #1)  order=a04d408b
  [     73ms]  [91mstale[0m    (poll #2)  order=a04d408b
  [    134ms]  [91mstale[0m    (poll #3)  order=a04d408b
  [    197ms]  [91mstale[0m    (poll #4)  order=a04d408b
  [    268ms]  [92mVISIBLE[0m  (poll #5, X-Cache: MISS)  order=a04d408b

[96mOrder 770/1000:[0m
  [      6ms]  [91mstale[0m    (poll #1)  order=ab81aae5
  [     64ms]  [91mstale[0m    (poll #2)  order=ab81aae5
  [    127ms]  [91mstale[0m    (poll #3)  order=ab81aae5
  [    191ms]  [91mstale[0m    (poll #4)  order=ab81aae5
  [    256ms]  [92mVISIBLE[0m  (poll #5, X-Cache: MISS)  order=ab81aae5

[96mOrder 771/1000:[0m
  [      9ms]  [91mstale[0m    (poll #1)  order=62127bb6
  [     69ms]  [91mstale[0m    (poll #2)  order=62127bb6
  [    128ms]  [91mstale[0m    (poll #3)  order=62127bb6
  [    195ms]  [91mstale[0m    (poll #4)  order=62127bb6
  [    258ms]  [92mVISIBLE[0m  (poll #5, X-Cache: MISS)  order=62127bb6

[96mOrder 772/1000:[0m
  [     12ms]  [91mstale[0m    (poll #1)  order=1d3dd9c6
  [     72ms]  [91mstale[0m    (poll #2)  order=1d3dd9c6
  [    130ms]  [91mstale[0m    (poll #3)  order=1d3dd9c6
  [    186ms]  [91mstale[0m    (poll #4)  order=1d3dd9c6
  [    245ms]  [92mVISIBLE[0m  (poll #5, X-Cache: MISS)  order=1d3dd9c6

[96mOrder 773/1000:[0m
  [      5ms]  [91mstale[0m    (poll #1)  order=5a6deb54
  [     63ms]  [91mstale[0m    (poll #2)  order=5a6deb54
  [    123ms]  [91mstale[0m    (poll #3)  order=5a6deb54
  [    186ms]  [91mstale[0m    (poll #4)  order=5a6deb54
  [    247ms]  [92mVISIBLE[0m  (poll #5, X-Cache: MISS)  order=5a6deb54

[96mOrder 774/1000:[0m
  [     15ms]  [91mstale[0m    (poll #1)  order=6a9c647b
  [     77ms]  [91mstale[0m    (poll #2)  order=6a9c647b
  [    137ms]  [91mstale[0m    (poll #3)  order=6a9c647b
  [    201ms]  [91mstale[0m    (poll #4)  order=6a9c647b
  [    264ms]  [92mVISIBLE[0m  (poll #5, X-Cache: MISS)  order=6a9c647b

[96mOrder 775/1000:[0m
  [      6ms]  [91mstale[0m    (poll #1)  order=3770701f
  [     62ms]  [91mstale[0m    (poll #2)  order=3770701f
  [    123ms]  [91mstale[0m    (poll #3)  order=3770701f
  [    190ms]  [91mstale[0m    (poll #4)  order=3770701f
  [    255ms]  [92mVISIBLE[0m  (poll #5, X-Cache: MISS)  order=3770701f

[96mOrder 776/1000:[0m
  [      7ms]  [91mstale[0m    (poll #1)  order=7d5c0a7d
  [     63ms]  [91mstale[0m    (poll #2)  order=7d5c0a7d
  [    124ms]  [91mstale[0m    (poll #3)  order=7d5c0a7d
  [    187ms]  [91mstale[0m    (poll #4)  order=7d5c0a7d
  [    252ms]  [92mVISIBLE[0m  (poll #5, X-Cache: MISS)  order=7d5c0a7d

[96mOrder 777/1000:[0m
  [      7ms]  [91mstale[0m    (poll #1)  order=195f70ad
  [     64ms]  [91mstale[0m    (poll #2)  order=195f70ad
  [    121ms]  [91mstale[0m    (poll #3)  order=195f70ad
  [    183ms]  [91mstale[0m    (poll #4)  order=195f70ad
  [    247ms]  [92mVISIBLE[0m  (poll #5, X-Cache: MISS)  order=195f70ad

[96mOrder 778/1000:[0m
  [      6ms]  [91mstale[0m    (poll #1)  order=e37b54f6
  [     65ms]  [91mstale[0m    (poll #2)  order=e37b54f6
  [    120ms]  [91mstale[0m    (poll #3)  order=e37b54f6
  [    184ms]  [91mstale[0m    (poll #4)  order=e37b54f6
  [    248ms]  [92mVISIBLE[0m  (poll #5, X-Cache: MISS)  order=e37b54f6

[96mOrder 779/1000:[0m
  [      6ms]  [91mstale[0m    (poll #1)  order=4ba07b09
  [     65ms]  [91mstale[0m    (poll #2)  order=4ba07b09
  [    126ms]  [91mstale[0m    (poll #3)  order=4ba07b09
  [    188ms]  [91mstale[0m    (poll #4)  order=4ba07b09
  [    251ms]  [92mVISIBLE[0m  (poll #5, X-Cache: MISS)  order=4ba07b09

[96mOrder 780/1000:[0m
  [      7ms]  [91mstale[0m    (poll #1)  order=728d4538
  [     67ms]  [91mstale[0m    (poll #2)  order=728d4538
  [    125ms]  [91mstale[0m    (poll #3)  order=728d4538
  [    182ms]  [91mstale[0m    (poll #4)  order=728d4538
  [    239ms]  [91mstale[0m    (poll #5)  order=728d4538
  [    297ms]  [92mVISIBLE[0m  (poll #6, X-Cache: MISS)  order=728d4538

[96mOrder 781/1000:[0m
  [      3ms]  [91mstale[0m    (poll #1)  order=2de30b6c
  [     58ms]  [91mstale[0m    (poll #2)  order=2de30b6c
  [    118ms]  [91mstale[0m    (poll #3)  order=2de30b6c
  [    182ms]  [91mstale[0m    (poll #4)  order=2de30b6c
  [    245ms]  [92mVISIBLE[0m  (poll #5, X-Cache: MISS)  order=2de30b6c

[96mOrder 782/1000:[0m
  [      8ms]  [91mstale[0m    (poll #1)  order=d5cf9098
  [     72ms]  [91mstale[0m    (poll #2)  order=d5cf9098
  [    131ms]  [91mstale[0m    (poll #3)  order=d5cf9098
  [    193ms]  [91mstale[0m    (poll #4)  order=d5cf9098
  [    261ms]  [92mVISIBLE[0m  (poll #5, X-Cache: MISS)  order=d5cf9098

[96mOrder 783/1000:[0m
  [     10ms]  [91mstale[0m    (poll #1)  order=14026f02
  [     72ms]  [91mstale[0m    (poll #2)  order=14026f02
  [    136ms]  [91mstale[0m    (poll #3)  order=14026f02
  [    197ms]  [92mVISIBLE[0m  (poll #4, X-Cache: MISS)  order=14026f02

[96mOrder 784/1000:[0m
  [     10ms]  [91mstale[0m    (poll #1)  order=bee3eaaf
  [     74ms]  [91mstale[0m    (poll #2)  order=bee3eaaf
  [    137ms]  [91mstale[0m    (poll #3)  order=bee3eaaf
  [    201ms]  [91mstale[0m    (poll #4)  order=bee3eaaf
  [    272ms]  [92mVISIBLE[0m  (poll #5, X-Cache: MISS)  order=bee3eaaf

[96mOrder 785/1000:[0m
  [      8ms]  [91mstale[0m    (poll #1)  order=dad6119c
  [     69ms]  [91mstale[0m    (poll #2)  order=dad6119c
  [    133ms]  [91mstale[0m    (poll #3)  order=dad6119c
  [    194ms]  [92mVISIBLE[0m  (poll #4, X-Cache: MISS)  order=dad6119c

[96mOrder 786/1000:[0m
  [      8ms]  [91mstale[0m    (poll #1)  order=a7345749
  [     72ms]  [91mstale[0m    (poll #2)  order=a7345749
  [    129ms]  [91mstale[0m    (poll #3)  order=a7345749
  [    187ms]  [91mstale[0m    (poll #4)  order=a7345749
  [    251ms]  [92mVISIBLE[0m  (poll #5, X-Cache: MISS)  order=a7345749

[96mOrder 787/1000:[0m
  [      8ms]  [91mstale[0m    (poll #1)  order=138b5f5b
  [     67ms]  [91mstale[0m    (poll #2)  order=138b5f5b
  [    130ms]  [91mstale[0m    (poll #3)  order=138b5f5b
  [    194ms]  [91mstale[0m    (poll #4)  order=138b5f5b
  [    263ms]  [92mVISIBLE[0m  (poll #5, X-Cache: MISS)  order=138b5f5b

[96mOrder 788/1000:[0m
  [     11ms]  [91mstale[0m    (poll #1)  order=affd7361
  [     74ms]  [91mstale[0m    (poll #2)  order=affd7361
  [    136ms]  [91mstale[0m    (poll #3)  order=affd7361
  [    201ms]  [91mstale[0m    (poll #4)  order=affd7361
  [    272ms]  [92mVISIBLE[0m  (poll #5, X-Cache: MISS)  order=affd7361

[96mOrder 789/1000:[0m
  [      8ms]  [91mstale[0m    (poll #1)  order=44e384a0
  [     70ms]  [91mstale[0m    (poll #2)  order=44e384a0
  [    132ms]  [91mstale[0m    (poll #3)  order=44e384a0
  [    199ms]  [92mVISIBLE[0m  (poll #4, X-Cache: MISS)  order=44e384a0

[96mOrder 790/1000:[0m
  [      8ms]  [91mstale[0m    (poll #1)  order=af2d56be
  [     71ms]  [91mstale[0m    (poll #2)  order=af2d56be
  [    132ms]  [91mstale[0m    (poll #3)  order=af2d56be
  [    195ms]  [91mstale[0m    (poll #4)  order=af2d56be
  [    273ms]  [92mVISIBLE[0m  (poll #5, X-Cache: MISS)  order=af2d56be

[96mOrder 791/1000:[0m
  [      8ms]  [91mstale[0m    (poll #1)  order=60b295d9
  [     67ms]  [91mstale[0m    (poll #2)  order=60b295d9
  [    127ms]  [91mstale[0m    (poll #3)  order=60b295d9
  [    189ms]  [91mstale[0m    (poll #4)  order=60b295d9
  [    259ms]  [92mVISIBLE[0m  (poll #5, X-Cache: MISS)  order=60b295d9

[96mOrder 792/1000:[0m
  [     11ms]  [91mstale[0m    (poll #1)  order=44622b3f
  [     72ms]  [91mstale[0m    (poll #2)  order=44622b3f
  [    133ms]  [91mstale[0m    (poll #3)  order=44622b3f
  [    198ms]  [92mVISIBLE[0m  (poll #4, X-Cache: MISS)  order=44622b3f

[96mOrder 793/1000:[0m
  [      8ms]  [91mstale[0m    (poll #1)  order=cc2e7bd9
  [     71ms]  [91mstale[0m    (poll #2)  order=cc2e7bd9
  [    131ms]  [91mstale[0m    (poll #3)  order=cc2e7bd9
  [    195ms]  [91mstale[0m    (poll #4)  order=cc2e7bd9
  [    262ms]  [92mVISIBLE[0m  (poll #5, X-Cache: MISS)  order=cc2e7bd9

[96mOrder 794/1000:[0m
  [      9ms]  [91mstale[0m    (poll #1)  order=eae11939
  [     68ms]  [91mstale[0m    (poll #2)  order=eae11939
  [    132ms]  [91mstale[0m    (poll #3)  order=eae11939
  [    195ms]  [91mstale[0m    (poll #4)  order=eae11939
  [    261ms]  [92mVISIBLE[0m  (poll #5, X-Cache: MISS)  order=eae11939

[96mOrder 795/1000:[0m
  [      9ms]  [91mstale[0m    (poll #1)  order=7c74a79d
  [     72ms]  [91mstale[0m    (poll #2)  order=7c74a79d
  [    136ms]  [91mstale[0m    (poll #3)  order=7c74a79d
  [    200ms]  [92mVISIBLE[0m  (poll #4, X-Cache: MISS)  order=7c74a79d

[96mOrder 796/1000:[0m
  [     10ms]  [91mstale[0m    (poll #1)  order=9e35a884
  [     74ms]  [91mstale[0m    (poll #2)  order=9e35a884
  [    139ms]  [91mstale[0m    (poll #3)  order=9e35a884
  [    203ms]  [92mVISIBLE[0m  (poll #4, X-Cache: MISS)  order=9e35a884

[96mOrder 797/1000:[0m
  [      8ms]  [91mstale[0m    (poll #1)  order=e13a8943
  [     73ms]  [91mstale[0m    (poll #2)  order=e13a8943
  [    132ms]  [91mstale[0m    (poll #3)  order=e13a8943
  [    200ms]  [91mstale[0m    (poll #4)  order=e13a8943
  [    264ms]  [92mVISIBLE[0m  (poll #5, X-Cache: MISS)  order=e13a8943

[96mOrder 798/1000:[0m
  [     11ms]  [91mstale[0m    (poll #1)  order=203980bf
  [     76ms]  [91mstale[0m    (poll #2)  order=203980bf
  [    138ms]  [91mstale[0m    (poll #3)  order=203980bf
  [    198ms]  [91mstale[0m    (poll #4)  order=203980bf
  [    261ms]  [92mVISIBLE[0m  (poll #5, X-Cache: MISS)  order=203980bf

[96mOrder 799/1000:[0m
  [      8ms]  [91mstale[0m    (poll #1)  order=4db67a44
  [     71ms]  [91mstale[0m    (poll #2)  order=4db67a44
  [    129ms]  [91mstale[0m    (poll #3)  order=4db67a44
  [    189ms]  [91mstale[0m    (poll #4)  order=4db67a44
  [    255ms]  [92mVISIBLE[0m  (poll #5, X-Cache: MISS)  order=4db67a44

[96mOrder 800/1000:[0m
  [      4ms]  [91mstale[0m    (poll #1)  order=ac1340cc
  [     60ms]  [91mstale[0m    (poll #2)  order=ac1340cc
  [    125ms]  [91mstale[0m    (poll #3)  order=ac1340cc
  [    188ms]  [91mstale[0m    (poll #4)  order=ac1340cc
  [    248ms]  [92mVISIBLE[0m  (poll #5, X-Cache: MISS)  order=ac1340cc

[96mOrder 801/1000:[0m
  [      5ms]  [91mstale[0m    (poll #1)  order=4ce4f7f1
  [     65ms]  [91mstale[0m    (poll #2)  order=4ce4f7f1
  [    128ms]  [91mstale[0m    (poll #3)  order=4ce4f7f1
  [    191ms]  [91mstale[0m    (poll #4)  order=4ce4f7f1
  [    261ms]  [92mVISIBLE[0m  (poll #5, X-Cache: MISS)  order=4ce4f7f1

[96mOrder 802/1000:[0m
  [      5ms]  [91mstale[0m    (poll #1)  order=70be24fa
  [     62ms]  [91mstale[0m    (poll #2)  order=70be24fa
  [    126ms]  [91mstale[0m    (poll #3)  order=70be24fa
  [    189ms]  [91mstale[0m    (poll #4)  order=70be24fa
  [    254ms]  [92mVISIBLE[0m  (poll #5, X-Cache: MISS)  order=70be24fa

[96mOrder 803/1000:[0m
  [      7ms]  [91mstale[0m    (poll #1)  order=b2448aed
  [     69ms]  [91mstale[0m    (poll #2)  order=b2448aed
  [    131ms]  [91mstale[0m    (poll #3)  order=b2448aed
  [    192ms]  [92mVISIBLE[0m  (poll #4, X-Cache: MISS)  order=b2448aed

[96mOrder 804/1000:[0m
  [     10ms]  [91mstale[0m    (poll #1)  order=e8f57658
  [     72ms]  [91mstale[0m    (poll #2)  order=e8f57658
  [    133ms]  [91mstale[0m    (poll #3)  order=e8f57658
  [    197ms]  [91mstale[0m    (poll #4)  order=e8f57658
  [    261ms]  [92mVISIBLE[0m  (poll #5, X-Cache: MISS)  order=e8f57658

[96mOrder 805/1000:[0m
  [      6ms]  [91mstale[0m    (poll #1)  order=64407b88
  [     68ms]  [91mstale[0m    (poll #2)  order=64407b88
  [    130ms]  [91mstale[0m    (poll #3)  order=64407b88
  [    190ms]  [91mstale[0m    (poll #4)  order=64407b88
  [    245ms]  [91mstale[0m    (poll #5)  order=64407b88
  [    308ms]  [92mVISIBLE[0m  (poll #6, X-Cache: MISS)  order=64407b88

[96mOrder 806/1000:[0m
  [      4ms]  [91mstale[0m    (poll #1)  order=570bf511
  [     61ms]  [91mstale[0m    (poll #2)  order=570bf511
  [    122ms]  [91mstale[0m    (poll #3)  order=570bf511
  [    183ms]  [91mstale[0m    (poll #4)  order=570bf511
  [    250ms]  [92mVISIBLE[0m  (poll #5, X-Cache: MISS)  order=570bf511

[96mOrder 807/1000:[0m
  [      8ms]  [91mstale[0m    (poll #1)  order=19ada566
  [     68ms]  [91mstale[0m    (poll #2)  order=19ada566
  [    131ms]  [91mstale[0m    (poll #3)  order=19ada566
  [    193ms]  [91mstale[0m    (poll #4)  order=19ada566
  [    259ms]  [92mVISIBLE[0m  (poll #5, X-Cache: MISS)  order=19ada566

[96mOrder 808/1000:[0m
  [      6ms]  [91mstale[0m    (poll #1)  order=3beefc26
  [     67ms]  [91mstale[0m    (poll #2)  order=3beefc26
  [    125ms]  [91mstale[0m    (poll #3)  order=3beefc26
  [    190ms]  [91mstale[0m    (poll #4)  order=3beefc26
  [    253ms]  [92mVISIBLE[0m  (poll #5, X-Cache: MISS)  order=3beefc26

[96mOrder 809/1000:[0m
  [      5ms]  [91mstale[0m    (poll #1)  order=72ff813e
  [     62ms]  [91mstale[0m    (poll #2)  order=72ff813e
  [    119ms]  [91mstale[0m    (poll #3)  order=72ff813e
  [    178ms]  [91mstale[0m    (poll #4)  order=72ff813e
  [    246ms]  [92mVISIBLE[0m  (poll #5, X-Cache: MISS)  order=72ff813e

[96mOrder 810/1000:[0m
  [      4ms]  [91mstale[0m    (poll #1)  order=ed0a01d2
  [     60ms]  [91mstale[0m    (poll #2)  order=ed0a01d2
  [    120ms]  [91mstale[0m    (poll #3)  order=ed0a01d2
  [    182ms]  [92mVISIBLE[0m  (poll #4, X-Cache: MISS)  order=ed0a01d2

[96mOrder 811/1000:[0m
  [      6ms]  [91mstale[0m    (poll #1)  order=4268e974
  [     65ms]  [91mstale[0m    (poll #2)  order=4268e974
  [    126ms]  [91mstale[0m    (poll #3)  order=4268e974
  [    190ms]  [91mstale[0m    (poll #4)  order=4268e974
  [    256ms]  [92mVISIBLE[0m  (poll #5, X-Cache: MISS)  order=4268e974

[96mOrder 812/1000:[0m
  [      7ms]  [91mstale[0m    (poll #1)  order=35df6d54
  [     70ms]  [91mstale[0m    (poll #2)  order=35df6d54
  [    134ms]  [91mstale[0m    (poll #3)  order=35df6d54
  [    197ms]  [92mVISIBLE[0m  (poll #4, X-Cache: MISS)  order=35df6d54

[96mOrder 813/1000:[0m
  [      7ms]  [91mstale[0m    (poll #1)  order=20c46478
  [     69ms]  [91mstale[0m    (poll #2)  order=20c46478
  [    128ms]  [91mstale[0m    (poll #3)  order=20c46478
  [    187ms]  [91mstale[0m    (poll #4)  order=20c46478
  [    253ms]  [91mstale[0m    (poll #5)  order=20c46478
  [    323ms]  [92mVISIBLE[0m  (poll #6, X-Cache: MISS)  order=20c46478

[96mOrder 814/1000:[0m
  [      8ms]  [91mstale[0m    (poll #1)  order=d47597a6
  [     67ms]  [91mstale[0m    (poll #2)  order=d47597a6
  [    131ms]  [91mstale[0m    (poll #3)  order=d47597a6
  [    192ms]  [92mVISIBLE[0m  (poll #4, X-Cache: MISS)  order=d47597a6

[96mOrder 815/1000:[0m
  [      6ms]  [91mstale[0m    (poll #1)  order=783a6e47
  [     65ms]  [91mstale[0m    (poll #2)  order=783a6e47
  [    127ms]  [91mstale[0m    (poll #3)  order=783a6e47
  [    192ms]  [91mstale[0m    (poll #4)  order=783a6e47
  [    262ms]  [92mVISIBLE[0m  (poll #5, X-Cache: MISS)  order=783a6e47

[96mOrder 816/1000:[0m
  [     10ms]  [91mstale[0m    (poll #1)  order=3d55e655
  [     73ms]  [91mstale[0m    (poll #2)  order=3d55e655
  [    133ms]  [91mstale[0m    (poll #3)  order=3d55e655
  [    191ms]  [91mstale[0m    (poll #4)  order=3d55e655
  [    254ms]  [92mVISIBLE[0m  (poll #5, X-Cache: MISS)  order=3d55e655

[96mOrder 817/1000:[0m
  [      6ms]  [91mstale[0m    (poll #1)  order=d345a05e
  [     67ms]  [91mstale[0m    (poll #2)  order=d345a05e
  [    126ms]  [91mstale[0m    (poll #3)  order=d345a05e
  [    190ms]  [92mVISIBLE[0m  (poll #4, X-Cache: MISS)  order=d345a05e

[96mOrder 818/1000:[0m
  [      9ms]  [91mstale[0m    (poll #1)  order=c26c5be5
  [     77ms]  [91mstale[0m    (poll #2)  order=c26c5be5
  [    139ms]  [91mstale[0m    (poll #3)  order=c26c5be5
  [    200ms]  [91mstale[0m    (poll #4)  order=c26c5be5
  [    263ms]  [92mVISIBLE[0m  (poll #5, X-Cache: MISS)  order=c26c5be5

[96mOrder 819/1000:[0m
  [      7ms]  [91mstale[0m    (poll #1)  order=e535ff02
  [     69ms]  [91mstale[0m    (poll #2)  order=e535ff02
  [    130ms]  [91mstale[0m    (poll #3)  order=e535ff02
  [    195ms]  [91mstale[0m    (poll #4)  order=e535ff02
  [    257ms]  [92mVISIBLE[0m  (poll #5, X-Cache: MISS)  order=e535ff02

[96mOrder 820/1000:[0m
  [      4ms]  [91mstale[0m    (poll #1)  order=f0e1e3b3
  [     59ms]  [91mstale[0m    (poll #2)  order=f0e1e3b3
  [    119ms]  [91mstale[0m    (poll #3)  order=f0e1e3b3
  [    179ms]  [91mstale[0m    (poll #4)  order=f0e1e3b3
  [    234ms]  [91mstale[0m    (poll #5)  order=f0e1e3b3
  [    296ms]  [92mVISIBLE[0m  (poll #6, X-Cache: MISS)  order=f0e1e3b3

[96mOrder 821/1000:[0m
  [      5ms]  [91mstale[0m    (poll #1)  order=6bf55042
  [     65ms]  [91mstale[0m    (poll #2)  order=6bf55042
  [    124ms]  [91mstale[0m    (poll #3)  order=6bf55042
  [    188ms]  [91mstale[0m    (poll #4)  order=6bf55042
  [    256ms]  [92mVISIBLE[0m  (poll #5, X-Cache: MISS)  order=6bf55042

[96mOrder 822/1000:[0m
  [      8ms]  [91mstale[0m    (poll #1)  order=8b6e6f45
  [     71ms]  [91mstale[0m    (poll #2)  order=8b6e6f45
  [    130ms]  [91mstale[0m    (poll #3)  order=8b6e6f45
  [    195ms]  [92mVISIBLE[0m  (poll #4, X-Cache: MISS)  order=8b6e6f45

[96mOrder 823/1000:[0m
  [      8ms]  [91mstale[0m    (poll #1)  order=064d35dd
  [     72ms]  [91mstale[0m    (poll #2)  order=064d35dd
  [    129ms]  [91mstale[0m    (poll #3)  order=064d35dd
  [    190ms]  [91mstale[0m    (poll #4)  order=064d35dd
  [    254ms]  [92mVISIBLE[0m  (poll #5, X-Cache: MISS)  order=064d35dd

[96mOrder 824/1000:[0m
  [      8ms]  [91mstale[0m    (poll #1)  order=6fc1d623
  [     71ms]  [91mstale[0m    (poll #2)  order=6fc1d623
  [    132ms]  [91mstale[0m    (poll #3)  order=6fc1d623
  [    199ms]  [91mstale[0m    (poll #4)  order=6fc1d623
  [    269ms]  [92mVISIBLE[0m  (poll #5, X-Cache: MISS)  order=6fc1d623

[96mOrder 825/1000:[0m
  [      5ms]  [91mstale[0m    (poll #1)  order=938a7f66
  [     65ms]  [91mstale[0m    (poll #2)  order=938a7f66
  [    128ms]  [91mstale[0m    (poll #3)  order=938a7f66
  [    190ms]  [91mstale[0m    (poll #4)  order=938a7f66
  [    258ms]  [92mVISIBLE[0m  (poll #5, X-Cache: MISS)  order=938a7f66

[96mOrder 826/1000:[0m
  [      6ms]  [91mstale[0m    (poll #1)  order=e3e4a31d
  [     68ms]  [91mstale[0m    (poll #2)  order=e3e4a31d
  [    131ms]  [91mstale[0m    (poll #3)  order=e3e4a31d
  [    196ms]  [91mstale[0m    (poll #4)  order=e3e4a31d
  [    265ms]  [92mVISIBLE[0m  (poll #5, X-Cache: MISS)  order=e3e4a31d

[96mOrder 827/1000:[0m
  [      7ms]  [91mstale[0m    (poll #1)  order=006a379a
  [     64ms]  [91mstale[0m    (poll #2)  order=006a379a
  [    126ms]  [91mstale[0m    (poll #3)  order=006a379a
  [    190ms]  [91mstale[0m    (poll #4)  order=006a379a
  [    260ms]  [92mVISIBLE[0m  (poll #5, X-Cache: MISS)  order=006a379a

[96mOrder 828/1000:[0m
  [      7ms]  [91mstale[0m    (poll #1)  order=4c7c53a7
  [     71ms]  [91mstale[0m    (poll #2)  order=4c7c53a7
  [    135ms]  [91mstale[0m    (poll #3)  order=4c7c53a7
  [    201ms]  [91mstale[0m    (poll #4)  order=4c7c53a7
  [    267ms]  [92mVISIBLE[0m  (poll #5, X-Cache: MISS)  order=4c7c53a7

[96mOrder 829/1000:[0m
  [      8ms]  [91mstale[0m    (poll #1)  order=f8fbe3ea
  [     70ms]  [91mstale[0m    (poll #2)  order=f8fbe3ea
  [    133ms]  [91mstale[0m    (poll #3)  order=f8fbe3ea
  [    199ms]  [91mstale[0m    (poll #4)  order=f8fbe3ea
  [    264ms]  [92mVISIBLE[0m  (poll #5, X-Cache: MISS)  order=f8fbe3ea

[96mOrder 830/1000:[0m
  [     12ms]  [91mstale[0m    (poll #1)  order=931d80b2
  [     76ms]  [91mstale[0m    (poll #2)  order=931d80b2
  [    139ms]  [91mstale[0m    (poll #3)  order=931d80b2
  [    200ms]  [92mVISIBLE[0m  (poll #4, X-Cache: MISS)  order=931d80b2

[96mOrder 831/1000:[0m
  [      8ms]  [91mstale[0m    (poll #1)  order=d27648e4
  [     69ms]  [91mstale[0m    (poll #2)  order=d27648e4
  [    128ms]  [91mstale[0m    (poll #3)  order=d27648e4
  [    187ms]  [91mstale[0m    (poll #4)  order=d27648e4
  [    257ms]  [92mVISIBLE[0m  (poll #5, X-Cache: MISS)  order=d27648e4

[96mOrder 832/1000:[0m
  [      8ms]  [91mstale[0m    (poll #1)  order=b040adbf
  [     69ms]  [91mstale[0m    (poll #2)  order=b040adbf
  [    132ms]  [91mstale[0m    (poll #3)  order=b040adbf
  [    193ms]  [92mVISIBLE[0m  (poll #4, X-Cache: MISS)  order=b040adbf

[96mOrder 833/1000:[0m
  [     22ms]  [91mstale[0m    (poll #1)  order=1278fe23
  [     89ms]  [91mstale[0m    (poll #2)  order=1278fe23
  [    150ms]  [91mstale[0m    (poll #3)  order=1278fe23
  [    212ms]  [91mstale[0m    (poll #4)  order=1278fe23
  [    274ms]  [92mVISIBLE[0m  (poll #5, X-Cache: MISS)  order=1278fe23

[96mOrder 834/1000:[0m
  [      7ms]  [91mstale[0m    (poll #1)  order=37b8c9e7
  [     69ms]  [91mstale[0m    (poll #2)  order=37b8c9e7
  [    132ms]  [91mstale[0m    (poll #3)  order=37b8c9e7
  [    196ms]  [91mstale[0m    (poll #4)  order=37b8c9e7
  [    266ms]  [92mVISIBLE[0m  (poll #5, X-Cache: MISS)  order=37b8c9e7

[96mOrder 835/1000:[0m
  [     10ms]  [91mstale[0m    (poll #1)  order=b872f88f
  [     70ms]  [91mstale[0m    (poll #2)  order=b872f88f
  [    134ms]  [91mstale[0m    (poll #3)  order=b872f88f
  [    198ms]  [91mstale[0m    (poll #4)  order=b872f88f
  [    265ms]  [92mVISIBLE[0m  (poll #5, X-Cache: MISS)  order=b872f88f

[96mOrder 836/1000:[0m
  [      8ms]  [91mstale[0m    (poll #1)  order=1c587fe1
  [     71ms]  [91mstale[0m    (poll #2)  order=1c587fe1
  [    133ms]  [91mstale[0m    (poll #3)  order=1c587fe1
  [    195ms]  [92mVISIBLE[0m  (poll #4, X-Cache: MISS)  order=1c587fe1

[96mOrder 837/1000:[0m
  [     10ms]  [91mstale[0m    (poll #1)  order=62ad141b
  [     70ms]  [91mstale[0m    (poll #2)  order=62ad141b
  [    129ms]  [91mstale[0m    (poll #3)  order=62ad141b
  [    190ms]  [91mstale[0m    (poll #4)  order=62ad141b
  [    259ms]  [92mVISIBLE[0m  (poll #5, X-Cache: MISS)  order=62ad141b

[96mOrder 838/1000:[0m
  [      8ms]  [91mstale[0m    (poll #1)  order=7b63ed15
  [     74ms]  [91mstale[0m    (poll #2)  order=7b63ed15
  [    130ms]  [91mstale[0m    (poll #3)  order=7b63ed15
  [    195ms]  [92mVISIBLE[0m  (poll #4, X-Cache: MISS)  order=7b63ed15

[96mOrder 839/1000:[0m
  [      4ms]  [91mstale[0m    (poll #1)  order=fca425c9
  [     64ms]  [91mstale[0m    (poll #2)  order=fca425c9
  [    124ms]  [91mstale[0m    (poll #3)  order=fca425c9
  [    184ms]  [91mstale[0m    (poll #4)  order=fca425c9
  [    258ms]  [92mVISIBLE[0m  (poll #5, X-Cache: MISS)  order=fca425c9

[96mOrder 840/1000:[0m
  [      7ms]  [91mstale[0m    (poll #1)  order=10bfbf7d
  [     65ms]  [91mstale[0m    (poll #2)  order=10bfbf7d
  [    128ms]  [91mstale[0m    (poll #3)  order=10bfbf7d
  [    187ms]  [91mstale[0m    (poll #4)  order=10bfbf7d
  [    253ms]  [92mVISIBLE[0m  (poll #5, X-Cache: MISS)  order=10bfbf7d

[96mOrder 841/1000:[0m
  [     12ms]  [91mstale[0m    (poll #1)  order=859fc117
  [     77ms]  [91mstale[0m    (poll #2)  order=859fc117
  [    138ms]  [91mstale[0m    (poll #3)  order=859fc117
  [    201ms]  [92mVISIBLE[0m  (poll #4, X-Cache: MISS)  order=859fc117

[96mOrder 842/1000:[0m
  [      8ms]  [91mstale[0m    (poll #1)  order=b691a549
  [     71ms]  [91mstale[0m    (poll #2)  order=b691a549
  [    134ms]  [91mstale[0m    (poll #3)  order=b691a549
  [    197ms]  [91mstale[0m    (poll #4)  order=b691a549
  [    260ms]  [92mVISIBLE[0m  (poll #5, X-Cache: MISS)  order=b691a549

[96mOrder 843/1000:[0m
  [      7ms]  [91mstale[0m    (poll #1)  order=f2cc9313
  [     67ms]  [91mstale[0m    (poll #2)  order=f2cc9313
  [    129ms]  [91mstale[0m    (poll #3)  order=f2cc9313
  [    189ms]  [91mstale[0m    (poll #4)  order=f2cc9313
  [    260ms]  [92mVISIBLE[0m  (poll #5, X-Cache: MISS)  order=f2cc9313

[96mOrder 844/1000:[0m
  [     12ms]  [91mstale[0m    (poll #1)  order=a332723a
  [     71ms]  [91mstale[0m    (poll #2)  order=a332723a
  [    130ms]  [91mstale[0m    (poll #3)  order=a332723a
  [    192ms]  [91mstale[0m    (poll #4)  order=a332723a
  [    253ms]  [92mVISIBLE[0m  (poll #5, X-Cache: MISS)  order=a332723a

[96mOrder 845/1000:[0m
  [      5ms]  [91mstale[0m    (poll #1)  order=e1a04d31
  [     66ms]  [91mstale[0m    (poll #2)  order=e1a04d31
  [    124ms]  [91mstale[0m    (poll #3)  order=e1a04d31
  [    189ms]  [91mstale[0m    (poll #4)  order=e1a04d31
  [    256ms]  [92mVISIBLE[0m  (poll #5, X-Cache: MISS)  order=e1a04d31

[96mOrder 846/1000:[0m
  [      8ms]  [91mstale[0m    (poll #1)  order=1699abb0
  [     72ms]  [91mstale[0m    (poll #2)  order=1699abb0
  [    131ms]  [91mstale[0m    (poll #3)  order=1699abb0
  [    193ms]  [91mstale[0m    (poll #4)  order=1699abb0
  [    256ms]  [92mVISIBLE[0m  (poll #5, X-Cache: MISS)  order=1699abb0

[96mOrder 847/1000:[0m
  [      7ms]  [91mstale[0m    (poll #1)  order=27cda9bb
  [     67ms]  [91mstale[0m    (poll #2)  order=27cda9bb
  [    126ms]  [91mstale[0m    (poll #3)  order=27cda9bb
  [    190ms]  [91mstale[0m    (poll #4)  order=27cda9bb
  [    257ms]  [92mVISIBLE[0m  (poll #5, X-Cache: MISS)  order=27cda9bb

[96mOrder 848/1000:[0m
  [      8ms]  [91mstale[0m    (poll #1)  order=003c4a70
  [     68ms]  [91mstale[0m    (poll #2)  order=003c4a70
  [    131ms]  [91mstale[0m    (poll #3)  order=003c4a70
  [    189ms]  [91mstale[0m    (poll #4)  order=003c4a70
  [    248ms]  [92mVISIBLE[0m  (poll #5, X-Cache: MISS)  order=003c4a70

[96mOrder 849/1000:[0m
  [      4ms]  [91mstale[0m    (poll #1)  order=71cc1cf1
  [     62ms]  [91mstale[0m    (poll #2)  order=71cc1cf1
  [    123ms]  [91mstale[0m    (poll #3)  order=71cc1cf1
  [    186ms]  [91mstale[0m    (poll #4)  order=71cc1cf1
  [    247ms]  [92mVISIBLE[0m  (poll #5, X-Cache: MISS)  order=71cc1cf1

[96mOrder 850/1000:[0m
  [      7ms]  [91mstale[0m    (poll #1)  order=bfbb3e98
  [     65ms]  [91mstale[0m    (poll #2)  order=bfbb3e98
  [    129ms]  [91mstale[0m    (poll #3)  order=bfbb3e98
  [    192ms]  [91mstale[0m    (poll #4)  order=bfbb3e98
  [    261ms]  [92mVISIBLE[0m  (poll #5, X-Cache: MISS)  order=bfbb3e98

[96mOrder 851/1000:[0m
  [      5ms]  [91mstale[0m    (poll #1)  order=a6b4f2ed
  [     62ms]  [91mstale[0m    (poll #2)  order=a6b4f2ed
  [    124ms]  [91mstale[0m    (poll #3)  order=a6b4f2ed
  [    188ms]  [91mstale[0m    (poll #4)  order=a6b4f2ed
  [    256ms]  [92mVISIBLE[0m  (poll #5, X-Cache: MISS)  order=a6b4f2ed

[96mOrder 852/1000:[0m
  [      9ms]  [91mstale[0m    (poll #1)  order=0ab98b40
  [     71ms]  [91mstale[0m    (poll #2)  order=0ab98b40
  [    132ms]  [91mstale[0m    (poll #3)  order=0ab98b40
  [    191ms]  [91mstale[0m    (poll #4)  order=0ab98b40
  [    257ms]  [92mVISIBLE[0m  (poll #5, X-Cache: MISS)  order=0ab98b40

[96mOrder 853/1000:[0m
  [      9ms]  [91mstale[0m    (poll #1)  order=3213cd73
  [     69ms]  [91mstale[0m    (poll #2)  order=3213cd73
  [    132ms]  [91mstale[0m    (poll #3)  order=3213cd73
  [    198ms]  [91mstale[0m    (poll #4)  order=3213cd73
  [    260ms]  [92mVISIBLE[0m  (poll #5, X-Cache: MISS)  order=3213cd73

[96mOrder 854/1000:[0m
  [      8ms]  [91mstale[0m    (poll #1)  order=dcbb8c39
  [     67ms]  [91mstale[0m    (poll #2)  order=dcbb8c39
  [    129ms]  [91mstale[0m    (poll #3)  order=dcbb8c39
  [    192ms]  [91mstale[0m    (poll #4)  order=dcbb8c39
  [    261ms]  [92mVISIBLE[0m  (poll #5, X-Cache: MISS)  order=dcbb8c39

[96mOrder 855/1000:[0m
  [      8ms]  [91mstale[0m    (poll #1)  order=e9dce21d
  [     71ms]  [91mstale[0m    (poll #2)  order=e9dce21d
  [    133ms]  [91mstale[0m    (poll #3)  order=e9dce21d
  [    195ms]  [91mstale[0m    (poll #4)  order=e9dce21d
  [    258ms]  [92mVISIBLE[0m  (poll #5, X-Cache: MISS)  order=e9dce21d

[96mOrder 856/1000:[0m
  [      6ms]  [91mstale[0m    (poll #1)  order=19fec4c8
  [     67ms]  [91mstale[0m    (poll #2)  order=19fec4c8
  [    129ms]  [91mstale[0m    (poll #3)  order=19fec4c8
  [    195ms]  [91mstale[0m    (poll #4)  order=19fec4c8
  [    266ms]  [92mVISIBLE[0m  (poll #5, X-Cache: MISS)  order=19fec4c8

[96mOrder 857/1000:[0m
  [      8ms]  [91mstale[0m    (poll #1)  order=77d3988a
  [     69ms]  [91mstale[0m    (poll #2)  order=77d3988a
  [    131ms]  [91mstale[0m    (poll #3)  order=77d3988a
  [    195ms]  [91mstale[0m    (poll #4)  order=77d3988a
  [    260ms]  [92mVISIBLE[0m  (poll #5, X-Cache: MISS)  order=77d3988a

[96mOrder 858/1000:[0m
  [     10ms]  [91mstale[0m    (poll #1)  order=78961733
  [     71ms]  [91mstale[0m    (poll #2)  order=78961733
  [    128ms]  [91mstale[0m    (poll #3)  order=78961733
  [    189ms]  [91mstale[0m    (poll #4)  order=78961733
  [    248ms]  [92mVISIBLE[0m  (poll #5, X-Cache: MISS)  order=78961733

[96mOrder 859/1000:[0m
  [      4ms]  [91mstale[0m    (poll #1)  order=fdcc4d53
  [     61ms]  [91mstale[0m    (poll #2)  order=fdcc4d53
  [    122ms]  [91mstale[0m    (poll #3)  order=fdcc4d53
  [    184ms]  [91mstale[0m    (poll #4)  order=fdcc4d53
  [    244ms]  [92mVISIBLE[0m  (poll #5, X-Cache: MISS)  order=fdcc4d53

[96mOrder 860/1000:[0m
  [      9ms]  [91mstale[0m    (poll #1)  order=a9ea5fca
  [     73ms]  [91mstale[0m    (poll #2)  order=a9ea5fca
  [    135ms]  [91mstale[0m    (poll #3)  order=a9ea5fca
  [    197ms]  [92mVISIBLE[0m  (poll #4, X-Cache: MISS)  order=a9ea5fca

[96mOrder 861/1000:[0m
  [      8ms]  [91mstale[0m    (poll #1)  order=e7f32b37
  [     68ms]  [91mstale[0m    (poll #2)  order=e7f32b37
  [    131ms]  [91mstale[0m    (poll #3)  order=e7f32b37
  [    196ms]  [92mVISIBLE[0m  (poll #4, X-Cache: MISS)  order=e7f32b37

[96mOrder 862/1000:[0m
  [      8ms]  [91mstale[0m    (poll #1)  order=6548a67d
  [     66ms]  [91mstale[0m    (poll #2)  order=6548a67d
  [    129ms]  [91mstale[0m    (poll #3)  order=6548a67d
  [    191ms]  [91mstale[0m    (poll #4)  order=6548a67d
  [    257ms]  [92mVISIBLE[0m  (poll #5, X-Cache: MISS)  order=6548a67d

[96mOrder 863/1000:[0m
  [      8ms]  [91mstale[0m    (poll #1)  order=c650b597
  [     67ms]  [91mstale[0m    (poll #2)  order=c650b597
  [    127ms]  [91mstale[0m    (poll #3)  order=c650b597
  [    189ms]  [91mstale[0m    (poll #4)  order=c650b597
  [    250ms]  [92mVISIBLE[0m  (poll #5, X-Cache: MISS)  order=c650b597

[96mOrder 864/1000:[0m
  [      5ms]  [91mstale[0m    (poll #1)  order=c86c3aae
  [     63ms]  [91mstale[0m    (poll #2)  order=c86c3aae
  [    125ms]  [91mstale[0m    (poll #3)  order=c86c3aae
  [    189ms]  [91mstale[0m    (poll #4)  order=c86c3aae
  [    261ms]  [92mVISIBLE[0m  (poll #5, X-Cache: MISS)  order=c86c3aae

[96mOrder 865/1000:[0m
  [      8ms]  [91mstale[0m    (poll #1)  order=2bec068b
  [     67ms]  [91mstale[0m    (poll #2)  order=2bec068b
  [    126ms]  [91mstale[0m    (poll #3)  order=2bec068b
  [    192ms]  [91mstale[0m    (poll #4)  order=2bec068b
  [    261ms]  [92mVISIBLE[0m  (poll #5, X-Cache: MISS)  order=2bec068b

[96mOrder 866/1000:[0m
  [     10ms]  [91mstale[0m    (poll #1)  order=5d23e61c
  [     75ms]  [91mstale[0m    (poll #2)  order=5d23e61c
  [    134ms]  [91mstale[0m    (poll #3)  order=5d23e61c
  [    197ms]  [91mstale[0m    (poll #4)  order=5d23e61c
  [    263ms]  [92mVISIBLE[0m  (poll #5, X-Cache: MISS)  order=5d23e61c

[96mOrder 867/1000:[0m
  [      6ms]  [91mstale[0m    (poll #1)  order=ef138f79
  [     67ms]  [91mstale[0m    (poll #2)  order=ef138f79
  [    127ms]  [91mstale[0m    (poll #3)  order=ef138f79
  [    188ms]  [92mVISIBLE[0m  (poll #4, X-Cache: MISS)  order=ef138f79

[96mOrder 868/1000:[0m
  [      8ms]  [91mstale[0m    (poll #1)  order=38512a0b
  [     71ms]  [91mstale[0m    (poll #2)  order=38512a0b
  [    134ms]  [91mstale[0m    (poll #3)  order=38512a0b
  [    196ms]  [91mstale[0m    (poll #4)  order=38512a0b
  [    267ms]  [92mVISIBLE[0m  (poll #5, X-Cache: MISS)  order=38512a0b

[96mOrder 869/1000:[0m
  [     10ms]  [91mstale[0m    (poll #1)  order=5d9f5c26
  [     70ms]  [91mstale[0m    (poll #2)  order=5d9f5c26
  [    133ms]  [91mstale[0m    (poll #3)  order=5d9f5c26
  [    198ms]  [92mVISIBLE[0m  (poll #4, X-Cache: MISS)  order=5d9f5c26

[96mOrder 870/1000:[0m
  [     10ms]  [91mstale[0m    (poll #1)  order=5ae1c9d1
  [     73ms]  [91mstale[0m    (poll #2)  order=5ae1c9d1
  [    134ms]  [91mstale[0m    (poll #3)  order=5ae1c9d1
  [    199ms]  [91mstale[0m    (poll #4)  order=5ae1c9d1
  [    268ms]  [92mVISIBLE[0m  (poll #5, X-Cache: MISS)  order=5ae1c9d1

[96mOrder 871/1000:[0m
  [      8ms]  [91mstale[0m    (poll #1)  order=24800c1e
  [     68ms]  [91mstale[0m    (poll #2)  order=24800c1e
  [    128ms]  [91mstale[0m    (poll #3)  order=24800c1e
  [    188ms]  [92mVISIBLE[0m  (poll #4, X-Cache: MISS)  order=24800c1e

[96mOrder 872/1000:[0m
  [      8ms]  [91mstale[0m    (poll #1)  order=8a9dcf4e
  [     72ms]  [91mstale[0m    (poll #2)  order=8a9dcf4e
  [    135ms]  [91mstale[0m    (poll #3)  order=8a9dcf4e
  [    198ms]  [91mstale[0m    (poll #4)  order=8a9dcf4e
  [    261ms]  [92mVISIBLE[0m  (poll #5, X-Cache: MISS)  order=8a9dcf4e

[96mOrder 873/1000:[0m
  [      5ms]  [91mstale[0m    (poll #1)  order=05ff6319
  [     70ms]  [91mstale[0m    (poll #2)  order=05ff6319
  [    132ms]  [91mstale[0m    (poll #3)  order=05ff6319
  [    193ms]  [91mstale[0m    (poll #4)  order=05ff6319
  [    253ms]  [92mVISIBLE[0m  (poll #5, X-Cache: MISS)  order=05ff6319

[96mOrder 874/1000:[0m
  [      6ms]  [91mstale[0m    (poll #1)  order=f925c13b
  [     74ms]  [91mstale[0m    (poll #2)  order=f925c13b
  [    136ms]  [91mstale[0m    (poll #3)  order=f925c13b
  [    199ms]  [91mstale[0m    (poll #4)  order=f925c13b
  [    256ms]  [92mVISIBLE[0m  (poll #5, X-Cache: MISS)  order=f925c13b

[96mOrder 875/1000:[0m
  [      4ms]  [91mstale[0m    (poll #1)  order=7aaf136a
  [     64ms]  [91mstale[0m    (poll #2)  order=7aaf136a
  [    122ms]  [91mstale[0m    (poll #3)  order=7aaf136a
  [    184ms]  [91mstale[0m    (poll #4)  order=7aaf136a
  [    250ms]  [92mVISIBLE[0m  (poll #5, X-Cache: MISS)  order=7aaf136a

[96mOrder 876/1000:[0m
  [      7ms]  [91mstale[0m    (poll #1)  order=b7097ed8
  [     70ms]  [91mstale[0m    (poll #2)  order=b7097ed8
  [    137ms]  [91mstale[0m    (poll #3)  order=b7097ed8
  [    196ms]  [91mstale[0m    (poll #4)  order=b7097ed8
  [    258ms]  [92mVISIBLE[0m  (poll #5, X-Cache: MISS)  order=b7097ed8

[96mOrder 877/1000:[0m
  [      6ms]  [91mstale[0m    (poll #1)  order=91f10b14
  [     68ms]  [91mstale[0m    (poll #2)  order=91f10b14
  [    140ms]  [91mstale[0m    (poll #3)  order=91f10b14
  [    205ms]  [91mstale[0m    (poll #4)  order=91f10b14
  [    269ms]  [92mVISIBLE[0m  (poll #5, X-Cache: MISS)  order=91f10b14

[96mOrder 878/1000:[0m
  [      6ms]  [91mstale[0m    (poll #1)  order=341c1554
  [     67ms]  [91mstale[0m    (poll #2)  order=341c1554
  [    128ms]  [91mstale[0m    (poll #3)  order=341c1554
  [    191ms]  [91mstale[0m    (poll #4)  order=341c1554
  [    255ms]  [92mVISIBLE[0m  (poll #5, X-Cache: MISS)  order=341c1554

[96mOrder 879/1000:[0m
  [      7ms]  [91mstale[0m    (poll #1)  order=bea30536
  [     69ms]  [91mstale[0m    (poll #2)  order=bea30536
  [    134ms]  [91mstale[0m    (poll #3)  order=bea30536
  [    196ms]  [91mstale[0m    (poll #4)  order=bea30536
  [    264ms]  [92mVISIBLE[0m  (poll #5, X-Cache: MISS)  order=bea30536

[96mOrder 880/1000:[0m
  [      9ms]  [91mstale[0m    (poll #1)  order=6039e309
  [     68ms]  [91mstale[0m    (poll #2)  order=6039e309
  [    132ms]  [91mstale[0m    (poll #3)  order=6039e309
  [    197ms]  [92mVISIBLE[0m  (poll #4, X-Cache: MISS)  order=6039e309

[96mOrder 881/1000:[0m
  [      7ms]  [91mstale[0m    (poll #1)  order=f7522b17
  [     68ms]  [91mstale[0m    (poll #2)  order=f7522b17
  [    129ms]  [91mstale[0m    (poll #3)  order=f7522b17
  [    191ms]  [91mstale[0m    (poll #4)  order=f7522b17
  [    256ms]  [92mVISIBLE[0m  (poll #5, X-Cache: MISS)  order=f7522b17

[96mOrder 882/1000:[0m
  [      7ms]  [91mstale[0m    (poll #1)  order=cd9e3ba5
  [     69ms]  [91mstale[0m    (poll #2)  order=cd9e3ba5
  [    132ms]  [91mstale[0m    (poll #3)  order=cd9e3ba5
  [    197ms]  [91mstale[0m    (poll #4)  order=cd9e3ba5
  [    262ms]  [92mVISIBLE[0m  (poll #5, X-Cache: MISS)  order=cd9e3ba5

[96mOrder 883/1000:[0m
  [      4ms]  [91mstale[0m    (poll #1)  order=80c9d032
  [     63ms]  [91mstale[0m    (poll #2)  order=80c9d032
  [    123ms]  [91mstale[0m    (poll #3)  order=80c9d032
  [    182ms]  [91mstale[0m    (poll #4)  order=80c9d032
  [    244ms]  [92mVISIBLE[0m  (poll #5, X-Cache: MISS)  order=80c9d032

[96mOrder 884/1000:[0m
  [      8ms]  [91mstale[0m    (poll #1)  order=8ee134e1
  [     71ms]  [91mstale[0m    (poll #2)  order=8ee134e1
  [    132ms]  [91mstale[0m    (poll #3)  order=8ee134e1
  [    193ms]  [91mstale[0m    (poll #4)  order=8ee134e1
  [    260ms]  [92mVISIBLE[0m  (poll #5, X-Cache: MISS)  order=8ee134e1

[96mOrder 885/1000:[0m
  [      6ms]  [91mstale[0m    (poll #1)  order=8ef17ca7
  [     67ms]  [91mstale[0m    (poll #2)  order=8ef17ca7
  [    126ms]  [91mstale[0m    (poll #3)  order=8ef17ca7
  [    187ms]  [91mstale[0m    (poll #4)  order=8ef17ca7
  [    255ms]  [92mVISIBLE[0m  (poll #5, X-Cache: MISS)  order=8ef17ca7

[96mOrder 886/1000:[0m
  [     10ms]  [91mstale[0m    (poll #1)  order=c2c60f1d
  [     75ms]  [91mstale[0m    (poll #2)  order=c2c60f1d
  [    139ms]  [91mstale[0m    (poll #3)  order=c2c60f1d
  [    204ms]  [91mstale[0m    (poll #4)  order=c2c60f1d
  [    272ms]  [92mVISIBLE[0m  (poll #5, X-Cache: MISS)  order=c2c60f1d

[96mOrder 887/1000:[0m
  [      4ms]  [91mstale[0m    (poll #1)  order=c7ab1845
  [     64ms]  [91mstale[0m    (poll #2)  order=c7ab1845
  [    126ms]  [91mstale[0m    (poll #3)  order=c7ab1845
  [    185ms]  [91mstale[0m    (poll #4)  order=c7ab1845
  [    246ms]  [92mVISIBLE[0m  (poll #5, X-Cache: MISS)  order=c7ab1845

[96mOrder 888/1000:[0m
  [      7ms]  [91mstale[0m    (poll #1)  order=f8edbc81
  [     70ms]  [91mstale[0m    (poll #2)  order=f8edbc81
  [    132ms]  [91mstale[0m    (poll #3)  order=f8edbc81
  [    194ms]  [92mVISIBLE[0m  (poll #4, X-Cache: MISS)  order=f8edbc81

[96mOrder 889/1000:[0m
  [      7ms]  [91mstale[0m    (poll #1)  order=80faf4b1
  [     67ms]  [91mstale[0m    (poll #2)  order=80faf4b1
  [    131ms]  [91mstale[0m    (poll #3)  order=80faf4b1
  [    195ms]  [91mstale[0m    (poll #4)  order=80faf4b1
  [    262ms]  [92mVISIBLE[0m  (poll #5, X-Cache: MISS)  order=80faf4b1

[96mOrder 890/1000:[0m
  [     10ms]  [91mstale[0m    (poll #1)  order=72a25dd1
  [     68ms]  [91mstale[0m    (poll #2)  order=72a25dd1
  [    132ms]  [91mstale[0m    (poll #3)  order=72a25dd1
  [    191ms]  [91mstale[0m    (poll #4)  order=72a25dd1
  [    258ms]  [92mVISIBLE[0m  (poll #5, X-Cache: MISS)  order=72a25dd1

[96mOrder 891/1000:[0m
  [      9ms]  [91mstale[0m    (poll #1)  order=efdac33f
  [     69ms]  [91mstale[0m    (poll #2)  order=efdac33f
  [    132ms]  [91mstale[0m    (poll #3)  order=efdac33f
  [    197ms]  [91mstale[0m    (poll #4)  order=efdac33f
  [    265ms]  [92mVISIBLE[0m  (poll #5, X-Cache: MISS)  order=efdac33f

[96mOrder 892/1000:[0m
  [      9ms]  [91mstale[0m    (poll #1)  order=47efa492
  [     73ms]  [91mstale[0m    (poll #2)  order=47efa492
  [    138ms]  [91mstale[0m    (poll #3)  order=47efa492
  [    202ms]  [91mstale[0m    (poll #4)  order=47efa492
  [    269ms]  [92mVISIBLE[0m  (poll #5, X-Cache: MISS)  order=47efa492

[96mOrder 893/1000:[0m
  [     10ms]  [91mstale[0m    (poll #1)  order=7c1a2897
  [     71ms]  [91mstale[0m    (poll #2)  order=7c1a2897
  [    130ms]  [91mstale[0m    (poll #3)  order=7c1a2897
  [    195ms]  [92mVISIBLE[0m  (poll #4, X-Cache: MISS)  order=7c1a2897

[96mOrder 894/1000:[0m
  [      4ms]  [91mstale[0m    (poll #1)  order=6da1e61c
  [     62ms]  [91mstale[0m    (poll #2)  order=6da1e61c
  [    124ms]  [91mstale[0m    (poll #3)  order=6da1e61c
  [    187ms]  [91mstale[0m    (poll #4)  order=6da1e61c
  [    252ms]  [92mVISIBLE[0m  (poll #5, X-Cache: MISS)  order=6da1e61c

[96mOrder 895/1000:[0m
  [      8ms]  [91mstale[0m    (poll #1)  order=1c6c9392
  [     69ms]  [91mstale[0m    (poll #2)  order=1c6c9392
  [    131ms]  [91mstale[0m    (poll #3)  order=1c6c9392
  [    194ms]  [91mstale[0m    (poll #4)  order=1c6c9392
  [    263ms]  [92mVISIBLE[0m  (poll #5, X-Cache: MISS)  order=1c6c9392

[96mOrder 896/1000:[0m
  [      9ms]  [91mstale[0m    (poll #1)  order=2944f3f0
  [     74ms]  [91mstale[0m    (poll #2)  order=2944f3f0
  [    136ms]  [91mstale[0m    (poll #3)  order=2944f3f0
  [    197ms]  [91mstale[0m    (poll #4)  order=2944f3f0
  [    265ms]  [92mVISIBLE[0m  (poll #5, X-Cache: MISS)  order=2944f3f0

[96mOrder 897/1000:[0m
  [      8ms]  [91mstale[0m    (poll #1)  order=57855b36
  [     67ms]  [91mstale[0m    (poll #2)  order=57855b36
  [    131ms]  [91mstale[0m    (poll #3)  order=57855b36
  [    198ms]  [91mstale[0m    (poll #4)  order=57855b36
  [    265ms]  [92mVISIBLE[0m  (poll #5, X-Cache: MISS)  order=57855b36

[96mOrder 898/1000:[0m
  [      5ms]  [91mstale[0m    (poll #1)  order=e7c45718
  [     64ms]  [91mstale[0m    (poll #2)  order=e7c45718
  [    124ms]  [91mstale[0m    (poll #3)  order=e7c45718
  [    180ms]  [91mstale[0m    (poll #4)  order=e7c45718
  [    238ms]  [92mVISIBLE[0m  (poll #5, X-Cache: MISS)  order=e7c45718

[96mOrder 899/1000:[0m
  [      4ms]  [91mstale[0m    (poll #1)  order=d6b66881
  [     64ms]  [91mstale[0m    (poll #2)  order=d6b66881
  [    126ms]  [91mstale[0m    (poll #3)  order=d6b66881
  [    190ms]  [91mstale[0m    (poll #4)  order=d6b66881
  [    252ms]  [92mVISIBLE[0m  (poll #5, X-Cache: MISS)  order=d6b66881

[96mOrder 900/1000:[0m
  [      6ms]  [91mstale[0m    (poll #1)  order=bc90cc85
  [     65ms]  [91mstale[0m    (poll #2)  order=bc90cc85
  [    127ms]  [91mstale[0m    (poll #3)  order=bc90cc85
  [    188ms]  [91mstale[0m    (poll #4)  order=bc90cc85
  [    252ms]  [92mVISIBLE[0m  (poll #5, X-Cache: MISS)  order=bc90cc85

[96mOrder 901/1000:[0m
  [      8ms]  [91mstale[0m    (poll #1)  order=cf54b8b0
  [     70ms]  [91mstale[0m    (poll #2)  order=cf54b8b0
  [    130ms]  [91mstale[0m    (poll #3)  order=cf54b8b0
  [    192ms]  [91mstale[0m    (poll #4)  order=cf54b8b0
  [    261ms]  [92mVISIBLE[0m  (poll #5, X-Cache: MISS)  order=cf54b8b0

[96mOrder 902/1000:[0m
  [      4ms]  [91mstale[0m    (poll #1)  order=6d9396ad
  [     62ms]  [91mstale[0m    (poll #2)  order=6d9396ad
  [    121ms]  [91mstale[0m    (poll #3)  order=6d9396ad
  [    183ms]  [91mstale[0m    (poll #4)  order=6d9396ad
  [    245ms]  [92mVISIBLE[0m  (poll #5, X-Cache: MISS)  order=6d9396ad

[96mOrder 903/1000:[0m
  [      8ms]  [91mstale[0m    (poll #1)  order=cc915a0a
  [     68ms]  [91mstale[0m    (poll #2)  order=cc915a0a
  [    128ms]  [91mstale[0m    (poll #3)  order=cc915a0a
  [    192ms]  [91mstale[0m    (poll #4)  order=cc915a0a
  [    258ms]  [92mVISIBLE[0m  (poll #5, X-Cache: MISS)  order=cc915a0a

[96mOrder 904/1000:[0m
  [      9ms]  [91mstale[0m    (poll #1)  order=12fe0fa2
  [     72ms]  [91mstale[0m    (poll #2)  order=12fe0fa2
  [    133ms]  [91mstale[0m    (poll #3)  order=12fe0fa2
  [    194ms]  [91mstale[0m    (poll #4)  order=12fe0fa2
  [    263ms]  [92mVISIBLE[0m  (poll #5, X-Cache: MISS)  order=12fe0fa2

[96mOrder 905/1000:[0m
  [     10ms]  [91mstale[0m    (poll #1)  order=9e7b2269
  [     74ms]  [91mstale[0m    (poll #2)  order=9e7b2269
  [    133ms]  [91mstale[0m    (poll #3)  order=9e7b2269
  [    199ms]  [91mstale[0m    (poll #4)  order=9e7b2269
  [    266ms]  [92mVISIBLE[0m  (poll #5, X-Cache: MISS)  order=9e7b2269

[96mOrder 906/1000:[0m
  [      8ms]  [91mstale[0m    (poll #1)  order=18d8f85d
  [     71ms]  [91mstale[0m    (poll #2)  order=18d8f85d
  [    135ms]  [91mstale[0m    (poll #3)  order=18d8f85d
  [    201ms]  [91mstale[0m    (poll #4)  order=18d8f85d
  [    272ms]  [92mVISIBLE[0m  (poll #5, X-Cache: MISS)  order=18d8f85d

[96mOrder 907/1000:[0m
  [      8ms]  [91mstale[0m    (poll #1)  order=64a729a9
  [     72ms]  [91mstale[0m    (poll #2)  order=64a729a9
  [    132ms]  [92mVISIBLE[0m  (poll #3, X-Cache: MISS)  order=64a729a9

[96mOrder 908/1000:[0m
  [      6ms]  [91mstale[0m    (poll #1)  order=ac36e6cb
  [     68ms]  [91mstale[0m    (poll #2)  order=ac36e6cb
  [    127ms]  [91mstale[0m    (poll #3)  order=ac36e6cb
  [    192ms]  [91mstale[0m    (poll #4)  order=ac36e6cb
  [    262ms]  [92mVISIBLE[0m  (poll #5, X-Cache: MISS)  order=ac36e6cb

[96mOrder 909/1000:[0m
  [      9ms]  [91mstale[0m    (poll #1)  order=1ae3bb69
  [     70ms]  [91mstale[0m    (poll #2)  order=1ae3bb69
  [    134ms]  [91mstale[0m    (poll #3)  order=1ae3bb69
  [    197ms]  [91mstale[0m    (poll #4)  order=1ae3bb69
  [    264ms]  [92mVISIBLE[0m  (poll #5, X-Cache: MISS)  order=1ae3bb69

[96mOrder 910/1000:[0m
  [      9ms]  [91mstale[0m    (poll #1)  order=e94673bb
  [     73ms]  [91mstale[0m    (poll #2)  order=e94673bb
  [    133ms]  [91mstale[0m    (poll #3)  order=e94673bb
  [    195ms]  [91mstale[0m    (poll #4)  order=e94673bb
  [    262ms]  [92mVISIBLE[0m  (poll #5, X-Cache: MISS)  order=e94673bb

[96mOrder 911/1000:[0m
  [      9ms]  [91mstale[0m    (poll #1)  order=1579790c
  [     73ms]  [91mstale[0m    (poll #2)  order=1579790c
  [    137ms]  [91mstale[0m    (poll #3)  order=1579790c
  [    203ms]  [91mstale[0m    (poll #4)  order=1579790c
  [    273ms]  [92mVISIBLE[0m  (poll #5, X-Cache: MISS)  order=1579790c

[96mOrder 912/1000:[0m
  [     11ms]  [91mstale[0m    (poll #1)  order=9abc0492
  [     74ms]  [91mstale[0m    (poll #2)  order=9abc0492
  [    137ms]  [91mstale[0m    (poll #3)  order=9abc0492
  [    202ms]  [92mVISIBLE[0m  (poll #4, X-Cache: MISS)  order=9abc0492

[96mOrder 913/1000:[0m
  [      8ms]  [91mstale[0m    (poll #1)  order=0d159daf
  [     68ms]  [91mstale[0m    (poll #2)  order=0d159daf
  [    129ms]  [91mstale[0m    (poll #3)  order=0d159daf
  [    195ms]  [91mstale[0m    (poll #4)  order=0d159daf
  [    267ms]  [92mVISIBLE[0m  (poll #5, X-Cache: MISS)  order=0d159daf

[96mOrder 914/1000:[0m
  [      9ms]  [91mstale[0m    (poll #1)  order=9fee5b16
  [     69ms]  [91mstale[0m    (poll #2)  order=9fee5b16
  [    128ms]  [91mstale[0m    (poll #3)  order=9fee5b16
  [    190ms]  [91mstale[0m    (poll #4)  order=9fee5b16
  [    248ms]  [92mVISIBLE[0m  (poll #5, X-Cache: MISS)  order=9fee5b16

[96mOrder 915/1000:[0m
  [      5ms]  [91mstale[0m    (poll #1)  order=e18ce039
  [     65ms]  [91mstale[0m    (poll #2)  order=e18ce039
  [    126ms]  [91mstale[0m    (poll #3)  order=e18ce039
  [    187ms]  [91mstale[0m    (poll #4)  order=e18ce039
  [    247ms]  [92mVISIBLE[0m  (poll #5, X-Cache: MISS)  order=e18ce039

[96mOrder 916/1000:[0m
  [      5ms]  [91mstale[0m    (poll #1)  order=f8dae80c
  [     63ms]  [91mstale[0m    (poll #2)  order=f8dae80c
  [    127ms]  [91mstale[0m    (poll #3)  order=f8dae80c
  [    191ms]  [91mstale[0m    (poll #4)  order=f8dae80c
  [    256ms]  [92mVISIBLE[0m  (poll #5, X-Cache: MISS)  order=f8dae80c

[96mOrder 917/1000:[0m
  [      8ms]  [91mstale[0m    (poll #1)  order=4665c7d6
  [     70ms]  [91mstale[0m    (poll #2)  order=4665c7d6
  [    133ms]  [91mstale[0m    (poll #3)  order=4665c7d6
  [    199ms]  [91mstale[0m    (poll #4)  order=4665c7d6
  [    264ms]  [92mVISIBLE[0m  (poll #5, X-Cache: MISS)  order=4665c7d6

[96mOrder 918/1000:[0m
  [     10ms]  [91mstale[0m    (poll #1)  order=1758ebe8
  [     74ms]  [91mstale[0m    (poll #2)  order=1758ebe8
  [    136ms]  [91mstale[0m    (poll #3)  order=1758ebe8
  [    201ms]  [91mstale[0m    (poll #4)  order=1758ebe8
  [    267ms]  [92mVISIBLE[0m  (poll #5, X-Cache: MISS)  order=1758ebe8

[96mOrder 919/1000:[0m
  [      6ms]  [91mstale[0m    (poll #1)  order=11d3346d
  [     66ms]  [91mstale[0m    (poll #2)  order=11d3346d
  [    126ms]  [91mstale[0m    (poll #3)  order=11d3346d
  [    187ms]  [91mstale[0m    (poll #4)  order=11d3346d
  [    250ms]  [92mVISIBLE[0m  (poll #5, X-Cache: MISS)  order=11d3346d

[96mOrder 920/1000:[0m
  [      5ms]  [91mstale[0m    (poll #1)  order=43d82a65
  [     66ms]  [91mstale[0m    (poll #2)  order=43d82a65
  [    127ms]  [91mstale[0m    (poll #3)  order=43d82a65
  [    191ms]  [91mstale[0m    (poll #4)  order=43d82a65
  [    250ms]  [92mVISIBLE[0m  (poll #5, X-Cache: MISS)  order=43d82a65

[96mOrder 921/1000:[0m
  [      6ms]  [91mstale[0m    (poll #1)  order=daae99f5
  [     67ms]  [91mstale[0m    (poll #2)  order=daae99f5
  [    123ms]  [91mstale[0m    (poll #3)  order=daae99f5
  [    185ms]  [91mstale[0m    (poll #4)  order=daae99f5
  [    248ms]  [92mVISIBLE[0m  (poll #5, X-Cache: MISS)  order=daae99f5

[96mOrder 922/1000:[0m
  [      6ms]  [91mstale[0m    (poll #1)  order=91109de8
  [     63ms]  [91mstale[0m    (poll #2)  order=91109de8
  [    124ms]  [91mstale[0m    (poll #3)  order=91109de8
  [    188ms]  [91mstale[0m    (poll #4)  order=91109de8
  [    252ms]  [91mstale[0m    (poll #5)  order=91109de8
  [    318ms]  [92mVISIBLE[0m  (poll #6, X-Cache: MISS)  order=91109de8

[96mOrder 923/1000:[0m
  [      7ms]  [91mstale[0m    (poll #1)  order=bc7eac34
  [     68ms]  [91mstale[0m    (poll #2)  order=bc7eac34
  [    131ms]  [91mstale[0m    (poll #3)  order=bc7eac34
  [    191ms]  [91mstale[0m    (poll #4)  order=bc7eac34
  [    258ms]  [92mVISIBLE[0m  (poll #5, X-Cache: MISS)  order=bc7eac34

[96mOrder 924/1000:[0m
  [     10ms]  [91mstale[0m    (poll #1)  order=b9c8e9a9
  [     73ms]  [91mstale[0m    (poll #2)  order=b9c8e9a9
  [    135ms]  [91mstale[0m    (poll #3)  order=b9c8e9a9
  [    195ms]  [92mVISIBLE[0m  (poll #4, X-Cache: MISS)  order=b9c8e9a9

[96mOrder 925/1000:[0m
  [      5ms]  [91mstale[0m    (poll #1)  order=1c99438f
  [     65ms]  [91mstale[0m    (poll #2)  order=1c99438f
  [    125ms]  [91mstale[0m    (poll #3)  order=1c99438f
  [    187ms]  [91mstale[0m    (poll #4)  order=1c99438f
  [    253ms]  [92mVISIBLE[0m  (poll #5, X-Cache: MISS)  order=1c99438f

[96mOrder 926/1000:[0m
  [      9ms]  [91mstale[0m    (poll #1)  order=fc47eac1
  [     71ms]  [91mstale[0m    (poll #2)  order=fc47eac1
  [    132ms]  [91mstale[0m    (poll #3)  order=fc47eac1
  [    192ms]  [91mstale[0m    (poll #4)  order=fc47eac1
  [    261ms]  [92mVISIBLE[0m  (poll #5, X-Cache: MISS)  order=fc47eac1

[96mOrder 927/1000:[0m
  [     12ms]  [91mstale[0m    (poll #1)  order=a608bdc9
  [     77ms]  [91mstale[0m    (poll #2)  order=a608bdc9
  [    138ms]  [91mstale[0m    (poll #3)  order=a608bdc9
  [    202ms]  [91mstale[0m    (poll #4)  order=a608bdc9
  [    276ms]  [92mVISIBLE[0m  (poll #5, X-Cache: MISS)  order=a608bdc9

[96mOrder 928/1000:[0m
  [     13ms]  [91mstale[0m    (poll #1)  order=cc8e7d94
  [     77ms]  [91mstale[0m    (poll #2)  order=cc8e7d94
  [    141ms]  [91mstale[0m    (poll #3)  order=cc8e7d94
  [    213ms]  [92mVISIBLE[0m  (poll #4, X-Cache: MISS)  order=cc8e7d94

[96mOrder 929/1000:[0m
  [      6ms]  [91mstale[0m    (poll #1)  order=d687d1b5
  [     66ms]  [91mstale[0m    (poll #2)  order=d687d1b5
  [    129ms]  [91mstale[0m    (poll #3)  order=d687d1b5
  [    194ms]  [92mVISIBLE[0m  (poll #4, X-Cache: MISS)  order=d687d1b5

[96mOrder 930/1000:[0m
  [      9ms]  [91mstale[0m    (poll #1)  order=46bb536f
  [     71ms]  [91mstale[0m    (poll #2)  order=46bb536f
  [    133ms]  [91mstale[0m    (poll #3)  order=46bb536f
  [    197ms]  [91mstale[0m    (poll #4)  order=46bb536f
  [    266ms]  [92mVISIBLE[0m  (poll #5, X-Cache: MISS)  order=46bb536f

[96mOrder 931/1000:[0m
  [      9ms]  [91mstale[0m    (poll #1)  order=c75ba7d9
  [     69ms]  [91mstale[0m    (poll #2)  order=c75ba7d9
  [    128ms]  [91mstale[0m    (poll #3)  order=c75ba7d9
  [    193ms]  [91mstale[0m    (poll #4)  order=c75ba7d9
  [    258ms]  [92mVISIBLE[0m  (poll #5, X-Cache: MISS)  order=c75ba7d9

[96mOrder 932/1000:[0m
  [      9ms]  [91mstale[0m    (poll #1)  order=27bec382
  [     71ms]  [91mstale[0m    (poll #2)  order=27bec382
  [    136ms]  [91mstale[0m    (poll #3)  order=27bec382
  [    197ms]  [91mstale[0m    (poll #4)  order=27bec382
  [    266ms]  [92mVISIBLE[0m  (poll #5, X-Cache: MISS)  order=27bec382

[96mOrder 933/1000:[0m
  [      8ms]  [91mstale[0m    (poll #1)  order=87d70c64
  [     68ms]  [91mstale[0m    (poll #2)  order=87d70c64
  [    131ms]  [91mstale[0m    (poll #3)  order=87d70c64
  [    195ms]  [91mstale[0m    (poll #4)  order=87d70c64
  [    274ms]  [92mVISIBLE[0m  (poll #5, X-Cache: MISS)  order=87d70c64

[96mOrder 934/1000:[0m
  [      6ms]  [91mstale[0m    (poll #1)  order=df46afa3
  [     68ms]  [91mstale[0m    (poll #2)  order=df46afa3
  [    131ms]  [91mstale[0m    (poll #3)  order=df46afa3
  [    192ms]  [92mVISIBLE[0m  (poll #4, X-Cache: MISS)  order=df46afa3

[96mOrder 935/1000:[0m
  [      9ms]  [91mstale[0m    (poll #1)  order=e6e782c0
  [     70ms]  [91mstale[0m    (poll #2)  order=e6e782c0
  [    134ms]  [91mstale[0m    (poll #3)  order=e6e782c0
  [    195ms]  [92mVISIBLE[0m  (poll #4, X-Cache: MISS)  order=e6e782c0

[96mOrder 936/1000:[0m
  [     11ms]  [91mstale[0m    (poll #1)  order=1b80d44e
  [     70ms]  [91mstale[0m    (poll #2)  order=1b80d44e
  [    135ms]  [91mstale[0m    (poll #3)  order=1b80d44e
  [    198ms]  [91mstale[0m    (poll #4)  order=1b80d44e
  [    262ms]  [92mVISIBLE[0m  (poll #5, X-Cache: MISS)  order=1b80d44e

[96mOrder 937/1000:[0m
  [      4ms]  [91mstale[0m    (poll #1)  order=29827067
  [     60ms]  [91mstale[0m    (poll #2)  order=29827067
  [    122ms]  [91mstale[0m    (poll #3)  order=29827067
  [    181ms]  [91mstale[0m    (poll #4)  order=29827067
  [    239ms]  [92mVISIBLE[0m  (poll #5, X-Cache: MISS)  order=29827067

[96mOrder 938/1000:[0m
  [      4ms]  [91mstale[0m    (poll #1)  order=eba774d7
  [     62ms]  [91mstale[0m    (poll #2)  order=eba774d7
  [    124ms]  [91mstale[0m    (poll #3)  order=eba774d7
  [    187ms]  [91mstale[0m    (poll #4)  order=eba774d7
  [    253ms]  [92mVISIBLE[0m  (poll #5, X-Cache: MISS)  order=eba774d7

[96mOrder 939/1000:[0m
  [     10ms]  [91mstale[0m    (poll #1)  order=42775fe4
  [     73ms]  [91mstale[0m    (poll #2)  order=42775fe4
  [    133ms]  [91mstale[0m    (poll #3)  order=42775fe4
  [    197ms]  [91mstale[0m    (poll #4)  order=42775fe4
  [    266ms]  [92mVISIBLE[0m  (poll #5, X-Cache: MISS)  order=42775fe4

[96mOrder 940/1000:[0m
  [     10ms]  [91mstale[0m    (poll #1)  order=9470838e
  [     73ms]  [91mstale[0m    (poll #2)  order=9470838e
  [    131ms]  [91mstale[0m    (poll #3)  order=9470838e
  [    192ms]  [91mstale[0m    (poll #4)  order=9470838e
  [    250ms]  [92mVISIBLE[0m  (poll #5, X-Cache: MISS)  order=9470838e

[96mOrder 941/1000:[0m
  [      4ms]  [91mstale[0m    (poll #1)  order=f42f924f
  [     64ms]  [91mstale[0m    (poll #2)  order=f42f924f
  [    122ms]  [91mstale[0m    (poll #3)  order=f42f924f
  [    182ms]  [91mstale[0m    (poll #4)  order=f42f924f
  [    244ms]  [92mVISIBLE[0m  (poll #5, X-Cache: MISS)  order=f42f924f

[96mOrder 942/1000:[0m
  [      7ms]  [91mstale[0m    (poll #1)  order=94f3b8d2
  [     69ms]  [91mstale[0m    (poll #2)  order=94f3b8d2
  [    132ms]  [91mstale[0m    (poll #3)  order=94f3b8d2
  [    193ms]  [91mstale[0m    (poll #4)  order=94f3b8d2
  [    259ms]  [92mVISIBLE[0m  (poll #5, X-Cache: MISS)  order=94f3b8d2

[96mOrder 943/1000:[0m
  [      9ms]  [91mstale[0m    (poll #1)  order=bb78e7db
  [     73ms]  [91mstale[0m    (poll #2)  order=bb78e7db
  [    136ms]  [91mstale[0m    (poll #3)  order=bb78e7db
  [    201ms]  [91mstale[0m    (poll #4)  order=bb78e7db
  [    272ms]  [92mVISIBLE[0m  (poll #5, X-Cache: MISS)  order=bb78e7db

[96mOrder 944/1000:[0m
  [     12ms]  [91mstale[0m    (poll #1)  order=021dc10a
  [     74ms]  [91mstale[0m    (poll #2)  order=021dc10a
  [    137ms]  [91mstale[0m    (poll #3)  order=021dc10a
  [    198ms]  [92mVISIBLE[0m  (poll #4, X-Cache: MISS)  order=021dc10a

[96mOrder 945/1000:[0m
  [      7ms]  [91mstale[0m    (poll #1)  order=f0765cbf
  [     69ms]  [91mstale[0m    (poll #2)  order=f0765cbf
  [    134ms]  [91mstale[0m    (poll #3)  order=f0765cbf
  [    196ms]  [91mstale[0m    (poll #4)  order=f0765cbf
  [    259ms]  [92mVISIBLE[0m  (poll #5, X-Cache: MISS)  order=f0765cbf

[96mOrder 946/1000:[0m
  [      7ms]  [91mstale[0m    (poll #1)  order=6b1a3739
  [     68ms]  [91mstale[0m    (poll #2)  order=6b1a3739
  [    132ms]  [91mstale[0m    (poll #3)  order=6b1a3739
  [    194ms]  [92mVISIBLE[0m  (poll #4, X-Cache: MISS)  order=6b1a3739

[96mOrder 947/1000:[0m
  [      8ms]  [91mstale[0m    (poll #1)  order=6c193a08
  [     71ms]  [91mstale[0m    (poll #2)  order=6c193a08
  [    134ms]  [91mstale[0m    (poll #3)  order=6c193a08
  [    198ms]  [92mVISIBLE[0m  (poll #4, X-Cache: MISS)  order=6c193a08

[96mOrder 948/1000:[0m
  [      8ms]  [91mstale[0m    (poll #1)  order=82089481
  [     68ms]  [91mstale[0m    (poll #2)  order=82089481
  [    131ms]  [91mstale[0m    (poll #3)  order=82089481
  [    194ms]  [91mstale[0m    (poll #4)  order=82089481
  [    262ms]  [92mVISIBLE[0m  (poll #5, X-Cache: MISS)  order=82089481

[96mOrder 949/1000:[0m
  [     11ms]  [91mstale[0m    (poll #1)  order=9b69488f
  [     72ms]  [91mstale[0m    (poll #2)  order=9b69488f
  [    147ms]  [91mstale[0m    (poll #3)  order=9b69488f
  [    212ms]  [91mstale[0m    (poll #4)  order=9b69488f
  [    284ms]  [92mVISIBLE[0m  (poll #5, X-Cache: MISS)  order=9b69488f

[96mOrder 950/1000:[0m
  [     11ms]  [91mstale[0m    (poll #1)  order=cd3d1dfe
  [     75ms]  [91mstale[0m    (poll #2)  order=cd3d1dfe
  [    138ms]  [91mstale[0m    (poll #3)  order=cd3d1dfe
  [    199ms]  [92mVISIBLE[0m  (poll #4, X-Cache: MISS)  order=cd3d1dfe

[96mOrder 951/1000:[0m
  [     10ms]  [91mstale[0m    (poll #1)  order=2eec6627
  [     74ms]  [91mstale[0m    (poll #2)  order=2eec6627
  [    137ms]  [91mstale[0m    (poll #3)  order=2eec6627
  [    201ms]  [91mstale[0m    (poll #4)  order=2eec6627
  [    278ms]  [92mVISIBLE[0m  (poll #5, X-Cache: MISS)  order=2eec6627

[96mOrder 952/1000:[0m
  [      8ms]  [91mstale[0m    (poll #1)  order=5fa217a0
  [     67ms]  [91mstale[0m    (poll #2)  order=5fa217a0
  [    128ms]  [91mstale[0m    (poll #3)  order=5fa217a0
  [    187ms]  [91mstale[0m    (poll #4)  order=5fa217a0
  [    249ms]  [92mVISIBLE[0m  (poll #5, X-Cache: MISS)  order=5fa217a0

[96mOrder 953/1000:[0m
  [     11ms]  [91mstale[0m    (poll #1)  order=8eec76b7
  [    115ms]  [91mstale[0m    (poll #2)  order=8eec76b7
  [    182ms]  [91mstale[0m    (poll #3)  order=8eec76b7
  [    257ms]  [92mVISIBLE[0m  (poll #4, X-Cache: MISS)  order=8eec76b7

[96mOrder 954/1000:[0m
  [      5ms]  [91mstale[0m    (poll #1)  order=6b661453
  [     66ms]  [91mstale[0m    (poll #2)  order=6b661453
  [    122ms]  [91mstale[0m    (poll #3)  order=6b661453
  [    189ms]  [91mstale[0m    (poll #4)  order=6b661453
  [    247ms]  [91mstale[0m    (poll #5)  order=6b661453
  [    312ms]  [92mVISIBLE[0m  (poll #6, X-Cache: MISS)  order=6b661453

[96mOrder 955/1000:[0m
  [      8ms]  [91mstale[0m    (poll #1)  order=fd301aa9
  [     70ms]  [91mstale[0m    (poll #2)  order=fd301aa9
  [    136ms]  [92mVISIBLE[0m  (poll #3, X-Cache: MISS)  order=fd301aa9

[96mOrder 956/1000:[0m
  [      9ms]  [91mstale[0m    (poll #1)  order=1b241c02
  [     74ms]  [91mstale[0m    (poll #2)  order=1b241c02
  [    139ms]  [91mstale[0m    (poll #3)  order=1b241c02
  [    208ms]  [91mstale[0m    (poll #4)  order=1b241c02
  [    280ms]  [92mVISIBLE[0m  (poll #5, X-Cache: MISS)  order=1b241c02

[96mOrder 957/1000:[0m
  [      6ms]  [91mstale[0m    (poll #1)  order=1425c5da
  [     70ms]  [91mstale[0m    (poll #2)  order=1425c5da
  [    130ms]  [91mstale[0m    (poll #3)  order=1425c5da
  [    195ms]  [91mstale[0m    (poll #4)  order=1425c5da
  [    269ms]  [92mVISIBLE[0m  (poll #5, X-Cache: MISS)  order=1425c5da

[96mOrder 958/1000:[0m
  [      7ms]  [91mstale[0m    (poll #1)  order=a0d691be
  [     69ms]  [91mstale[0m    (poll #2)  order=a0d691be
  [    132ms]  [91mstale[0m    (poll #3)  order=a0d691be
  [    199ms]  [91mstale[0m    (poll #4)  order=a0d691be
  [    264ms]  [92mVISIBLE[0m  (poll #5, X-Cache: MISS)  order=a0d691be

[96mOrder 959/1000:[0m
  [      5ms]  [91mstale[0m    (poll #1)  order=f89a7fcb
  [     65ms]  [91mstale[0m    (poll #2)  order=f89a7fcb
  [    126ms]  [91mstale[0m    (poll #3)  order=f89a7fcb
  [    191ms]  [91mstale[0m    (poll #4)  order=f89a7fcb
  [    249ms]  [92mVISIBLE[0m  (poll #5, X-Cache: MISS)  order=f89a7fcb

[96mOrder 960/1000:[0m
  [      7ms]  [91mstale[0m    (poll #1)  order=8da6d01e
  [     69ms]  [91mstale[0m    (poll #2)  order=8da6d01e
  [    128ms]  [91mstale[0m    (poll #3)  order=8da6d01e
  [    189ms]  [91mstale[0m    (poll #4)  order=8da6d01e
  [    265ms]  [92mVISIBLE[0m  (poll #5, X-Cache: MISS)  order=8da6d01e

[96mOrder 961/1000:[0m
  [      7ms]  [91mstale[0m    (poll #1)  order=debcf038
  [     65ms]  [91mstale[0m    (poll #2)  order=debcf038
  [    124ms]  [91mstale[0m    (poll #3)  order=debcf038
  [    187ms]  [91mstale[0m    (poll #4)  order=debcf038
  [    248ms]  [92mVISIBLE[0m  (poll #5, X-Cache: MISS)  order=debcf038

[96mOrder 962/1000:[0m
  [      9ms]  [91mstale[0m    (poll #1)  order=70ecfb15
  [     68ms]  [91mstale[0m    (poll #2)  order=70ecfb15
  [    133ms]  [91mstale[0m    (poll #3)  order=70ecfb15
  [    197ms]  [91mstale[0m    (poll #4)  order=70ecfb15
  [    264ms]  [92mVISIBLE[0m  (poll #5, X-Cache: MISS)  order=70ecfb15

[96mOrder 963/1000:[0m
  [     10ms]  [91mstale[0m    (poll #1)  order=c57273ce
  [     70ms]  [91mstale[0m    (poll #2)  order=c57273ce
  [    133ms]  [91mstale[0m    (poll #3)  order=c57273ce
  [    201ms]  [91mstale[0m    (poll #4)  order=c57273ce
  [    262ms]  [92mVISIBLE[0m  (poll #5, X-Cache: MISS)  order=c57273ce

[96mOrder 964/1000:[0m
  [      7ms]  [91mstale[0m    (poll #1)  order=ccff46ad
  [     66ms]  [91mstale[0m    (poll #2)  order=ccff46ad
  [    128ms]  [91mstale[0m    (poll #3)  order=ccff46ad
  [    195ms]  [92mVISIBLE[0m  (poll #4, X-Cache: MISS)  order=ccff46ad

[96mOrder 965/1000:[0m
  [      7ms]  [91mstale[0m    (poll #1)  order=235a9214
  [     66ms]  [91mstale[0m    (poll #2)  order=235a9214
  [    125ms]  [91mstale[0m    (poll #3)  order=235a9214
  [    191ms]  [91mstale[0m    (poll #4)  order=235a9214
  [    260ms]  [92mVISIBLE[0m  (poll #5, X-Cache: MISS)  order=235a9214

[96mOrder 966/1000:[0m
  [      8ms]  [91mstale[0m    (poll #1)  order=1d1d98af
  [     72ms]  [91mstale[0m    (poll #2)  order=1d1d98af
  [    135ms]  [91mstale[0m    (poll #3)  order=1d1d98af
  [    201ms]  [92mVISIBLE[0m  (poll #4, X-Cache: MISS)  order=1d1d98af

[96mOrder 967/1000:[0m
  [      8ms]  [91mstale[0m    (poll #1)  order=b9f2462a
  [     71ms]  [91mstale[0m    (poll #2)  order=b9f2462a
  [    135ms]  [91mstale[0m    (poll #3)  order=b9f2462a
  [    197ms]  [91mstale[0m    (poll #4)  order=b9f2462a
  [    265ms]  [92mVISIBLE[0m  (poll #5, X-Cache: MISS)  order=b9f2462a

[96mOrder 968/1000:[0m
  [      9ms]  [91mstale[0m    (poll #1)  order=0f389275
  [     71ms]  [91mstale[0m    (poll #2)  order=0f389275
  [    134ms]  [91mstale[0m    (poll #3)  order=0f389275
  [    196ms]  [91mstale[0m    (poll #4)  order=0f389275
  [    265ms]  [92mVISIBLE[0m  (poll #5, X-Cache: MISS)  order=0f389275

[96mOrder 969/1000:[0m
  [      9ms]  [91mstale[0m    (poll #1)  order=f04b44d4
  [     68ms]  [91mstale[0m    (poll #2)  order=f04b44d4
  [    131ms]  [91mstale[0m    (poll #3)  order=f04b44d4
  [    197ms]  [91mstale[0m    (poll #4)  order=f04b44d4
  [    267ms]  [92mVISIBLE[0m  (poll #5, X-Cache: MISS)  order=f04b44d4

[96mOrder 970/1000:[0m
  [     10ms]  [91mstale[0m    (poll #1)  order=a6407553
  [     68ms]  [91mstale[0m    (poll #2)  order=a6407553
  [    131ms]  [91mstale[0m    (poll #3)  order=a6407553
  [    197ms]  [92mVISIBLE[0m  (poll #4, X-Cache: MISS)  order=a6407553

[96mOrder 971/1000:[0m
  [     23ms]  [91mstale[0m    (poll #1)  order=3c940b08
  [     89ms]  [91mstale[0m    (poll #2)  order=3c940b08
  [    146ms]  [91mstale[0m    (poll #3)  order=3c940b08
  [    205ms]  [92mVISIBLE[0m  (poll #4, X-Cache: MISS)  order=3c940b08

[96mOrder 972/1000:[0m
  [      7ms]  [91mstale[0m    (poll #1)  order=d815434d
  [     64ms]  [91mstale[0m    (poll #2)  order=d815434d
  [    127ms]  [91mstale[0m    (poll #3)  order=d815434d
  [    191ms]  [91mstale[0m    (poll #4)  order=d815434d
  [    259ms]  [92mVISIBLE[0m  (poll #5, X-Cache: MISS)  order=d815434d

[96mOrder 973/1000:[0m
  [      9ms]  [91mstale[0m    (poll #1)  order=8e1546b4
  [     73ms]  [91mstale[0m    (poll #2)  order=8e1546b4
  [    133ms]  [91mstale[0m    (poll #3)  order=8e1546b4
  [    196ms]  [91mstale[0m    (poll #4)  order=8e1546b4
  [    261ms]  [92mVISIBLE[0m  (poll #5, X-Cache: MISS)  order=8e1546b4

[96mOrder 974/1000:[0m
  [     10ms]  [91mstale[0m    (poll #1)  order=4f005610
  [     74ms]  [91mstale[0m    (poll #2)  order=4f005610
  [    138ms]  [91mstale[0m    (poll #3)  order=4f005610
  [    200ms]  [91mstale[0m    (poll #4)  order=4f005610
  [    270ms]  [92mVISIBLE[0m  (poll #5, X-Cache: MISS)  order=4f005610

[96mOrder 975/1000:[0m
  [     12ms]  [91mstale[0m    (poll #1)  order=bfe6522a
  [     77ms]  [91mstale[0m    (poll #2)  order=bfe6522a
  [    138ms]  [91mstale[0m    (poll #3)  order=bfe6522a
  [    200ms]  [92mVISIBLE[0m  (poll #4, X-Cache: MISS)  order=bfe6522a

[96mOrder 976/1000:[0m
  [     10ms]  [91mstale[0m    (poll #1)  order=9c9ad455
  [     72ms]  [91mstale[0m    (poll #2)  order=9c9ad455
  [    131ms]  [91mstale[0m    (poll #3)  order=9c9ad455
  [    190ms]  [91mstale[0m    (poll #4)  order=9c9ad455
  [    254ms]  [92mVISIBLE[0m  (poll #5, X-Cache: MISS)  order=9c9ad455

[96mOrder 977/1000:[0m
  [      4ms]  [91mstale[0m    (poll #1)  order=7c39eca1
  [     64ms]  [91mstale[0m    (poll #2)  order=7c39eca1
  [    126ms]  [91mstale[0m    (poll #3)  order=7c39eca1
  [    189ms]  [91mstale[0m    (poll #4)  order=7c39eca1
  [    254ms]  [92mVISIBLE[0m  (poll #5, X-Cache: MISS)  order=7c39eca1

[96mOrder 978/1000:[0m
  [      6ms]  [91mstale[0m    (poll #1)  order=39d893a2
  [     64ms]  [91mstale[0m    (poll #2)  order=39d893a2
  [    126ms]  [91mstale[0m    (poll #3)  order=39d893a2
  [    190ms]  [91mstale[0m    (poll #4)  order=39d893a2
  [    253ms]  [92mVISIBLE[0m  (poll #5, X-Cache: MISS)  order=39d893a2

[96mOrder 979/1000:[0m
  [      6ms]  [91mstale[0m    (poll #1)  order=48cf4364
  [     66ms]  [91mstale[0m    (poll #2)  order=48cf4364
  [    129ms]  [91mstale[0m    (poll #3)  order=48cf4364
  [    194ms]  [91mstale[0m    (poll #4)  order=48cf4364
  [    258ms]  [92mVISIBLE[0m  (poll #5, X-Cache: MISS)  order=48cf4364

[96mOrder 980/1000:[0m
  [      8ms]  [91mstale[0m    (poll #1)  order=73f0b7aa
  [     71ms]  [91mstale[0m    (poll #2)  order=73f0b7aa
  [    133ms]  [91mstale[0m    (poll #3)  order=73f0b7aa
  [    197ms]  [92mVISIBLE[0m  (poll #4, X-Cache: MISS)  order=73f0b7aa

[96mOrder 981/1000:[0m
  [      9ms]  [91mstale[0m    (poll #1)  order=a169cf18
  [     73ms]  [91mstale[0m    (poll #2)  order=a169cf18
  [    134ms]  [91mstale[0m    (poll #3)  order=a169cf18
  [    198ms]  [91mstale[0m    (poll #4)  order=a169cf18
  [    269ms]  [92mVISIBLE[0m  (poll #5, X-Cache: MISS)  order=a169cf18

[96mOrder 982/1000:[0m
  [      8ms]  [91mstale[0m    (poll #1)  order=f90fc684
  [     71ms]  [91mstale[0m    (poll #2)  order=f90fc684
  [    132ms]  [91mstale[0m    (poll #3)  order=f90fc684
  [    198ms]  [91mstale[0m    (poll #4)  order=f90fc684
  [    266ms]  [92mVISIBLE[0m  (poll #5, X-Cache: MISS)  order=f90fc684

[96mOrder 983/1000:[0m
  [     10ms]  [91mstale[0m    (poll #1)  order=930344f6
  [     69ms]  [91mstale[0m    (poll #2)  order=930344f6
  [    129ms]  [91mstale[0m    (poll #3)  order=930344f6
  [    189ms]  [91mstale[0m    (poll #4)  order=930344f6
  [    256ms]  [92mVISIBLE[0m  (poll #5, X-Cache: MISS)  order=930344f6

[96mOrder 984/1000:[0m
  [      8ms]  [91mstale[0m    (poll #1)  order=2cbe564a
  [     71ms]  [91mstale[0m    (poll #2)  order=2cbe564a
  [    130ms]  [91mstale[0m    (poll #3)  order=2cbe564a
  [    194ms]  [91mstale[0m    (poll #4)  order=2cbe564a
  [    262ms]  [92mVISIBLE[0m  (poll #5, X-Cache: MISS)  order=2cbe564a

[96mOrder 985/1000:[0m
  [      9ms]  [91mstale[0m    (poll #1)  order=d744efb3
  [     69ms]  [91mstale[0m    (poll #2)  order=d744efb3
  [    130ms]  [91mstale[0m    (poll #3)  order=d744efb3
  [    196ms]  [91mstale[0m    (poll #4)  order=d744efb3
  [    265ms]  [92mVISIBLE[0m  (poll #5, X-Cache: MISS)  order=d744efb3

[96mOrder 986/1000:[0m
  [     11ms]  [91mstale[0m    (poll #1)  order=05a9f34e
  [     75ms]  [91mstale[0m    (poll #2)  order=05a9f34e
  [    139ms]  [91mstale[0m    (poll #3)  order=05a9f34e
  [    200ms]  [92mVISIBLE[0m  (poll #4, X-Cache: MISS)  order=05a9f34e

[96mOrder 987/1000:[0m
  [      7ms]  [91mstale[0m    (poll #1)  order=5e98cec5
  [     70ms]  [91mstale[0m    (poll #2)  order=5e98cec5
  [    130ms]  [91mstale[0m    (poll #3)  order=5e98cec5
  [    197ms]  [91mstale[0m    (poll #4)  order=5e98cec5
  [    271ms]  [92mVISIBLE[0m  (poll #5, X-Cache: MISS)  order=5e98cec5

[96mOrder 988/1000:[0m
  [     10ms]  [91mstale[0m    (poll #1)  order=767cbf3f
  [     74ms]  [91mstale[0m    (poll #2)  order=767cbf3f
  [    137ms]  [91mstale[0m    (poll #3)  order=767cbf3f
  [    201ms]  [91mstale[0m    (poll #4)  order=767cbf3f
  [    269ms]  [92mVISIBLE[0m  (poll #5, X-Cache: MISS)  order=767cbf3f

[96mOrder 989/1000:[0m
  [      8ms]  [91mstale[0m    (poll #1)  order=b9bc0c6b
  [     68ms]  [91mstale[0m    (poll #2)  order=b9bc0c6b
  [    130ms]  [91mstale[0m    (poll #3)  order=b9bc0c6b
  [    191ms]  [91mstale[0m    (poll #4)  order=b9bc0c6b
  [    261ms]  [92mVISIBLE[0m  (poll #5, X-Cache: MISS)  order=b9bc0c6b

[96mOrder 990/1000:[0m
  [     11ms]  [91mstale[0m    (poll #1)  order=33a354ee
  [     75ms]  [91mstale[0m    (poll #2)  order=33a354ee
  [    138ms]  [91mstale[0m    (poll #3)  order=33a354ee
  [    201ms]  [91mstale[0m    (poll #4)  order=33a354ee
  [    268ms]  [92mVISIBLE[0m  (poll #5, X-Cache: MISS)  order=33a354ee

[96mOrder 991/1000:[0m
  [      8ms]  [91mstale[0m    (poll #1)  order=37d963d7
  [     68ms]  [91mstale[0m    (poll #2)  order=37d963d7
  [    140ms]  [91mstale[0m    (poll #3)  order=37d963d7
  [    203ms]  [91mstale[0m    (poll #4)  order=37d963d7
  [    262ms]  [92mVISIBLE[0m  (poll #5, X-Cache: MISS)  order=37d963d7

[96mOrder 992/1000:[0m
  [      5ms]  [91mstale[0m    (poll #1)  order=29e934c4
  [     66ms]  [91mstale[0m    (poll #2)  order=29e934c4
  [    125ms]  [91mstale[0m    (poll #3)  order=29e934c4
  [    189ms]  [91mstale[0m    (poll #4)  order=29e934c4
  [    254ms]  [92mVISIBLE[0m  (poll #5, X-Cache: MISS)  order=29e934c4

[96mOrder 993/1000:[0m
  [      9ms]  [91mstale[0m    (poll #1)  order=343ecff7
  [     73ms]  [91mstale[0m    (poll #2)  order=343ecff7
  [    132ms]  [91mstale[0m    (poll #3)  order=343ecff7
  [    198ms]  [92mVISIBLE[0m  (poll #4, X-Cache: MISS)  order=343ecff7

[96mOrder 994/1000:[0m
  [      8ms]  [91mstale[0m    (poll #1)  order=9f8a2ba6
  [     71ms]  [91mstale[0m    (poll #2)  order=9f8a2ba6
  [    135ms]  [91mstale[0m    (poll #3)  order=9f8a2ba6
  [    199ms]  [91mstale[0m    (poll #4)  order=9f8a2ba6
  [    266ms]  [92mVISIBLE[0m  (poll #5, X-Cache: MISS)  order=9f8a2ba6

[96mOrder 995/1000:[0m
  [      8ms]  [91mstale[0m    (poll #1)  order=4eec6351
  [     68ms]  [91mstale[0m    (poll #2)  order=4eec6351
  [    148ms]  [91mstale[0m    (poll #3)  order=4eec6351
  [    207ms]  [91mstale[0m    (poll #4)  order=4eec6351
  [    273ms]  [92mVISIBLE[0m  (poll #5, X-Cache: MISS)  order=4eec6351

[96mOrder 996/1000:[0m
  [     19ms]  [91mstale[0m    (poll #1)  order=c07e9eda
  [     88ms]  [91mstale[0m    (poll #2)  order=c07e9eda
  [    158ms]  [91mstale[0m    (poll #3)  order=c07e9eda
  [    222ms]  [91mstale[0m    (poll #4)  order=c07e9eda
  [    283ms]  [92mVISIBLE[0m  (poll #5, X-Cache: MISS)  order=c07e9eda

[96mOrder 997/1000:[0m
  [      4ms]  [91mstale[0m    (poll #1)  order=2efd6463
  [     65ms]  [91mstale[0m    (poll #2)  order=2efd6463
  [    123ms]  [91mstale[0m    (poll #3)  order=2efd6463
  [    181ms]  [92mVISIBLE[0m  (poll #4, X-Cache: MISS)  order=2efd6463

[96mOrder 998/1000:[0m
  [      6ms]  [91mstale[0m    (poll #1)  order=4e54975f
  [     67ms]  [91mstale[0m    (poll #2)  order=4e54975f
  [    133ms]  [91mstale[0m    (poll #3)  order=4e54975f
  [    192ms]  [91mstale[0m    (poll #4)  order=4e54975f
  [    253ms]  [92mVISIBLE[0m  (poll #5, X-Cache: MISS)  order=4e54975f

[96mOrder 999/1000:[0m
  [      5ms]  [91mstale[0m    (poll #1)  order=c75b0d55
  [     68ms]  [91mstale[0m    (poll #2)  order=c75b0d55
  [    129ms]  [91mstale[0m    (poll #3)  order=c75b0d55
  [    190ms]  [91mstale[0m    (poll #4)  order=c75b0d55
  [    259ms]  [92mVISIBLE[0m  (poll #5, X-Cache: MISS)  order=c75b0d55

[96mOrder 1000/1000:[0m
  [      8ms]  [91mstale[0m    (poll #1)  order=8883b083
  [     65ms]  [91mstale[0m    (poll #2)  order=8883b083
  [    127ms]  [91mstale[0m    (poll #3)  order=8883b083
  [    189ms]  [91mstale[0m    (poll #4)  order=8883b083
  [    257ms]  [92mVISIBLE[0m  (poll #5, X-Cache: MISS)  order=8883b083

[1m=======================================================[0m
[1m  RESULTS  (N=1000)[0m
[1m=======================================================[0m

  metric                    value
  --------------------------------
  consistency lag ms  
    p50                    258.9
    p95                    275.5
    p99                    309.2
    min                     72.0
    max                    322.5
  avg polls/read             4.7

  [93mWhat this means:[0m
  A user who placed an order and immediately refreshed
  would have seen no order for up to 323ms.
  During this window the read side is STALE — MongoDB has
  the event, but PostgreSQL has not projected it yet.

  [92mThe RYW cache fixes this:[0m
    bash restart.sh --delay 2   # same consumer lag, cache ON
    python scripts/consistency_demo.py
  → Every read returns in ~1ms (cache HIT, no PG needed).

