Stopping services and wiping volumes...

  cache:    DISABLED
  consumer: SLOW (0.10s/event)
  saga:     fast
  stream:   redis-stream :6379  (no memory limit)

Starting services...
time="2026-04-26T04:00:10+05:30" level=warning msg="/Users/akankshawattamwar/Desktop/CS315/CQRS/docker-compose.yml: the attribute `version` is obsolete, it will be ignored, please remove it to avoid potential confusion"
#1 [internal] load local bake definitions
#1 reading from stdin 1.05kB done
#1 DONE 0.0s

#2 [consumer internal] load build definition from Dockerfile
#2 transferring dockerfile: 186B done
#2 DONE 0.0s

#3 [saga internal] load build definition from Dockerfile
#3 transferring dockerfile: 365B done
#3 DONE 0.0s

#4 [saga internal] load metadata for docker.io/library/python:3.12-slim
#4 DONE 0.9s

#5 [consumer internal] load .dockerignore
#5 transferring context: 2B done
#5 DONE 0.0s

#6 [saga internal] load .dockerignore
#6 transferring context: 2B done
#6 DONE 0.0s

#7 [consumer internal] load build context
#7 transferring context: 308B done
#7 DONE 0.0s

#8 [consumer 1/5] FROM docker.io/library/python:3.12-slim@sha256:46cb7cc2877e60fbd5e21a9ae6115c30ace7a077b9f8772da879e4590c18c2e3
#8 resolve docker.io/library/python:3.12-slim@sha256:46cb7cc2877e60fbd5e21a9ae6115c30ace7a077b9f8772da879e4590c18c2e3 0.0s done
#8 DONE 0.0s

#9 [saga 2/7] WORKDIR /service
#9 CACHED

#10 [consumer 2/5] WORKDIR /app
#10 CACHED

#11 [saga internal] load build context
#11 transferring context: 386B done
#11 DONE 0.0s

#12 [consumer 3/5] COPY requirements.txt .
#12 DONE 0.0s

#13 [saga 3/7] COPY saga/requirements.txt saga/
#13 DONE 0.0s

#14 [saga 4/7] RUN pip install --no-cache-dir -r saga/requirements.txt
#14 1.403 Collecting pymongo==4.7.2 (from -r saga/requirements.txt (line 1))
#14 1.478   Downloading pymongo-4.7.2-cp312-cp312-manylinux_2_17_aarch64.manylinux2014_aarch64.whl.metadata (22 kB)
#14 1.552 Collecting redis==5.0.5 (from -r saga/requirements.txt (line 2))
#14 1.570   Downloading redis-5.0.5-py3-none-any.whl.metadata (9.3 kB)
#14 1.640 Collecting psycopg2-binary==2.9.9 (from -r saga/requirements.txt (line 3))
#14 1.660   Downloading psycopg2_binary-2.9.9-cp312-cp312-manylinux_2_17_aarch64.manylinux2014_aarch64.whl.metadata (4.4 kB)
#14 1.685 Collecting dnspython<3.0.0,>=1.16.0 (from pymongo==4.7.2->-r saga/requirements.txt (line 1))
#14 1.710   Downloading dnspython-2.8.0-py3-none-any.whl.metadata (5.7 kB)
#14 1.763 Downloading pymongo-4.7.2-cp312-cp312-manylinux_2_17_aarch64.manylinux2014_aarch64.whl (688 kB)
#14 2.972    ━━━━━━━━━━━━━━━━━━━━━━━━━━━━━━━━━━━━━━━ 689.0/689.0 kB 809.9 kB/s eta 0:00:00
#14 3.005 Downloading redis-5.0.5-py3-none-any.whl (251 kB)
#14 3.127 Downloading psycopg2_binary-2.9.9-cp312-cp312-manylinux_2_17_aarch64.manylinux2014_aarch64.whl (2.9 MB)
#14 ...

#15 [consumer 4/5] RUN pip install --no-cache-dir -r requirements.txt
#15 1.345 Collecting pymongo==4.7.2 (from -r requirements.txt (line 1))
#15 1.415   Downloading pymongo-4.7.2-cp312-cp312-manylinux_2_17_aarch64.manylinux2014_aarch64.whl.metadata (22 kB)
#15 1.471 Collecting redis==5.0.5 (from -r requirements.txt (line 2))
#15 1.490   Downloading redis-5.0.5-py3-none-any.whl.metadata (9.3 kB)
#15 1.545 Collecting psycopg2-binary==2.9.9 (from -r requirements.txt (line 3))
#15 1.574   Downloading psycopg2_binary-2.9.9-cp312-cp312-manylinux_2_17_aarch64.manylinux2014_aarch64.whl.metadata (4.4 kB)
#15 1.596 Collecting dnspython<3.0.0,>=1.16.0 (from pymongo==4.7.2->-r requirements.txt (line 1))
#15 1.632   Downloading dnspython-2.8.0-py3-none-any.whl.metadata (5.7 kB)
#15 1.656 Downloading pymongo-4.7.2-cp312-cp312-manylinux_2_17_aarch64.manylinux2014_aarch64.whl (688 kB)
#15 1.940    ━━━━━━━━━━━━━━━━━━━━━━━━━━━━━━━━━━━━━━━━ 689.0/689.0 kB 2.3 MB/s eta 0:00:00
#15 1.970 Downloading redis-5.0.5-py3-none-any.whl (251 kB)
#15 2.039 Downloading psycopg2_binary-2.9.9-cp312-cp312-manylinux_2_17_aarch64.manylinux2014_aarch64.whl (2.9 MB)
#15 2.780    ━━━━━━━━━━━━━━━━━━━━━━━━━━━━━━━━━━━━━━━━ 2.9/2.9 MB 3.7 MB/s eta 0:00:00
#15 2.803 Downloading dnspython-2.8.0-py3-none-any.whl (331 kB)
#15 2.910 Installing collected packages: redis, psycopg2-binary, dnspython, pymongo
#15 3.238 Successfully installed dnspython-2.8.0 psycopg2-binary-2.9.9 pymongo-4.7.2 redis-5.0.5
#15 3.238 WARNING: Running pip as the 'root' user can result in broken permissions and conflicting behaviour with the system package manager, possibly rendering your system unusable. It is recommended to use a virtual environment instead: https://pip.pypa.io/warnings/venv. Use the --root-user-action option if you know what you are doing and want to suppress this warning.
#15 3.541 
#15 3.541 [notice] A new release of pip is available: 25.0.1 -> 26.0.1
#15 3.541 [notice] To update, run: pip install --upgrade pip
#15 DONE 3.6s

#16 [consumer 5/5] COPY . .
#16 DONE 0.0s

#17 [consumer] exporting to image
#17 exporting layers
#17 exporting layers 0.6s done
#17 exporting manifest sha256:785a2fdaad7248c48f740ce7970762dcdc92bb65649032daf689bd3a277472b0 done
#17 exporting config sha256:da27726ae21b926c01737cd80bfd1c7a47db61330bf0b233cabe84992a4a1ff2 done
#17 exporting attestation manifest sha256:697cf3ae89d36332bbbb97e1e5845fcf43c57529149e2ea97228179632d98e70 done
#17 exporting manifest list sha256:460b53500494804587db3797ddd3db0038dd6ef2b1700fc556e1c80e9ea9bce4 done
#17 naming to docker.io/library/cqrs-consumer:latest done
#17 unpacking to docker.io/library/cqrs-consumer:latest 0.1s done
#17 DONE 0.7s

#18 [consumer] resolving provenance for metadata file
#18 DONE 0.0s

#14 [saga 4/7] RUN pip install --no-cache-dir -r saga/requirements.txt
#14 4.038    ━━━━━━━━━━━━━━━━━━━━━━━━━━━━━━━━━━━━━━━━ 2.9/2.9 MB 3.2 MB/s eta 0:00:00
#14 4.064 Downloading dnspython-2.8.0-py3-none-any.whl (331 kB)
#14 4.187 Installing collected packages: redis, psycopg2-binary, dnspython, pymongo
#14 4.530 Successfully installed dnspython-2.8.0 psycopg2-binary-2.9.9 pymongo-4.7.2 redis-5.0.5
#14 4.530 WARNING: Running pip as the 'root' user can result in broken permissions and conflicting behaviour with the system package manager, possibly rendering your system unusable. It is recommended to use a virtual environment instead: https://pip.pypa.io/warnings/venv. Use the --root-user-action option if you know what you are doing and want to suppress this warning.
#14 4.707 
#14 4.707 [notice] A new release of pip is available: 25.0.1 -> 26.0.1
#14 4.707 [notice] To update, run: pip install --upgrade pip
#14 DONE 4.8s

#19 [saga 5/7] COPY write-api/events.py write-api/
#19 DONE 0.0s

#20 [saga 6/7] COPY saga/ saga/
#20 DONE 0.0s

#21 [saga 7/7] WORKDIR /service/saga
#21 DONE 0.0s

#22 [saga] exporting to image
#22 exporting layers 0.5s done
#22 exporting manifest sha256:44805c57a13219aa9f2802445f2df1eca8adab6021ee43d21298bb56f2cf517d
#22 exporting manifest sha256:44805c57a13219aa9f2802445f2df1eca8adab6021ee43d21298bb56f2cf517d done
#22 exporting config sha256:8caf64ed1cfb2dbad8ed59ca117e11c0b72a1c404c29136c711e4e7f705de787 done
#22 exporting attestation manifest sha256:0c216a357b61fa04110e9ac31a1147d61a86ec3bf707f68eaa72a58db3d8b841 done
#22 exporting manifest list sha256:ad314a370d148bb70b37d29ac1635b94aa5bc98be84f5d4c12115d337d7035d7 done
#22 naming to docker.io/library/cqrs-saga:latest done
#22 unpacking to docker.io/library/cqrs-saga:latest 0.1s done
#22 DONE 0.7s

#23 [saga] resolving provenance for metadata file
#23 DONE 0.0s
 cqrs-saga  Built
 cqrs-consumer  Built
time="2026-04-26T04:00:17+05:30" level=warning msg="/Users/akankshawattamwar/Desktop/CS315/CQRS/docker-compose.yml: the attribute `version` is obsolete, it will be ignored, please remove it to avoid potential confusion"
#1 [internal] load local bake definitions
#1 reading from stdin 2.42kB done
#1 DONE 0.0s

#2 [read-api internal] load build definition from Dockerfile
#2 transferring dockerfile: 225B done
#2 DONE 0.0s

#3 [saga internal] load build definition from Dockerfile
#3 transferring dockerfile: 365B done
#3 DONE 0.0s

#4 [consumer internal] load build definition from Dockerfile
#4 transferring dockerfile: 186B done
#4 DONE 0.0s

#5 [frontend internal] load build definition from Dockerfile
#5 transferring dockerfile: 271B done
#5 DONE 0.0s

#6 [write-api internal] load build definition from Dockerfile
#6 transferring dockerfile: 225B done
#6 DONE 0.0s

#7 [write-api internal] load metadata for docker.io/library/python:3.12-slim
#7 DONE 0.4s

#8 [write-api internal] load .dockerignore
#8 transferring context: 2B done
#8 DONE 0.0s

#9 [read-api internal] load .dockerignore
#9 transferring context: 2B done
#9 DONE 0.0s

#10 [saga internal] load .dockerignore
#10 transferring context: 2B done
#10 DONE 0.0s

#11 [consumer internal] load .dockerignore
#11 transferring context: 2B done
#11 DONE 0.0s

#12 [write-api internal] load build context
#12 transferring context: 341B done
#12 DONE 0.0s

#13 [read-api internal] load build context
#13 transferring context: 258B done
#13 DONE 0.0s

#14 [consumer internal] load build context
#14 transferring context: 308B done
#14 DONE 0.0s

#15 [write-api 1/5] FROM docker.io/library/python:3.12-slim@sha256:46cb7cc2877e60fbd5e21a9ae6115c30ace7a077b9f8772da879e4590c18c2e3
#15 resolve docker.io/library/python:3.12-slim@sha256:46cb7cc2877e60fbd5e21a9ae6115c30ace7a077b9f8772da879e4590c18c2e3 done
#15 DONE 0.1s

#16 [saga internal] load build context
#16 transferring context: 386B done
#16 DONE 0.0s

#17 [write-api 3/5] COPY requirements.txt .
#17 CACHED

#18 [write-api 2/5] WORKDIR /app
#18 CACHED

#19 [write-api 4/5] RUN pip install --no-cache-dir -r requirements.txt
#19 CACHED

#20 [write-api 5/5] COPY . .
#20 CACHED

#21 [consumer 3/5] COPY requirements.txt .
#21 CACHED

#22 [consumer 4/5] RUN pip install --no-cache-dir -r requirements.txt
#22 CACHED

#23 [read-api 3/5] COPY requirements.txt .
#23 CACHED

#18 [read-api 2/5] WORKDIR /app
#18 CACHED

#24 [read-api 4/5] RUN pip install --no-cache-dir -r requirements.txt
#24 CACHED

#25 [consumer 5/5] COPY . .
#25 CACHED

#26 [read-api 5/5] COPY . .
#26 CACHED

#27 [write-api] exporting to image
#27 exporting layers done
#27 exporting manifest sha256:92a21a99b40b6531c5801222236f42d6aa7bbf8b65d7634fc566f9392602e764 done
#27 exporting config sha256:be9fb26fa271ebf0c525960e70f2e967c21bf78a1eb2b7a7dc06e6d3ff4d3f55 done
#27 exporting attestation manifest sha256:56b5047b2175459f84e64973ca99fcfcd1e38050d1a5bd88f1ecc54e91579f49 done
#27 exporting manifest list sha256:d0b3d3d02b8e6d4a40807cf35e85946023370e038e481f9811a15935a0ac7b5e done
#27 naming to docker.io/library/cqrs-write-api:latest done
#27 unpacking to docker.io/library/cqrs-write-api:latest done
#27 DONE 0.1s

#28 [consumer] exporting to image
#28 exporting layers done
#28 exporting manifest sha256:785a2fdaad7248c48f740ce7970762dcdc92bb65649032daf689bd3a277472b0 done
#28 exporting config sha256:da27726ae21b926c01737cd80bfd1c7a47db61330bf0b233cabe84992a4a1ff2 done
#28 exporting attestation manifest sha256:76814b3a3194ff07fea39f9f7cd4273273fea52905b01b111b4fcb4f5c93c854 0.0s done
#28 exporting manifest list sha256:beee69486fc7a00f3a87612ee7b4022f1e6cb8753be439f899888f1276a2fc7a done
#28 naming to docker.io/library/cqrs-consumer:latest done
#28 unpacking to docker.io/library/cqrs-consumer:latest 0.0s done
#28 DONE 0.1s

#29 [read-api] exporting to image
#29 exporting layers done
#29 exporting manifest sha256:c63ee61fb06e4bd063e843362129b868354c2f94e2566ad3c11bbd0548881470 done
#29 exporting config sha256:46bb870cf8127e2823c379c44ac9a3c0d6ee66fd1b3343341206f22ff23f7f62 done
#29 exporting attestation manifest sha256:16c61b2672ce7bb5404e4edd2456eea057b12faaaae738fbfc9f9d88789dce8a 0.0s done
#29 exporting manifest list sha256:450a747dff23bc66c4b3b0af88458047bb5ec47f5c160d8038c7a7c907385a20 done
#29 naming to docker.io/library/cqrs-read-api:latest done
#29 unpacking to docker.io/library/cqrs-read-api:latest done
#29 DONE 0.1s

#30 [write-api] resolving provenance for metadata file
#30 DONE 0.0s

#31 [saga 3/7] COPY saga/requirements.txt saga/
#31 CACHED

#32 [saga 4/7] RUN pip install --no-cache-dir -r saga/requirements.txt
#32 CACHED

#33 [saga 2/7] WORKDIR /service
#33 CACHED

#34 [saga 5/7] COPY write-api/events.py write-api/
#34 CACHED

#35 [saga 6/7] COPY saga/ saga/
#35 CACHED

#36 [saga 7/7] WORKDIR /service/saga
#36 CACHED

#37 [consumer] resolving provenance for metadata file
#37 DONE 0.0s

#38 [read-api] resolving provenance for metadata file
#38 DONE 0.0s

#39 [saga] exporting to image
#39 exporting layers done
#39 exporting manifest sha256:44805c57a13219aa9f2802445f2df1eca8adab6021ee43d21298bb56f2cf517d done
#39 exporting config sha256:8caf64ed1cfb2dbad8ed59ca117e11c0b72a1c404c29136c711e4e7f705de787 done
#39 exporting attestation manifest sha256:839504648b7c5f4d7aa9cabee5fda3312174b8448421a0d3a36baf0bc495e04c done
#39 exporting manifest list sha256:bc85838bc4fa267cd1105166f67dafb0461a4c1aea6f748d2eea06cff3c553a2 done
#39 naming to docker.io/library/cqrs-saga:latest done
#39 unpacking to docker.io/library/cqrs-saga:latest done
#39 DONE 0.0s

#40 [saga] resolving provenance for metadata file
#40 DONE 0.0s

#41 [frontend internal] load metadata for docker.io/library/nginx:alpine
#41 DONE 0.9s

#42 [frontend internal] load metadata for docker.io/library/node:20-alpine
#42 DONE 0.9s

#43 [frontend internal] load .dockerignore
#43 transferring context: 2B done
#43 DONE 0.0s

#44 [frontend stage-1 1/3] FROM docker.io/library/nginx:alpine@sha256:5616878291a2eed594aee8db4dade5878cf7edcb475e59193904b198d9b830de
#44 resolve docker.io/library/nginx:alpine@sha256:5616878291a2eed594aee8db4dade5878cf7edcb475e59193904b198d9b830de done
#44 DONE 0.0s

#45 [frontend build 1/6] FROM docker.io/library/node:20-alpine@sha256:fb4cd12c85ee03686f6af5362a0b0d56d50c58a04632e6c0fb8363f609372293
#45 resolve docker.io/library/node:20-alpine@sha256:fb4cd12c85ee03686f6af5362a0b0d56d50c58a04632e6c0fb8363f609372293 0.0s done
#45 DONE 0.0s

#46 [frontend internal] load build context
#46 transferring context: 185.58kB 0.1s done
#46 DONE 0.1s

#47 [frontend build 3/6] COPY package.json ./
#47 CACHED

#48 [frontend build 4/6] RUN npm install
#48 CACHED

#49 [frontend stage-1 2/3] COPY --from=build /app/dist /usr/share/nginx/html
#49 CACHED

#50 [frontend build 5/6] COPY . .
#50 CACHED

#51 [frontend build 6/6] RUN npm run build
#51 CACHED

#52 [frontend build 2/6] WORKDIR /app
#52 CACHED

#53 [frontend stage-1 3/3] COPY nginx.conf /etc/nginx/conf.d/default.conf
#53 CACHED

#54 [frontend] exporting to image
#54 exporting layers done
#54 exporting manifest sha256:32782dd8e2053c61118ccbb621867087941de406675097f92803716fedafab00 done
#54 exporting config sha256:64d46ad231b32d64275256ac207db88e0b5dd078678dcdc752d464f80305d609 done
#54 exporting attestation manifest sha256:bdb5a241394beb4c38890440c27bb8f097234db0edf5b8874c286aa2d2209b7d 0.0s done
#54 exporting manifest list sha256:e18867f63d4080cd336a3147eb20440a627c87f09fb99752676c98c91f142284 done
#54 naming to docker.io/library/cqrs-frontend:latest done
#54 unpacking to docker.io/library/cqrs-frontend:latest done
#54 DONE 0.1s

#55 [frontend] resolving provenance for metadata file
#55 DONE 0.0s
 cqrs-frontend  Built
 cqrs-saga  Built
 cqrs-write-api  Built
 cqrs-consumer  Built
 cqrs-read-api  Built
 Network cqrs_default  Creating
 Network cqrs_default  Created
 Volume "cqrs_postgres_data"  Creating
 Volume "cqrs_postgres_data"  Created
 Volume "cqrs_mongo_data"  Creating
 Volume "cqrs_mongo_data"  Created
 Container cqrs-mongodb-1  Creating
 Container cqrs-redis-cache-1  Creating
 Container cqrs-postgres-1  Creating
 Container cqrs-redis-stream-1  Creating
 Container cqrs-mongodb-1  Created
 Container cqrs-redis-cache-1  Created
 Container cqrs-redis-stream-1  Created
 Container cqrs-write-api-1  Creating
 Container cqrs-postgres-1  Created
 Container cqrs-consumer-1  Creating
 Container cqrs-saga-1  Creating
 Container cqrs-read-api-1  Creating
 Container cqrs-write-api-1  Created
 Container cqrs-read-api-1  Created
 Container cqrs-frontend-1  Creating
 Container cqrs-consumer-1  Created
 Container cqrs-saga-1  Created
 Container cqrs-frontend-1  Created
 Container cqrs-redis-cache-1  Starting
 Container cqrs-mongodb-1  Starting
 Container cqrs-postgres-1  Starting
 Container cqrs-redis-stream-1  Starting
 Container cqrs-mongodb-1  Started
 Container cqrs-redis-cache-1  Started
 Container cqrs-postgres-1  Started
 Container cqrs-redis-cache-1  Waiting
 Container cqrs-postgres-1  Waiting
 Container cqrs-redis-stream-1  Started
 Container cqrs-redis-stream-1  Waiting
 Container cqrs-redis-stream-1  Waiting
 Container cqrs-postgres-1  Waiting
 Container cqrs-mongodb-1  Waiting
 Container cqrs-postgres-1  Waiting
 Container cqrs-redis-stream-1  Waiting
 Container cqrs-mongodb-1  Waiting
 Container cqrs-redis-cache-1  Waiting
 Container cqrs-mongodb-1  Waiting
 Container cqrs-redis-cache-1  Healthy
 Container cqrs-postgres-1  Healthy
 Container cqrs-redis-cache-1  Healthy
 Container cqrs-read-api-1  Starting
 Container cqrs-redis-stream-1  Healthy
 Container cqrs-redis-stream-1  Healthy
 Container cqrs-redis-stream-1  Healthy
 Container cqrs-postgres-1  Healthy
 Container cqrs-postgres-1  Healthy
 Container cqrs-read-api-1  Started
 Container cqrs-frontend-1  Starting
 Container cqrs-frontend-1  Started
 Container cqrs-mongodb-1  Healthy
 Container cqrs-mongodb-1  Healthy
 Container cqrs-mongodb-1  Healthy
 Container cqrs-saga-1  Starting
 Container cqrs-write-api-1  Starting
 Container cqrs-consumer-1  Starting
 Container cqrs-consumer-1  Started
 Container cqrs-saga-1  Started
 Container cqrs-write-api-1  Started
Waiting for APIs to be ready...
Clearing MongoDB events and sagas...
time="2026-04-26T04:00:31+05:30" level=warning msg="/Users/akankshawattamwar/Desktop/CS315/CQRS/docker-compose.yml: the attribute `version` is obsolete, it will be ignored, please remove it to avoid potential confusion"
MongoDB cleared
All services up.
Logs: docker compose logs -f [write-api|read-api|consumer|saga]

[1m=======================================================[0m
[1m  EVENTUAL CONSISTENCY DEMO — 500 orders[0m
[1m=======================================================[0m

  Write path:  Write API → MongoDB → Redis Stream
  Read path:   Consumer → PostgreSQL ← Read API
  Cache:       DISABLED (DISABLE_CACHE set)

[96mOrder 1/500:[0m
  [     14ms]  [91mstale[0m    (poll #1)  order=83495d87
  [     71ms]  [91mstale[0m    (poll #2)  order=83495d87
  [    130ms]  [92mVISIBLE[0m  (poll #3, X-Cache: MISS)  order=83495d87

[96mOrder 2/500:[0m
  [      5ms]  [91mstale[0m    (poll #1)  order=36ce0e00
  [     67ms]  [91mstale[0m    (poll #2)  order=36ce0e00
  [    123ms]  [91mstale[0m    (poll #3)  order=36ce0e00
  [    185ms]  [91mstale[0m    (poll #4)  order=36ce0e00
  [    247ms]  [91mstale[0m    (poll #5)  order=36ce0e00
  [    312ms]  [91mstale[0m    (poll #6)  order=36ce0e00
  [    379ms]  [91mstale[0m    (poll #7)  order=36ce0e00
  [    451ms]  [91mstale[0m    (poll #8)  order=36ce0e00
  [    523ms]  [92mVISIBLE[0m  (poll #9, X-Cache: MISS)  order=36ce0e00

[96mOrder 3/500:[0m
  [      8ms]  [91mstale[0m    (poll #1)  order=a851f240
  [     72ms]  [91mstale[0m    (poll #2)  order=a851f240
  [    140ms]  [91mstale[0m    (poll #3)  order=a851f240
  [    207ms]  [91mstale[0m    (poll #4)  order=a851f240
  [    276ms]  [91mstale[0m    (poll #5)  order=a851f240
  [    343ms]  [91mstale[0m    (poll #6)  order=a851f240
  [    415ms]  [91mstale[0m    (poll #7)  order=a851f240
  [    487ms]  [92mVISIBLE[0m  (poll #8, X-Cache: MISS)  order=a851f240

[96mOrder 4/500:[0m
  [      8ms]  [91mstale[0m    (poll #1)  order=f7787974
  [     73ms]  [91mstale[0m    (poll #2)  order=f7787974
  [    134ms]  [91mstale[0m    (poll #3)  order=f7787974
  [    200ms]  [91mstale[0m    (poll #4)  order=f7787974
  [    269ms]  [91mstale[0m    (poll #5)  order=f7787974
  [    339ms]  [91mstale[0m    (poll #6)  order=f7787974
  [    411ms]  [91mstale[0m    (poll #7)  order=f7787974
  [    478ms]  [91mstale[0m    (poll #8)  order=f7787974
  [    550ms]  [92mVISIBLE[0m  (poll #9, X-Cache: MISS)  order=f7787974

[96mOrder 5/500:[0m
  [      8ms]  [91mstale[0m    (poll #1)  order=e743759d
  [     69ms]  [91mstale[0m    (poll #2)  order=e743759d
  [    135ms]  [91mstale[0m    (poll #3)  order=e743759d
  [    202ms]  [91mstale[0m    (poll #4)  order=e743759d
  [    272ms]  [91mstale[0m    (poll #5)  order=e743759d
  [    342ms]  [91mstale[0m    (poll #6)  order=e743759d
  [    408ms]  [91mstale[0m    (poll #7)  order=e743759d
  [    472ms]  [92mVISIBLE[0m  (poll #8, X-Cache: MISS)  order=e743759d

[96mOrder 6/500:[0m
  [      6ms]  [91mstale[0m    (poll #1)  order=548834b8
  [     67ms]  [91mstale[0m    (poll #2)  order=548834b8
  [    128ms]  [91mstale[0m    (poll #3)  order=548834b8
  [    193ms]  [91mstale[0m    (poll #4)  order=548834b8
  [    253ms]  [91mstale[0m    (poll #5)  order=548834b8
  [    321ms]  [91mstale[0m    (poll #6)  order=548834b8
  [    385ms]  [91mstale[0m    (poll #7)  order=548834b8
  [    457ms]  [91mstale[0m    (poll #8)  order=548834b8
  [    526ms]  [92mVISIBLE[0m  (poll #9, X-Cache: MISS)  order=548834b8

[96mOrder 7/500:[0m
  [      8ms]  [91mstale[0m    (poll #1)  order=5dab8613
  [     72ms]  [91mstale[0m    (poll #2)  order=5dab8613
  [    141ms]  [91mstale[0m    (poll #3)  order=5dab8613
  [    209ms]  [91mstale[0m    (poll #4)  order=5dab8613
  [    279ms]  [91mstale[0m    (poll #5)  order=5dab8613
  [    347ms]  [91mstale[0m    (poll #6)  order=5dab8613
  [    414ms]  [91mstale[0m    (poll #7)  order=5dab8613
  [    482ms]  [92mVISIBLE[0m  (poll #8, X-Cache: MISS)  order=5dab8613

[96mOrder 8/500:[0m
  [      9ms]  [91mstale[0m    (poll #1)  order=0d3ed8de
  [     70ms]  [91mstale[0m    (poll #2)  order=0d3ed8de
  [    133ms]  [91mstale[0m    (poll #3)  order=0d3ed8de
  [    200ms]  [91mstale[0m    (poll #4)  order=0d3ed8de
  [    271ms]  [91mstale[0m    (poll #5)  order=0d3ed8de
  [    340ms]  [91mstale[0m    (poll #6)  order=0d3ed8de
  [    411ms]  [92mVISIBLE[0m  (poll #7, X-Cache: MISS)  order=0d3ed8de

[96mOrder 9/500:[0m
  [     10ms]  [91mstale[0m    (poll #1)  order=11a3b8c8
  [     73ms]  [91mstale[0m    (poll #2)  order=11a3b8c8
  [    134ms]  [91mstale[0m    (poll #3)  order=11a3b8c8
  [    200ms]  [91mstale[0m    (poll #4)  order=11a3b8c8
  [    276ms]  [91mstale[0m    (poll #5)  order=11a3b8c8
  [    342ms]  [91mstale[0m    (poll #6)  order=11a3b8c8
  [    412ms]  [91mstale[0m    (poll #7)  order=11a3b8c8
  [    487ms]  [92mVISIBLE[0m  (poll #8, X-Cache: MISS)  order=11a3b8c8

[96mOrder 10/500:[0m
  [      4ms]  [91mstale[0m    (poll #1)  order=6f0cc5a5
  [     66ms]  [91mstale[0m    (poll #2)  order=6f0cc5a5
  [    129ms]  [91mstale[0m    (poll #3)  order=6f0cc5a5
  [    198ms]  [91mstale[0m    (poll #4)  order=6f0cc5a5
  [    265ms]  [91mstale[0m    (poll #5)  order=6f0cc5a5
  [    341ms]  [91mstale[0m    (poll #6)  order=6f0cc5a5
  [    411ms]  [91mstale[0m    (poll #7)  order=6f0cc5a5
  [    483ms]  [91mstale[0m    (poll #8)  order=6f0cc5a5
  [    547ms]  [92mVISIBLE[0m  (poll #9, X-Cache: MISS)  order=6f0cc5a5

[96mOrder 11/500:[0m
  [      9ms]  [91mstale[0m    (poll #1)  order=077a0025
  [     73ms]  [91mstale[0m    (poll #2)  order=077a0025
  [    137ms]  [91mstale[0m    (poll #3)  order=077a0025
  [    204ms]  [91mstale[0m    (poll #4)  order=077a0025
  [    269ms]  [91mstale[0m    (poll #5)  order=077a0025
  [    338ms]  [91mstale[0m    (poll #6)  order=077a0025
  [    406ms]  [91mstale[0m    (poll #7)  order=077a0025
  [    474ms]  [92mVISIBLE[0m  (poll #8, X-Cache: MISS)  order=077a0025

[96mOrder 12/500:[0m
  [      9ms]  [91mstale[0m    (poll #1)  order=6e88b2c3
  [     76ms]  [91mstale[0m    (poll #2)  order=6e88b2c3
  [    142ms]  [91mstale[0m    (poll #3)  order=6e88b2c3
  [    210ms]  [91mstale[0m    (poll #4)  order=6e88b2c3
  [    277ms]  [91mstale[0m    (poll #5)  order=6e88b2c3
  [    347ms]  [91mstale[0m    (poll #6)  order=6e88b2c3
  [    415ms]  [91mstale[0m    (poll #7)  order=6e88b2c3
  [    485ms]  [91mstale[0m    (poll #8)  order=6e88b2c3
  [    555ms]  [92mVISIBLE[0m  (poll #9, X-Cache: MISS)  order=6e88b2c3

[96mOrder 13/500:[0m
  [     10ms]  [91mstale[0m    (poll #1)  order=685b5576
  [     72ms]  [91mstale[0m    (poll #2)  order=685b5576
  [    139ms]  [91mstale[0m    (poll #3)  order=685b5576
  [    207ms]  [91mstale[0m    (poll #4)  order=685b5576
  [    277ms]  [91mstale[0m    (poll #5)  order=685b5576
  [    347ms]  [91mstale[0m    (poll #6)  order=685b5576
  [    413ms]  [91mstale[0m    (poll #7)  order=685b5576
  [    483ms]  [92mVISIBLE[0m  (poll #8, X-Cache: MISS)  order=685b5576

[96mOrder 14/500:[0m
  [      6ms]  [91mstale[0m    (poll #1)  order=2aaf9b38
  [     66ms]  [91mstale[0m    (poll #2)  order=2aaf9b38
  [    129ms]  [91mstale[0m    (poll #3)  order=2aaf9b38
  [    190ms]  [91mstale[0m    (poll #4)  order=2aaf9b38
  [    254ms]  [91mstale[0m    (poll #5)  order=2aaf9b38
  [    324ms]  [91mstale[0m    (poll #6)  order=2aaf9b38
  [    392ms]  [91mstale[0m    (poll #7)  order=2aaf9b38
  [    462ms]  [92mVISIBLE[0m  (poll #8, X-Cache: MISS)  order=2aaf9b38

[96mOrder 15/500:[0m
  [      9ms]  [91mstale[0m    (poll #1)  order=42d35114
  [     72ms]  [91mstale[0m    (poll #2)  order=42d35114
  [    138ms]  [91mstale[0m    (poll #3)  order=42d35114
  [    201ms]  [91mstale[0m    (poll #4)  order=42d35114
  [    268ms]  [91mstale[0m    (poll #5)  order=42d35114
  [    340ms]  [91mstale[0m    (poll #6)  order=42d35114
  [    412ms]  [91mstale[0m    (poll #7)  order=42d35114
  [    480ms]  [91mstale[0m    (poll #8)  order=42d35114
  [    540ms]  [92mVISIBLE[0m  (poll #9, X-Cache: MISS)  order=42d35114

[96mOrder 16/500:[0m
  [     13ms]  [91mstale[0m    (poll #1)  order=26edff48
  [     82ms]  [91mstale[0m    (poll #2)  order=26edff48
  [    144ms]  [91mstale[0m    (poll #3)  order=26edff48
  [    222ms]  [91mstale[0m    (poll #4)  order=26edff48
  [    284ms]  [91mstale[0m    (poll #5)  order=26edff48
  [    348ms]  [91mstale[0m    (poll #6)  order=26edff48
  [    410ms]  [91mstale[0m    (poll #7)  order=26edff48
  [    471ms]  [92mVISIBLE[0m  (poll #8, X-Cache: MISS)  order=26edff48

[96mOrder 17/500:[0m
  [      5ms]  [91mstale[0m    (poll #1)  order=46923236
  [     66ms]  [91mstale[0m    (poll #2)  order=46923236
  [    124ms]  [91mstale[0m    (poll #3)  order=46923236
  [    186ms]  [91mstale[0m    (poll #4)  order=46923236
  [    246ms]  [91mstale[0m    (poll #5)  order=46923236
  [    310ms]  [91mstale[0m    (poll #6)  order=46923236
  [    372ms]  [91mstale[0m    (poll #7)  order=46923236
  [    437ms]  [91mstale[0m    (poll #8)  order=46923236
  [    502ms]  [92mVISIBLE[0m  (poll #9, X-Cache: MISS)  order=46923236

[96mOrder 18/500:[0m
  [      3ms]  [91mstale[0m    (poll #1)  order=a80787ed
  [     63ms]  [91mstale[0m    (poll #2)  order=a80787ed
  [    125ms]  [91mstale[0m    (poll #3)  order=a80787ed
  [    189ms]  [91mstale[0m    (poll #4)  order=a80787ed
  [    254ms]  [91mstale[0m    (poll #5)  order=a80787ed
  [    317ms]  [91mstale[0m    (poll #6)  order=a80787ed
  [    384ms]  [91mstale[0m    (poll #7)  order=a80787ed
  [    453ms]  [91mstale[0m    (poll #8)  order=a80787ed
  [    522ms]  [92mVISIBLE[0m  (poll #9, X-Cache: MISS)  order=a80787ed

[96mOrder 19/500:[0m
  [      9ms]  [91mstale[0m    (poll #1)  order=1e080854
  [     70ms]  [91mstale[0m    (poll #2)  order=1e080854
  [    131ms]  [91mstale[0m    (poll #3)  order=1e080854
  [    189ms]  [91mstale[0m    (poll #4)  order=1e080854
  [    251ms]  [91mstale[0m    (poll #5)  order=1e080854
  [    312ms]  [91mstale[0m    (poll #6)  order=1e080854
  [    381ms]  [91mstale[0m    (poll #7)  order=1e080854
  [    450ms]  [92mVISIBLE[0m  (poll #8, X-Cache: MISS)  order=1e080854

[96mOrder 20/500:[0m
  [      7ms]  [91mstale[0m    (poll #1)  order=f9e5d454
  [     71ms]  [91mstale[0m    (poll #2)  order=f9e5d454
  [    134ms]  [91mstale[0m    (poll #3)  order=f9e5d454
  [    203ms]  [91mstale[0m    (poll #4)  order=f9e5d454
  [    264ms]  [91mstale[0m    (poll #5)  order=f9e5d454
  [    326ms]  [91mstale[0m    (poll #6)  order=f9e5d454
  [    394ms]  [91mstale[0m    (poll #7)  order=f9e5d454
  [    463ms]  [91mstale[0m    (poll #8)  order=f9e5d454
  [    530ms]  [92mVISIBLE[0m  (poll #9, X-Cache: MISS)  order=f9e5d454

[96mOrder 21/500:[0m
  [      9ms]  [91mstale[0m    (poll #1)  order=9c00ba96
  [     74ms]  [91mstale[0m    (poll #2)  order=9c00ba96
  [    138ms]  [91mstale[0m    (poll #3)  order=9c00ba96
  [    204ms]  [91mstale[0m    (poll #4)  order=9c00ba96
  [    264ms]  [91mstale[0m    (poll #5)  order=9c00ba96
  [    326ms]  [91mstale[0m    (poll #6)  order=9c00ba96
  [    389ms]  [91mstale[0m    (poll #7)  order=9c00ba96
  [    452ms]  [91mstale[0m    (poll #8)  order=9c00ba96
  [    517ms]  [92mVISIBLE[0m  (poll #9, X-Cache: MISS)  order=9c00ba96

[96mOrder 22/500:[0m
  [      8ms]  [91mstale[0m    (poll #1)  order=74851bbe
  [     71ms]  [91mstale[0m    (poll #2)  order=74851bbe
  [    132ms]  [91mstale[0m    (poll #3)  order=74851bbe
  [    198ms]  [91mstale[0m    (poll #4)  order=74851bbe
  [    266ms]  [91mstale[0m    (poll #5)  order=74851bbe
  [    332ms]  [91mstale[0m    (poll #6)  order=74851bbe
  [    403ms]  [92mVISIBLE[0m  (poll #7, X-Cache: MISS)  order=74851bbe

[96mOrder 23/500:[0m
  [      8ms]  [91mstale[0m    (poll #1)  order=bf5bef5e
  [     72ms]  [91mstale[0m    (poll #2)  order=bf5bef5e
  [    135ms]  [91mstale[0m    (poll #3)  order=bf5bef5e
  [    204ms]  [91mstale[0m    (poll #4)  order=bf5bef5e
  [    275ms]  [91mstale[0m    (poll #5)  order=bf5bef5e
  [    341ms]  [91mstale[0m    (poll #6)  order=bf5bef5e
  [    408ms]  [91mstale[0m    (poll #7)  order=bf5bef5e
  [    480ms]  [92mVISIBLE[0m  (poll #8, X-Cache: MISS)  order=bf5bef5e

[96mOrder 24/500:[0m
  [      9ms]  [91mstale[0m    (poll #1)  order=7ca7365b
  [     74ms]  [91mstale[0m    (poll #2)  order=7ca7365b
  [    139ms]  [91mstale[0m    (poll #3)  order=7ca7365b
  [    205ms]  [91mstale[0m    (poll #4)  order=7ca7365b
  [    272ms]  [91mstale[0m    (poll #5)  order=7ca7365b
  [    337ms]  [91mstale[0m    (poll #6)  order=7ca7365b
  [    407ms]  [92mVISIBLE[0m  (poll #7, X-Cache: MISS)  order=7ca7365b

[96mOrder 25/500:[0m
  [      9ms]  [91mstale[0m    (poll #1)  order=33f270e7
  [     70ms]  [91mstale[0m    (poll #2)  order=33f270e7
  [    135ms]  [91mstale[0m    (poll #3)  order=33f270e7
  [    200ms]  [91mstale[0m    (poll #4)  order=33f270e7
  [    270ms]  [91mstale[0m    (poll #5)  order=33f270e7
  [    340ms]  [91mstale[0m    (poll #6)  order=33f270e7
  [    412ms]  [91mstale[0m    (poll #7)  order=33f270e7
  [    483ms]  [92mVISIBLE[0m  (poll #8, X-Cache: MISS)  order=33f270e7

[96mOrder 26/500:[0m
  [      8ms]  [91mstale[0m    (poll #1)  order=ef058138
  [     71ms]  [91mstale[0m    (poll #2)  order=ef058138
  [    130ms]  [91mstale[0m    (poll #3)  order=ef058138
  [    190ms]  [91mstale[0m    (poll #4)  order=ef058138
  [    250ms]  [91mstale[0m    (poll #5)  order=ef058138
  [    310ms]  [91mstale[0m    (poll #6)  order=ef058138
  [    374ms]  [91mstale[0m    (poll #7)  order=ef058138
  [    443ms]  [92mVISIBLE[0m  (poll #8, X-Cache: MISS)  order=ef058138

[96mOrder 27/500:[0m
  [     10ms]  [91mstale[0m    (poll #1)  order=5444ecb5
  [     73ms]  [91mstale[0m    (poll #2)  order=5444ecb5
  [    137ms]  [91mstale[0m    (poll #3)  order=5444ecb5
  [    208ms]  [91mstale[0m    (poll #4)  order=5444ecb5
  [    276ms]  [91mstale[0m    (poll #5)  order=5444ecb5
  [    348ms]  [91mstale[0m    (poll #6)  order=5444ecb5
  [    416ms]  [91mstale[0m    (poll #7)  order=5444ecb5
  [    487ms]  [92mVISIBLE[0m  (poll #8, X-Cache: MISS)  order=5444ecb5

[96mOrder 28/500:[0m
  [      8ms]  [91mstale[0m    (poll #1)  order=169e50b4
  [     73ms]  [91mstale[0m    (poll #2)  order=169e50b4
  [    134ms]  [91mstale[0m    (poll #3)  order=169e50b4
  [    201ms]  [91mstale[0m    (poll #4)  order=169e50b4
  [    271ms]  [91mstale[0m    (poll #5)  order=169e50b4
  [    339ms]  [91mstale[0m    (poll #6)  order=169e50b4
  [    407ms]  [91mstale[0m    (poll #7)  order=169e50b4
  [    475ms]  [92mVISIBLE[0m  (poll #8, X-Cache: MISS)  order=169e50b4

[96mOrder 29/500:[0m
  [      8ms]  [91mstale[0m    (poll #1)  order=f2f5fda9
  [     70ms]  [91mstale[0m    (poll #2)  order=f2f5fda9
  [    135ms]  [91mstale[0m    (poll #3)  order=f2f5fda9
  [    200ms]  [91mstale[0m    (poll #4)  order=f2f5fda9
  [    274ms]  [91mstale[0m    (poll #5)  order=f2f5fda9
  [    347ms]  [91mstale[0m    (poll #6)  order=f2f5fda9
  [    418ms]  [91mstale[0m    (poll #7)  order=f2f5fda9
  [    487ms]  [91mstale[0m    (poll #8)  order=f2f5fda9
  [    554ms]  [92mVISIBLE[0m  (poll #9, X-Cache: MISS)  order=f2f5fda9

[96mOrder 30/500:[0m
  [     10ms]  [91mstale[0m    (poll #1)  order=1ee7a08d
  [     75ms]  [91mstale[0m    (poll #2)  order=1ee7a08d
  [    141ms]  [91mstale[0m    (poll #3)  order=1ee7a08d
  [    207ms]  [91mstale[0m    (poll #4)  order=1ee7a08d
  [    280ms]  [91mstale[0m    (poll #5)  order=1ee7a08d
  [    349ms]  [92mVISIBLE[0m  (poll #6, X-Cache: MISS)  order=1ee7a08d

[96mOrder 31/500:[0m
  [      8ms]  [91mstale[0m    (poll #1)  order=97b14226
  [     68ms]  [91mstale[0m    (poll #2)  order=97b14226
  [    133ms]  [91mstale[0m    (poll #3)  order=97b14226
  [    201ms]  [91mstale[0m    (poll #4)  order=97b14226
  [    268ms]  [91mstale[0m    (poll #5)  order=97b14226
  [    335ms]  [91mstale[0m    (poll #6)  order=97b14226
  [    406ms]  [91mstale[0m    (poll #7)  order=97b14226
  [    478ms]  [91mstale[0m    (poll #8)  order=97b14226
  [    546ms]  [92mVISIBLE[0m  (poll #9, X-Cache: MISS)  order=97b14226

[96mOrder 32/500:[0m
  [      7ms]  [91mstale[0m    (poll #1)  order=ebb0bb61
  [     71ms]  [91mstale[0m    (poll #2)  order=ebb0bb61
  [    134ms]  [91mstale[0m    (poll #3)  order=ebb0bb61
  [    201ms]  [91mstale[0m    (poll #4)  order=ebb0bb61
  [    270ms]  [91mstale[0m    (poll #5)  order=ebb0bb61
  [    337ms]  [91mstale[0m    (poll #6)  order=ebb0bb61
  [    406ms]  [91mstale[0m    (poll #7)  order=ebb0bb61
  [    473ms]  [92mVISIBLE[0m  (poll #8, X-Cache: MISS)  order=ebb0bb61

[96mOrder 33/500:[0m
  [      9ms]  [91mstale[0m    (poll #1)  order=baad92eb
  [     71ms]  [91mstale[0m    (poll #2)  order=baad92eb
  [    134ms]  [91mstale[0m    (poll #3)  order=baad92eb
  [    200ms]  [91mstale[0m    (poll #4)  order=baad92eb
  [    267ms]  [91mstale[0m    (poll #5)  order=baad92eb
  [    378ms]  [91mstale[0m    (poll #6)  order=baad92eb
  [    445ms]  [92mVISIBLE[0m  (poll #7, X-Cache: MISS)  order=baad92eb

[96mOrder 34/500:[0m
  [      9ms]  [91mstale[0m    (poll #1)  order=a31e59fb
  [     72ms]  [91mstale[0m    (poll #2)  order=a31e59fb
  [    135ms]  [91mstale[0m    (poll #3)  order=a31e59fb
  [    201ms]  [91mstale[0m    (poll #4)  order=a31e59fb
  [    272ms]  [91mstale[0m    (poll #5)  order=a31e59fb
  [    341ms]  [91mstale[0m    (poll #6)  order=a31e59fb
  [    405ms]  [91mstale[0m    (poll #7)  order=a31e59fb
  [    474ms]  [92mVISIBLE[0m  (poll #8, X-Cache: MISS)  order=a31e59fb

[96mOrder 35/500:[0m
  [      8ms]  [91mstale[0m    (poll #1)  order=9630442b
  [     72ms]  [91mstale[0m    (poll #2)  order=9630442b
  [    134ms]  [91mstale[0m    (poll #3)  order=9630442b
  [    199ms]  [91mstale[0m    (poll #4)  order=9630442b
  [    271ms]  [91mstale[0m    (poll #5)  order=9630442b
  [    345ms]  [91mstale[0m    (poll #6)  order=9630442b
  [    415ms]  [91mstale[0m    (poll #7)  order=9630442b
  [    487ms]  [91mstale[0m    (poll #8)  order=9630442b
  [    562ms]  [92mVISIBLE[0m  (poll #9, X-Cache: MISS)  order=9630442b

[96mOrder 36/500:[0m
  [      7ms]  [91mstale[0m    (poll #1)  order=d79e6a2f
  [     68ms]  [91mstale[0m    (poll #2)  order=d79e6a2f
  [    128ms]  [91mstale[0m    (poll #3)  order=d79e6a2f
  [    186ms]  [91mstale[0m    (poll #4)  order=d79e6a2f
  [    250ms]  [91mstale[0m    (poll #5)  order=d79e6a2f
  [    378ms]  [91mstale[0m    (poll #6)  order=d79e6a2f
  [    441ms]  [91mstale[0m    (poll #7)  order=d79e6a2f
  [    502ms]  [91mstale[0m    (poll #8)  order=d79e6a2f
  [    566ms]  [92mVISIBLE[0m  (poll #9, X-Cache: MISS)  order=d79e6a2f

[96mOrder 37/500:[0m
  [      7ms]  [91mstale[0m    (poll #1)  order=f51910ad
  [     69ms]  [91mstale[0m    (poll #2)  order=f51910ad
  [    134ms]  [91mstale[0m    (poll #3)  order=f51910ad
  [    199ms]  [91mstale[0m    (poll #4)  order=f51910ad
  [    257ms]  [91mstale[0m    (poll #5)  order=f51910ad
  [    321ms]  [91mstale[0m    (poll #6)  order=f51910ad
  [    383ms]  [91mstale[0m    (poll #7)  order=f51910ad
  [    441ms]  [91mstale[0m    (poll #8)  order=f51910ad
  [    503ms]  [92mVISIBLE[0m  (poll #9, X-Cache: MISS)  order=f51910ad

[96mOrder 38/500:[0m
  [      4ms]  [91mstale[0m    (poll #1)  order=feb74d1f
  [     63ms]  [91mstale[0m    (poll #2)  order=feb74d1f
  [    124ms]  [91mstale[0m    (poll #3)  order=feb74d1f
  [    189ms]  [91mstale[0m    (poll #4)  order=feb74d1f
  [    252ms]  [91mstale[0m    (poll #5)  order=feb74d1f
  [    316ms]  [91mstale[0m    (poll #6)  order=feb74d1f
  [    388ms]  [92mVISIBLE[0m  (poll #7, X-Cache: MISS)  order=feb74d1f

[96mOrder 39/500:[0m
  [      9ms]  [91mstale[0m    (poll #1)  order=0dc84348
  [     74ms]  [91mstale[0m    (poll #2)  order=0dc84348
  [    138ms]  [91mstale[0m    (poll #3)  order=0dc84348
  [    202ms]  [91mstale[0m    (poll #4)  order=0dc84348
  [    272ms]  [91mstale[0m    (poll #5)  order=0dc84348
  [    337ms]  [91mstale[0m    (poll #6)  order=0dc84348
  [    409ms]  [91mstale[0m    (poll #7)  order=0dc84348
  [    472ms]  [91mstale[0m    (poll #8)  order=0dc84348
  [    541ms]  [92mVISIBLE[0m  (poll #9, X-Cache: MISS)  order=0dc84348

[96mOrder 40/500:[0m
  [      7ms]  [91mstale[0m    (poll #1)  order=1e597171
  [     70ms]  [91mstale[0m    (poll #2)  order=1e597171
  [    137ms]  [91mstale[0m    (poll #3)  order=1e597171
  [    204ms]  [91mstale[0m    (poll #4)  order=1e597171
  [    271ms]  [91mstale[0m    (poll #5)  order=1e597171
  [    335ms]  [91mstale[0m    (poll #6)  order=1e597171
  [    401ms]  [91mstale[0m    (poll #7)  order=1e597171
  [    467ms]  [92mVISIBLE[0m  (poll #8, X-Cache: MISS)  order=1e597171

[96mOrder 41/500:[0m
  [      7ms]  [91mstale[0m    (poll #1)  order=303835c8
  [     71ms]  [91mstale[0m    (poll #2)  order=303835c8
  [    137ms]  [91mstale[0m    (poll #3)  order=303835c8
  [    205ms]  [91mstale[0m    (poll #4)  order=303835c8
  [    276ms]  [91mstale[0m    (poll #5)  order=303835c8
  [    342ms]  [91mstale[0m    (poll #6)  order=303835c8
  [    404ms]  [91mstale[0m    (poll #7)  order=303835c8
  [    465ms]  [91mstale[0m    (poll #8)  order=303835c8
  [    529ms]  [92mVISIBLE[0m  (poll #9, X-Cache: MISS)  order=303835c8

[96mOrder 42/500:[0m
  [      5ms]  [91mstale[0m    (poll #1)  order=7c55dcb7
  [     66ms]  [91mstale[0m    (poll #2)  order=7c55dcb7
  [    131ms]  [91mstale[0m    (poll #3)  order=7c55dcb7
  [    200ms]  [91mstale[0m    (poll #4)  order=7c55dcb7
  [    270ms]  [91mstale[0m    (poll #5)  order=7c55dcb7
  [    336ms]  [91mstale[0m    (poll #6)  order=7c55dcb7
  [    401ms]  [91mstale[0m    (poll #7)  order=7c55dcb7
  [    467ms]  [92mVISIBLE[0m  (poll #8, X-Cache: MISS)  order=7c55dcb7

[96mOrder 43/500:[0m
  [      7ms]  [91mstale[0m    (poll #1)  order=f8ef10e3
  [     69ms]  [91mstale[0m    (poll #2)  order=f8ef10e3
  [    135ms]  [91mstale[0m    (poll #3)  order=f8ef10e3
  [    198ms]  [91mstale[0m    (poll #4)  order=f8ef10e3
  [    271ms]  [91mstale[0m    (poll #5)  order=f8ef10e3
  [    342ms]  [91mstale[0m    (poll #6)  order=f8ef10e3
  [    417ms]  [92mVISIBLE[0m  (poll #7, X-Cache: MISS)  order=f8ef10e3

[96mOrder 44/500:[0m
  [      7ms]  [91mstale[0m    (poll #1)  order=e65ddb1b
  [     71ms]  [91mstale[0m    (poll #2)  order=e65ddb1b
  [    135ms]  [91mstale[0m    (poll #3)  order=e65ddb1b
  [    202ms]  [91mstale[0m    (poll #4)  order=e65ddb1b
  [    272ms]  [91mstale[0m    (poll #5)  order=e65ddb1b
  [    341ms]  [91mstale[0m    (poll #6)  order=e65ddb1b
  [    409ms]  [91mstale[0m    (poll #7)  order=e65ddb1b
  [    480ms]  [91mstale[0m    (poll #8)  order=e65ddb1b
  [    552ms]  [92mVISIBLE[0m  (poll #9, X-Cache: MISS)  order=e65ddb1b

[96mOrder 45/500:[0m
  [      9ms]  [91mstale[0m    (poll #1)  order=9b3f2a47
  [     75ms]  [91mstale[0m    (poll #2)  order=9b3f2a47
  [    138ms]  [91mstale[0m    (poll #3)  order=9b3f2a47
  [    205ms]  [91mstale[0m    (poll #4)  order=9b3f2a47
  [    267ms]  [91mstale[0m    (poll #5)  order=9b3f2a47
  [    333ms]  [91mstale[0m    (poll #6)  order=9b3f2a47
  [    403ms]  [91mstale[0m    (poll #7)  order=9b3f2a47
  [    472ms]  [92mVISIBLE[0m  (poll #8, X-Cache: MISS)  order=9b3f2a47

[96mOrder 46/500:[0m
  [      9ms]  [91mstale[0m    (poll #1)  order=a12f0c2b
  [     70ms]  [91mstale[0m    (poll #2)  order=a12f0c2b
  [    134ms]  [91mstale[0m    (poll #3)  order=a12f0c2b
  [    199ms]  [91mstale[0m    (poll #4)  order=a12f0c2b
  [    261ms]  [91mstale[0m    (poll #5)  order=a12f0c2b
  [    325ms]  [91mstale[0m    (poll #6)  order=a12f0c2b
  [    386ms]  [91mstale[0m    (poll #7)  order=a12f0c2b
  [    452ms]  [91mstale[0m    (poll #8)  order=a12f0c2b
  [    519ms]  [92mVISIBLE[0m  (poll #9, X-Cache: MISS)  order=a12f0c2b

[96mOrder 47/500:[0m
  [      9ms]  [91mstale[0m    (poll #1)  order=95feb16b
  [     71ms]  [91mstale[0m    (poll #2)  order=95feb16b
  [    137ms]  [91mstale[0m    (poll #3)  order=95feb16b
  [    204ms]  [91mstale[0m    (poll #4)  order=95feb16b
  [    272ms]  [91mstale[0m    (poll #5)  order=95feb16b
  [    340ms]  [91mstale[0m    (poll #6)  order=95feb16b
  [    409ms]  [91mstale[0m    (poll #7)  order=95feb16b
  [    478ms]  [92mVISIBLE[0m  (poll #8, X-Cache: MISS)  order=95feb16b

[96mOrder 48/500:[0m
  [      8ms]  [91mstale[0m    (poll #1)  order=cd9acd61
  [     72ms]  [91mstale[0m    (poll #2)  order=cd9acd61
  [    132ms]  [91mstale[0m    (poll #3)  order=cd9acd61
  [    199ms]  [91mstale[0m    (poll #4)  order=cd9acd61
  [    267ms]  [91mstale[0m    (poll #5)  order=cd9acd61
  [    333ms]  [91mstale[0m    (poll #6)  order=cd9acd61
  [    407ms]  [91mstale[0m    (poll #7)  order=cd9acd61
  [    473ms]  [91mstale[0m    (poll #8)  order=cd9acd61
  [    542ms]  [92mVISIBLE[0m  (poll #9, X-Cache: MISS)  order=cd9acd61

[96mOrder 49/500:[0m
  [      9ms]  [91mstale[0m    (poll #1)  order=2888dd20
  [     74ms]  [91mstale[0m    (poll #2)  order=2888dd20
  [    140ms]  [91mstale[0m    (poll #3)  order=2888dd20
  [    207ms]  [91mstale[0m    (poll #4)  order=2888dd20
  [    276ms]  [91mstale[0m    (poll #5)  order=2888dd20
  [    345ms]  [91mstale[0m    (poll #6)  order=2888dd20
  [    412ms]  [91mstale[0m    (poll #7)  order=2888dd20
  [    484ms]  [92mVISIBLE[0m  (poll #8, X-Cache: MISS)  order=2888dd20

[96mOrder 50/500:[0m
  [      9ms]  [91mstale[0m    (poll #1)  order=33178bee
  [     72ms]  [91mstale[0m    (poll #2)  order=33178bee
  [    138ms]  [91mstale[0m    (poll #3)  order=33178bee
  [    204ms]  [91mstale[0m    (poll #4)  order=33178bee
  [    273ms]  [91mstale[0m    (poll #5)  order=33178bee
  [    343ms]  [91mstale[0m    (poll #6)  order=33178bee
  [    413ms]  [92mVISIBLE[0m  (poll #7, X-Cache: MISS)  order=33178bee

[96mOrder 51/500:[0m
  [      8ms]  [91mstale[0m    (poll #1)  order=c447815c
  [     72ms]  [91mstale[0m    (poll #2)  order=c447815c
  [    138ms]  [91mstale[0m    (poll #3)  order=c447815c
  [    202ms]  [91mstale[0m    (poll #4)  order=c447815c
  [    274ms]  [91mstale[0m    (poll #5)  order=c447815c
  [    346ms]  [91mstale[0m    (poll #6)  order=c447815c
  [    415ms]  [91mstale[0m    (poll #7)  order=c447815c
  [    487ms]  [92mVISIBLE[0m  (poll #8, X-Cache: MISS)  order=c447815c

[96mOrder 52/500:[0m
  [      9ms]  [91mstale[0m    (poll #1)  order=991f8dd7
  [     73ms]  [91mstale[0m    (poll #2)  order=991f8dd7
  [    134ms]  [91mstale[0m    (poll #3)  order=991f8dd7
  [    203ms]  [91mstale[0m    (poll #4)  order=991f8dd7
  [    273ms]  [91mstale[0m    (poll #5)  order=991f8dd7
  [    343ms]  [91mstale[0m    (poll #6)  order=991f8dd7
  [    412ms]  [92mVISIBLE[0m  (poll #7, X-Cache: MISS)  order=991f8dd7

[96mOrder 53/500:[0m
  [      9ms]  [91mstale[0m    (poll #1)  order=410f7ad2
  [     70ms]  [91mstale[0m    (poll #2)  order=410f7ad2
  [    136ms]  [91mstale[0m    (poll #3)  order=410f7ad2
  [    201ms]  [91mstale[0m    (poll #4)  order=410f7ad2
  [    271ms]  [91mstale[0m    (poll #5)  order=410f7ad2
  [    340ms]  [91mstale[0m    (poll #6)  order=410f7ad2
  [    411ms]  [91mstale[0m    (poll #7)  order=410f7ad2
  [    478ms]  [91mstale[0m    (poll #8)  order=410f7ad2
  [    546ms]  [92mVISIBLE[0m  (poll #9, X-Cache: MISS)  order=410f7ad2

[96mOrder 54/500:[0m
  [      7ms]  [91mstale[0m    (poll #1)  order=78d8c98a
  [     67ms]  [91mstale[0m    (poll #2)  order=78d8c98a
  [    134ms]  [91mstale[0m    (poll #3)  order=78d8c98a
  [    201ms]  [91mstale[0m    (poll #4)  order=78d8c98a
  [    269ms]  [91mstale[0m    (poll #5)  order=78d8c98a
  [    338ms]  [91mstale[0m    (poll #6)  order=78d8c98a
  [    413ms]  [91mstale[0m    (poll #7)  order=78d8c98a
  [    486ms]  [92mVISIBLE[0m  (poll #8, X-Cache: MISS)  order=78d8c98a

[96mOrder 55/500:[0m
  [      5ms]  [91mstale[0m    (poll #1)  order=7d56bc55
  [     75ms]  [91mstale[0m    (poll #2)  order=7d56bc55
  [    138ms]  [91mstale[0m    (poll #3)  order=7d56bc55
  [    202ms]  [91mstale[0m    (poll #4)  order=7d56bc55
  [    270ms]  [91mstale[0m    (poll #5)  order=7d56bc55
  [    341ms]  [91mstale[0m    (poll #6)  order=7d56bc55
  [    408ms]  [91mstale[0m    (poll #7)  order=7d56bc55
  [    479ms]  [91mstale[0m    (poll #8)  order=7d56bc55
  [    546ms]  [92mVISIBLE[0m  (poll #9, X-Cache: MISS)  order=7d56bc55

[96mOrder 56/500:[0m
  [      4ms]  [91mstale[0m    (poll #1)  order=a230a3ec
  [     64ms]  [91mstale[0m    (poll #2)  order=a230a3ec
  [    126ms]  [91mstale[0m    (poll #3)  order=a230a3ec
  [    187ms]  [91mstale[0m    (poll #4)  order=a230a3ec
  [    248ms]  [91mstale[0m    (poll #5)  order=a230a3ec
  [    309ms]  [91mstale[0m    (poll #6)  order=a230a3ec
  [    371ms]  [92mVISIBLE[0m  (poll #7, X-Cache: MISS)  order=a230a3ec

[96mOrder 57/500:[0m
  [      7ms]  [91mstale[0m    (poll #1)  order=e06fa418
  [     69ms]  [91mstale[0m    (poll #2)  order=e06fa418
  [    130ms]  [91mstale[0m    (poll #3)  order=e06fa418
  [    190ms]  [91mstale[0m    (poll #4)  order=e06fa418
  [    246ms]  [91mstale[0m    (poll #5)  order=e06fa418
  [    307ms]  [91mstale[0m    (poll #6)  order=e06fa418
  [    370ms]  [91mstale[0m    (poll #7)  order=e06fa418
  [    438ms]  [91mstale[0m    (poll #8)  order=e06fa418
  [    511ms]  [92mVISIBLE[0m  (poll #9, X-Cache: MISS)  order=e06fa418

[96mOrder 58/500:[0m
  [      5ms]  [91mstale[0m    (poll #1)  order=fba68dad
  [     64ms]  [91mstale[0m    (poll #2)  order=fba68dad
  [    121ms]  [91mstale[0m    (poll #3)  order=fba68dad
  [    183ms]  [91mstale[0m    (poll #4)  order=fba68dad
  [    243ms]  [91mstale[0m    (poll #5)  order=fba68dad
  [    303ms]  [91mstale[0m    (poll #6)  order=fba68dad
  [    362ms]  [91mstale[0m    (poll #7)  order=fba68dad
  [    423ms]  [91mstale[0m    (poll #8)  order=fba68dad
  [    489ms]  [92mVISIBLE[0m  (poll #9, X-Cache: MISS)  order=fba68dad

[96mOrder 59/500:[0m
  [      6ms]  [91mstale[0m    (poll #1)  order=691345f4
  [     68ms]  [91mstale[0m    (poll #2)  order=691345f4
  [    131ms]  [91mstale[0m    (poll #3)  order=691345f4
  [    196ms]  [91mstale[0m    (poll #4)  order=691345f4
  [    266ms]  [91mstale[0m    (poll #5)  order=691345f4
  [    335ms]  [91mstale[0m    (poll #6)  order=691345f4
  [    408ms]  [91mstale[0m    (poll #7)  order=691345f4
  [    484ms]  [91mstale[0m    (poll #8)  order=691345f4
  [    553ms]  [92mVISIBLE[0m  (poll #9, X-Cache: MISS)  order=691345f4

[96mOrder 60/500:[0m
  [      9ms]  [91mstale[0m    (poll #1)  order=a39263b0
  [     73ms]  [91mstale[0m    (poll #2)  order=a39263b0
  [    140ms]  [91mstale[0m    (poll #3)  order=a39263b0
  [    203ms]  [91mstale[0m    (poll #4)  order=a39263b0
  [    265ms]  [91mstale[0m    (poll #5)  order=a39263b0
  [    332ms]  [91mstale[0m    (poll #6)  order=a39263b0
  [    404ms]  [91mstale[0m    (poll #7)  order=a39263b0
  [    476ms]  [92mVISIBLE[0m  (poll #8, X-Cache: MISS)  order=a39263b0

[96mOrder 61/500:[0m
  [      8ms]  [91mstale[0m    (poll #1)  order=568ae5af
  [     72ms]  [91mstale[0m    (poll #2)  order=568ae5af
  [    136ms]  [91mstale[0m    (poll #3)  order=568ae5af
  [    199ms]  [91mstale[0m    (poll #4)  order=568ae5af
  [    261ms]  [91mstale[0m    (poll #5)  order=568ae5af
  [    323ms]  [91mstale[0m    (poll #6)  order=568ae5af
  [    382ms]  [91mstale[0m    (poll #7)  order=568ae5af
  [    445ms]  [91mstale[0m    (poll #8)  order=568ae5af
  [    515ms]  [92mVISIBLE[0m  (poll #9, X-Cache: MISS)  order=568ae5af

[96mOrder 62/500:[0m
  [      8ms]  [91mstale[0m    (poll #1)  order=009a2a50
  [     71ms]  [91mstale[0m    (poll #2)  order=009a2a50
  [    133ms]  [91mstale[0m    (poll #3)  order=009a2a50
  [    197ms]  [91mstale[0m    (poll #4)  order=009a2a50
  [    268ms]  [91mstale[0m    (poll #5)  order=009a2a50
  [    339ms]  [91mstale[0m    (poll #6)  order=009a2a50
  [    408ms]  [91mstale[0m    (poll #7)  order=009a2a50
  [    480ms]  [92mVISIBLE[0m  (poll #8, X-Cache: MISS)  order=009a2a50

[96mOrder 63/500:[0m
  [      8ms]  [91mstale[0m    (poll #1)  order=556ddd54
  [     69ms]  [91mstale[0m    (poll #2)  order=556ddd54
  [    133ms]  [91mstale[0m    (poll #3)  order=556ddd54
  [    200ms]  [91mstale[0m    (poll #4)  order=556ddd54
  [    271ms]  [91mstale[0m    (poll #5)  order=556ddd54
  [    343ms]  [91mstale[0m    (poll #6)  order=556ddd54
  [    410ms]  [91mstale[0m    (poll #7)  order=556ddd54
  [    482ms]  [91mstale[0m    (poll #8)  order=556ddd54
  [    553ms]  [92mVISIBLE[0m  (poll #9, X-Cache: MISS)  order=556ddd54

[96mOrder 64/500:[0m
  [      9ms]  [91mstale[0m    (poll #1)  order=1aeb8107
  [     71ms]  [91mstale[0m    (poll #2)  order=1aeb8107
  [    137ms]  [91mstale[0m    (poll #3)  order=1aeb8107
  [    205ms]  [91mstale[0m    (poll #4)  order=1aeb8107
  [    275ms]  [91mstale[0m    (poll #5)  order=1aeb8107
  [    345ms]  [91mstale[0m    (poll #6)  order=1aeb8107
  [    416ms]  [91mstale[0m    (poll #7)  order=1aeb8107
  [    487ms]  [92mVISIBLE[0m  (poll #8, X-Cache: MISS)  order=1aeb8107

[96mOrder 65/500:[0m
  [      8ms]  [91mstale[0m    (poll #1)  order=4d8bcad6
  [     72ms]  [91mstale[0m    (poll #2)  order=4d8bcad6
  [    134ms]  [91mstale[0m    (poll #3)  order=4d8bcad6
  [    200ms]  [91mstale[0m    (poll #4)  order=4d8bcad6
  [    272ms]  [91mstale[0m    (poll #5)  order=4d8bcad6
  [    338ms]  [91mstale[0m    (poll #6)  order=4d8bcad6
  [    409ms]  [91mstale[0m    (poll #7)  order=4d8bcad6
  [    476ms]  [92mVISIBLE[0m  (poll #8, X-Cache: MISS)  order=4d8bcad6

[96mOrder 66/500:[0m
  [      7ms]  [91mstale[0m    (poll #1)  order=9ebc643f
  [     69ms]  [91mstale[0m    (poll #2)  order=9ebc643f
  [    131ms]  [91mstale[0m    (poll #3)  order=9ebc643f
  [    190ms]  [91mstale[0m    (poll #4)  order=9ebc643f
  [    254ms]  [91mstale[0m    (poll #5)  order=9ebc643f
  [    315ms]  [91mstale[0m    (poll #6)  order=9ebc643f
  [    380ms]  [91mstale[0m    (poll #7)  order=9ebc643f
  [    449ms]  [91mstale[0m    (poll #8)  order=9ebc643f
  [    523ms]  [92mVISIBLE[0m  (poll #9, X-Cache: MISS)  order=9ebc643f

[96mOrder 67/500:[0m
  [      7ms]  [91mstale[0m    (poll #1)  order=202481e4
  [     71ms]  [91mstale[0m    (poll #2)  order=202481e4
  [    133ms]  [91mstale[0m    (poll #3)  order=202481e4
  [    199ms]  [91mstale[0m    (poll #4)  order=202481e4
  [    270ms]  [91mstale[0m    (poll #5)  order=202481e4
  [    338ms]  [91mstale[0m    (poll #6)  order=202481e4
  [    411ms]  [91mstale[0m    (poll #7)  order=202481e4
  [    482ms]  [91mstale[0m    (poll #8)  order=202481e4
  [    551ms]  [92mVISIBLE[0m  (poll #9, X-Cache: MISS)  order=202481e4

[96mOrder 68/500:[0m
  [      8ms]  [91mstale[0m    (poll #1)  order=d286ddb5
  [     72ms]  [91mstale[0m    (poll #2)  order=d286ddb5
  [    134ms]  [91mstale[0m    (poll #3)  order=d286ddb5
  [    201ms]  [91mstale[0m    (poll #4)  order=d286ddb5
  [    268ms]  [91mstale[0m    (poll #5)  order=d286ddb5
  [    339ms]  [91mstale[0m    (poll #6)  order=d286ddb5
  [    412ms]  [91mstale[0m    (poll #7)  order=d286ddb5
  [    485ms]  [92mVISIBLE[0m  (poll #8, X-Cache: MISS)  order=d286ddb5

[96mOrder 69/500:[0m
  [      8ms]  [91mstale[0m    (poll #1)  order=01a3f10a
  [     73ms]  [91mstale[0m    (poll #2)  order=01a3f10a
  [    136ms]  [91mstale[0m    (poll #3)  order=01a3f10a
  [    206ms]  [91mstale[0m    (poll #4)  order=01a3f10a
  [    275ms]  [91mstale[0m    (poll #5)  order=01a3f10a
  [    347ms]  [91mstale[0m    (poll #6)  order=01a3f10a
  [    419ms]  [91mstale[0m    (poll #7)  order=01a3f10a
  [    488ms]  [92mVISIBLE[0m  (poll #8, X-Cache: MISS)  order=01a3f10a

[96mOrder 70/500:[0m
  [      8ms]  [91mstale[0m    (poll #1)  order=6a0ce482
  [     72ms]  [91mstale[0m    (poll #2)  order=6a0ce482
  [    134ms]  [91mstale[0m    (poll #3)  order=6a0ce482
  [    203ms]  [91mstale[0m    (poll #4)  order=6a0ce482
  [    274ms]  [91mstale[0m    (poll #5)  order=6a0ce482
  [    347ms]  [91mstale[0m    (poll #6)  order=6a0ce482
  [    418ms]  [92mVISIBLE[0m  (poll #7, X-Cache: MISS)  order=6a0ce482

[96mOrder 71/500:[0m
  [      8ms]  [91mstale[0m    (poll #1)  order=31d8e98e
  [     73ms]  [91mstale[0m    (poll #2)  order=31d8e98e
  [    139ms]  [91mstale[0m    (poll #3)  order=31d8e98e
  [    206ms]  [91mstale[0m    (poll #4)  order=31d8e98e
  [    276ms]  [91mstale[0m    (poll #5)  order=31d8e98e
  [    346ms]  [91mstale[0m    (poll #6)  order=31d8e98e
  [    415ms]  [91mstale[0m    (poll #7)  order=31d8e98e
  [    484ms]  [92mVISIBLE[0m  (poll #8, X-Cache: MISS)  order=31d8e98e

[96mOrder 72/500:[0m
  [      7ms]  [91mstale[0m    (poll #1)  order=846c950b
  [     70ms]  [91mstale[0m    (poll #2)  order=846c950b
  [    136ms]  [91mstale[0m    (poll #3)  order=846c950b
  [    205ms]  [91mstale[0m    (poll #4)  order=846c950b
  [    275ms]  [91mstale[0m    (poll #5)  order=846c950b
  [    346ms]  [91mstale[0m    (poll #6)  order=846c950b
  [    418ms]  [92mVISIBLE[0m  (poll #7, X-Cache: MISS)  order=846c950b

[96mOrder 73/500:[0m
  [      8ms]  [91mstale[0m    (poll #1)  order=b36e82e5
  [     72ms]  [91mstale[0m    (poll #2)  order=b36e82e5
  [    133ms]  [91mstale[0m    (poll #3)  order=b36e82e5
  [    201ms]  [91mstale[0m    (poll #4)  order=b36e82e5
  [    276ms]  [91mstale[0m    (poll #5)  order=b36e82e5
  [    343ms]  [91mstale[0m    (poll #6)  order=b36e82e5
  [    416ms]  [91mstale[0m    (poll #7)  order=b36e82e5
  [    488ms]  [92mVISIBLE[0m  (poll #8, X-Cache: MISS)  order=b36e82e5

[96mOrder 74/500:[0m
  [      8ms]  [91mstale[0m    (poll #1)  order=df12206b
  [     72ms]  [91mstale[0m    (poll #2)  order=df12206b
  [    135ms]  [91mstale[0m    (poll #3)  order=df12206b
  [    203ms]  [91mstale[0m    (poll #4)  order=df12206b
  [    270ms]  [91mstale[0m    (poll #5)  order=df12206b
  [    340ms]  [91mstale[0m    (poll #6)  order=df12206b
  [    413ms]  [92mVISIBLE[0m  (poll #7, X-Cache: MISS)  order=df12206b

[96mOrder 75/500:[0m
  [      8ms]  [91mstale[0m    (poll #1)  order=d48471c5
  [     72ms]  [91mstale[0m    (poll #2)  order=d48471c5
  [    138ms]  [91mstale[0m    (poll #3)  order=d48471c5
  [    204ms]  [91mstale[0m    (poll #4)  order=d48471c5
  [    271ms]  [91mstale[0m    (poll #5)  order=d48471c5
  [    341ms]  [91mstale[0m    (poll #6)  order=d48471c5
  [    408ms]  [91mstale[0m    (poll #7)  order=d48471c5
  [    472ms]  [91mstale[0m    (poll #8)  order=d48471c5
  [    532ms]  [92mVISIBLE[0m  (poll #9, X-Cache: MISS)  order=d48471c5

[96mOrder 76/500:[0m
  [      4ms]  [91mstale[0m    (poll #1)  order=e1ac2fe8
  [     64ms]  [91mstale[0m    (poll #2)  order=e1ac2fe8
  [    126ms]  [91mstale[0m    (poll #3)  order=e1ac2fe8
  [    186ms]  [91mstale[0m    (poll #4)  order=e1ac2fe8
  [    247ms]  [91mstale[0m    (poll #5)  order=e1ac2fe8
  [    310ms]  [91mstale[0m    (poll #6)  order=e1ac2fe8
  [    375ms]  [92mVISIBLE[0m  (poll #7, X-Cache: MISS)  order=e1ac2fe8

[96mOrder 77/500:[0m
  [      5ms]  [91mstale[0m    (poll #1)  order=fa4d05ce
  [     63ms]  [91mstale[0m    (poll #2)  order=fa4d05ce
  [    123ms]  [91mstale[0m    (poll #3)  order=fa4d05ce
  [    188ms]  [91mstale[0m    (poll #4)  order=fa4d05ce
  [    260ms]  [91mstale[0m    (poll #5)  order=fa4d05ce
  [    332ms]  [91mstale[0m    (poll #6)  order=fa4d05ce
  [    399ms]  [91mstale[0m    (poll #7)  order=fa4d05ce
  [    465ms]  [91mstale[0m    (poll #8)  order=fa4d05ce
  [    537ms]  [92mVISIBLE[0m  (poll #9, X-Cache: MISS)  order=fa4d05ce

[96mOrder 78/500:[0m
  [      6ms]  [91mstale[0m    (poll #1)  order=36e3c4d1
  [     69ms]  [91mstale[0m    (poll #2)  order=36e3c4d1
  [    130ms]  [91mstale[0m    (poll #3)  order=36e3c4d1
  [    196ms]  [91mstale[0m    (poll #4)  order=36e3c4d1
  [    258ms]  [91mstale[0m    (poll #5)  order=36e3c4d1
  [    319ms]  [91mstale[0m    (poll #6)  order=36e3c4d1
  [    380ms]  [91mstale[0m    (poll #7)  order=36e3c4d1
  [    442ms]  [91mstale[0m    (poll #8)  order=36e3c4d1
  [    506ms]  [92mVISIBLE[0m  (poll #9, X-Cache: MISS)  order=36e3c4d1

[96mOrder 79/500:[0m
  [      4ms]  [91mstale[0m    (poll #1)  order=5b8d939b
  [     64ms]  [91mstale[0m    (poll #2)  order=5b8d939b
  [    128ms]  [91mstale[0m    (poll #3)  order=5b8d939b
  [    195ms]  [91mstale[0m    (poll #4)  order=5b8d939b
  [    264ms]  [91mstale[0m    (poll #5)  order=5b8d939b
  [    333ms]  [91mstale[0m    (poll #6)  order=5b8d939b
  [    402ms]  [91mstale[0m    (poll #7)  order=5b8d939b
  [    474ms]  [91mstale[0m    (poll #8)  order=5b8d939b
  [    547ms]  [92mVISIBLE[0m  (poll #9, X-Cache: MISS)  order=5b8d939b

[96mOrder 80/500:[0m
  [     10ms]  [91mstale[0m    (poll #1)  order=1aa8fbaf
  [     75ms]  [91mstale[0m    (poll #2)  order=1aa8fbaf
  [    136ms]  [91mstale[0m    (poll #3)  order=1aa8fbaf
  [    201ms]  [91mstale[0m    (poll #4)  order=1aa8fbaf
  [    271ms]  [91mstale[0m    (poll #5)  order=1aa8fbaf
  [    340ms]  [91mstale[0m    (poll #6)  order=1aa8fbaf
  [    411ms]  [91mstale[0m    (poll #7)  order=1aa8fbaf
  [    487ms]  [92mVISIBLE[0m  (poll #8, X-Cache: MISS)  order=1aa8fbaf

[96mOrder 81/500:[0m
  [     10ms]  [91mstale[0m    (poll #1)  order=8175a468
  [     73ms]  [91mstale[0m    (poll #2)  order=8175a468
  [    135ms]  [91mstale[0m    (poll #3)  order=8175a468
  [    199ms]  [91mstale[0m    (poll #4)  order=8175a468
  [    257ms]  [91mstale[0m    (poll #5)  order=8175a468
  [    322ms]  [91mstale[0m    (poll #6)  order=8175a468
  [    390ms]  [91mstale[0m    (poll #7)  order=8175a468
  [    465ms]  [92mVISIBLE[0m  (poll #8, X-Cache: MISS)  order=8175a468

[96mOrder 82/500:[0m
  [      9ms]  [91mstale[0m    (poll #1)  order=4e45f65d
  [     74ms]  [91mstale[0m    (poll #2)  order=4e45f65d
  [    139ms]  [91mstale[0m    (poll #3)  order=4e45f65d
  [    204ms]  [91mstale[0m    (poll #4)  order=4e45f65d
  [    274ms]  [91mstale[0m    (poll #5)  order=4e45f65d
  [    344ms]  [91mstale[0m    (poll #6)  order=4e45f65d
  [    416ms]  [91mstale[0m    (poll #7)  order=4e45f65d
  [    487ms]  [92mVISIBLE[0m  (poll #8, X-Cache: MISS)  order=4e45f65d

[96mOrder 83/500:[0m
  [      9ms]  [91mstale[0m    (poll #1)  order=eb940147
  [     75ms]  [91mstale[0m    (poll #2)  order=eb940147
  [    138ms]  [91mstale[0m    (poll #3)  order=eb940147
  [    204ms]  [91mstale[0m    (poll #4)  order=eb940147
  [    276ms]  [91mstale[0m    (poll #5)  order=eb940147
  [    348ms]  [91mstale[0m    (poll #6)  order=eb940147
  [    409ms]  [91mstale[0m    (poll #7)  order=eb940147
  [    478ms]  [91mstale[0m    (poll #8)  order=eb940147
  [    547ms]  [92mVISIBLE[0m  (poll #9, X-Cache: MISS)  order=eb940147

[96mOrder 84/500:[0m
  [      9ms]  [91mstale[0m    (poll #1)  order=e8ba2622
  [     71ms]  [91mstale[0m    (poll #2)  order=e8ba2622
  [    130ms]  [91mstale[0m    (poll #3)  order=e8ba2622
  [    192ms]  [91mstale[0m    (poll #4)  order=e8ba2622
  [    256ms]  [91mstale[0m    (poll #5)  order=e8ba2622
  [    328ms]  [91mstale[0m    (poll #6)  order=e8ba2622
  [    396ms]  [91mstale[0m    (poll #7)  order=e8ba2622
  [    470ms]  [92mVISIBLE[0m  (poll #8, X-Cache: MISS)  order=e8ba2622

[96mOrder 85/500:[0m
  [     10ms]  [91mstale[0m    (poll #1)  order=2dfa93dd
  [     74ms]  [91mstale[0m    (poll #2)  order=2dfa93dd
  [    140ms]  [91mstale[0m    (poll #3)  order=2dfa93dd
  [    208ms]  [91mstale[0m    (poll #4)  order=2dfa93dd
  [    279ms]  [91mstale[0m    (poll #5)  order=2dfa93dd
  [    350ms]  [91mstale[0m    (poll #6)  order=2dfa93dd
  [    422ms]  [91mstale[0m    (poll #7)  order=2dfa93dd
  [    487ms]  [91mstale[0m    (poll #8)  order=2dfa93dd
  [    551ms]  [92mVISIBLE[0m  (poll #9, X-Cache: MISS)  order=2dfa93dd

[96mOrder 86/500:[0m
  [      5ms]  [91mstale[0m    (poll #1)  order=e6904390
  [     62ms]  [91mstale[0m    (poll #2)  order=e6904390
  [    122ms]  [91mstale[0m    (poll #3)  order=e6904390
  [    180ms]  [91mstale[0m    (poll #4)  order=e6904390
  [    239ms]  [91mstale[0m    (poll #5)  order=e6904390
  [    298ms]  [91mstale[0m    (poll #6)  order=e6904390
  [    365ms]  [91mstale[0m    (poll #7)  order=e6904390
  [    434ms]  [91mstale[0m    (poll #8)  order=e6904390
  [    502ms]  [92mVISIBLE[0m  (poll #9, X-Cache: MISS)  order=e6904390

[96mOrder 87/500:[0m
  [      9ms]  [91mstale[0m    (poll #1)  order=0efdb077
  [     74ms]  [91mstale[0m    (poll #2)  order=0efdb077
  [    136ms]  [91mstale[0m    (poll #3)  order=0efdb077
  [    204ms]  [91mstale[0m    (poll #4)  order=0efdb077
  [    273ms]  [91mstale[0m    (poll #5)  order=0efdb077
  [    345ms]  [91mstale[0m    (poll #6)  order=0efdb077
  [    417ms]  [91mstale[0m    (poll #7)  order=0efdb077
  [    489ms]  [92mVISIBLE[0m  (poll #8, X-Cache: MISS)  order=0efdb077

[96mOrder 88/500:[0m
  [     10ms]  [91mstale[0m    (poll #1)  order=0753d85a
  [     75ms]  [91mstale[0m    (poll #2)  order=0753d85a
  [    139ms]  [91mstale[0m    (poll #3)  order=0753d85a
  [    203ms]  [91mstale[0m    (poll #4)  order=0753d85a
  [    271ms]  [91mstale[0m    (poll #5)  order=0753d85a
  [    341ms]  [91mstale[0m    (poll #6)  order=0753d85a
  [    412ms]  [91mstale[0m    (poll #7)  order=0753d85a
  [    480ms]  [92mVISIBLE[0m  (poll #8, X-Cache: MISS)  order=0753d85a

[96mOrder 89/500:[0m
  [      9ms]  [91mstale[0m    (poll #1)  order=feb2d3f6
  [     69ms]  [91mstale[0m    (poll #2)  order=feb2d3f6
  [    135ms]  [91mstale[0m    (poll #3)  order=feb2d3f6
  [    198ms]  [91mstale[0m    (poll #4)  order=feb2d3f6
  [    266ms]  [91mstale[0m    (poll #5)  order=feb2d3f6
  [    332ms]  [91mstale[0m    (poll #6)  order=feb2d3f6
  [    402ms]  [92mVISIBLE[0m  (poll #7, X-Cache: MISS)  order=feb2d3f6

[96mOrder 90/500:[0m
  [      8ms]  [91mstale[0m    (poll #1)  order=02505341
  [     71ms]  [91mstale[0m    (poll #2)  order=02505341
  [    137ms]  [91mstale[0m    (poll #3)  order=02505341
  [    204ms]  [91mstale[0m    (poll #4)  order=02505341
  [    272ms]  [91mstale[0m    (poll #5)  order=02505341
  [    345ms]  [91mstale[0m    (poll #6)  order=02505341
  [    418ms]  [91mstale[0m    (poll #7)  order=02505341
  [    489ms]  [91mstale[0m    (poll #8)  order=02505341
  [    562ms]  [92mVISIBLE[0m  (poll #9, X-Cache: MISS)  order=02505341

[96mOrder 91/500:[0m
  [     10ms]  [91mstale[0m    (poll #1)  order=1f4b70eb
  [     72ms]  [91mstale[0m    (poll #2)  order=1f4b70eb
  [    138ms]  [91mstale[0m    (poll #3)  order=1f4b70eb
  [    202ms]  [91mstale[0m    (poll #4)  order=1f4b70eb
  [    273ms]  [91mstale[0m    (poll #5)  order=1f4b70eb
  [    342ms]  [91mstale[0m    (poll #6)  order=1f4b70eb
  [    413ms]  [91mstale[0m    (poll #7)  order=1f4b70eb
  [    492ms]  [92mVISIBLE[0m  (poll #8, X-Cache: MISS)  order=1f4b70eb

[96mOrder 92/500:[0m
  [      9ms]  [91mstale[0m    (poll #1)  order=7018719e
  [     69ms]  [91mstale[0m    (poll #2)  order=7018719e
  [    133ms]  [91mstale[0m    (poll #3)  order=7018719e
  [    197ms]  [91mstale[0m    (poll #4)  order=7018719e
  [    267ms]  [91mstale[0m    (poll #5)  order=7018719e
  [    335ms]  [91mstale[0m    (poll #6)  order=7018719e
  [    399ms]  [91mstale[0m    (poll #7)  order=7018719e
  [    465ms]  [92mVISIBLE[0m  (poll #8, X-Cache: MISS)  order=7018719e

[96mOrder 93/500:[0m
  [      7ms]  [91mstale[0m    (poll #1)  order=cd626b25
  [     68ms]  [91mstale[0m    (poll #2)  order=cd626b25
  [    133ms]  [91mstale[0m    (poll #3)  order=cd626b25
  [    201ms]  [91mstale[0m    (poll #4)  order=cd626b25
  [    273ms]  [91mstale[0m    (poll #5)  order=cd626b25
  [    341ms]  [91mstale[0m    (poll #6)  order=cd626b25
  [    402ms]  [91mstale[0m    (poll #7)  order=cd626b25
  [    463ms]  [91mstale[0m    (poll #8)  order=cd626b25
  [    524ms]  [92mVISIBLE[0m  (poll #9, X-Cache: MISS)  order=cd626b25

[96mOrder 94/500:[0m
  [      4ms]  [91mstale[0m    (poll #1)  order=85a0d131
  [     64ms]  [91mstale[0m    (poll #2)  order=85a0d131
  [    123ms]  [91mstale[0m    (poll #3)  order=85a0d131
  [    188ms]  [91mstale[0m    (poll #4)  order=85a0d131
  [    254ms]  [91mstale[0m    (poll #5)  order=85a0d131
  [    315ms]  [91mstale[0m    (poll #6)  order=85a0d131
  [    373ms]  [91mstale[0m    (poll #7)  order=85a0d131
  [    435ms]  [91mstale[0m    (poll #8)  order=85a0d131
  [    500ms]  [92mVISIBLE[0m  (poll #9, X-Cache: MISS)  order=85a0d131

[96mOrder 95/500:[0m
  [      5ms]  [91mstale[0m    (poll #1)  order=84c9c84d
  [     64ms]  [91mstale[0m    (poll #2)  order=84c9c84d
  [    127ms]  [91mstale[0m    (poll #3)  order=84c9c84d
  [    192ms]  [91mstale[0m    (poll #4)  order=84c9c84d
  [    252ms]  [91mstale[0m    (poll #5)  order=84c9c84d
  [    309ms]  [91mstale[0m    (poll #6)  order=84c9c84d
  [    372ms]  [91mstale[0m    (poll #7)  order=84c9c84d
  [    435ms]  [91mstale[0m    (poll #8)  order=84c9c84d
  [    495ms]  [92mVISIBLE[0m  (poll #9, X-Cache: MISS)  order=84c9c84d

[96mOrder 96/500:[0m
  [      4ms]  [91mstale[0m    (poll #1)  order=559830ca
  [     61ms]  [91mstale[0m    (poll #2)  order=559830ca
  [    123ms]  [91mstale[0m    (poll #3)  order=559830ca
  [    184ms]  [91mstale[0m    (poll #4)  order=559830ca
  [    247ms]  [91mstale[0m    (poll #5)  order=559830ca
  [    307ms]  [91mstale[0m    (poll #6)  order=559830ca
  [    373ms]  [91mstale[0m    (poll #7)  order=559830ca
  [    446ms]  [91mstale[0m    (poll #8)  order=559830ca
  [    517ms]  [92mVISIBLE[0m  (poll #9, X-Cache: MISS)  order=559830ca

[96mOrder 97/500:[0m
  [      6ms]  [91mstale[0m    (poll #1)  order=4973d677
  [     69ms]  [91mstale[0m    (poll #2)  order=4973d677
  [    135ms]  [91mstale[0m    (poll #3)  order=4973d677
  [    203ms]  [91mstale[0m    (poll #4)  order=4973d677
  [    273ms]  [91mstale[0m    (poll #5)  order=4973d677
  [    346ms]  [91mstale[0m    (poll #6)  order=4973d677
  [    414ms]  [91mstale[0m    (poll #7)  order=4973d677
  [    488ms]  [92mVISIBLE[0m  (poll #8, X-Cache: MISS)  order=4973d677

[96mOrder 98/500:[0m
  [      9ms]  [91mstale[0m    (poll #1)  order=25ebfd1b
  [     74ms]  [91mstale[0m    (poll #2)  order=25ebfd1b
  [    135ms]  [91mstale[0m    (poll #3)  order=25ebfd1b
  [    192ms]  [91mstale[0m    (poll #4)  order=25ebfd1b
  [    251ms]  [91mstale[0m    (poll #5)  order=25ebfd1b
  [    313ms]  [91mstale[0m    (poll #6)  order=25ebfd1b
  [    375ms]  [91mstale[0m    (poll #7)  order=25ebfd1b
  [    438ms]  [91mstale[0m    (poll #8)  order=25ebfd1b
  [    497ms]  [91mstale[0m    (poll #9)  order=25ebfd1b
  [    558ms]  [92mVISIBLE[0m  (poll #10, X-Cache: MISS)  order=25ebfd1b

[96mOrder 99/500:[0m
  [      8ms]  [91mstale[0m    (poll #1)  order=387500ad
  [     71ms]  [91mstale[0m    (poll #2)  order=387500ad
  [    133ms]  [91mstale[0m    (poll #3)  order=387500ad
  [    201ms]  [91mstale[0m    (poll #4)  order=387500ad
  [    275ms]  [91mstale[0m    (poll #5)  order=387500ad
  [    338ms]  [91mstale[0m    (poll #6)  order=387500ad
  [    407ms]  [91mstale[0m    (poll #7)  order=387500ad
  [    480ms]  [92mVISIBLE[0m  (poll #8, X-Cache: MISS)  order=387500ad

[96mOrder 100/500:[0m
  [     10ms]  [91mstale[0m    (poll #1)  order=aa39aaee
  [     75ms]  [91mstale[0m    (poll #2)  order=aa39aaee
  [    139ms]  [91mstale[0m    (poll #3)  order=aa39aaee
  [    205ms]  [91mstale[0m    (poll #4)  order=aa39aaee
  [    277ms]  [91mstale[0m    (poll #5)  order=aa39aaee
  [    341ms]  [91mstale[0m    (poll #6)  order=aa39aaee
  [    402ms]  [91mstale[0m    (poll #7)  order=aa39aaee
  [    465ms]  [91mstale[0m    (poll #8)  order=aa39aaee
  [    528ms]  [92mVISIBLE[0m  (poll #9, X-Cache: MISS)  order=aa39aaee

[96mOrder 101/500:[0m
  [      5ms]  [91mstale[0m    (poll #1)  order=963c5b0c
  [     68ms]  [91mstale[0m    (poll #2)  order=963c5b0c
  [    131ms]  [91mstale[0m    (poll #3)  order=963c5b0c
  [    198ms]  [91mstale[0m    (poll #4)  order=963c5b0c
  [    270ms]  [91mstale[0m    (poll #5)  order=963c5b0c
  [    342ms]  [91mstale[0m    (poll #6)  order=963c5b0c
  [    418ms]  [91mstale[0m    (poll #7)  order=963c5b0c
  [    485ms]  [92mVISIBLE[0m  (poll #8, X-Cache: MISS)  order=963c5b0c

[96mOrder 102/500:[0m
  [      9ms]  [91mstale[0m    (poll #1)  order=79625035
  [     69ms]  [91mstale[0m    (poll #2)  order=79625035
  [    132ms]  [91mstale[0m    (poll #3)  order=79625035
  [    198ms]  [91mstale[0m    (poll #4)  order=79625035
  [    265ms]  [91mstale[0m    (poll #5)  order=79625035
  [    337ms]  [91mstale[0m    (poll #6)  order=79625035
  [    409ms]  [91mstale[0m    (poll #7)  order=79625035
  [    481ms]  [92mVISIBLE[0m  (poll #8, X-Cache: MISS)  order=79625035

[96mOrder 103/500:[0m
  [      9ms]  [91mstale[0m    (poll #1)  order=399b56f0
  [     74ms]  [91mstale[0m    (poll #2)  order=399b56f0
  [    141ms]  [91mstale[0m    (poll #3)  order=399b56f0
  [    210ms]  [91mstale[0m    (poll #4)  order=399b56f0
  [    279ms]  [91mstale[0m    (poll #5)  order=399b56f0
  [    347ms]  [91mstale[0m    (poll #6)  order=399b56f0
  [    415ms]  [91mstale[0m    (poll #7)  order=399b56f0
  [    484ms]  [92mVISIBLE[0m  (poll #8, X-Cache: MISS)  order=399b56f0

[96mOrder 104/500:[0m
  [     10ms]  [91mstale[0m    (poll #1)  order=b958d37e
  [     70ms]  [91mstale[0m    (poll #2)  order=b958d37e
  [    138ms]  [91mstale[0m    (poll #3)  order=b958d37e
  [    204ms]  [91mstale[0m    (poll #4)  order=b958d37e
  [    275ms]  [91mstale[0m    (poll #5)  order=b958d37e
  [    343ms]  [91mstale[0m    (poll #6)  order=b958d37e
  [    414ms]  [92mVISIBLE[0m  (poll #7, X-Cache: MISS)  order=b958d37e

[96mOrder 105/500:[0m
  [      8ms]  [91mstale[0m    (poll #1)  order=637ee9c7
  [     69ms]  [91mstale[0m    (poll #2)  order=637ee9c7
  [    137ms]  [91mstale[0m    (poll #3)  order=637ee9c7
  [    209ms]  [91mstale[0m    (poll #4)  order=637ee9c7
  [    274ms]  [91mstale[0m    (poll #5)  order=637ee9c7
  [    342ms]  [91mstale[0m    (poll #6)  order=637ee9c7
  [    410ms]  [91mstale[0m    (poll #7)  order=637ee9c7
  [    482ms]  [91mstale[0m    (poll #8)  order=637ee9c7
  [    545ms]  [92mVISIBLE[0m  (poll #9, X-Cache: MISS)  order=637ee9c7

[96mOrder 106/500:[0m
  [     12ms]  [91mstale[0m    (poll #1)  order=897b5d89
  [     73ms]  [91mstale[0m    (poll #2)  order=897b5d89
  [    131ms]  [91mstale[0m    (poll #3)  order=897b5d89
  [    195ms]  [91mstale[0m    (poll #4)  order=897b5d89
  [    259ms]  [91mstale[0m    (poll #5)  order=897b5d89
  [    325ms]  [91mstale[0m    (poll #6)  order=897b5d89
  [    405ms]  [91mstale[0m    (poll #7)  order=897b5d89
  [    471ms]  [92mVISIBLE[0m  (poll #8, X-Cache: MISS)  order=897b5d89

[96mOrder 107/500:[0m
  [      9ms]  [91mstale[0m    (poll #1)  order=81900f5e
  [     72ms]  [91mstale[0m    (poll #2)  order=81900f5e
  [    138ms]  [91mstale[0m    (poll #3)  order=81900f5e
  [    203ms]  [91mstale[0m    (poll #4)  order=81900f5e
  [    275ms]  [91mstale[0m    (poll #5)  order=81900f5e
  [    344ms]  [91mstale[0m    (poll #6)  order=81900f5e
  [    416ms]  [91mstale[0m    (poll #7)  order=81900f5e
  [    487ms]  [92mVISIBLE[0m  (poll #8, X-Cache: MISS)  order=81900f5e

[96mOrder 108/500:[0m
  [      8ms]  [91mstale[0m    (poll #1)  order=30a1c98c
  [     69ms]  [91mstale[0m    (poll #2)  order=30a1c98c
  [    132ms]  [91mstale[0m    (poll #3)  order=30a1c98c
  [    200ms]  [91mstale[0m    (poll #4)  order=30a1c98c
  [    274ms]  [91mstale[0m    (poll #5)  order=30a1c98c
  [    346ms]  [91mstale[0m    (poll #6)  order=30a1c98c
  [    416ms]  [91mstale[0m    (poll #7)  order=30a1c98c
  [    486ms]  [91mstale[0m    (poll #8)  order=30a1c98c
  [    553ms]  [92mVISIBLE[0m  (poll #9, X-Cache: MISS)  order=30a1c98c

[96mOrder 109/500:[0m
  [     10ms]  [91mstale[0m    (poll #1)  order=be947461
  [     72ms]  [91mstale[0m    (poll #2)  order=be947461
  [    134ms]  [91mstale[0m    (poll #3)  order=be947461
  [    199ms]  [91mstale[0m    (poll #4)  order=be947461
  [    273ms]  [91mstale[0m    (poll #5)  order=be947461
  [    341ms]  [91mstale[0m    (poll #6)  order=be947461
  [    411ms]  [91mstale[0m    (poll #7)  order=be947461
  [    482ms]  [92mVISIBLE[0m  (poll #8, X-Cache: MISS)  order=be947461

[96mOrder 110/500:[0m
  [      9ms]  [91mstale[0m    (poll #1)  order=1482230d
  [     70ms]  [91mstale[0m    (poll #2)  order=1482230d
  [    131ms]  [91mstale[0m    (poll #3)  order=1482230d
  [    197ms]  [91mstale[0m    (poll #4)  order=1482230d
  [    269ms]  [91mstale[0m    (poll #5)  order=1482230d
  [    345ms]  [91mstale[0m    (poll #6)  order=1482230d
  [    413ms]  [92mVISIBLE[0m  (poll #7, X-Cache: MISS)  order=1482230d

[96mOrder 111/500:[0m
  [     10ms]  [91mstale[0m    (poll #1)  order=01c67029
  [     74ms]  [91mstale[0m    (poll #2)  order=01c67029
  [    140ms]  [91mstale[0m    (poll #3)  order=01c67029
  [    206ms]  [91mstale[0m    (poll #4)  order=01c67029
  [    275ms]  [91mstale[0m    (poll #5)  order=01c67029
  [    346ms]  [91mstale[0m    (poll #6)  order=01c67029
  [    448ms]  [92mVISIBLE[0m  (poll #7, X-Cache: MISS)  order=01c67029

[96mOrder 112/500:[0m
  [      5ms]  [91mstale[0m    (poll #1)  order=411d57cd
  [     66ms]  [91mstale[0m    (poll #2)  order=411d57cd
  [    128ms]  [91mstale[0m    (poll #3)  order=411d57cd
  [    197ms]  [91mstale[0m    (poll #4)  order=411d57cd
  [    265ms]  [91mstale[0m    (poll #5)  order=411d57cd
  [    333ms]  [91mstale[0m    (poll #6)  order=411d57cd
  [    406ms]  [91mstale[0m    (poll #7)  order=411d57cd
  [    477ms]  [92mVISIBLE[0m  (poll #8, X-Cache: MISS)  order=411d57cd

[96mOrder 113/500:[0m
  [     10ms]  [91mstale[0m    (poll #1)  order=b3d216fc
  [     75ms]  [91mstale[0m    (poll #2)  order=b3d216fc
  [    141ms]  [91mstale[0m    (poll #3)  order=b3d216fc
  [    208ms]  [91mstale[0m    (poll #4)  order=b3d216fc
  [    279ms]  [91mstale[0m    (poll #5)  order=b3d216fc
  [    351ms]  [91mstale[0m    (poll #6)  order=b3d216fc
  [    421ms]  [91mstale[0m    (poll #7)  order=b3d216fc
  [    491ms]  [92mVISIBLE[0m  (poll #8, X-Cache: MISS)  order=b3d216fc

[96mOrder 114/500:[0m
  [      9ms]  [91mstale[0m    (poll #1)  order=c041c5d5
  [     74ms]  [91mstale[0m    (poll #2)  order=c041c5d5
  [    140ms]  [91mstale[0m    (poll #3)  order=c041c5d5
  [    210ms]  [91mstale[0m    (poll #4)  order=c041c5d5
  [    279ms]  [91mstale[0m    (poll #5)  order=c041c5d5
  [    350ms]  [91mstale[0m    (poll #6)  order=c041c5d5
  [    419ms]  [91mstale[0m    (poll #7)  order=c041c5d5
  [    491ms]  [92mVISIBLE[0m  (poll #8, X-Cache: MISS)  order=c041c5d5

[96mOrder 115/500:[0m
  [      5ms]  [91mstale[0m    (poll #1)  order=4f9f1c3a
  [     66ms]  [91mstale[0m    (poll #2)  order=4f9f1c3a
  [    128ms]  [91mstale[0m    (poll #3)  order=4f9f1c3a
  [    186ms]  [91mstale[0m    (poll #4)  order=4f9f1c3a
  [    249ms]  [91mstale[0m    (poll #5)  order=4f9f1c3a
  [    307ms]  [91mstale[0m    (poll #6)  order=4f9f1c3a
  [    368ms]  [91mstale[0m    (poll #7)  order=4f9f1c3a
  [    428ms]  [91mstale[0m    (poll #8)  order=4f9f1c3a
  [    489ms]  [92mVISIBLE[0m  (poll #9, X-Cache: MISS)  order=4f9f1c3a

[96mOrder 116/500:[0m
  [      4ms]  [91mstale[0m    (poll #1)  order=fa26bda5
  [     64ms]  [91mstale[0m    (poll #2)  order=fa26bda5
  [    124ms]  [91mstale[0m    (poll #3)  order=fa26bda5
  [    186ms]  [91mstale[0m    (poll #4)  order=fa26bda5
  [    250ms]  [91mstale[0m    (poll #5)  order=fa26bda5
  [    312ms]  [91mstale[0m    (poll #6)  order=fa26bda5
  [    379ms]  [91mstale[0m    (poll #7)  order=fa26bda5
  [    450ms]  [91mstale[0m    (poll #8)  order=fa26bda5
  [    522ms]  [92mVISIBLE[0m  (poll #9, X-Cache: MISS)  order=fa26bda5

[96mOrder 117/500:[0m
  [      8ms]  [91mstale[0m    (poll #1)  order=7c996927
  [     72ms]  [91mstale[0m    (poll #2)  order=7c996927
  [    136ms]  [91mstale[0m    (poll #3)  order=7c996927
  [    201ms]  [91mstale[0m    (poll #4)  order=7c996927
  [    269ms]  [91mstale[0m    (poll #5)  order=7c996927
  [    339ms]  [91mstale[0m    (poll #6)  order=7c996927
  [    413ms]  [91mstale[0m    (poll #7)  order=7c996927
  [    481ms]  [92mVISIBLE[0m  (poll #8, X-Cache: MISS)  order=7c996927

[96mOrder 118/500:[0m
  [      9ms]  [91mstale[0m    (poll #1)  order=6aa1b802
  [     73ms]  [91mstale[0m    (poll #2)  order=6aa1b802
  [    139ms]  [91mstale[0m    (poll #3)  order=6aa1b802
  [    209ms]  [91mstale[0m    (poll #4)  order=6aa1b802
  [    273ms]  [91mstale[0m    (poll #5)  order=6aa1b802
  [    329ms]  [91mstale[0m    (poll #6)  order=6aa1b802
  [    391ms]  [91mstale[0m    (poll #7)  order=6aa1b802
  [    452ms]  [91mstale[0m    (poll #8)  order=6aa1b802
  [    512ms]  [92mVISIBLE[0m  (poll #9, X-Cache: MISS)  order=6aa1b802

[96mOrder 119/500:[0m
  [      4ms]  [91mstale[0m    (poll #1)  order=16e0b56a
  [     65ms]  [91mstale[0m    (poll #2)  order=16e0b56a
  [    129ms]  [91mstale[0m    (poll #3)  order=16e0b56a
  [    192ms]  [91mstale[0m    (poll #4)  order=16e0b56a
  [    256ms]  [91mstale[0m    (poll #5)  order=16e0b56a
  [    323ms]  [91mstale[0m    (poll #6)  order=16e0b56a
  [    396ms]  [91mstale[0m    (poll #7)  order=16e0b56a
  [    469ms]  [91mstale[0m    (poll #8)  order=16e0b56a
  [    541ms]  [92mVISIBLE[0m  (poll #9, X-Cache: MISS)  order=16e0b56a

[96mOrder 120/500:[0m
  [      8ms]  [91mstale[0m    (poll #1)  order=c9b95d81
  [     69ms]  [91mstale[0m    (poll #2)  order=c9b95d81
  [    135ms]  [91mstale[0m    (poll #3)  order=c9b95d81
  [    195ms]  [91mstale[0m    (poll #4)  order=c9b95d81
  [    258ms]  [91mstale[0m    (poll #5)  order=c9b95d81
  [    318ms]  [91mstale[0m    (poll #6)  order=c9b95d81
  [    378ms]  [91mstale[0m    (poll #7)  order=c9b95d81
  [    440ms]  [92mVISIBLE[0m  (poll #8, X-Cache: MISS)  order=c9b95d81

[96mOrder 121/500:[0m
  [      6ms]  [91mstale[0m    (poll #1)  order=522a626c
  [     70ms]  [91mstale[0m    (poll #2)  order=522a626c
  [    135ms]  [91mstale[0m    (poll #3)  order=522a626c
  [    203ms]  [91mstale[0m    (poll #4)  order=522a626c
  [    271ms]  [91mstale[0m    (poll #5)  order=522a626c
  [    343ms]  [91mstale[0m    (poll #6)  order=522a626c
  [    417ms]  [92mVISIBLE[0m  (poll #7, X-Cache: MISS)  order=522a626c

[96mOrder 122/500:[0m
  [      9ms]  [91mstale[0m    (poll #1)  order=51ce1ce3
  [     72ms]  [91mstale[0m    (poll #2)  order=51ce1ce3
  [    138ms]  [91mstale[0m    (poll #3)  order=51ce1ce3
  [    208ms]  [91mstale[0m    (poll #4)  order=51ce1ce3
  [    280ms]  [91mstale[0m    (poll #5)  order=51ce1ce3
  [    350ms]  [91mstale[0m    (poll #6)  order=51ce1ce3
  [    421ms]  [91mstale[0m    (poll #7)  order=51ce1ce3
  [    493ms]  [92mVISIBLE[0m  (poll #8, X-Cache: MISS)  order=51ce1ce3

[96mOrder 123/500:[0m
  [      8ms]  [91mstale[0m    (poll #1)  order=b0f22e84
  [     72ms]  [91mstale[0m    (poll #2)  order=b0f22e84
  [    138ms]  [91mstale[0m    (poll #3)  order=b0f22e84
  [    204ms]  [91mstale[0m    (poll #4)  order=b0f22e84
  [    275ms]  [91mstale[0m    (poll #5)  order=b0f22e84
  [    344ms]  [91mstale[0m    (poll #6)  order=b0f22e84
  [    409ms]  [91mstale[0m    (poll #7)  order=b0f22e84
  [    480ms]  [91mstale[0m    (poll #8)  order=b0f22e84
  [    554ms]  [92mVISIBLE[0m  (poll #9, X-Cache: MISS)  order=b0f22e84

[96mOrder 124/500:[0m
  [      9ms]  [91mstale[0m    (poll #1)  order=4e9fdddb
  [     74ms]  [91mstale[0m    (poll #2)  order=4e9fdddb
  [    134ms]  [91mstale[0m    (poll #3)  order=4e9fdddb
  [    199ms]  [91mstale[0m    (poll #4)  order=4e9fdddb
  [    269ms]  [91mstale[0m    (poll #5)  order=4e9fdddb
  [    335ms]  [91mstale[0m    (poll #6)  order=4e9fdddb
  [    404ms]  [91mstale[0m    (poll #7)  order=4e9fdddb
  [    475ms]  [92mVISIBLE[0m  (poll #8, X-Cache: MISS)  order=4e9fdddb

[96mOrder 125/500:[0m
  [      8ms]  [91mstale[0m    (poll #1)  order=ae8a5d7c
  [     71ms]  [91mstale[0m    (poll #2)  order=ae8a5d7c
  [    137ms]  [91mstale[0m    (poll #3)  order=ae8a5d7c
  [    204ms]  [91mstale[0m    (poll #4)  order=ae8a5d7c
  [    271ms]  [91mstale[0m    (poll #5)  order=ae8a5d7c
  [    341ms]  [91mstale[0m    (poll #6)  order=ae8a5d7c
  [    409ms]  [91mstale[0m    (poll #7)  order=ae8a5d7c
  [    475ms]  [91mstale[0m    (poll #8)  order=ae8a5d7c
  [    536ms]  [92mVISIBLE[0m  (poll #9, X-Cache: MISS)  order=ae8a5d7c

[96mOrder 126/500:[0m
  [      4ms]  [91mstale[0m    (poll #1)  order=faf44d4c
  [     65ms]  [91mstale[0m    (poll #2)  order=faf44d4c
  [    124ms]  [91mstale[0m    (poll #3)  order=faf44d4c
  [    182ms]  [91mstale[0m    (poll #4)  order=faf44d4c
  [    245ms]  [91mstale[0m    (poll #5)  order=faf44d4c
  [    313ms]  [91mstale[0m    (poll #6)  order=faf44d4c
  [    382ms]  [91mstale[0m    (poll #7)  order=faf44d4c
  [    451ms]  [91mstale[0m    (poll #8)  order=faf44d4c
  [    520ms]  [92mVISIBLE[0m  (poll #9, X-Cache: MISS)  order=faf44d4c

[96mOrder 127/500:[0m
  [      6ms]  [91mstale[0m    (poll #1)  order=51af668d
  [     67ms]  [91mstale[0m    (poll #2)  order=51af668d
  [    130ms]  [91mstale[0m    (poll #3)  order=51af668d
  [    195ms]  [91mstale[0m    (poll #4)  order=51af668d
  [    262ms]  [91mstale[0m    (poll #5)  order=51af668d
  [    328ms]  [91mstale[0m    (poll #6)  order=51af668d
  [    391ms]  [91mstale[0m    (poll #7)  order=51af668d
  [    460ms]  [92mVISIBLE[0m  (poll #8, X-Cache: MISS)  order=51af668d

[96mOrder 128/500:[0m
  [      8ms]  [91mstale[0m    (poll #1)  order=fb2a687d
  [     72ms]  [91mstale[0m    (poll #2)  order=fb2a687d
  [    137ms]  [91mstale[0m    (poll #3)  order=fb2a687d
  [    205ms]  [91mstale[0m    (poll #4)  order=fb2a687d
  [    273ms]  [91mstale[0m    (poll #5)  order=fb2a687d
  [    341ms]  [91mstale[0m    (poll #6)  order=fb2a687d
  [    406ms]  [91mstale[0m    (poll #7)  order=fb2a687d
  [    472ms]  [91mstale[0m    (poll #8)  order=fb2a687d
  [    540ms]  [92mVISIBLE[0m  (poll #9, X-Cache: MISS)  order=fb2a687d

[96mOrder 129/500:[0m
  [      8ms]  [91mstale[0m    (poll #1)  order=1b6cadfa
  [     67ms]  [91mstale[0m    (poll #2)  order=1b6cadfa
  [    130ms]  [91mstale[0m    (poll #3)  order=1b6cadfa
  [    200ms]  [91mstale[0m    (poll #4)  order=1b6cadfa
  [    267ms]  [91mstale[0m    (poll #5)  order=1b6cadfa
  [    336ms]  [91mstale[0m    (poll #6)  order=1b6cadfa
  [    405ms]  [91mstale[0m    (poll #7)  order=1b6cadfa
  [    474ms]  [92mVISIBLE[0m  (poll #8, X-Cache: MISS)  order=1b6cadfa

[96mOrder 130/500:[0m
  [      9ms]  [91mstale[0m    (poll #1)  order=ed5dce9c
  [     73ms]  [91mstale[0m    (poll #2)  order=ed5dce9c
  [    138ms]  [91mstale[0m    (poll #3)  order=ed5dce9c
  [    203ms]  [91mstale[0m    (poll #4)  order=ed5dce9c
  [    273ms]  [91mstale[0m    (poll #5)  order=ed5dce9c
  [    343ms]  [91mstale[0m    (poll #6)  order=ed5dce9c
  [    413ms]  [91mstale[0m    (poll #7)  order=ed5dce9c
  [    481ms]  [92mVISIBLE[0m  (poll #8, X-Cache: MISS)  order=ed5dce9c

[96mOrder 131/500:[0m
  [      6ms]  [91mstale[0m    (poll #1)  order=2cf5be5d
  [     63ms]  [91mstale[0m    (poll #2)  order=2cf5be5d
  [    125ms]  [91mstale[0m    (poll #3)  order=2cf5be5d
  [    196ms]  [91mstale[0m    (poll #4)  order=2cf5be5d
  [    267ms]  [91mstale[0m    (poll #5)  order=2cf5be5d
  [    338ms]  [91mstale[0m    (poll #6)  order=2cf5be5d
  [    410ms]  [91mstale[0m    (poll #7)  order=2cf5be5d
  [    478ms]  [91mstale[0m    (poll #8)  order=2cf5be5d
  [    548ms]  [92mVISIBLE[0m  (poll #9, X-Cache: MISS)  order=2cf5be5d

[96mOrder 132/500:[0m
  [     10ms]  [91mstale[0m    (poll #1)  order=2c03f880
  [     74ms]  [91mstale[0m    (poll #2)  order=2c03f880
  [    137ms]  [91mstale[0m    (poll #3)  order=2c03f880
  [    203ms]  [91mstale[0m    (poll #4)  order=2c03f880
  [    273ms]  [91mstale[0m    (poll #5)  order=2c03f880
  [    338ms]  [91mstale[0m    (poll #6)  order=2c03f880
  [    405ms]  [91mstale[0m    (poll #7)  order=2c03f880
  [    473ms]  [92mVISIBLE[0m  (poll #8, X-Cache: MISS)  order=2c03f880

[96mOrder 133/500:[0m
  [      9ms]  [91mstale[0m    (poll #1)  order=b67fa6f9
  [     69ms]  [91mstale[0m    (poll #2)  order=b67fa6f9
  [    134ms]  [91mstale[0m    (poll #3)  order=b67fa6f9
  [    200ms]  [91mstale[0m    (poll #4)  order=b67fa6f9
  [    272ms]  [91mstale[0m    (poll #5)  order=b67fa6f9
  [    345ms]  [91mstale[0m    (poll #6)  order=b67fa6f9
  [    413ms]  [92mVISIBLE[0m  (poll #7, X-Cache: MISS)  order=b67fa6f9

[96mOrder 134/500:[0m
  [      7ms]  [91mstale[0m    (poll #1)  order=81bb81c7
  [     67ms]  [91mstale[0m    (poll #2)  order=81bb81c7
  [    132ms]  [91mstale[0m    (poll #3)  order=81bb81c7
  [    199ms]  [91mstale[0m    (poll #4)  order=81bb81c7
  [    264ms]  [91mstale[0m    (poll #5)  order=81bb81c7
  [    334ms]  [91mstale[0m    (poll #6)  order=81bb81c7
  [    403ms]  [91mstale[0m    (poll #7)  order=81bb81c7
  [    471ms]  [91mstale[0m    (poll #8)  order=81bb81c7
  [    530ms]  [92mVISIBLE[0m  (poll #9, X-Cache: MISS)  order=81bb81c7

[96mOrder 135/500:[0m
  [      4ms]  [91mstale[0m    (poll #1)  order=5873f580
  [     64ms]  [91mstale[0m    (poll #2)  order=5873f580
  [    126ms]  [91mstale[0m    (poll #3)  order=5873f580
  [    185ms]  [91mstale[0m    (poll #4)  order=5873f580
  [    243ms]  [91mstale[0m    (poll #5)  order=5873f580
  [    307ms]  [91mstale[0m    (poll #6)  order=5873f580
  [    374ms]  [92mVISIBLE[0m  (poll #7, X-Cache: MISS)  order=5873f580

[96mOrder 136/500:[0m
  [      4ms]  [91mstale[0m    (poll #1)  order=7cd554e1
  [     64ms]  [91mstale[0m    (poll #2)  order=7cd554e1
  [    127ms]  [91mstale[0m    (poll #3)  order=7cd554e1
  [    189ms]  [91mstale[0m    (poll #4)  order=7cd554e1
  [    253ms]  [91mstale[0m    (poll #5)  order=7cd554e1
  [    317ms]  [91mstale[0m    (poll #6)  order=7cd554e1
  [    387ms]  [91mstale[0m    (poll #7)  order=7cd554e1
  [    465ms]  [91mstale[0m    (poll #8)  order=7cd554e1
  [    527ms]  [92mVISIBLE[0m  (poll #9, X-Cache: MISS)  order=7cd554e1

[96mOrder 137/500:[0m
  [      6ms]  [91mstale[0m    (poll #1)  order=67d4410e
  [     70ms]  [91mstale[0m    (poll #2)  order=67d4410e
  [    133ms]  [91mstale[0m    (poll #3)  order=67d4410e
  [    201ms]  [91mstale[0m    (poll #4)  order=67d4410e
  [    266ms]  [91mstale[0m    (poll #5)  order=67d4410e
  [    333ms]  [91mstale[0m    (poll #6)  order=67d4410e
  [    405ms]  [92mVISIBLE[0m  (poll #7, X-Cache: MISS)  order=67d4410e

[96mOrder 138/500:[0m
  [     10ms]  [91mstale[0m    (poll #1)  order=48e21a60
  [     70ms]  [91mstale[0m    (poll #2)  order=48e21a60
  [    134ms]  [91mstale[0m    (poll #3)  order=48e21a60
  [    203ms]  [91mstale[0m    (poll #4)  order=48e21a60
  [    271ms]  [91mstale[0m    (poll #5)  order=48e21a60
  [    341ms]  [91mstale[0m    (poll #6)  order=48e21a60
  [    410ms]  [91mstale[0m    (poll #7)  order=48e21a60
  [    476ms]  [91mstale[0m    (poll #8)  order=48e21a60
  [    537ms]  [92mVISIBLE[0m  (poll #9, X-Cache: MISS)  order=48e21a60

[96mOrder 139/500:[0m
  [      4ms]  [91mstale[0m    (poll #1)  order=16e4f92d
  [     62ms]  [91mstale[0m    (poll #2)  order=16e4f92d
  [    120ms]  [91mstale[0m    (poll #3)  order=16e4f92d
  [    179ms]  [91mstale[0m    (poll #4)  order=16e4f92d
  [    239ms]  [91mstale[0m    (poll #5)  order=16e4f92d
  [    301ms]  [91mstale[0m    (poll #6)  order=16e4f92d
  [    363ms]  [91mstale[0m    (poll #7)  order=16e4f92d
  [    428ms]  [91mstale[0m    (poll #8)  order=16e4f92d
  [    498ms]  [92mVISIBLE[0m  (poll #9, X-Cache: MISS)  order=16e4f92d

[96mOrder 140/500:[0m
  [      9ms]  [91mstale[0m    (poll #1)  order=13acdb21
  [     71ms]  [91mstale[0m    (poll #2)  order=13acdb21
  [    138ms]  [91mstale[0m    (poll #3)  order=13acdb21
  [    199ms]  [91mstale[0m    (poll #4)  order=13acdb21
  [    261ms]  [91mstale[0m    (poll #5)  order=13acdb21
  [    324ms]  [91mstale[0m    (poll #6)  order=13acdb21
  [    386ms]  [92mVISIBLE[0m  (poll #7, X-Cache: MISS)  order=13acdb21

[96mOrder 141/500:[0m
  [      6ms]  [91mstale[0m    (poll #1)  order=7783f593
  [     68ms]  [91mstale[0m    (poll #2)  order=7783f593
  [    133ms]  [91mstale[0m    (poll #3)  order=7783f593
  [    201ms]  [91mstale[0m    (poll #4)  order=7783f593
  [    270ms]  [91mstale[0m    (poll #5)  order=7783f593
  [    337ms]  [91mstale[0m    (poll #6)  order=7783f593
  [    409ms]  [91mstale[0m    (poll #7)  order=7783f593
  [    482ms]  [92mVISIBLE[0m  (poll #8, X-Cache: MISS)  order=7783f593

[96mOrder 142/500:[0m
  [      9ms]  [91mstale[0m    (poll #1)  order=118c9092
  [     73ms]  [91mstale[0m    (poll #2)  order=118c9092
  [    141ms]  [91mstale[0m    (poll #3)  order=118c9092
  [    216ms]  [91mstale[0m    (poll #4)  order=118c9092
  [    288ms]  [91mstale[0m    (poll #5)  order=118c9092
  [    366ms]  [91mstale[0m    (poll #6)  order=118c9092
  [    431ms]  [91mstale[0m    (poll #7)  order=118c9092
  [    497ms]  [91mstale[0m    (poll #8)  order=118c9092
  [    565ms]  [92mVISIBLE[0m  (poll #9, X-Cache: MISS)  order=118c9092

[96mOrder 143/500:[0m
  [      8ms]  [91mstale[0m    (poll #1)  order=5b00a273
  [     68ms]  [91mstale[0m    (poll #2)  order=5b00a273
  [    132ms]  [91mstale[0m    (poll #3)  order=5b00a273
  [    201ms]  [91mstale[0m    (poll #4)  order=5b00a273
  [    276ms]  [91mstale[0m    (poll #5)  order=5b00a273
  [    347ms]  [92mVISIBLE[0m  (poll #6, X-Cache: MISS)  order=5b00a273

[96mOrder 144/500:[0m
  [      8ms]  [91mstale[0m    (poll #1)  order=df180ea6
  [     72ms]  [91mstale[0m    (poll #2)  order=df180ea6
  [    136ms]  [91mstale[0m    (poll #3)  order=df180ea6
  [    201ms]  [91mstale[0m    (poll #4)  order=df180ea6
  [    268ms]  [91mstale[0m    (poll #5)  order=df180ea6
  [    337ms]  [91mstale[0m    (poll #6)  order=df180ea6
  [    410ms]  [91mstale[0m    (poll #7)  order=df180ea6
  [    480ms]  [91mstale[0m    (poll #8)  order=df180ea6
  [    552ms]  [92mVISIBLE[0m  (poll #9, X-Cache: MISS)  order=df180ea6

[96mOrder 145/500:[0m
  [      7ms]  [91mstale[0m    (poll #1)  order=fcfdae0f
  [     67ms]  [91mstale[0m    (poll #2)  order=fcfdae0f
  [    127ms]  [91mstale[0m    (poll #3)  order=fcfdae0f
  [    192ms]  [91mstale[0m    (poll #4)  order=fcfdae0f
  [    258ms]  [91mstale[0m    (poll #5)  order=fcfdae0f
  [    327ms]  [91mstale[0m    (poll #6)  order=fcfdae0f
  [    395ms]  [91mstale[0m    (poll #7)  order=fcfdae0f
  [    468ms]  [92mVISIBLE[0m  (poll #8, X-Cache: MISS)  order=fcfdae0f

[96mOrder 146/500:[0m
  [      8ms]  [91mstale[0m    (poll #1)  order=ab45e83e
  [     71ms]  [91mstale[0m    (poll #2)  order=ab45e83e
  [    130ms]  [91mstale[0m    (poll #3)  order=ab45e83e
  [    193ms]  [91mstale[0m    (poll #4)  order=ab45e83e
  [    256ms]  [91mstale[0m    (poll #5)  order=ab45e83e
  [    318ms]  [91mstale[0m    (poll #6)  order=ab45e83e
  [    381ms]  [91mstale[0m    (poll #7)  order=ab45e83e
  [    447ms]  [92mVISIBLE[0m  (poll #8, X-Cache: MISS)  order=ab45e83e

[96mOrder 147/500:[0m
  [      5ms]  [91mstale[0m    (poll #1)  order=6f5cff77
  [     64ms]  [91mstale[0m    (poll #2)  order=6f5cff77
  [    124ms]  [91mstale[0m    (poll #3)  order=6f5cff77
  [    186ms]  [91mstale[0m    (poll #4)  order=6f5cff77
  [    252ms]  [91mstale[0m    (poll #5)  order=6f5cff77
  [    323ms]  [91mstale[0m    (poll #6)  order=6f5cff77
  [    394ms]  [91mstale[0m    (poll #7)  order=6f5cff77
  [    465ms]  [92mVISIBLE[0m  (poll #8, X-Cache: MISS)  order=6f5cff77

[96mOrder 148/500:[0m
  [      7ms]  [91mstale[0m    (poll #1)  order=30d8cd2e
  [     67ms]  [91mstale[0m    (poll #2)  order=30d8cd2e
  [    132ms]  [91mstale[0m    (poll #3)  order=30d8cd2e
  [    200ms]  [91mstale[0m    (poll #4)  order=30d8cd2e
  [    270ms]  [91mstale[0m    (poll #5)  order=30d8cd2e
  [    341ms]  [91mstale[0m    (poll #6)  order=30d8cd2e
  [    413ms]  [91mstale[0m    (poll #7)  order=30d8cd2e
  [    484ms]  [91mstale[0m    (poll #8)  order=30d8cd2e
  [    558ms]  [92mVISIBLE[0m  (poll #9, X-Cache: MISS)  order=30d8cd2e

[96mOrder 149/500:[0m
  [      9ms]  [91mstale[0m    (poll #1)  order=f7b8537b
  [     69ms]  [91mstale[0m    (poll #2)  order=f7b8537b
  [    135ms]  [91mstale[0m    (poll #3)  order=f7b8537b
  [    198ms]  [91mstale[0m    (poll #4)  order=f7b8537b
  [    263ms]  [91mstale[0m    (poll #5)  order=f7b8537b
  [    335ms]  [91mstale[0m    (poll #6)  order=f7b8537b
  [    407ms]  [91mstale[0m    (poll #7)  order=f7b8537b
  [    481ms]  [92mVISIBLE[0m  (poll #8, X-Cache: MISS)  order=f7b8537b

[96mOrder 150/500:[0m
  [     10ms]  [91mstale[0m    (poll #1)  order=2507489c
  [     74ms]  [91mstale[0m    (poll #2)  order=2507489c
  [    137ms]  [91mstale[0m    (poll #3)  order=2507489c
  [    200ms]  [91mstale[0m    (poll #4)  order=2507489c
  [    272ms]  [91mstale[0m    (poll #5)  order=2507489c
  [    341ms]  [91mstale[0m    (poll #6)  order=2507489c
  [    413ms]  [91mstale[0m    (poll #7)  order=2507489c
  [    486ms]  [92mVISIBLE[0m  (poll #8, X-Cache: MISS)  order=2507489c

[96mOrder 151/500:[0m
  [      7ms]  [91mstale[0m    (poll #1)  order=5b9e1f02
  [     71ms]  [91mstale[0m    (poll #2)  order=5b9e1f02
  [    134ms]  [91mstale[0m    (poll #3)  order=5b9e1f02
  [    200ms]  [91mstale[0m    (poll #4)  order=5b9e1f02
  [    271ms]  [91mstale[0m    (poll #5)  order=5b9e1f02
  [    342ms]  [91mstale[0m    (poll #6)  order=5b9e1f02
  [    412ms]  [91mstale[0m    (poll #7)  order=5b9e1f02
  [    484ms]  [91mstale[0m    (poll #8)  order=5b9e1f02
  [    551ms]  [92mVISIBLE[0m  (poll #9, X-Cache: MISS)  order=5b9e1f02

[96mOrder 152/500:[0m
  [      6ms]  [91mstale[0m    (poll #1)  order=c8c0927b
  [     69ms]  [91mstale[0m    (poll #2)  order=c8c0927b
  [    132ms]  [91mstale[0m    (poll #3)  order=c8c0927b
  [    201ms]  [91mstale[0m    (poll #4)  order=c8c0927b
  [    277ms]  [91mstale[0m    (poll #5)  order=c8c0927b
  [    349ms]  [91mstale[0m    (poll #6)  order=c8c0927b
  [    420ms]  [91mstale[0m    (poll #7)  order=c8c0927b
  [    492ms]  [92mVISIBLE[0m  (poll #8, X-Cache: MISS)  order=c8c0927b

[96mOrder 153/500:[0m
  [      7ms]  [91mstale[0m    (poll #1)  order=32377af7
  [     66ms]  [91mstale[0m    (poll #2)  order=32377af7
  [    131ms]  [91mstale[0m    (poll #3)  order=32377af7
  [    199ms]  [91mstale[0m    (poll #4)  order=32377af7
  [    265ms]  [91mstale[0m    (poll #5)  order=32377af7
  [    335ms]  [91mstale[0m    (poll #6)  order=32377af7
  [    404ms]  [91mstale[0m    (poll #7)  order=32377af7
  [    474ms]  [92mVISIBLE[0m  (poll #8, X-Cache: MISS)  order=32377af7

[96mOrder 154/500:[0m
  [      7ms]  [91mstale[0m    (poll #1)  order=37f6aeae
  [     66ms]  [91mstale[0m    (poll #2)  order=37f6aeae
  [    128ms]  [91mstale[0m    (poll #3)  order=37f6aeae
  [    193ms]  [91mstale[0m    (poll #4)  order=37f6aeae
  [    263ms]  [91mstale[0m    (poll #5)  order=37f6aeae
  [    348ms]  [91mstale[0m    (poll #6)  order=37f6aeae
  [    432ms]  [91mstale[0m    (poll #7)  order=37f6aeae
  [    505ms]  [92mVISIBLE[0m  (poll #8, X-Cache: MISS)  order=37f6aeae

[96mOrder 155/500:[0m
  [      7ms]  [91mstale[0m    (poll #1)  order=a5d3c601
  [     69ms]  [91mstale[0m    (poll #2)  order=a5d3c601
  [    130ms]  [91mstale[0m    (poll #3)  order=a5d3c601
  [    191ms]  [91mstale[0m    (poll #4)  order=a5d3c601
  [    254ms]  [91mstale[0m    (poll #5)  order=a5d3c601
  [    314ms]  [91mstale[0m    (poll #6)  order=a5d3c601
  [    380ms]  [91mstale[0m    (poll #7)  order=a5d3c601
  [    449ms]  [91mstale[0m    (poll #8)  order=a5d3c601
  [    520ms]  [92mVISIBLE[0m  (poll #9, X-Cache: MISS)  order=a5d3c601

[96mOrder 156/500:[0m
  [      6ms]  [91mstale[0m    (poll #1)  order=e918af46
  [     69ms]  [91mstale[0m    (poll #2)  order=e918af46
  [    128ms]  [91mstale[0m    (poll #3)  order=e918af46
  [    189ms]  [91mstale[0m    (poll #4)  order=e918af46
  [    252ms]  [91mstale[0m    (poll #5)  order=e918af46
  [    316ms]  [91mstale[0m    (poll #6)  order=e918af46
  [    383ms]  [91mstale[0m    (poll #7)  order=e918af46
  [    453ms]  [91mstale[0m    (poll #8)  order=e918af46
  [    529ms]  [92mVISIBLE[0m  (poll #9, X-Cache: MISS)  order=e918af46

[96mOrder 157/500:[0m
  [     10ms]  [91mstale[0m    (poll #1)  order=582e528c
  [     76ms]  [91mstale[0m    (poll #2)  order=582e528c
  [    140ms]  [91mstale[0m    (poll #3)  order=582e528c
  [    204ms]  [91mstale[0m    (poll #4)  order=582e528c
  [    271ms]  [91mstale[0m    (poll #5)  order=582e528c
  [    343ms]  [91mstale[0m    (poll #6)  order=582e528c
  [    414ms]  [91mstale[0m    (poll #7)  order=582e528c
  [    485ms]  [92mVISIBLE[0m  (poll #8, X-Cache: MISS)  order=582e528c

[96mOrder 158/500:[0m
  [     10ms]  [91mstale[0m    (poll #1)  order=43c4b64a
  [     74ms]  [91mstale[0m    (poll #2)  order=43c4b64a
  [    137ms]  [91mstale[0m    (poll #3)  order=43c4b64a
  [    201ms]  [91mstale[0m    (poll #4)  order=43c4b64a
  [    269ms]  [91mstale[0m    (poll #5)  order=43c4b64a
  [    336ms]  [91mstale[0m    (poll #6)  order=43c4b64a
  [    409ms]  [91mstale[0m    (poll #7)  order=43c4b64a
  [    480ms]  [92mVISIBLE[0m  (poll #8, X-Cache: MISS)  order=43c4b64a

[96mOrder 159/500:[0m
  [      8ms]  [91mstale[0m    (poll #1)  order=5938d3e5
  [     72ms]  [91mstale[0m    (poll #2)  order=5938d3e5
  [    130ms]  [91mstale[0m    (poll #3)  order=5938d3e5
  [    191ms]  [91mstale[0m    (poll #4)  order=5938d3e5
  [    253ms]  [91mstale[0m    (poll #5)  order=5938d3e5
  [    314ms]  [91mstale[0m    (poll #6)  order=5938d3e5
  [    373ms]  [91mstale[0m    (poll #7)  order=5938d3e5
  [    435ms]  [91mstale[0m    (poll #8)  order=5938d3e5
  [    500ms]  [92mVISIBLE[0m  (poll #9, X-Cache: MISS)  order=5938d3e5

[96mOrder 160/500:[0m
  [      7ms]  [91mstale[0m    (poll #1)  order=0ccc5963
  [     72ms]  [91mstale[0m    (poll #2)  order=0ccc5963
  [    132ms]  [91mstale[0m    (poll #3)  order=0ccc5963
  [    193ms]  [91mstale[0m    (poll #4)  order=0ccc5963
  [    254ms]  [91mstale[0m    (poll #5)  order=0ccc5963
  [    317ms]  [91mstale[0m    (poll #6)  order=0ccc5963
  [    382ms]  [91mstale[0m    (poll #7)  order=0ccc5963
  [    452ms]  [92mVISIBLE[0m  (poll #8, X-Cache: MISS)  order=0ccc5963

[96mOrder 161/500:[0m
  [      7ms]  [91mstale[0m    (poll #1)  order=48754f84
  [     72ms]  [91mstale[0m    (poll #2)  order=48754f84
  [    138ms]  [91mstale[0m    (poll #3)  order=48754f84
  [    201ms]  [91mstale[0m    (poll #4)  order=48754f84
  [    272ms]  [91mstale[0m    (poll #5)  order=48754f84
  [    345ms]  [91mstale[0m    (poll #6)  order=48754f84
  [    417ms]  [91mstale[0m    (poll #7)  order=48754f84
  [    487ms]  [92mVISIBLE[0m  (poll #8, X-Cache: MISS)  order=48754f84

[96mOrder 162/500:[0m
  [      9ms]  [91mstale[0m    (poll #1)  order=eddd47e7
  [     74ms]  [91mstale[0m    (poll #2)  order=eddd47e7
  [    135ms]  [91mstale[0m    (poll #3)  order=eddd47e7
  [    201ms]  [91mstale[0m    (poll #4)  order=eddd47e7
  [    270ms]  [91mstale[0m    (poll #5)  order=eddd47e7
  [    342ms]  [91mstale[0m    (poll #6)  order=eddd47e7
  [    416ms]  [91mstale[0m    (poll #7)  order=eddd47e7
  [    485ms]  [92mVISIBLE[0m  (poll #8, X-Cache: MISS)  order=eddd47e7

[96mOrder 163/500:[0m
  [      7ms]  [91mstale[0m    (poll #1)  order=4fe047db
  [     69ms]  [91mstale[0m    (poll #2)  order=4fe047db
  [    131ms]  [91mstale[0m    (poll #3)  order=4fe047db
  [    195ms]  [91mstale[0m    (poll #4)  order=4fe047db
  [    267ms]  [91mstale[0m    (poll #5)  order=4fe047db
  [    338ms]  [91mstale[0m    (poll #6)  order=4fe047db
  [    407ms]  [91mstale[0m    (poll #7)  order=4fe047db
  [    480ms]  [92mVISIBLE[0m  (poll #8, X-Cache: MISS)  order=4fe047db

[96mOrder 164/500:[0m
  [      7ms]  [91mstale[0m    (poll #1)  order=65890528
  [     70ms]  [91mstale[0m    (poll #2)  order=65890528
  [    134ms]  [91mstale[0m    (poll #3)  order=65890528
  [    203ms]  [91mstale[0m    (poll #4)  order=65890528
  [    274ms]  [91mstale[0m    (poll #5)  order=65890528
  [    346ms]  [91mstale[0m    (poll #6)  order=65890528
  [    418ms]  [91mstale[0m    (poll #7)  order=65890528
  [    486ms]  [91mstale[0m    (poll #8)  order=65890528
  [    556ms]  [92mVISIBLE[0m  (poll #9, X-Cache: MISS)  order=65890528

[96mOrder 165/500:[0m
  [      9ms]  [91mstale[0m    (poll #1)  order=15e70938
  [     73ms]  [91mstale[0m    (poll #2)  order=15e70938
  [    139ms]  [91mstale[0m    (poll #3)  order=15e70938
  [    208ms]  [91mstale[0m    (poll #4)  order=15e70938
  [    279ms]  [91mstale[0m    (poll #5)  order=15e70938
  [    350ms]  [91mstale[0m    (poll #6)  order=15e70938
  [    418ms]  [91mstale[0m    (poll #7)  order=15e70938
  [    484ms]  [92mVISIBLE[0m  (poll #8, X-Cache: MISS)  order=15e70938

[96mOrder 166/500:[0m
  [      5ms]  [91mstale[0m    (poll #1)  order=1b0ea104
  [     65ms]  [91mstale[0m    (poll #2)  order=1b0ea104
  [    122ms]  [91mstale[0m    (poll #3)  order=1b0ea104
  [    182ms]  [91mstale[0m    (poll #4)  order=1b0ea104
  [    242ms]  [91mstale[0m    (poll #5)  order=1b0ea104
  [    310ms]  [91mstale[0m    (poll #6)  order=1b0ea104
  [    382ms]  [91mstale[0m    (poll #7)  order=1b0ea104
  [    452ms]  [91mstale[0m    (poll #8)  order=1b0ea104
  [    518ms]  [92mVISIBLE[0m  (poll #9, X-Cache: MISS)  order=1b0ea104

[96mOrder 167/500:[0m
  [      7ms]  [91mstale[0m    (poll #1)  order=2e3d47da
  [     70ms]  [91mstale[0m    (poll #2)  order=2e3d47da
  [    133ms]  [91mstale[0m    (poll #3)  order=2e3d47da
  [    200ms]  [91mstale[0m    (poll #4)  order=2e3d47da
  [    264ms]  [91mstale[0m    (poll #5)  order=2e3d47da
  [    333ms]  [91mstale[0m    (poll #6)  order=2e3d47da
  [    404ms]  [91mstale[0m    (poll #7)  order=2e3d47da
  [    476ms]  [92mVISIBLE[0m  (poll #8, X-Cache: MISS)  order=2e3d47da

[96mOrder 168/500:[0m
  [      7ms]  [91mstale[0m    (poll #1)  order=bc29c205
  [     70ms]  [91mstale[0m    (poll #2)  order=bc29c205
  [    135ms]  [91mstale[0m    (poll #3)  order=bc29c205
  [    203ms]  [91mstale[0m    (poll #4)  order=bc29c205
  [    274ms]  [91mstale[0m    (poll #5)  order=bc29c205
  [    345ms]  [91mstale[0m    (poll #6)  order=bc29c205
  [    417ms]  [91mstale[0m    (poll #7)  order=bc29c205
  [    488ms]  [91mstale[0m    (poll #8)  order=bc29c205
  [    560ms]  [92mVISIBLE[0m  (poll #9, X-Cache: MISS)  order=bc29c205

[96mOrder 169/500:[0m
  [      9ms]  [91mstale[0m    (poll #1)  order=f1bf65c3
  [     71ms]  [91mstale[0m    (poll #2)  order=f1bf65c3
  [    131ms]  [91mstale[0m    (poll #3)  order=f1bf65c3
  [    200ms]  [91mstale[0m    (poll #4)  order=f1bf65c3
  [    271ms]  [91mstale[0m    (poll #5)  order=f1bf65c3
  [    343ms]  [91mstale[0m    (poll #6)  order=f1bf65c3
  [    415ms]  [91mstale[0m    (poll #7)  order=f1bf65c3
  [    486ms]  [92mVISIBLE[0m  (poll #8, X-Cache: MISS)  order=f1bf65c3

[96mOrder 170/500:[0m
  [      8ms]  [91mstale[0m    (poll #1)  order=44b0bdb9
  [     68ms]  [91mstale[0m    (poll #2)  order=44b0bdb9
  [    134ms]  [91mstale[0m    (poll #3)  order=44b0bdb9
  [    201ms]  [91mstale[0m    (poll #4)  order=44b0bdb9
  [    272ms]  [91mstale[0m    (poll #5)  order=44b0bdb9
  [    340ms]  [91mstale[0m    (poll #6)  order=44b0bdb9
  [    412ms]  [91mstale[0m    (poll #7)  order=44b0bdb9
  [    484ms]  [92mVISIBLE[0m  (poll #8, X-Cache: MISS)  order=44b0bdb9

[96mOrder 171/500:[0m
  [      8ms]  [91mstale[0m    (poll #1)  order=8bfb6206
  [     66ms]  [91mstale[0m    (poll #2)  order=8bfb6206
  [    131ms]  [91mstale[0m    (poll #3)  order=8bfb6206
  [    198ms]  [91mstale[0m    (poll #4)  order=8bfb6206
  [    267ms]  [91mstale[0m    (poll #5)  order=8bfb6206
  [    338ms]  [91mstale[0m    (poll #6)  order=8bfb6206
  [    407ms]  [91mstale[0m    (poll #7)  order=8bfb6206
  [    480ms]  [91mstale[0m    (poll #8)  order=8bfb6206
  [    552ms]  [92mVISIBLE[0m  (poll #9, X-Cache: MISS)  order=8bfb6206

[96mOrder 172/500:[0m
  [      8ms]  [91mstale[0m    (poll #1)  order=04e5484a
  [     70ms]  [91mstale[0m    (poll #2)  order=04e5484a
  [    134ms]  [91mstale[0m    (poll #3)  order=04e5484a
  [    197ms]  [91mstale[0m    (poll #4)  order=04e5484a
  [    265ms]  [91mstale[0m    (poll #5)  order=04e5484a
  [    333ms]  [91mstale[0m    (poll #6)  order=04e5484a
  [    403ms]  [91mstale[0m    (poll #7)  order=04e5484a
  [    474ms]  [92mVISIBLE[0m  (poll #8, X-Cache: MISS)  order=04e5484a

[96mOrder 173/500:[0m
  [      9ms]  [91mstale[0m    (poll #1)  order=7cb027f6
  [     69ms]  [91mstale[0m    (poll #2)  order=7cb027f6
  [    132ms]  [91mstale[0m    (poll #3)  order=7cb027f6
  [    196ms]  [91mstale[0m    (poll #4)  order=7cb027f6
  [    264ms]  [91mstale[0m    (poll #5)  order=7cb027f6
  [    332ms]  [91mstale[0m    (poll #6)  order=7cb027f6
  [    400ms]  [91mstale[0m    (poll #7)  order=7cb027f6
  [    470ms]  [92mVISIBLE[0m  (poll #8, X-Cache: MISS)  order=7cb027f6

[96mOrder 174/500:[0m
  [      9ms]  [91mstale[0m    (poll #1)  order=fe322fb6
  [     73ms]  [91mstale[0m    (poll #2)  order=fe322fb6
  [    135ms]  [91mstale[0m    (poll #3)  order=fe322fb6
  [    203ms]  [91mstale[0m    (poll #4)  order=fe322fb6
  [    260ms]  [91mstale[0m    (poll #5)  order=fe322fb6
  [    329ms]  [91mstale[0m    (poll #6)  order=fe322fb6
  [    392ms]  [91mstale[0m    (poll #7)  order=fe322fb6
  [    455ms]  [91mstale[0m    (poll #8)  order=fe322fb6
  [    522ms]  [92mVISIBLE[0m  (poll #9, X-Cache: MISS)  order=fe322fb6

[96mOrder 175/500:[0m
  [      5ms]  [91mstale[0m    (poll #1)  order=7b1dd130
  [     67ms]  [91mstale[0m    (poll #2)  order=7b1dd130
  [    131ms]  [91mstale[0m    (poll #3)  order=7b1dd130
  [    193ms]  [91mstale[0m    (poll #4)  order=7b1dd130
  [    259ms]  [91mstale[0m    (poll #5)  order=7b1dd130
  [    321ms]  [91mstale[0m    (poll #6)  order=7b1dd130
  [    385ms]  [91mstale[0m    (poll #7)  order=7b1dd130
  [    446ms]  [91mstale[0m    (poll #8)  order=7b1dd130
  [    510ms]  [92mVISIBLE[0m  (poll #9, X-Cache: MISS)  order=7b1dd130

[96mOrder 176/500:[0m
  [      5ms]  [91mstale[0m    (poll #1)  order=f3100a06
  [     66ms]  [91mstale[0m    (poll #2)  order=f3100a06
  [    126ms]  [91mstale[0m    (poll #3)  order=f3100a06
  [    193ms]  [91mstale[0m    (poll #4)  order=f3100a06
  [    264ms]  [91mstale[0m    (poll #5)  order=f3100a06
  [    336ms]  [91mstale[0m    (poll #6)  order=f3100a06
  [    404ms]  [91mstale[0m    (poll #7)  order=f3100a06
  [    491ms]  [92mVISIBLE[0m  (poll #8, X-Cache: MISS)  order=f3100a06

[96mOrder 177/500:[0m
  [      8ms]  [91mstale[0m    (poll #1)  order=605f2feb
  [     72ms]  [91mstale[0m    (poll #2)  order=605f2feb
  [    134ms]  [91mstale[0m    (poll #3)  order=605f2feb
  [    202ms]  [91mstale[0m    (poll #4)  order=605f2feb
  [    279ms]  [91mstale[0m    (poll #5)  order=605f2feb
  [    350ms]  [91mstale[0m    (poll #6)  order=605f2feb
  [    424ms]  [91mstale[0m    (poll #7)  order=605f2feb
  [    493ms]  [91mstale[0m    (poll #8)  order=605f2feb
  [    566ms]  [92mVISIBLE[0m  (poll #9, X-Cache: MISS)  order=605f2feb

[96mOrder 178/500:[0m
  [     13ms]  [91mstale[0m    (poll #1)  order=ecd0f8af
  [     74ms]  [91mstale[0m    (poll #2)  order=ecd0f8af
  [    134ms]  [91mstale[0m    (poll #3)  order=ecd0f8af
  [    197ms]  [91mstale[0m    (poll #4)  order=ecd0f8af
  [    261ms]  [91mstale[0m    (poll #5)  order=ecd0f8af
  [    322ms]  [91mstale[0m    (poll #6)  order=ecd0f8af
  [    391ms]  [92mVISIBLE[0m  (poll #7, X-Cache: MISS)  order=ecd0f8af

[96mOrder 179/500:[0m
  [      4ms]  [91mstale[0m    (poll #1)  order=9a971ef9
  [     63ms]  [91mstale[0m    (poll #2)  order=9a971ef9
  [    121ms]  [91mstale[0m    (poll #3)  order=9a971ef9
  [    183ms]  [91mstale[0m    (poll #4)  order=9a971ef9
  [    240ms]  [91mstale[0m    (poll #5)  order=9a971ef9
  [    299ms]  [91mstale[0m    (poll #6)  order=9a971ef9
  [    363ms]  [91mstale[0m    (poll #7)  order=9a971ef9
  [    423ms]  [91mstale[0m    (poll #8)  order=9a971ef9
  [    486ms]  [92mVISIBLE[0m  (poll #9, X-Cache: MISS)  order=9a971ef9

[96mOrder 180/500:[0m
  [      8ms]  [91mstale[0m    (poll #1)  order=8da0d9bb
  [     66ms]  [91mstale[0m    (poll #2)  order=8da0d9bb
  [    129ms]  [91mstale[0m    (poll #3)  order=8da0d9bb
  [    191ms]  [91mstale[0m    (poll #4)  order=8da0d9bb
  [    259ms]  [91mstale[0m    (poll #5)  order=8da0d9bb
  [    330ms]  [91mstale[0m    (poll #6)  order=8da0d9bb
  [    400ms]  [91mstale[0m    (poll #7)  order=8da0d9bb
  [    468ms]  [91mstale[0m    (poll #8)  order=8da0d9bb
  [    542ms]  [92mVISIBLE[0m  (poll #9, X-Cache: MISS)  order=8da0d9bb

[96mOrder 181/500:[0m
  [     10ms]  [91mstale[0m    (poll #1)  order=a4b6951b
  [     70ms]  [91mstale[0m    (poll #2)  order=a4b6951b
  [    136ms]  [91mstale[0m    (poll #3)  order=a4b6951b
  [    203ms]  [91mstale[0m    (poll #4)  order=a4b6951b
  [    271ms]  [91mstale[0m    (poll #5)  order=a4b6951b
  [    342ms]  [91mstale[0m    (poll #6)  order=a4b6951b
  [    412ms]  [91mstale[0m    (poll #7)  order=a4b6951b
  [    484ms]  [92mVISIBLE[0m  (poll #8, X-Cache: MISS)  order=a4b6951b

[96mOrder 182/500:[0m
  [      8ms]  [91mstale[0m    (poll #1)  order=a566065b
  [     71ms]  [91mstale[0m    (poll #2)  order=a566065b
  [    134ms]  [91mstale[0m    (poll #3)  order=a566065b
  [    200ms]  [91mstale[0m    (poll #4)  order=a566065b
  [    272ms]  [91mstale[0m    (poll #5)  order=a566065b
  [    343ms]  [91mstale[0m    (poll #6)  order=a566065b
  [    417ms]  [91mstale[0m    (poll #7)  order=a566065b
  [    487ms]  [92mVISIBLE[0m  (poll #8, X-Cache: MISS)  order=a566065b

[96mOrder 183/500:[0m
  [      7ms]  [91mstale[0m    (poll #1)  order=f6ae2c5c
  [     67ms]  [91mstale[0m    (poll #2)  order=f6ae2c5c
  [    133ms]  [91mstale[0m    (poll #3)  order=f6ae2c5c
  [    199ms]  [91mstale[0m    (poll #4)  order=f6ae2c5c
  [    268ms]  [91mstale[0m    (poll #5)  order=f6ae2c5c
  [    338ms]  [91mstale[0m    (poll #6)  order=f6ae2c5c
  [    407ms]  [92mVISIBLE[0m  (poll #7, X-Cache: MISS)  order=f6ae2c5c

[96mOrder 184/500:[0m
  [      6ms]  [91mstale[0m    (poll #1)  order=ac2a9944
  [     65ms]  [91mstale[0m    (poll #2)  order=ac2a9944
  [    131ms]  [91mstale[0m    (poll #3)  order=ac2a9944
  [    199ms]  [91mstale[0m    (poll #4)  order=ac2a9944
  [    266ms]  [91mstale[0m    (poll #5)  order=ac2a9944
  [    333ms]  [91mstale[0m    (poll #6)  order=ac2a9944
  [    404ms]  [91mstale[0m    (poll #7)  order=ac2a9944
  [    470ms]  [91mstale[0m    (poll #8)  order=ac2a9944
  [    541ms]  [92mVISIBLE[0m  (poll #9, X-Cache: MISS)  order=ac2a9944

[96mOrder 185/500:[0m
  [      9ms]  [91mstale[0m    (poll #1)  order=d2ff3d8a
  [     75ms]  [91mstale[0m    (poll #2)  order=d2ff3d8a
  [    140ms]  [91mstale[0m    (poll #3)  order=d2ff3d8a
  [    205ms]  [91mstale[0m    (poll #4)  order=d2ff3d8a
  [    278ms]  [91mstale[0m    (poll #5)  order=d2ff3d8a
  [    337ms]  [91mstale[0m    (poll #6)  order=d2ff3d8a
  [    404ms]  [91mstale[0m    (poll #7)  order=d2ff3d8a
  [    467ms]  [92mVISIBLE[0m  (poll #8, X-Cache: MISS)  order=d2ff3d8a

[96mOrder 186/500:[0m
  [      4ms]  [91mstale[0m    (poll #1)  order=3ea8976e
  [     65ms]  [91mstale[0m    (poll #2)  order=3ea8976e
  [    125ms]  [91mstale[0m    (poll #3)  order=3ea8976e
  [    195ms]  [91mstale[0m    (poll #4)  order=3ea8976e
  [    263ms]  [91mstale[0m    (poll #5)  order=3ea8976e
  [    329ms]  [91mstale[0m    (poll #6)  order=3ea8976e
  [    399ms]  [91mstale[0m    (poll #7)  order=3ea8976e
  [    463ms]  [91mstale[0m    (poll #8)  order=3ea8976e
  [    525ms]  [92mVISIBLE[0m  (poll #9, X-Cache: MISS)  order=3ea8976e

[96mOrder 187/500:[0m
  [      5ms]  [91mstale[0m    (poll #1)  order=f82d95eb
  [     66ms]  [91mstale[0m    (poll #2)  order=f82d95eb
  [    127ms]  [91mstale[0m    (poll #3)  order=f82d95eb
  [    187ms]  [91mstale[0m    (poll #4)  order=f82d95eb
  [    254ms]  [91mstale[0m    (poll #5)  order=f82d95eb
  [    327ms]  [91mstale[0m    (poll #6)  order=f82d95eb
  [    394ms]  [91mstale[0m    (poll #7)  order=f82d95eb
  [    460ms]  [91mstale[0m    (poll #8)  order=f82d95eb
  [    529ms]  [92mVISIBLE[0m  (poll #9, X-Cache: MISS)  order=f82d95eb

[96mOrder 188/500:[0m
  [      8ms]  [91mstale[0m    (poll #1)  order=09fb8b3f
  [     71ms]  [91mstale[0m    (poll #2)  order=09fb8b3f
  [    133ms]  [91mstale[0m    (poll #3)  order=09fb8b3f
  [    200ms]  [91mstale[0m    (poll #4)  order=09fb8b3f
  [    273ms]  [91mstale[0m    (poll #5)  order=09fb8b3f
  [    343ms]  [91mstale[0m    (poll #6)  order=09fb8b3f
  [    416ms]  [91mstale[0m    (poll #7)  order=09fb8b3f
  [    488ms]  [92mVISIBLE[0m  (poll #8, X-Cache: MISS)  order=09fb8b3f

[96mOrder 189/500:[0m
  [      8ms]  [91mstale[0m    (poll #1)  order=42d9360c
  [     72ms]  [91mstale[0m    (poll #2)  order=42d9360c
  [    134ms]  [91mstale[0m    (poll #3)  order=42d9360c
  [    201ms]  [91mstale[0m    (poll #4)  order=42d9360c
  [    271ms]  [91mstale[0m    (poll #5)  order=42d9360c
  [    340ms]  [91mstale[0m    (poll #6)  order=42d9360c
  [    412ms]  [91mstale[0m    (poll #7)  order=42d9360c
  [    480ms]  [92mVISIBLE[0m  (poll #8, X-Cache: MISS)  order=42d9360c

[96mOrder 190/500:[0m
  [      7ms]  [91mstale[0m    (poll #1)  order=3eb8f93f
  [     71ms]  [91mstale[0m    (poll #2)  order=3eb8f93f
  [    133ms]  [91mstale[0m    (poll #3)  order=3eb8f93f
  [    199ms]  [91mstale[0m    (poll #4)  order=3eb8f93f
  [    281ms]  [91mstale[0m    (poll #5)  order=3eb8f93f
  [    351ms]  [91mstale[0m    (poll #6)  order=3eb8f93f
  [    422ms]  [91mstale[0m    (poll #7)  order=3eb8f93f
  [    495ms]  [92mVISIBLE[0m  (poll #8, X-Cache: MISS)  order=3eb8f93f

[96mOrder 191/500:[0m
  [      8ms]  [91mstale[0m    (poll #1)  order=e8f28cc0
  [     71ms]  [91mstale[0m    (poll #2)  order=e8f28cc0
  [    134ms]  [91mstale[0m    (poll #3)  order=e8f28cc0
  [    201ms]  [91mstale[0m    (poll #4)  order=e8f28cc0
  [    267ms]  [91mstale[0m    (poll #5)  order=e8f28cc0
  [    335ms]  [91mstale[0m    (poll #6)  order=e8f28cc0
  [    405ms]  [91mstale[0m    (poll #7)  order=e8f28cc0
  [    472ms]  [91mstale[0m    (poll #8)  order=e8f28cc0
  [    546ms]  [92mVISIBLE[0m  (poll #9, X-Cache: MISS)  order=e8f28cc0

[96mOrder 192/500:[0m
  [      9ms]  [91mstale[0m    (poll #1)  order=ab61cffa
  [     75ms]  [91mstale[0m    (poll #2)  order=ab61cffa
  [    141ms]  [91mstale[0m    (poll #3)  order=ab61cffa
  [    208ms]  [91mstale[0m    (poll #4)  order=ab61cffa
  [    279ms]  [91mstale[0m    (poll #5)  order=ab61cffa
  [    348ms]  [91mstale[0m    (poll #6)  order=ab61cffa
  [    418ms]  [91mstale[0m    (poll #7)  order=ab61cffa
  [    490ms]  [92mVISIBLE[0m  (poll #8, X-Cache: MISS)  order=ab61cffa

[96mOrder 193/500:[0m
  [      8ms]  [91mstale[0m    (poll #1)  order=2e6b1311
  [     70ms]  [91mstale[0m    (poll #2)  order=2e6b1311
  [    131ms]  [91mstale[0m    (poll #3)  order=2e6b1311
  [    200ms]  [91mstale[0m    (poll #4)  order=2e6b1311
  [    268ms]  [91mstale[0m    (poll #5)  order=2e6b1311
  [    336ms]  [91mstale[0m    (poll #6)  order=2e6b1311
  [    405ms]  [91mstale[0m    (poll #7)  order=2e6b1311
  [    466ms]  [91mstale[0m    (poll #8)  order=2e6b1311
  [    527ms]  [92mVISIBLE[0m  (poll #9, X-Cache: MISS)  order=2e6b1311

[96mOrder 194/500:[0m
  [      4ms]  [91mstale[0m    (poll #1)  order=e8dd4b4f
  [     64ms]  [91mstale[0m    (poll #2)  order=e8dd4b4f
  [    125ms]  [91mstale[0m    (poll #3)  order=e8dd4b4f
  [    186ms]  [91mstale[0m    (poll #4)  order=e8dd4b4f
  [    248ms]  [91mstale[0m    (poll #5)  order=e8dd4b4f
  [    317ms]  [91mstale[0m    (poll #6)  order=e8dd4b4f
  [    387ms]  [92mVISIBLE[0m  (poll #7, X-Cache: MISS)  order=e8dd4b4f

[96mOrder 195/500:[0m
  [      9ms]  [91mstale[0m    (poll #1)  order=ef8e316d
  [     73ms]  [91mstale[0m    (poll #2)  order=ef8e316d
  [    141ms]  [91mstale[0m    (poll #3)  order=ef8e316d
  [    208ms]  [91mstale[0m    (poll #4)  order=ef8e316d
  [    269ms]  [91mstale[0m    (poll #5)  order=ef8e316d
  [    332ms]  [91mstale[0m    (poll #6)  order=ef8e316d
  [    397ms]  [91mstale[0m    (poll #7)  order=ef8e316d
  [    459ms]  [91mstale[0m    (poll #8)  order=ef8e316d
  [    521ms]  [92mVISIBLE[0m  (poll #9, X-Cache: MISS)  order=ef8e316d

[96mOrder 196/500:[0m
  [      8ms]  [91mstale[0m    (poll #1)  order=ca6fcab6
  [     71ms]  [91mstale[0m    (poll #2)  order=ca6fcab6
  [    135ms]  [91mstale[0m    (poll #3)  order=ca6fcab6
  [    201ms]  [91mstale[0m    (poll #4)  order=ca6fcab6
  [    272ms]  [91mstale[0m    (poll #5)  order=ca6fcab6
  [    341ms]  [91mstale[0m    (poll #6)  order=ca6fcab6
  [    413ms]  [91mstale[0m    (poll #7)  order=ca6fcab6
  [    486ms]  [92mVISIBLE[0m  (poll #8, X-Cache: MISS)  order=ca6fcab6

[96mOrder 197/500:[0m
  [      7ms]  [91mstale[0m    (poll #1)  order=a2f5c79a
  [     71ms]  [91mstale[0m    (poll #2)  order=a2f5c79a
  [    136ms]  [91mstale[0m    (poll #3)  order=a2f5c79a
  [    204ms]  [91mstale[0m    (poll #4)  order=a2f5c79a
  [    273ms]  [91mstale[0m    (poll #5)  order=a2f5c79a
  [    345ms]  [91mstale[0m    (poll #6)  order=a2f5c79a
  [    416ms]  [91mstale[0m    (poll #7)  order=a2f5c79a
  [    489ms]  [92mVISIBLE[0m  (poll #8, X-Cache: MISS)  order=a2f5c79a

[96mOrder 198/500:[0m
  [     14ms]  [91mstale[0m    (poll #1)  order=0137be5f
  [     77ms]  [91mstale[0m    (poll #2)  order=0137be5f
  [    140ms]  [91mstale[0m    (poll #3)  order=0137be5f
  [    203ms]  [91mstale[0m    (poll #4)  order=0137be5f
  [    273ms]  [91mstale[0m    (poll #5)  order=0137be5f
  [    344ms]  [91mstale[0m    (poll #6)  order=0137be5f
  [    413ms]  [91mstale[0m    (poll #7)  order=0137be5f
  [    484ms]  [91mstale[0m    (poll #8)  order=0137be5f
  [    560ms]  [92mVISIBLE[0m  (poll #9, X-Cache: MISS)  order=0137be5f

[96mOrder 199/500:[0m
  [      4ms]  [91mstale[0m    (poll #1)  order=a236d9a6
  [     61ms]  [91mstale[0m    (poll #2)  order=a236d9a6
  [    120ms]  [91mstale[0m    (poll #3)  order=a236d9a6
  [    182ms]  [91mstale[0m    (poll #4)  order=a236d9a6
  [    243ms]  [91mstale[0m    (poll #5)  order=a236d9a6
  [    303ms]  [91mstale[0m    (poll #6)  order=a236d9a6
  [    365ms]  [91mstale[0m    (poll #7)  order=a236d9a6
  [    426ms]  [91mstale[0m    (poll #8)  order=a236d9a6
  [    496ms]  [92mVISIBLE[0m  (poll #9, X-Cache: MISS)  order=a236d9a6

[96mOrder 200/500:[0m
  [      8ms]  [91mstale[0m    (poll #1)  order=196d2f4e
  [     67ms]  [91mstale[0m    (poll #2)  order=196d2f4e
  [    131ms]  [91mstale[0m    (poll #3)  order=196d2f4e
  [    199ms]  [91mstale[0m    (poll #4)  order=196d2f4e
  [    269ms]  [91mstale[0m    (poll #5)  order=196d2f4e
  [    335ms]  [91mstale[0m    (poll #6)  order=196d2f4e
  [    406ms]  [91mstale[0m    (poll #7)  order=196d2f4e
  [    480ms]  [92mVISIBLE[0m  (poll #8, X-Cache: MISS)  order=196d2f4e

[96mOrder 201/500:[0m
  [      8ms]  [91mstale[0m    (poll #1)  order=2e83f28c
  [     71ms]  [91mstale[0m    (poll #2)  order=2e83f28c
  [    137ms]  [91mstale[0m    (poll #3)  order=2e83f28c
  [    206ms]  [91mstale[0m    (poll #4)  order=2e83f28c
  [    279ms]  [91mstale[0m    (poll #5)  order=2e83f28c
  [    342ms]  [91mstale[0m    (poll #6)  order=2e83f28c
  [    410ms]  [91mstale[0m    (poll #7)  order=2e83f28c
  [    482ms]  [92mVISIBLE[0m  (poll #8, X-Cache: MISS)  order=2e83f28c

[96mOrder 202/500:[0m
  [     11ms]  [91mstale[0m    (poll #1)  order=e8b28aa7
  [     76ms]  [91mstale[0m    (poll #2)  order=e8b28aa7
  [    137ms]  [91mstale[0m    (poll #3)  order=e8b28aa7
  [    200ms]  [91mstale[0m    (poll #4)  order=e8b28aa7
  [    261ms]  [91mstale[0m    (poll #5)  order=e8b28aa7
  [    327ms]  [91mstale[0m    (poll #6)  order=e8b28aa7
  [    394ms]  [91mstale[0m    (poll #7)  order=e8b28aa7
  [    466ms]  [91mstale[0m    (poll #8)  order=e8b28aa7
  [    539ms]  [92mVISIBLE[0m  (poll #9, X-Cache: MISS)  order=e8b28aa7

[96mOrder 203/500:[0m
  [     10ms]  [91mstale[0m    (poll #1)  order=6bd37b90
  [     72ms]  [91mstale[0m    (poll #2)  order=6bd37b90
  [    134ms]  [91mstale[0m    (poll #3)  order=6bd37b90
  [    196ms]  [91mstale[0m    (poll #4)  order=6bd37b90
  [    263ms]  [91mstale[0m    (poll #5)  order=6bd37b90
  [    339ms]  [91mstale[0m    (poll #6)  order=6bd37b90
  [    409ms]  [92mVISIBLE[0m  (poll #7, X-Cache: MISS)  order=6bd37b90

[96mOrder 204/500:[0m
  [      8ms]  [91mstale[0m    (poll #1)  order=ab1fa7f6
  [     72ms]  [91mstale[0m    (poll #2)  order=ab1fa7f6
  [    134ms]  [91mstale[0m    (poll #3)  order=ab1fa7f6
  [    200ms]  [91mstale[0m    (poll #4)  order=ab1fa7f6
  [    271ms]  [91mstale[0m    (poll #5)  order=ab1fa7f6
  [    340ms]  [91mstale[0m    (poll #6)  order=ab1fa7f6
  [    417ms]  [91mstale[0m    (poll #7)  order=ab1fa7f6
  [    482ms]  [92mVISIBLE[0m  (poll #8, X-Cache: MISS)  order=ab1fa7f6

[96mOrder 205/500:[0m
  [      7ms]  [91mstale[0m    (poll #1)  order=b3ff610f
  [     71ms]  [91mstale[0m    (poll #2)  order=b3ff610f
  [    130ms]  [91mstale[0m    (poll #3)  order=b3ff610f
  [    191ms]  [91mstale[0m    (poll #4)  order=b3ff610f
  [    252ms]  [91mstale[0m    (poll #5)  order=b3ff610f
  [    316ms]  [91mstale[0m    (poll #6)  order=b3ff610f
  [    377ms]  [91mstale[0m    (poll #7)  order=b3ff610f
  [    436ms]  [91mstale[0m    (poll #8)  order=b3ff610f
  [    496ms]  [92mVISIBLE[0m  (poll #9, X-Cache: MISS)  order=b3ff610f

[96mOrder 206/500:[0m
  [      6ms]  [91mstale[0m    (poll #1)  order=a928be53
  [     69ms]  [91mstale[0m    (poll #2)  order=a928be53
  [    132ms]  [91mstale[0m    (poll #3)  order=a928be53
  [    200ms]  [91mstale[0m    (poll #4)  order=a928be53
  [    270ms]  [91mstale[0m    (poll #5)  order=a928be53
  [    340ms]  [91mstale[0m    (poll #6)  order=a928be53
  [    412ms]  [91mstale[0m    (poll #7)  order=a928be53
  [    473ms]  [91mstale[0m    (poll #8)  order=a928be53
  [    537ms]  [92mVISIBLE[0m  (poll #9, X-Cache: MISS)  order=a928be53

[96mOrder 207/500:[0m
  [      7ms]  [91mstale[0m    (poll #1)  order=590abe57
  [     68ms]  [91mstale[0m    (poll #2)  order=590abe57
  [    132ms]  [91mstale[0m    (poll #3)  order=590abe57
  [    205ms]  [91mstale[0m    (poll #4)  order=590abe57
  [    270ms]  [91mstale[0m    (poll #5)  order=590abe57
  [    336ms]  [91mstale[0m    (poll #6)  order=590abe57
  [    408ms]  [91mstale[0m    (poll #7)  order=590abe57
  [    471ms]  [92mVISIBLE[0m  (poll #8, X-Cache: MISS)  order=590abe57

[96mOrder 208/500:[0m
  [      6ms]  [91mstale[0m    (poll #1)  order=058951b9
  [     68ms]  [91mstale[0m    (poll #2)  order=058951b9
  [    128ms]  [91mstale[0m    (poll #3)  order=058951b9
  [    201ms]  [91mstale[0m    (poll #4)  order=058951b9
  [    270ms]  [91mstale[0m    (poll #5)  order=058951b9
  [    331ms]  [91mstale[0m    (poll #6)  order=058951b9
  [    401ms]  [91mstale[0m    (poll #7)  order=058951b9
  [    469ms]  [91mstale[0m    (poll #8)  order=058951b9
  [    532ms]  [92mVISIBLE[0m  (poll #9, X-Cache: MISS)  order=058951b9

[96mOrder 209/500:[0m
  [      9ms]  [91mstale[0m    (poll #1)  order=5adcaa94
  [     67ms]  [91mstale[0m    (poll #2)  order=5adcaa94
  [    128ms]  [91mstale[0m    (poll #3)  order=5adcaa94
  [    197ms]  [91mstale[0m    (poll #4)  order=5adcaa94
  [    263ms]  [91mstale[0m    (poll #5)  order=5adcaa94
  [    333ms]  [91mstale[0m    (poll #6)  order=5adcaa94
  [    400ms]  [91mstale[0m    (poll #7)  order=5adcaa94
  [    472ms]  [91mstale[0m    (poll #8)  order=5adcaa94
  [    539ms]  [92mVISIBLE[0m  (poll #9, X-Cache: MISS)  order=5adcaa94

[96mOrder 210/500:[0m
  [      8ms]  [91mstale[0m    (poll #1)  order=662b7aca
  [     70ms]  [91mstale[0m    (poll #2)  order=662b7aca
  [    132ms]  [91mstale[0m    (poll #3)  order=662b7aca
  [    200ms]  [91mstale[0m    (poll #4)  order=662b7aca
  [    266ms]  [91mstale[0m    (poll #5)  order=662b7aca
  [    337ms]  [91mstale[0m    (poll #6)  order=662b7aca
  [    412ms]  [91mstale[0m    (poll #7)  order=662b7aca
  [    477ms]  [92mVISIBLE[0m  (poll #8, X-Cache: MISS)  order=662b7aca

[96mOrder 211/500:[0m
  [     10ms]  [91mstale[0m    (poll #1)  order=4c019822
  [     75ms]  [91mstale[0m    (poll #2)  order=4c019822
  [    139ms]  [91mstale[0m    (poll #3)  order=4c019822
  [    200ms]  [91mstale[0m    (poll #4)  order=4c019822
  [    259ms]  [91mstale[0m    (poll #5)  order=4c019822
  [    321ms]  [91mstale[0m    (poll #6)  order=4c019822
  [    384ms]  [92mVISIBLE[0m  (poll #7, X-Cache: MISS)  order=4c019822

[96mOrder 212/500:[0m
  [      4ms]  [91mstale[0m    (poll #1)  order=f65d222a
  [     64ms]  [91mstale[0m    (poll #2)  order=f65d222a
  [    127ms]  [91mstale[0m    (poll #3)  order=f65d222a
  [    190ms]  [91mstale[0m    (poll #4)  order=f65d222a
  [    259ms]  [91mstale[0m    (poll #5)  order=f65d222a
  [    325ms]  [91mstale[0m    (poll #6)  order=f65d222a
  [    388ms]  [91mstale[0m    (poll #7)  order=f65d222a
  [    448ms]  [91mstale[0m    (poll #8)  order=f65d222a
  [    514ms]  [92mVISIBLE[0m  (poll #9, X-Cache: MISS)  order=f65d222a

[96mOrder 213/500:[0m
  [      6ms]  [91mstale[0m    (poll #1)  order=4229b31f
  [     68ms]  [91mstale[0m    (poll #2)  order=4229b31f
  [    128ms]  [91mstale[0m    (poll #3)  order=4229b31f
  [    193ms]  [91mstale[0m    (poll #4)  order=4229b31f
  [    260ms]  [91mstale[0m    (poll #5)  order=4229b31f
  [    319ms]  [91mstale[0m    (poll #6)  order=4229b31f
  [    375ms]  [91mstale[0m    (poll #7)  order=4229b31f
  [    440ms]  [92mVISIBLE[0m  (poll #8, X-Cache: MISS)  order=4229b31f

[96mOrder 214/500:[0m
  [      4ms]  [91mstale[0m    (poll #1)  order=faec9b40
  [     59ms]  [91mstale[0m    (poll #2)  order=faec9b40
  [    121ms]  [91mstale[0m    (poll #3)  order=faec9b40
  [    187ms]  [91mstale[0m    (poll #4)  order=faec9b40
  [    248ms]  [91mstale[0m    (poll #5)  order=faec9b40
  [    314ms]  [91mstale[0m    (poll #6)  order=faec9b40
  [    384ms]  [91mstale[0m    (poll #7)  order=faec9b40
  [    453ms]  [92mVISIBLE[0m  (poll #8, X-Cache: MISS)  order=faec9b40

[96mOrder 215/500:[0m
  [      8ms]  [91mstale[0m    (poll #1)  order=fa7c973f
  [     71ms]  [91mstale[0m    (poll #2)  order=fa7c973f
  [    136ms]  [91mstale[0m    (poll #3)  order=fa7c973f
  [    199ms]  [91mstale[0m    (poll #4)  order=fa7c973f
  [    263ms]  [91mstale[0m    (poll #5)  order=fa7c973f
  [    328ms]  [91mstale[0m    (poll #6)  order=fa7c973f
  [    396ms]  [91mstale[0m    (poll #7)  order=fa7c973f
  [    454ms]  [91mstale[0m    (poll #8)  order=fa7c973f
  [    518ms]  [92mVISIBLE[0m  (poll #9, X-Cache: MISS)  order=fa7c973f

[96mOrder 216/500:[0m
  [      5ms]  [91mstale[0m    (poll #1)  order=6c703e44
  [     67ms]  [91mstale[0m    (poll #2)  order=6c703e44
  [    128ms]  [91mstale[0m    (poll #3)  order=6c703e44
  [    194ms]  [91mstale[0m    (poll #4)  order=6c703e44
  [    264ms]  [91mstale[0m    (poll #5)  order=6c703e44
  [    330ms]  [91mstale[0m    (poll #6)  order=6c703e44
  [    399ms]  [91mstale[0m    (poll #7)  order=6c703e44
  [    468ms]  [91mstale[0m    (poll #8)  order=6c703e44
  [    542ms]  [92mVISIBLE[0m  (poll #9, X-Cache: MISS)  order=6c703e44

[96mOrder 217/500:[0m
  [     10ms]  [91mstale[0m    (poll #1)  order=c4c2d605
  [     74ms]  [91mstale[0m    (poll #2)  order=c4c2d605
  [    137ms]  [91mstale[0m    (poll #3)  order=c4c2d605
  [    204ms]  [91mstale[0m    (poll #4)  order=c4c2d605
  [    275ms]  [91mstale[0m    (poll #5)  order=c4c2d605
  [    345ms]  [92mVISIBLE[0m  (poll #6, X-Cache: MISS)  order=c4c2d605

[96mOrder 218/500:[0m
  [     10ms]  [91mstale[0m    (poll #1)  order=6bf26172
  [     79ms]  [91mstale[0m    (poll #2)  order=6bf26172
  [    140ms]  [91mstale[0m    (poll #3)  order=6bf26172
  [    205ms]  [91mstale[0m    (poll #4)  order=6bf26172
  [    277ms]  [91mstale[0m    (poll #5)  order=6bf26172
  [    350ms]  [91mstale[0m    (poll #6)  order=6bf26172
  [    420ms]  [92mVISIBLE[0m  (poll #7, X-Cache: MISS)  order=6bf26172

[96mOrder 219/500:[0m
  [      9ms]  [91mstale[0m    (poll #1)  order=07455a18
  [     73ms]  [91mstale[0m    (poll #2)  order=07455a18
  [    137ms]  [91mstale[0m    (poll #3)  order=07455a18
  [    199ms]  [91mstale[0m    (poll #4)  order=07455a18
  [    260ms]  [91mstale[0m    (poll #5)  order=07455a18
  [    320ms]  [91mstale[0m    (poll #6)  order=07455a18
  [    380ms]  [91mstale[0m    (poll #7)  order=07455a18
  [    443ms]  [91mstale[0m    (poll #8)  order=07455a18
  [    504ms]  [92mVISIBLE[0m  (poll #9, X-Cache: MISS)  order=07455a18

[96mOrder 220/500:[0m
  [      4ms]  [91mstale[0m    (poll #1)  order=5c17da0b
  [     63ms]  [91mstale[0m    (poll #2)  order=5c17da0b
  [    124ms]  [91mstale[0m    (poll #3)  order=5c17da0b
  [    186ms]  [91mstale[0m    (poll #4)  order=5c17da0b
  [    247ms]  [91mstale[0m    (poll #5)  order=5c17da0b
  [    312ms]  [91mstale[0m    (poll #6)  order=5c17da0b
  [    381ms]  [92mVISIBLE[0m  (poll #7, X-Cache: MISS)  order=5c17da0b

[96mOrder 221/500:[0m
  [     10ms]  [91mstale[0m    (poll #1)  order=85929206
  [     75ms]  [91mstale[0m    (poll #2)  order=85929206
  [    138ms]  [91mstale[0m    (poll #3)  order=85929206
  [    206ms]  [91mstale[0m    (poll #4)  order=85929206
  [    275ms]  [91mstale[0m    (poll #5)  order=85929206
  [    349ms]  [91mstale[0m    (poll #6)  order=85929206
  [    418ms]  [91mstale[0m    (poll #7)  order=85929206
  [    489ms]  [91mstale[0m    (poll #8)  order=85929206
  [    559ms]  [92mVISIBLE[0m  (poll #9, X-Cache: MISS)  order=85929206

[96mOrder 222/500:[0m
  [      9ms]  [91mstale[0m    (poll #1)  order=a06571a7
  [     74ms]  [91mstale[0m    (poll #2)  order=a06571a7
  [    140ms]  [91mstale[0m    (poll #3)  order=a06571a7
  [    204ms]  [91mstale[0m    (poll #4)  order=a06571a7
  [    277ms]  [91mstale[0m    (poll #5)  order=a06571a7
  [    350ms]  [91mstale[0m    (poll #6)  order=a06571a7
  [    421ms]  [91mstale[0m    (poll #7)  order=a06571a7
  [    490ms]  [92mVISIBLE[0m  (poll #8, X-Cache: MISS)  order=a06571a7

[96mOrder 223/500:[0m
  [     11ms]  [91mstale[0m    (poll #1)  order=0d2743c5
  [     72ms]  [91mstale[0m    (poll #2)  order=0d2743c5
  [    139ms]  [91mstale[0m    (poll #3)  order=0d2743c5
  [    204ms]  [91mstale[0m    (poll #4)  order=0d2743c5
  [    270ms]  [91mstale[0m    (poll #5)  order=0d2743c5
  [    341ms]  [91mstale[0m    (poll #6)  order=0d2743c5
  [    412ms]  [91mstale[0m    (poll #7)  order=0d2743c5
  [    485ms]  [92mVISIBLE[0m  (poll #8, X-Cache: MISS)  order=0d2743c5

[96mOrder 224/500:[0m
  [      9ms]  [91mstale[0m    (poll #1)  order=a694b779
  [     75ms]  [91mstale[0m    (poll #2)  order=a694b779
  [    140ms]  [91mstale[0m    (poll #3)  order=a694b779
  [    208ms]  [91mstale[0m    (poll #4)  order=a694b779
  [    281ms]  [91mstale[0m    (poll #5)  order=a694b779
  [    350ms]  [91mstale[0m    (poll #6)  order=a694b779
  [    420ms]  [91mstale[0m    (poll #7)  order=a694b779
  [    493ms]  [91mstale[0m    (poll #8)  order=a694b779
  [    561ms]  [92mVISIBLE[0m  (poll #9, X-Cache: MISS)  order=a694b779

[96mOrder 225/500:[0m
  [     11ms]  [91mstale[0m    (poll #1)  order=ce714ab3
  [     72ms]  [91mstale[0m    (poll #2)  order=ce714ab3
  [    138ms]  [91mstale[0m    (poll #3)  order=ce714ab3
  [    204ms]  [91mstale[0m    (poll #4)  order=ce714ab3
  [    271ms]  [91mstale[0m    (poll #5)  order=ce714ab3
  [    333ms]  [91mstale[0m    (poll #6)  order=ce714ab3
  [    395ms]  [91mstale[0m    (poll #7)  order=ce714ab3
  [    464ms]  [92mVISIBLE[0m  (poll #8, X-Cache: MISS)  order=ce714ab3

[96mOrder 226/500:[0m
  [      4ms]  [91mstale[0m    (poll #1)  order=5d68b789
  [     65ms]  [91mstale[0m    (poll #2)  order=5d68b789
  [    126ms]  [91mstale[0m    (poll #3)  order=5d68b789
  [    189ms]  [91mstale[0m    (poll #4)  order=5d68b789
  [    255ms]  [91mstale[0m    (poll #5)  order=5d68b789
  [    322ms]  [91mstale[0m    (poll #6)  order=5d68b789
  [    393ms]  [91mstale[0m    (poll #7)  order=5d68b789
  [    465ms]  [91mstale[0m    (poll #8)  order=5d68b789
  [    540ms]  [92mVISIBLE[0m  (poll #9, X-Cache: MISS)  order=5d68b789

[96mOrder 227/500:[0m
  [     10ms]  [91mstale[0m    (poll #1)  order=dc879c31
  [     75ms]  [91mstale[0m    (poll #2)  order=dc879c31
  [    142ms]  [91mstale[0m    (poll #3)  order=dc879c31
  [    208ms]  [91mstale[0m    (poll #4)  order=dc879c31
  [    279ms]  [91mstale[0m    (poll #5)  order=dc879c31
  [    342ms]  [91mstale[0m    (poll #6)  order=dc879c31
  [    407ms]  [91mstale[0m    (poll #7)  order=dc879c31
  [    476ms]  [92mVISIBLE[0m  (poll #8, X-Cache: MISS)  order=dc879c31

[96mOrder 228/500:[0m
  [      7ms]  [91mstale[0m    (poll #1)  order=50288d18
  [     69ms]  [91mstale[0m    (poll #2)  order=50288d18
  [    133ms]  [91mstale[0m    (poll #3)  order=50288d18
  [    197ms]  [91mstale[0m    (poll #4)  order=50288d18
  [    268ms]  [91mstale[0m    (poll #5)  order=50288d18
  [    340ms]  [91mstale[0m    (poll #6)  order=50288d18
  [    408ms]  [91mstale[0m    (poll #7)  order=50288d18
  [    478ms]  [91mstale[0m    (poll #8)  order=50288d18
  [    549ms]  [92mVISIBLE[0m  (poll #9, X-Cache: MISS)  order=50288d18

[96mOrder 229/500:[0m
  [     10ms]  [91mstale[0m    (poll #1)  order=4ba5545e
  [     71ms]  [91mstale[0m    (poll #2)  order=4ba5545e
  [    136ms]  [91mstale[0m    (poll #3)  order=4ba5545e
  [    200ms]  [91mstale[0m    (poll #4)  order=4ba5545e
  [    270ms]  [91mstale[0m    (poll #5)  order=4ba5545e
  [    340ms]  [92mVISIBLE[0m  (poll #6, X-Cache: MISS)  order=4ba5545e

[96mOrder 230/500:[0m
  [     10ms]  [91mstale[0m    (poll #1)  order=fff5f449
  [     71ms]  [91mstale[0m    (poll #2)  order=fff5f449
  [    140ms]  [91mstale[0m    (poll #3)  order=fff5f449
  [    204ms]  [91mstale[0m    (poll #4)  order=fff5f449
  [    274ms]  [91mstale[0m    (poll #5)  order=fff5f449
  [    343ms]  [91mstale[0m    (poll #6)  order=fff5f449
  [    408ms]  [91mstale[0m    (poll #7)  order=fff5f449
  [    478ms]  [91mstale[0m    (poll #8)  order=fff5f449
  [    551ms]  [92mVISIBLE[0m  (poll #9, X-Cache: MISS)  order=fff5f449

[96mOrder 231/500:[0m
  [      9ms]  [91mstale[0m    (poll #1)  order=956db2c1
  [     74ms]  [91mstale[0m    (poll #2)  order=956db2c1
  [    138ms]  [91mstale[0m    (poll #3)  order=956db2c1
  [    203ms]  [91mstale[0m    (poll #4)  order=956db2c1
  [    270ms]  [91mstale[0m    (poll #5)  order=956db2c1
  [    341ms]  [91mstale[0m    (poll #6)  order=956db2c1
  [    412ms]  [91mstale[0m    (poll #7)  order=956db2c1
  [    482ms]  [92mVISIBLE[0m  (poll #8, X-Cache: MISS)  order=956db2c1

[96mOrder 232/500:[0m
  [     10ms]  [91mstale[0m    (poll #1)  order=4b091e59
  [     77ms]  [91mstale[0m    (poll #2)  order=4b091e59
  [    140ms]  [91mstale[0m    (poll #3)  order=4b091e59
  [    211ms]  [91mstale[0m    (poll #4)  order=4b091e59
  [    281ms]  [91mstale[0m    (poll #5)  order=4b091e59
  [    349ms]  [91mstale[0m    (poll #6)  order=4b091e59
  [    420ms]  [92mVISIBLE[0m  (poll #7, X-Cache: MISS)  order=4b091e59

[96mOrder 233/500:[0m
  [     10ms]  [91mstale[0m    (poll #1)  order=acd52873
  [     75ms]  [91mstale[0m    (poll #2)  order=acd52873
  [    143ms]  [91mstale[0m    (poll #3)  order=acd52873
  [    210ms]  [91mstale[0m    (poll #4)  order=acd52873
  [    280ms]  [91mstale[0m    (poll #5)  order=acd52873
  [    343ms]  [91mstale[0m    (poll #6)  order=acd52873
  [    411ms]  [92mVISIBLE[0m  (poll #7, X-Cache: MISS)  order=acd52873

[96mOrder 234/500:[0m
  [      6ms]  [91mstale[0m    (poll #1)  order=838135ad
  [     65ms]  [91mstale[0m    (poll #2)  order=838135ad
  [    131ms]  [91mstale[0m    (poll #3)  order=838135ad
  [    190ms]  [91mstale[0m    (poll #4)  order=838135ad
  [    252ms]  [91mstale[0m    (poll #5)  order=838135ad
  [    314ms]  [91mstale[0m    (poll #6)  order=838135ad
  [    379ms]  [91mstale[0m    (poll #7)  order=838135ad
  [    440ms]  [91mstale[0m    (poll #8)  order=838135ad
  [    508ms]  [92mVISIBLE[0m  (poll #9, X-Cache: MISS)  order=838135ad

[96mOrder 235/500:[0m
  [     10ms]  [91mstale[0m    (poll #1)  order=2ce25f0d
  [     74ms]  [91mstale[0m    (poll #2)  order=2ce25f0d
  [    140ms]  [91mstale[0m    (poll #3)  order=2ce25f0d
  [    201ms]  [91mstale[0m    (poll #4)  order=2ce25f0d
  [    268ms]  [91mstale[0m    (poll #5)  order=2ce25f0d
  [    340ms]  [92mVISIBLE[0m  (poll #6, X-Cache: MISS)  order=2ce25f0d

[96mOrder 236/500:[0m
  [      9ms]  [91mstale[0m    (poll #1)  order=be889518
  [     70ms]  [91mstale[0m    (poll #2)  order=be889518
  [    134ms]  [91mstale[0m    (poll #3)  order=be889518
  [    198ms]  [91mstale[0m    (poll #4)  order=be889518
  [    265ms]  [91mstale[0m    (poll #5)  order=be889518
  [    323ms]  [91mstale[0m    (poll #6)  order=be889518
  [    386ms]  [91mstale[0m    (poll #7)  order=be889518
  [    448ms]  [91mstale[0m    (poll #8)  order=be889518
  [    523ms]  [92mVISIBLE[0m  (poll #9, X-Cache: MISS)  order=be889518

[96mOrder 237/500:[0m
  [     10ms]  [91mstale[0m    (poll #1)  order=09253950
  [     71ms]  [91mstale[0m    (poll #2)  order=09253950
  [    136ms]  [91mstale[0m    (poll #3)  order=09253950
  [    206ms]  [91mstale[0m    (poll #4)  order=09253950
  [    275ms]  [91mstale[0m    (poll #5)  order=09253950
  [    347ms]  [91mstale[0m    (poll #6)  order=09253950
  [    417ms]  [91mstale[0m    (poll #7)  order=09253950
  [    480ms]  [91mstale[0m    (poll #8)  order=09253950
  [    550ms]  [92mVISIBLE[0m  (poll #9, X-Cache: MISS)  order=09253950

[96mOrder 238/500:[0m
  [     10ms]  [91mstale[0m    (poll #1)  order=e13d2ef9
  [     70ms]  [91mstale[0m    (poll #2)  order=e13d2ef9
  [    129ms]  [91mstale[0m    (poll #3)  order=e13d2ef9
  [    190ms]  [91mstale[0m    (poll #4)  order=e13d2ef9
  [    251ms]  [91mstale[0m    (poll #5)  order=e13d2ef9
  [    319ms]  [91mstale[0m    (poll #6)  order=e13d2ef9
  [    387ms]  [91mstale[0m    (poll #7)  order=e13d2ef9
  [    463ms]  [92mVISIBLE[0m  (poll #8, X-Cache: MISS)  order=e13d2ef9

[96mOrder 239/500:[0m
  [      9ms]  [91mstale[0m    (poll #1)  order=d1420b1c
  [     72ms]  [91mstale[0m    (poll #2)  order=d1420b1c
  [    138ms]  [91mstale[0m    (poll #3)  order=d1420b1c
  [    205ms]  [91mstale[0m    (poll #4)  order=d1420b1c
  [    267ms]  [91mstale[0m    (poll #5)  order=d1420b1c
  [    328ms]  [91mstale[0m    (poll #6)  order=d1420b1c
  [    390ms]  [92mVISIBLE[0m  (poll #7, X-Cache: MISS)  order=d1420b1c

[96mOrder 240/500:[0m
  [      5ms]  [91mstale[0m    (poll #1)  order=92d213a6
  [     65ms]  [91mstale[0m    (poll #2)  order=92d213a6
  [    131ms]  [91mstale[0m    (poll #3)  order=92d213a6
  [    192ms]  [91mstale[0m    (poll #4)  order=92d213a6
  [    263ms]  [91mstale[0m    (poll #5)  order=92d213a6
  [    327ms]  [91mstale[0m    (poll #6)  order=92d213a6
  [    389ms]  [91mstale[0m    (poll #7)  order=92d213a6
  [    447ms]  [92mVISIBLE[0m  (poll #8, X-Cache: MISS)  order=92d213a6

[96mOrder 241/500:[0m
  [      3ms]  [91mstale[0m    (poll #1)  order=5e5bff22
  [     63ms]  [91mstale[0m    (poll #2)  order=5e5bff22
  [    122ms]  [91mstale[0m    (poll #3)  order=5e5bff22
  [    184ms]  [91mstale[0m    (poll #4)  order=5e5bff22
  [    243ms]  [91mstale[0m    (poll #5)  order=5e5bff22
  [    303ms]  [91mstale[0m    (poll #6)  order=5e5bff22
  [    370ms]  [91mstale[0m    (poll #7)  order=5e5bff22
  [    441ms]  [91mstale[0m    (poll #8)  order=5e5bff22
  [    513ms]  [92mVISIBLE[0m  (poll #9, X-Cache: MISS)  order=5e5bff22

[96mOrder 242/500:[0m
  [      9ms]  [91mstale[0m    (poll #1)  order=1543e15f
  [     69ms]  [91mstale[0m    (poll #2)  order=1543e15f
  [    135ms]  [91mstale[0m    (poll #3)  order=1543e15f
  [    201ms]  [91mstale[0m    (poll #4)  order=1543e15f
  [    270ms]  [91mstale[0m    (poll #5)  order=1543e15f
  [    340ms]  [91mstale[0m    (poll #6)  order=1543e15f
  [    410ms]  [91mstale[0m    (poll #7)  order=1543e15f
  [    483ms]  [92mVISIBLE[0m  (poll #8, X-Cache: MISS)  order=1543e15f

[96mOrder 243/500:[0m
  [      8ms]  [91mstale[0m    (poll #1)  order=4f5d728a
  [     73ms]  [91mstale[0m    (poll #2)  order=4f5d728a
  [    136ms]  [91mstale[0m    (poll #3)  order=4f5d728a
  [    208ms]  [91mstale[0m    (poll #4)  order=4f5d728a
  [    278ms]  [91mstale[0m    (poll #5)  order=4f5d728a
  [    350ms]  [91mstale[0m    (poll #6)  order=4f5d728a
  [    421ms]  [91mstale[0m    (poll #7)  order=4f5d728a
  [    492ms]  [92mVISIBLE[0m  (poll #8, X-Cache: MISS)  order=4f5d728a

[96mOrder 244/500:[0m
  [      7ms]  [91mstale[0m    (poll #1)  order=9f117d51
  [     70ms]  [91mstale[0m    (poll #2)  order=9f117d51
  [    134ms]  [91mstale[0m    (poll #3)  order=9f117d51
  [    198ms]  [91mstale[0m    (poll #4)  order=9f117d51
  [    266ms]  [91mstale[0m    (poll #5)  order=9f117d51
  [    334ms]  [91mstale[0m    (poll #6)  order=9f117d51
  [    404ms]  [91mstale[0m    (poll #7)  order=9f117d51
  [    475ms]  [91mstale[0m    (poll #8)  order=9f117d51
  [    545ms]  [92mVISIBLE[0m  (poll #9, X-Cache: MISS)  order=9f117d51

[96mOrder 245/500:[0m
  [     10ms]  [91mstale[0m    (poll #1)  order=8fcfaf27
  [     72ms]  [91mstale[0m    (poll #2)  order=8fcfaf27
  [    137ms]  [91mstale[0m    (poll #3)  order=8fcfaf27
  [    204ms]  [91mstale[0m    (poll #4)  order=8fcfaf27
  [    274ms]  [91mstale[0m    (poll #5)  order=8fcfaf27
  [    342ms]  [91mstale[0m    (poll #6)  order=8fcfaf27
  [    412ms]  [91mstale[0m    (poll #7)  order=8fcfaf27
  [    482ms]  [92mVISIBLE[0m  (poll #8, X-Cache: MISS)  order=8fcfaf27

[96mOrder 246/500:[0m
  [      7ms]  [91mstale[0m    (poll #1)  order=4d273709
  [     71ms]  [91mstale[0m    (poll #2)  order=4d273709
  [    135ms]  [91mstale[0m    (poll #3)  order=4d273709
  [    201ms]  [91mstale[0m    (poll #4)  order=4d273709
  [    271ms]  [91mstale[0m    (poll #5)  order=4d273709
  [    334ms]  [91mstale[0m    (poll #6)  order=4d273709
  [    397ms]  [91mstale[0m    (poll #7)  order=4d273709
  [    462ms]  [91mstale[0m    (poll #8)  order=4d273709
  [    528ms]  [92mVISIBLE[0m  (poll #9, X-Cache: MISS)  order=4d273709

[96mOrder 247/500:[0m
  [      9ms]  [91mstale[0m    (poll #1)  order=ef4420dd
  [     70ms]  [91mstale[0m    (poll #2)  order=ef4420dd
  [    132ms]  [91mstale[0m    (poll #3)  order=ef4420dd
  [    200ms]  [91mstale[0m    (poll #4)  order=ef4420dd
  [    271ms]  [91mstale[0m    (poll #5)  order=ef4420dd
  [    334ms]  [91mstale[0m    (poll #6)  order=ef4420dd
  [    404ms]  [91mstale[0m    (poll #7)  order=ef4420dd
  [    474ms]  [92mVISIBLE[0m  (poll #8, X-Cache: MISS)  order=ef4420dd

[96mOrder 248/500:[0m
  [      9ms]  [91mstale[0m    (poll #1)  order=83819b2f
  [     73ms]  [91mstale[0m    (poll #2)  order=83819b2f
  [    135ms]  [91mstale[0m    (poll #3)  order=83819b2f
  [    199ms]  [91mstale[0m    (poll #4)  order=83819b2f
  [    268ms]  [91mstale[0m    (poll #5)  order=83819b2f
  [    336ms]  [91mstale[0m    (poll #6)  order=83819b2f
  [    405ms]  [91mstale[0m    (poll #7)  order=83819b2f
  [    473ms]  [92mVISIBLE[0m  (poll #8, X-Cache: MISS)  order=83819b2f

[96mOrder 249/500:[0m
  [      9ms]  [91mstale[0m    (poll #1)  order=a1f63cbf
  [     70ms]  [91mstale[0m    (poll #2)  order=a1f63cbf
  [    132ms]  [91mstale[0m    (poll #3)  order=a1f63cbf
  [    198ms]  [91mstale[0m    (poll #4)  order=a1f63cbf
  [    266ms]  [91mstale[0m    (poll #5)  order=a1f63cbf
  [    341ms]  [91mstale[0m    (poll #6)  order=a1f63cbf
  [    408ms]  [91mstale[0m    (poll #7)  order=a1f63cbf
  [    477ms]  [91mstale[0m    (poll #8)  order=a1f63cbf
  [    546ms]  [92mVISIBLE[0m  (poll #9, X-Cache: MISS)  order=a1f63cbf

[96mOrder 250/500:[0m
  [     10ms]  [91mstale[0m    (poll #1)  order=ffad5525
  [     72ms]  [91mstale[0m    (poll #2)  order=ffad5525
  [    136ms]  [91mstale[0m    (poll #3)  order=ffad5525
  [    203ms]  [91mstale[0m    (poll #4)  order=ffad5525
  [    274ms]  [91mstale[0m    (poll #5)  order=ffad5525
  [    348ms]  [91mstale[0m    (poll #6)  order=ffad5525
  [    428ms]  [91mstale[0m    (poll #7)  order=ffad5525
  [    503ms]  [92mVISIBLE[0m  (poll #8, X-Cache: MISS)  order=ffad5525

[96mOrder 251/500:[0m
  [     12ms]  [91mstale[0m    (poll #1)  order=82634eb9
  [     71ms]  [91mstale[0m    (poll #2)  order=82634eb9
  [    136ms]  [91mstale[0m    (poll #3)  order=82634eb9
  [    197ms]  [91mstale[0m    (poll #4)  order=82634eb9
  [    265ms]  [91mstale[0m    (poll #5)  order=82634eb9
  [    335ms]  [91mstale[0m    (poll #6)  order=82634eb9
  [    403ms]  [91mstale[0m    (poll #7)  order=82634eb9
  [    469ms]  [91mstale[0m    (poll #8)  order=82634eb9
  [    540ms]  [92mVISIBLE[0m  (poll #9, X-Cache: MISS)  order=82634eb9

[96mOrder 252/500:[0m
  [      9ms]  [91mstale[0m    (poll #1)  order=9c2d4fc2
  [     75ms]  [91mstale[0m    (poll #2)  order=9c2d4fc2
  [    140ms]  [91mstale[0m    (poll #3)  order=9c2d4fc2
  [    203ms]  [91mstale[0m    (poll #4)  order=9c2d4fc2
  [    273ms]  [91mstale[0m    (poll #5)  order=9c2d4fc2
  [    344ms]  [91mstale[0m    (poll #6)  order=9c2d4fc2
  [    403ms]  [91mstale[0m    (poll #7)  order=9c2d4fc2
  [    472ms]  [92mVISIBLE[0m  (poll #8, X-Cache: MISS)  order=9c2d4fc2

[96mOrder 253/500:[0m
  [      7ms]  [91mstale[0m    (poll #1)  order=23c156d8
  [     67ms]  [91mstale[0m    (poll #2)  order=23c156d8
  [    135ms]  [91mstale[0m    (poll #3)  order=23c156d8
  [    204ms]  [91mstale[0m    (poll #4)  order=23c156d8
  [    273ms]  [91mstale[0m    (poll #5)  order=23c156d8
  [    348ms]  [91mstale[0m    (poll #6)  order=23c156d8
  [    421ms]  [91mstale[0m    (poll #7)  order=23c156d8
  [    483ms]  [92mVISIBLE[0m  (poll #8, X-Cache: MISS)  order=23c156d8

[96mOrder 254/500:[0m
  [      5ms]  [91mstale[0m    (poll #1)  order=28272307
  [     72ms]  [91mstale[0m    (poll #2)  order=28272307
  [    142ms]  [91mstale[0m    (poll #3)  order=28272307
  [    202ms]  [91mstale[0m    (poll #4)  order=28272307
  [    266ms]  [91mstale[0m    (poll #5)  order=28272307
  [    331ms]  [91mstale[0m    (poll #6)  order=28272307
  [    402ms]  [91mstale[0m    (poll #7)  order=28272307
  [    463ms]  [91mstale[0m    (poll #8)  order=28272307
  [    530ms]  [92mVISIBLE[0m  (poll #9, X-Cache: MISS)  order=28272307

[96mOrder 255/500:[0m
  [     10ms]  [91mstale[0m    (poll #1)  order=871c86d5
  [     74ms]  [91mstale[0m    (poll #2)  order=871c86d5
  [    138ms]  [91mstale[0m    (poll #3)  order=871c86d5
  [    201ms]  [91mstale[0m    (poll #4)  order=871c86d5
  [    273ms]  [91mstale[0m    (poll #5)  order=871c86d5
  [    340ms]  [91mstale[0m    (poll #6)  order=871c86d5
  [    415ms]  [91mstale[0m    (poll #7)  order=871c86d5
  [    477ms]  [92mVISIBLE[0m  (poll #8, X-Cache: MISS)  order=871c86d5

[96mOrder 256/500:[0m
  [      5ms]  [91mstale[0m    (poll #1)  order=4d1cd86d
  [     71ms]  [91mstale[0m    (poll #2)  order=4d1cd86d
  [    133ms]  [91mstale[0m    (poll #3)  order=4d1cd86d
  [    194ms]  [91mstale[0m    (poll #4)  order=4d1cd86d
  [    258ms]  [91mstale[0m    (poll #5)  order=4d1cd86d
  [    321ms]  [91mstale[0m    (poll #6)  order=4d1cd86d
  [    392ms]  [91mstale[0m    (poll #7)  order=4d1cd86d
  [    461ms]  [91mstale[0m    (poll #8)  order=4d1cd86d
  [    530ms]  [92mVISIBLE[0m  (poll #9, X-Cache: MISS)  order=4d1cd86d

[96mOrder 257/500:[0m
  [     11ms]  [91mstale[0m    (poll #1)  order=11b05239
  [     76ms]  [91mstale[0m    (poll #2)  order=11b05239
  [    141ms]  [91mstale[0m    (poll #3)  order=11b05239
  [    211ms]  [91mstale[0m    (poll #4)  order=11b05239
  [    281ms]  [91mstale[0m    (poll #5)  order=11b05239
  [    351ms]  [91mstale[0m    (poll #6)  order=11b05239
  [    431ms]  [91mstale[0m    (poll #7)  order=11b05239
  [    495ms]  [92mVISIBLE[0m  (poll #8, X-Cache: MISS)  order=11b05239

[96mOrder 258/500:[0m
  [      5ms]  [91mstale[0m    (poll #1)  order=45d72ad8
  [     67ms]  [91mstale[0m    (poll #2)  order=45d72ad8
  [    132ms]  [91mstale[0m    (poll #3)  order=45d72ad8
  [    197ms]  [91mstale[0m    (poll #4)  order=45d72ad8
  [    266ms]  [91mstale[0m    (poll #5)  order=45d72ad8
  [    338ms]  [91mstale[0m    (poll #6)  order=45d72ad8
  [    411ms]  [91mstale[0m    (poll #7)  order=45d72ad8
  [    483ms]  [91mstale[0m    (poll #8)  order=45d72ad8
  [    545ms]  [92mVISIBLE[0m  (poll #9, X-Cache: MISS)  order=45d72ad8

[96mOrder 259/500:[0m
  [      4ms]  [91mstale[0m    (poll #1)  order=7189d705
  [     64ms]  [91mstale[0m    (poll #2)  order=7189d705
  [    127ms]  [91mstale[0m    (poll #3)  order=7189d705
  [    189ms]  [91mstale[0m    (poll #4)  order=7189d705
  [    253ms]  [91mstale[0m    (poll #5)  order=7189d705
  [    320ms]  [91mstale[0m    (poll #6)  order=7189d705
  [    397ms]  [91mstale[0m    (poll #7)  order=7189d705
  [    470ms]  [92mVISIBLE[0m  (poll #8, X-Cache: MISS)  order=7189d705

[96mOrder 260/500:[0m
  [      9ms]  [91mstale[0m    (poll #1)  order=41136cc8
  [     70ms]  [91mstale[0m    (poll #2)  order=41136cc8
  [    134ms]  [91mstale[0m    (poll #3)  order=41136cc8
  [    201ms]  [91mstale[0m    (poll #4)  order=41136cc8
  [    266ms]  [91mstale[0m    (poll #5)  order=41136cc8
  [    324ms]  [91mstale[0m    (poll #6)  order=41136cc8
  [    380ms]  [91mstale[0m    (poll #7)  order=41136cc8
  [    439ms]  [91mstale[0m    (poll #8)  order=41136cc8
  [    499ms]  [91mstale[0m    (poll #9)  order=41136cc8
  [    557ms]  [92mVISIBLE[0m  (poll #10, X-Cache: MISS)  order=41136cc8

[96mOrder 261/500:[0m
  [      5ms]  [91mstale[0m    (poll #1)  order=b4d0fdde
  [     65ms]  [91mstale[0m    (poll #2)  order=b4d0fdde
  [    128ms]  [91mstale[0m    (poll #3)  order=b4d0fdde
  [    194ms]  [91mstale[0m    (poll #4)  order=b4d0fdde
  [    262ms]  [91mstale[0m    (poll #5)  order=b4d0fdde
  [    333ms]  [91mstale[0m    (poll #6)  order=b4d0fdde
  [    407ms]  [91mstale[0m    (poll #7)  order=b4d0fdde
  [    476ms]  [92mVISIBLE[0m  (poll #8, X-Cache: MISS)  order=b4d0fdde

[96mOrder 262/500:[0m
  [     10ms]  [91mstale[0m    (poll #1)  order=02129cc2
  [     71ms]  [91mstale[0m    (poll #2)  order=02129cc2
  [    133ms]  [91mstale[0m    (poll #3)  order=02129cc2
  [    201ms]  [91mstale[0m    (poll #4)  order=02129cc2
  [    272ms]  [91mstale[0m    (poll #5)  order=02129cc2
  [    341ms]  [91mstale[0m    (poll #6)  order=02129cc2
  [    414ms]  [91mstale[0m    (poll #7)  order=02129cc2
  [    481ms]  [92mVISIBLE[0m  (poll #8, X-Cache: MISS)  order=02129cc2

[96mOrder 263/500:[0m
  [     10ms]  [91mstale[0m    (poll #1)  order=29c70df6
  [     77ms]  [91mstale[0m    (poll #2)  order=29c70df6
  [    143ms]  [91mstale[0m    (poll #3)  order=29c70df6
  [    213ms]  [91mstale[0m    (poll #4)  order=29c70df6
  [    281ms]  [91mstale[0m    (poll #5)  order=29c70df6
  [    353ms]  [91mstale[0m    (poll #6)  order=29c70df6
  [    422ms]  [91mstale[0m    (poll #7)  order=29c70df6
  [    502ms]  [92mVISIBLE[0m  (poll #8, X-Cache: MISS)  order=29c70df6

[96mOrder 264/500:[0m
  [     10ms]  [91mstale[0m    (poll #1)  order=602002df
  [     75ms]  [91mstale[0m    (poll #2)  order=602002df
  [    137ms]  [91mstale[0m    (poll #3)  order=602002df
  [    204ms]  [91mstale[0m    (poll #4)  order=602002df
  [    273ms]  [91mstale[0m    (poll #5)  order=602002df
  [    343ms]  [91mstale[0m    (poll #6)  order=602002df
  [    411ms]  [91mstale[0m    (poll #7)  order=602002df
  [    478ms]  [91mstale[0m    (poll #8)  order=602002df
  [    548ms]  [92mVISIBLE[0m  (poll #9, X-Cache: MISS)  order=602002df

[96mOrder 265/500:[0m
  [     10ms]  [91mstale[0m    (poll #1)  order=13fba771
  [     72ms]  [91mstale[0m    (poll #2)  order=13fba771
  [    136ms]  [91mstale[0m    (poll #3)  order=13fba771
  [    203ms]  [91mstale[0m    (poll #4)  order=13fba771
  [    267ms]  [91mstale[0m    (poll #5)  order=13fba771
  [    331ms]  [91mstale[0m    (poll #6)  order=13fba771
  [    400ms]  [91mstale[0m    (poll #7)  order=13fba771
  [    473ms]  [92mVISIBLE[0m  (poll #8, X-Cache: MISS)  order=13fba771

[96mOrder 266/500:[0m
  [      4ms]  [91mstale[0m    (poll #1)  order=fe9e2009
  [     62ms]  [91mstale[0m    (poll #2)  order=fe9e2009
  [    125ms]  [91mstale[0m    (poll #3)  order=fe9e2009
  [    188ms]  [91mstale[0m    (poll #4)  order=fe9e2009
  [    252ms]  [91mstale[0m    (poll #5)  order=fe9e2009
  [    322ms]  [91mstale[0m    (poll #6)  order=fe9e2009
  [    390ms]  [91mstale[0m    (poll #7)  order=fe9e2009
  [    459ms]  [92mVISIBLE[0m  (poll #8, X-Cache: MISS)  order=fe9e2009

[96mOrder 267/500:[0m
  [      9ms]  [91mstale[0m    (poll #1)  order=8a79ac32
  [     73ms]  [91mstale[0m    (poll #2)  order=8a79ac32
  [    135ms]  [91mstale[0m    (poll #3)  order=8a79ac32
  [    201ms]  [91mstale[0m    (poll #4)  order=8a79ac32
  [    273ms]  [91mstale[0m    (poll #5)  order=8a79ac32
  [    341ms]  [92mVISIBLE[0m  (poll #6, X-Cache: MISS)  order=8a79ac32

[96mOrder 268/500:[0m
  [      8ms]  [91mstale[0m    (poll #1)  order=19e68cb8
  [     71ms]  [91mstale[0m    (poll #2)  order=19e68cb8
  [    135ms]  [91mstale[0m    (poll #3)  order=19e68cb8
  [    201ms]  [91mstale[0m    (poll #4)  order=19e68cb8
  [    267ms]  [91mstale[0m    (poll #5)  order=19e68cb8
  [    339ms]  [91mstale[0m    (poll #6)  order=19e68cb8
  [    408ms]  [91mstale[0m    (poll #7)  order=19e68cb8
  [    475ms]  [91mstale[0m    (poll #8)  order=19e68cb8
  [    540ms]  [92mVISIBLE[0m  (poll #9, X-Cache: MISS)  order=19e68cb8

[96mOrder 269/500:[0m
  [      9ms]  [91mstale[0m    (poll #1)  order=b0919a1c
  [     69ms]  [91mstale[0m    (poll #2)  order=b0919a1c
  [    137ms]  [91mstale[0m    (poll #3)  order=b0919a1c
  [    201ms]  [91mstale[0m    (poll #4)  order=b0919a1c
  [    266ms]  [91mstale[0m    (poll #5)  order=b0919a1c
  [    333ms]  [91mstale[0m    (poll #6)  order=b0919a1c
  [    399ms]  [91mstale[0m    (poll #7)  order=b0919a1c
  [    470ms]  [92mVISIBLE[0m  (poll #8, X-Cache: MISS)  order=b0919a1c

[96mOrder 270/500:[0m
  [      9ms]  [91mstale[0m    (poll #1)  order=50df3374
  [     72ms]  [91mstale[0m    (poll #2)  order=50df3374
  [    135ms]  [91mstale[0m    (poll #3)  order=50df3374
  [    202ms]  [91mstale[0m    (poll #4)  order=50df3374
  [    267ms]  [91mstale[0m    (poll #5)  order=50df3374
  [    339ms]  [91mstale[0m    (poll #6)  order=50df3374
  [    406ms]  [91mstale[0m    (poll #7)  order=50df3374
  [    474ms]  [91mstale[0m    (poll #8)  order=50df3374
  [    544ms]  [92mVISIBLE[0m  (poll #9, X-Cache: MISS)  order=50df3374

[96mOrder 271/500:[0m
  [     11ms]  [91mstale[0m    (poll #1)  order=bc7071c3
  [     75ms]  [91mstale[0m    (poll #2)  order=bc7071c3
  [    139ms]  [91mstale[0m    (poll #3)  order=bc7071c3
  [    205ms]  [91mstale[0m    (poll #4)  order=bc7071c3
  [    274ms]  [91mstale[0m    (poll #5)  order=bc7071c3
  [    343ms]  [91mstale[0m    (poll #6)  order=bc7071c3
  [    414ms]  [91mstale[0m    (poll #7)  order=bc7071c3
  [    484ms]  [92mVISIBLE[0m  (poll #8, X-Cache: MISS)  order=bc7071c3

[96mOrder 272/500:[0m
  [      8ms]  [91mstale[0m    (poll #1)  order=9f29adb6
  [     71ms]  [91mstale[0m    (poll #2)  order=9f29adb6
  [    135ms]  [91mstale[0m    (poll #3)  order=9f29adb6
  [    203ms]  [91mstale[0m    (poll #4)  order=9f29adb6
  [    267ms]  [91mstale[0m    (poll #5)  order=9f29adb6
  [    333ms]  [91mstale[0m    (poll #6)  order=9f29adb6
  [    405ms]  [91mstale[0m    (poll #7)  order=9f29adb6
  [    472ms]  [91mstale[0m    (poll #8)  order=9f29adb6
  [    542ms]  [92mVISIBLE[0m  (poll #9, X-Cache: MISS)  order=9f29adb6

[96mOrder 273/500:[0m
  [      7ms]  [91mstale[0m    (poll #1)  order=ad9cd8c3
  [     71ms]  [91mstale[0m    (poll #2)  order=ad9cd8c3
  [    132ms]  [91mstale[0m    (poll #3)  order=ad9cd8c3
  [    194ms]  [91mstale[0m    (poll #4)  order=ad9cd8c3
  [    252ms]  [91mstale[0m    (poll #5)  order=ad9cd8c3
  [    316ms]  [91mstale[0m    (poll #6)  order=ad9cd8c3
  [    378ms]  [91mstale[0m    (poll #7)  order=ad9cd8c3
  [    441ms]  [91mstale[0m    (poll #8)  order=ad9cd8c3
  [    507ms]  [92mVISIBLE[0m  (poll #9, X-Cache: MISS)  order=ad9cd8c3

[96mOrder 274/500:[0m
  [      7ms]  [91mstale[0m    (poll #1)  order=a1a24c58
  [     67ms]  [91mstale[0m    (poll #2)  order=a1a24c58
  [    125ms]  [91mstale[0m    (poll #3)  order=a1a24c58
  [    189ms]  [91mstale[0m    (poll #4)  order=a1a24c58
  [    253ms]  [91mstale[0m    (poll #5)  order=a1a24c58
  [    325ms]  [91mstale[0m    (poll #6)  order=a1a24c58
  [    395ms]  [91mstale[0m    (poll #7)  order=a1a24c58
  [    464ms]  [91mstale[0m    (poll #8)  order=a1a24c58
  [    530ms]  [92mVISIBLE[0m  (poll #9, X-Cache: MISS)  order=a1a24c58

[96mOrder 275/500:[0m
  [      8ms]  [91mstale[0m    (poll #1)  order=b9dd2d42
  [     71ms]  [91mstale[0m    (poll #2)  order=b9dd2d42
  [    136ms]  [91mstale[0m    (poll #3)  order=b9dd2d42
  [    199ms]  [91mstale[0m    (poll #4)  order=b9dd2d42
  [    262ms]  [91mstale[0m    (poll #5)  order=b9dd2d42
  [    326ms]  [91mstale[0m    (poll #6)  order=b9dd2d42
  [    388ms]  [92mVISIBLE[0m  (poll #7, X-Cache: MISS)  order=b9dd2d42

[96mOrder 276/500:[0m
  [      8ms]  [91mstale[0m    (poll #1)  order=ec452eab
  [     72ms]  [91mstale[0m    (poll #2)  order=ec452eab
  [    134ms]  [91mstale[0m    (poll #3)  order=ec452eab
  [    198ms]  [91mstale[0m    (poll #4)  order=ec452eab
  [    260ms]  [91mstale[0m    (poll #5)  order=ec452eab
  [    325ms]  [91mstale[0m    (poll #6)  order=ec452eab
  [    392ms]  [91mstale[0m    (poll #7)  order=ec452eab
  [    459ms]  [92mVISIBLE[0m  (poll #8, X-Cache: MISS)  order=ec452eab

[96mOrder 277/500:[0m
  [      9ms]  [91mstale[0m    (poll #1)  order=75eb43d5
  [     73ms]  [91mstale[0m    (poll #2)  order=75eb43d5
  [    134ms]  [91mstale[0m    (poll #3)  order=75eb43d5
  [    206ms]  [91mstale[0m    (poll #4)  order=75eb43d5
  [    269ms]  [91mstale[0m    (poll #5)  order=75eb43d5
  [    333ms]  [91mstale[0m    (poll #6)  order=75eb43d5
  [    399ms]  [91mstale[0m    (poll #7)  order=75eb43d5
  [    470ms]  [91mstale[0m    (poll #8)  order=75eb43d5
  [    542ms]  [92mVISIBLE[0m  (poll #9, X-Cache: MISS)  order=75eb43d5

[96mOrder 278/500:[0m
  [     10ms]  [91mstale[0m    (poll #1)  order=3e95be7e
  [     74ms]  [91mstale[0m    (poll #2)  order=3e95be7e
  [    136ms]  [91mstale[0m    (poll #3)  order=3e95be7e
  [    200ms]  [91mstale[0m    (poll #4)  order=3e95be7e
  [    269ms]  [91mstale[0m    (poll #5)  order=3e95be7e
  [    333ms]  [91mstale[0m    (poll #6)  order=3e95be7e
  [    394ms]  [91mstale[0m    (poll #7)  order=3e95be7e
  [    454ms]  [91mstale[0m    (poll #8)  order=3e95be7e
  [    513ms]  [92mVISIBLE[0m  (poll #9, X-Cache: MISS)  order=3e95be7e

[96mOrder 279/500:[0m
  [      5ms]  [91mstale[0m    (poll #1)  order=14887709
  [     65ms]  [91mstale[0m    (poll #2)  order=14887709
  [    129ms]  [91mstale[0m    (poll #3)  order=14887709
  [    193ms]  [91mstale[0m    (poll #4)  order=14887709
  [    262ms]  [91mstale[0m    (poll #5)  order=14887709
  [    328ms]  [91mstale[0m    (poll #6)  order=14887709
  [    394ms]  [91mstale[0m    (poll #7)  order=14887709
  [    462ms]  [91mstale[0m    (poll #8)  order=14887709
  [    528ms]  [92mVISIBLE[0m  (poll #9, X-Cache: MISS)  order=14887709

[96mOrder 280/500:[0m
  [     10ms]  [91mstale[0m    (poll #1)  order=4d881f44
  [     75ms]  [91mstale[0m    (poll #2)  order=4d881f44
  [    141ms]  [91mstale[0m    (poll #3)  order=4d881f44
  [    209ms]  [91mstale[0m    (poll #4)  order=4d881f44
  [    281ms]  [91mstale[0m    (poll #5)  order=4d881f44
  [    347ms]  [91mstale[0m    (poll #6)  order=4d881f44
  [    407ms]  [91mstale[0m    (poll #7)  order=4d881f44
  [    468ms]  [92mVISIBLE[0m  (poll #8, X-Cache: MISS)  order=4d881f44

[96mOrder 281/500:[0m
  [     14ms]  [91mstale[0m    (poll #1)  order=d305a994
  [     91ms]  [91mstale[0m    (poll #2)  order=d305a994
  [    154ms]  [91mstale[0m    (poll #3)  order=d305a994
  [    218ms]  [91mstale[0m    (poll #4)  order=d305a994
  [    285ms]  [91mstale[0m    (poll #5)  order=d305a994
  [    352ms]  [91mstale[0m    (poll #6)  order=d305a994
  [    417ms]  [91mstale[0m    (poll #7)  order=d305a994
  [    486ms]  [92mVISIBLE[0m  (poll #8, X-Cache: MISS)  order=d305a994

[96mOrder 282/500:[0m
  [     10ms]  [91mstale[0m    (poll #1)  order=b443c0d5
  [     75ms]  [91mstale[0m    (poll #2)  order=b443c0d5
  [    144ms]  [91mstale[0m    (poll #3)  order=b443c0d5
  [    210ms]  [91mstale[0m    (poll #4)  order=b443c0d5
  [    275ms]  [91mstale[0m    (poll #5)  order=b443c0d5
  [    348ms]  [91mstale[0m    (poll #6)  order=b443c0d5
  [    418ms]  [92mVISIBLE[0m  (poll #7, X-Cache: MISS)  order=b443c0d5

[96mOrder 283/500:[0m
  [      9ms]  [91mstale[0m    (poll #1)  order=1e6416d8
  [     70ms]  [91mstale[0m    (poll #2)  order=1e6416d8
  [    135ms]  [91mstale[0m    (poll #3)  order=1e6416d8
  [    204ms]  [91mstale[0m    (poll #4)  order=1e6416d8
  [    274ms]  [91mstale[0m    (poll #5)  order=1e6416d8
  [    347ms]  [91mstale[0m    (poll #6)  order=1e6416d8
  [    424ms]  [92mVISIBLE[0m  (poll #7, X-Cache: MISS)  order=1e6416d8

[96mOrder 284/500:[0m
  [      8ms]  [91mstale[0m    (poll #1)  order=86569505
  [     71ms]  [91mstale[0m    (poll #2)  order=86569505
  [    135ms]  [91mstale[0m    (poll #3)  order=86569505
  [    204ms]  [91mstale[0m    (poll #4)  order=86569505
  [    274ms]  [91mstale[0m    (poll #5)  order=86569505
  [    343ms]  [91mstale[0m    (poll #6)  order=86569505
  [    413ms]  [91mstale[0m    (poll #7)  order=86569505
  [    485ms]  [92mVISIBLE[0m  (poll #8, X-Cache: MISS)  order=86569505

[96mOrder 285/500:[0m
  [      8ms]  [91mstale[0m    (poll #1)  order=e3b84fb7
  [     71ms]  [91mstale[0m    (poll #2)  order=e3b84fb7
  [    135ms]  [91mstale[0m    (poll #3)  order=e3b84fb7
  [    204ms]  [91mstale[0m    (poll #4)  order=e3b84fb7
  [    274ms]  [91mstale[0m    (poll #5)  order=e3b84fb7
  [    345ms]  [91mstale[0m    (poll #6)  order=e3b84fb7
  [    410ms]  [91mstale[0m    (poll #7)  order=e3b84fb7
  [    474ms]  [91mstale[0m    (poll #8)  order=e3b84fb7
  [    540ms]  [92mVISIBLE[0m  (poll #9, X-Cache: MISS)  order=e3b84fb7

[96mOrder 286/500:[0m
  [      8ms]  [91mstale[0m    (poll #1)  order=bcf14e52
  [     71ms]  [91mstale[0m    (poll #2)  order=bcf14e52
  [    133ms]  [91mstale[0m    (poll #3)  order=bcf14e52
  [    196ms]  [91mstale[0m    (poll #4)  order=bcf14e52
  [    262ms]  [91mstale[0m    (poll #5)  order=bcf14e52
  [    327ms]  [91mstale[0m    (poll #6)  order=bcf14e52
  [    399ms]  [91mstale[0m    (poll #7)  order=bcf14e52
  [    467ms]  [92mVISIBLE[0m  (poll #8, X-Cache: MISS)  order=bcf14e52

[96mOrder 287/500:[0m
  [     10ms]  [91mstale[0m    (poll #1)  order=38dd6cfe
  [     70ms]  [91mstale[0m    (poll #2)  order=38dd6cfe
  [    134ms]  [91mstale[0m    (poll #3)  order=38dd6cfe
  [    201ms]  [91mstale[0m    (poll #4)  order=38dd6cfe
  [    269ms]  [91mstale[0m    (poll #5)  order=38dd6cfe
  [    337ms]  [91mstale[0m    (poll #6)  order=38dd6cfe
  [    407ms]  [91mstale[0m    (poll #7)  order=38dd6cfe
  [    479ms]  [91mstale[0m    (poll #8)  order=38dd6cfe
  [    550ms]  [92mVISIBLE[0m  (poll #9, X-Cache: MISS)  order=38dd6cfe

[96mOrder 288/500:[0m
  [     10ms]  [91mstale[0m    (poll #1)  order=85fe74a2
  [     72ms]  [91mstale[0m    (poll #2)  order=85fe74a2
  [    138ms]  [91mstale[0m    (poll #3)  order=85fe74a2
  [    202ms]  [91mstale[0m    (poll #4)  order=85fe74a2
  [    272ms]  [91mstale[0m    (poll #5)  order=85fe74a2
  [    339ms]  [91mstale[0m    (poll #6)  order=85fe74a2
  [    410ms]  [91mstale[0m    (poll #7)  order=85fe74a2
  [    479ms]  [92mVISIBLE[0m  (poll #8, X-Cache: MISS)  order=85fe74a2

[96mOrder 289/500:[0m
  [     10ms]  [91mstale[0m    (poll #1)  order=e28b82ee
  [     75ms]  [91mstale[0m    (poll #2)  order=e28b82ee
  [    137ms]  [91mstale[0m    (poll #3)  order=e28b82ee
  [    201ms]  [91mstale[0m    (poll #4)  order=e28b82ee
  [    271ms]  [91mstale[0m    (poll #5)  order=e28b82ee
  [    341ms]  [91mstale[0m    (poll #6)  order=e28b82ee
  [    414ms]  [91mstale[0m    (poll #7)  order=e28b82ee
  [    482ms]  [92mVISIBLE[0m  (poll #8, X-Cache: MISS)  order=e28b82ee

[96mOrder 290/500:[0m
  [     10ms]  [91mstale[0m    (poll #1)  order=3dae7472
  [     75ms]  [91mstale[0m    (poll #2)  order=3dae7472
  [    143ms]  [91mstale[0m    (poll #3)  order=3dae7472
  [    212ms]  [91mstale[0m    (poll #4)  order=3dae7472
  [    283ms]  [91mstale[0m    (poll #5)  order=3dae7472
  [    354ms]  [91mstale[0m    (poll #6)  order=3dae7472
  [    422ms]  [91mstale[0m    (poll #7)  order=3dae7472
  [    493ms]  [92mVISIBLE[0m  (poll #8, X-Cache: MISS)  order=3dae7472

[96mOrder 291/500:[0m
  [     10ms]  [91mstale[0m    (poll #1)  order=223dcd41
  [     71ms]  [91mstale[0m    (poll #2)  order=223dcd41
  [    138ms]  [91mstale[0m    (poll #3)  order=223dcd41
  [    203ms]  [91mstale[0m    (poll #4)  order=223dcd41
  [    271ms]  [91mstale[0m    (poll #5)  order=223dcd41
  [    342ms]  [91mstale[0m    (poll #6)  order=223dcd41
  [    413ms]  [92mVISIBLE[0m  (poll #7, X-Cache: MISS)  order=223dcd41

[96mOrder 292/500:[0m
  [      9ms]  [91mstale[0m    (poll #1)  order=72e104c0
  [     69ms]  [91mstale[0m    (poll #2)  order=72e104c0
  [    138ms]  [91mstale[0m    (poll #3)  order=72e104c0
  [    203ms]  [91mstale[0m    (poll #4)  order=72e104c0
  [    271ms]  [91mstale[0m    (poll #5)  order=72e104c0
  [    338ms]  [91mstale[0m    (poll #6)  order=72e104c0
  [    407ms]  [91mstale[0m    (poll #7)  order=72e104c0
  [    476ms]  [91mstale[0m    (poll #8)  order=72e104c0
  [    543ms]  [92mVISIBLE[0m  (poll #9, X-Cache: MISS)  order=72e104c0

[96mOrder 293/500:[0m
  [      8ms]  [91mstale[0m    (poll #1)  order=e56b20fb
  [     68ms]  [91mstale[0m    (poll #2)  order=e56b20fb
  [    130ms]  [91mstale[0m    (poll #3)  order=e56b20fb
  [    196ms]  [91mstale[0m    (poll #4)  order=e56b20fb
  [    261ms]  [91mstale[0m    (poll #5)  order=e56b20fb
  [    322ms]  [91mstale[0m    (poll #6)  order=e56b20fb
  [    385ms]  [92mVISIBLE[0m  (poll #7, X-Cache: MISS)  order=e56b20fb

[96mOrder 294/500:[0m
  [      5ms]  [91mstale[0m    (poll #1)  order=02130341
  [     63ms]  [91mstale[0m    (poll #2)  order=02130341
  [    122ms]  [91mstale[0m    (poll #3)  order=02130341
  [    186ms]  [91mstale[0m    (poll #4)  order=02130341
  [    249ms]  [91mstale[0m    (poll #5)  order=02130341
  [    319ms]  [91mstale[0m    (poll #6)  order=02130341
  [    390ms]  [91mstale[0m    (poll #7)  order=02130341
  [    461ms]  [91mstale[0m    (poll #8)  order=02130341
  [    531ms]  [92mVISIBLE[0m  (poll #9, X-Cache: MISS)  order=02130341

[96mOrder 295/500:[0m
  [      9ms]  [91mstale[0m    (poll #1)  order=bd765c7e
  [     73ms]  [91mstale[0m    (poll #2)  order=bd765c7e
  [    135ms]  [91mstale[0m    (poll #3)  order=bd765c7e
  [    202ms]  [91mstale[0m    (poll #4)  order=bd765c7e
  [    270ms]  [91mstale[0m    (poll #5)  order=bd765c7e
  [    337ms]  [91mstale[0m    (poll #6)  order=bd765c7e
  [    400ms]  [91mstale[0m    (poll #7)  order=bd765c7e
  [    460ms]  [92mVISIBLE[0m  (poll #8, X-Cache: MISS)  order=bd765c7e

[96mOrder 296/500:[0m
  [      6ms]  [91mstale[0m    (poll #1)  order=044380ff
  [     68ms]  [91mstale[0m    (poll #2)  order=044380ff
  [    133ms]  [91mstale[0m    (poll #3)  order=044380ff
  [    198ms]  [91mstale[0m    (poll #4)  order=044380ff
  [    262ms]  [91mstale[0m    (poll #5)  order=044380ff
  [    328ms]  [91mstale[0m    (poll #6)  order=044380ff
  [    396ms]  [91mstale[0m    (poll #7)  order=044380ff
  [    466ms]  [91mstale[0m    (poll #8)  order=044380ff
  [    536ms]  [92mVISIBLE[0m  (poll #9, X-Cache: MISS)  order=044380ff

[96mOrder 297/500:[0m
  [     11ms]  [91mstale[0m    (poll #1)  order=ad799b6c
  [     73ms]  [91mstale[0m    (poll #2)  order=ad799b6c
  [    139ms]  [91mstale[0m    (poll #3)  order=ad799b6c
  [    212ms]  [91mstale[0m    (poll #4)  order=ad799b6c
  [    278ms]  [91mstale[0m    (poll #5)  order=ad799b6c
  [    342ms]  [91mstale[0m    (poll #6)  order=ad799b6c
  [    403ms]  [91mstale[0m    (poll #7)  order=ad799b6c
  [    465ms]  [92mVISIBLE[0m  (poll #8, X-Cache: MISS)  order=ad799b6c

[96mOrder 298/500:[0m
  [      7ms]  [91mstale[0m    (poll #1)  order=b584165b
  [     71ms]  [91mstale[0m    (poll #2)  order=b584165b
  [    136ms]  [91mstale[0m    (poll #3)  order=b584165b
  [    205ms]  [91mstale[0m    (poll #4)  order=b584165b
  [    272ms]  [91mstale[0m    (poll #5)  order=b584165b
  [    345ms]  [91mstale[0m    (poll #6)  order=b584165b
  [    406ms]  [91mstale[0m    (poll #7)  order=b584165b
  [    464ms]  [91mstale[0m    (poll #8)  order=b584165b
  [    524ms]  [92mVISIBLE[0m  (poll #9, X-Cache: MISS)  order=b584165b

[96mOrder 299/500:[0m
  [      5ms]  [91mstale[0m    (poll #1)  order=8ac616e7
  [     67ms]  [91mstale[0m    (poll #2)  order=8ac616e7
  [    130ms]  [91mstale[0m    (poll #3)  order=8ac616e7
  [    196ms]  [91mstale[0m    (poll #4)  order=8ac616e7
  [    262ms]  [91mstale[0m    (poll #5)  order=8ac616e7
  [    329ms]  [91mstale[0m    (poll #6)  order=8ac616e7
  [    397ms]  [91mstale[0m    (poll #7)  order=8ac616e7
  [    467ms]  [91mstale[0m    (poll #8)  order=8ac616e7
  [    535ms]  [92mVISIBLE[0m  (poll #9, X-Cache: MISS)  order=8ac616e7

[96mOrder 300/500:[0m
  [     10ms]  [91mstale[0m    (poll #1)  order=e91f0420
  [     73ms]  [91mstale[0m    (poll #2)  order=e91f0420
  [    139ms]  [91mstale[0m    (poll #3)  order=e91f0420
  [    210ms]  [91mstale[0m    (poll #4)  order=e91f0420
  [    280ms]  [91mstale[0m    (poll #5)  order=e91f0420
  [    349ms]  [91mstale[0m    (poll #6)  order=e91f0420
  [    420ms]  [91mstale[0m    (poll #7)  order=e91f0420
  [    488ms]  [92mVISIBLE[0m  (poll #8, X-Cache: MISS)  order=e91f0420

[96mOrder 301/500:[0m
  [     11ms]  [91mstale[0m    (poll #1)  order=64ef9ef7
  [     71ms]  [91mstale[0m    (poll #2)  order=64ef9ef7
  [    132ms]  [91mstale[0m    (poll #3)  order=64ef9ef7
  [    191ms]  [91mstale[0m    (poll #4)  order=64ef9ef7
  [    252ms]  [91mstale[0m    (poll #5)  order=64ef9ef7
  [    313ms]  [91mstale[0m    (poll #6)  order=64ef9ef7
  [    372ms]  [91mstale[0m    (poll #7)  order=64ef9ef7
  [    431ms]  [91mstale[0m    (poll #8)  order=64ef9ef7
  [    497ms]  [92mVISIBLE[0m  (poll #9, X-Cache: MISS)  order=64ef9ef7

[96mOrder 302/500:[0m
  [      7ms]  [91mstale[0m    (poll #1)  order=756bc867
  [     70ms]  [91mstale[0m    (poll #2)  order=756bc867
  [    130ms]  [91mstale[0m    (poll #3)  order=756bc867
  [    199ms]  [91mstale[0m    (poll #4)  order=756bc867
  [    264ms]  [91mstale[0m    (poll #5)  order=756bc867
  [    335ms]  [91mstale[0m    (poll #6)  order=756bc867
  [    404ms]  [91mstale[0m    (poll #7)  order=756bc867
  [    474ms]  [92mVISIBLE[0m  (poll #8, X-Cache: MISS)  order=756bc867

[96mOrder 303/500:[0m
  [     10ms]  [91mstale[0m    (poll #1)  order=ca65b9c7
  [     75ms]  [91mstale[0m    (poll #2)  order=ca65b9c7
  [    138ms]  [91mstale[0m    (poll #3)  order=ca65b9c7
  [    204ms]  [91mstale[0m    (poll #4)  order=ca65b9c7
  [    277ms]  [91mstale[0m    (poll #5)  order=ca65b9c7
  [    343ms]  [91mstale[0m    (poll #6)  order=ca65b9c7
  [    412ms]  [91mstale[0m    (poll #7)  order=ca65b9c7
  [    482ms]  [91mstale[0m    (poll #8)  order=ca65b9c7
  [    553ms]  [92mVISIBLE[0m  (poll #9, X-Cache: MISS)  order=ca65b9c7

[96mOrder 304/500:[0m
  [      7ms]  [91mstale[0m    (poll #1)  order=5b0ddb08
  [     70ms]  [91mstale[0m    (poll #2)  order=5b0ddb08
  [    134ms]  [91mstale[0m    (poll #3)  order=5b0ddb08
  [    201ms]  [91mstale[0m    (poll #4)  order=5b0ddb08
  [    270ms]  [91mstale[0m    (poll #5)  order=5b0ddb08
  [    339ms]  [91mstale[0m    (poll #6)  order=5b0ddb08
  [    410ms]  [91mstale[0m    (poll #7)  order=5b0ddb08
  [    480ms]  [92mVISIBLE[0m  (poll #8, X-Cache: MISS)  order=5b0ddb08

[96mOrder 305/500:[0m
  [     10ms]  [91mstale[0m    (poll #1)  order=0da99b8f
  [     74ms]  [91mstale[0m    (poll #2)  order=0da99b8f
  [    142ms]  [91mstale[0m    (poll #3)  order=0da99b8f
  [    210ms]  [91mstale[0m    (poll #4)  order=0da99b8f
  [    277ms]  [91mstale[0m    (poll #5)  order=0da99b8f
  [    341ms]  [91mstale[0m    (poll #6)  order=0da99b8f
  [    406ms]  [91mstale[0m    (poll #7)  order=0da99b8f
  [    471ms]  [91mstale[0m    (poll #8)  order=0da99b8f
  [    542ms]  [92mVISIBLE[0m  (poll #9, X-Cache: MISS)  order=0da99b8f

[96mOrder 306/500:[0m
  [      4ms]  [91mstale[0m    (poll #1)  order=0f65c3e4
  [     65ms]  [91mstale[0m    (poll #2)  order=0f65c3e4
  [    127ms]  [91mstale[0m    (poll #3)  order=0f65c3e4
  [    191ms]  [91mstale[0m    (poll #4)  order=0f65c3e4
  [    263ms]  [91mstale[0m    (poll #5)  order=0f65c3e4
  [    334ms]  [91mstale[0m    (poll #6)  order=0f65c3e4
  [    405ms]  [91mstale[0m    (poll #7)  order=0f65c3e4
  [    476ms]  [92mVISIBLE[0m  (poll #8, X-Cache: MISS)  order=0f65c3e4

[96mOrder 307/500:[0m
  [      7ms]  [91mstale[0m    (poll #1)  order=56ae0867
  [     69ms]  [91mstale[0m    (poll #2)  order=56ae0867
  [    135ms]  [91mstale[0m    (poll #3)  order=56ae0867
  [    202ms]  [91mstale[0m    (poll #4)  order=56ae0867
  [    270ms]  [91mstale[0m    (poll #5)  order=56ae0867
  [    344ms]  [91mstale[0m    (poll #6)  order=56ae0867
  [    416ms]  [91mstale[0m    (poll #7)  order=56ae0867
  [    481ms]  [92mVISIBLE[0m  (poll #8, X-Cache: MISS)  order=56ae0867

[96mOrder 308/500:[0m
  [     11ms]  [91mstale[0m    (poll #1)  order=3b6183a1
  [     76ms]  [91mstale[0m    (poll #2)  order=3b6183a1
  [    137ms]  [91mstale[0m    (poll #3)  order=3b6183a1
  [    200ms]  [91mstale[0m    (poll #4)  order=3b6183a1
  [    266ms]  [91mstale[0m    (poll #5)  order=3b6183a1
  [    341ms]  [91mstale[0m    (poll #6)  order=3b6183a1
  [    413ms]  [92mVISIBLE[0m  (poll #7, X-Cache: MISS)  order=3b6183a1

[96mOrder 309/500:[0m
  [      9ms]  [91mstale[0m    (poll #1)  order=39ddbd97
  [     73ms]  [91mstale[0m    (poll #2)  order=39ddbd97
  [    137ms]  [91mstale[0m    (poll #3)  order=39ddbd97
  [    205ms]  [91mstale[0m    (poll #4)  order=39ddbd97
  [    273ms]  [91mstale[0m    (poll #5)  order=39ddbd97
  [    343ms]  [91mstale[0m    (poll #6)  order=39ddbd97
  [    414ms]  [91mstale[0m    (poll #7)  order=39ddbd97
  [    491ms]  [91mstale[0m    (poll #8)  order=39ddbd97
  [    562ms]  [92mVISIBLE[0m  (poll #9, X-Cache: MISS)  order=39ddbd97

[96mOrder 310/500:[0m
  [     10ms]  [91mstale[0m    (poll #1)  order=c7f04ea8
  [     76ms]  [91mstale[0m    (poll #2)  order=c7f04ea8
  [    139ms]  [91mstale[0m    (poll #3)  order=c7f04ea8
  [    206ms]  [91mstale[0m    (poll #4)  order=c7f04ea8
  [    276ms]  [91mstale[0m    (poll #5)  order=c7f04ea8
  [    345ms]  [91mstale[0m    (poll #6)  order=c7f04ea8
  [    411ms]  [91mstale[0m    (poll #7)  order=c7f04ea8
  [    483ms]  [92mVISIBLE[0m  (poll #8, X-Cache: MISS)  order=c7f04ea8

[96mOrder 311/500:[0m
  [     10ms]  [91mstale[0m    (poll #1)  order=af2ef672
  [     76ms]  [91mstale[0m    (poll #2)  order=af2ef672
  [    142ms]  [91mstale[0m    (poll #3)  order=af2ef672
  [    211ms]  [91mstale[0m    (poll #4)  order=af2ef672
  [    281ms]  [91mstale[0m    (poll #5)  order=af2ef672
  [    353ms]  [91mstale[0m    (poll #6)  order=af2ef672
  [    423ms]  [91mstale[0m    (poll #7)  order=af2ef672
  [    494ms]  [92mVISIBLE[0m  (poll #8, X-Cache: MISS)  order=af2ef672

[96mOrder 312/500:[0m
  [     10ms]  [91mstale[0m    (poll #1)  order=1cf67218
  [     72ms]  [91mstale[0m    (poll #2)  order=1cf67218
  [    133ms]  [91mstale[0m    (poll #3)  order=1cf67218
  [    201ms]  [91mstale[0m    (poll #4)  order=1cf67218
  [    272ms]  [91mstale[0m    (poll #5)  order=1cf67218
  [    338ms]  [91mstale[0m    (poll #6)  order=1cf67218
  [    408ms]  [92mVISIBLE[0m  (poll #7, X-Cache: MISS)  order=1cf67218

[96mOrder 313/500:[0m
  [      6ms]  [91mstale[0m    (poll #1)  order=a69557cb
  [     71ms]  [91mstale[0m    (poll #2)  order=a69557cb
  [    129ms]  [91mstale[0m    (poll #3)  order=a69557cb
  [    189ms]  [91mstale[0m    (poll #4)  order=a69557cb
  [    252ms]  [91mstale[0m    (poll #5)  order=a69557cb
  [    315ms]  [91mstale[0m    (poll #6)  order=a69557cb
  [    375ms]  [92mVISIBLE[0m  (poll #7, X-Cache: MISS)  order=a69557cb

[96mOrder 314/500:[0m
  [      8ms]  [91mstale[0m    (poll #1)  order=16c3fe9f
  [     71ms]  [91mstale[0m    (poll #2)  order=16c3fe9f
  [    133ms]  [91mstale[0m    (poll #3)  order=16c3fe9f
  [    201ms]  [91mstale[0m    (poll #4)  order=16c3fe9f
  [    265ms]  [91mstale[0m    (poll #5)  order=16c3fe9f
  [    333ms]  [91mstale[0m    (poll #6)  order=16c3fe9f
  [    404ms]  [91mstale[0m    (poll #7)  order=16c3fe9f
  [    475ms]  [91mstale[0m    (poll #8)  order=16c3fe9f
  [    544ms]  [92mVISIBLE[0m  (poll #9, X-Cache: MISS)  order=16c3fe9f

[96mOrder 315/500:[0m
  [     10ms]  [91mstale[0m    (poll #1)  order=5d3f23df
  [     71ms]  [91mstale[0m    (poll #2)  order=5d3f23df
  [    133ms]  [91mstale[0m    (poll #3)  order=5d3f23df
  [    200ms]  [91mstale[0m    (poll #4)  order=5d3f23df
  [    265ms]  [91mstale[0m    (poll #5)  order=5d3f23df
  [    330ms]  [91mstale[0m    (poll #6)  order=5d3f23df
  [    395ms]  [92mVISIBLE[0m  (poll #7, X-Cache: MISS)  order=5d3f23df

[96mOrder 316/500:[0m
  [      5ms]  [91mstale[0m    (poll #1)  order=911c041e
  [     63ms]  [91mstale[0m    (poll #2)  order=911c041e
  [    123ms]  [91mstale[0m    (poll #3)  order=911c041e
  [    185ms]  [91mstale[0m    (poll #4)  order=911c041e
  [    257ms]  [91mstale[0m    (poll #5)  order=911c041e
  [    319ms]  [91mstale[0m    (poll #6)  order=911c041e
  [    381ms]  [91mstale[0m    (poll #7)  order=911c041e
  [    444ms]  [91mstale[0m    (poll #8)  order=911c041e
  [    513ms]  [92mVISIBLE[0m  (poll #9, X-Cache: MISS)  order=911c041e

[96mOrder 317/500:[0m
  [     10ms]  [91mstale[0m    (poll #1)  order=6633c19f
  [     72ms]  [91mstale[0m    (poll #2)  order=6633c19f
  [    135ms]  [91mstale[0m    (poll #3)  order=6633c19f
  [    200ms]  [91mstale[0m    (poll #4)  order=6633c19f
  [    268ms]  [91mstale[0m    (poll #5)  order=6633c19f
  [    328ms]  [91mstale[0m    (poll #6)  order=6633c19f
  [    393ms]  [91mstale[0m    (poll #7)  order=6633c19f
  [    457ms]  [91mstale[0m    (poll #8)  order=6633c19f
  [    527ms]  [92mVISIBLE[0m  (poll #9, X-Cache: MISS)  order=6633c19f

[96mOrder 318/500:[0m
  [      9ms]  [91mstale[0m    (poll #1)  order=beb839ca
  [     70ms]  [91mstale[0m    (poll #2)  order=beb839ca
  [    134ms]  [91mstale[0m    (poll #3)  order=beb839ca
  [    201ms]  [91mstale[0m    (poll #4)  order=beb839ca
  [    273ms]  [91mstale[0m    (poll #5)  order=beb839ca
  [    330ms]  [91mstale[0m    (poll #6)  order=beb839ca
  [    392ms]  [91mstale[0m    (poll #7)  order=beb839ca
  [    454ms]  [92mVISIBLE[0m  (poll #8, X-Cache: MISS)  order=beb839ca

[96mOrder 319/500:[0m
  [      5ms]  [91mstale[0m    (poll #1)  order=918ddea1
  [     61ms]  [91mstale[0m    (poll #2)  order=918ddea1
  [    122ms]  [91mstale[0m    (poll #3)  order=918ddea1
  [    186ms]  [91mstale[0m    (poll #4)  order=918ddea1
  [    255ms]  [91mstale[0m    (poll #5)  order=918ddea1
  [    328ms]  [91mstale[0m    (poll #6)  order=918ddea1
  [    396ms]  [91mstale[0m    (poll #7)  order=918ddea1
  [    466ms]  [91mstale[0m    (poll #8)  order=918ddea1
  [    535ms]  [92mVISIBLE[0m  (poll #9, X-Cache: MISS)  order=918ddea1

[96mOrder 320/500:[0m
  [     10ms]  [91mstale[0m    (poll #1)  order=5e693f4b
  [     70ms]  [91mstale[0m    (poll #2)  order=5e693f4b
  [    135ms]  [91mstale[0m    (poll #3)  order=5e693f4b
  [    203ms]  [91mstale[0m    (poll #4)  order=5e693f4b
  [    275ms]  [91mstale[0m    (poll #5)  order=5e693f4b
  [    342ms]  [91mstale[0m    (poll #6)  order=5e693f4b
  [    414ms]  [91mstale[0m    (poll #7)  order=5e693f4b
  [    487ms]  [92mVISIBLE[0m  (poll #8, X-Cache: MISS)  order=5e693f4b

[96mOrder 321/500:[0m
  [      7ms]  [91mstale[0m    (poll #1)  order=54bf8773
  [     70ms]  [91mstale[0m    (poll #2)  order=54bf8773
  [    131ms]  [91mstale[0m    (poll #3)  order=54bf8773
  [    199ms]  [91mstale[0m    (poll #4)  order=54bf8773
  [    259ms]  [91mstale[0m    (poll #5)  order=54bf8773
  [    329ms]  [91mstale[0m    (poll #6)  order=54bf8773
  [    386ms]  [92mVISIBLE[0m  (poll #7, X-Cache: MISS)  order=54bf8773

[96mOrder 322/500:[0m
  [      3ms]  [91mstale[0m    (poll #1)  order=cd44c7f0
  [     63ms]  [91mstale[0m    (poll #2)  order=cd44c7f0
  [    124ms]  [91mstale[0m    (poll #3)  order=cd44c7f0
  [    186ms]  [91mstale[0m    (poll #4)  order=cd44c7f0
  [    246ms]  [91mstale[0m    (poll #5)  order=cd44c7f0
  [    310ms]  [91mstale[0m    (poll #6)  order=cd44c7f0
  [    375ms]  [91mstale[0m    (poll #7)  order=cd44c7f0
  [    445ms]  [91mstale[0m    (poll #8)  order=cd44c7f0
  [    512ms]  [92mVISIBLE[0m  (poll #9, X-Cache: MISS)  order=cd44c7f0

[96mOrder 323/500:[0m
  [      7ms]  [91mstale[0m    (poll #1)  order=805b0cde
  [     66ms]  [91mstale[0m    (poll #2)  order=805b0cde
  [    128ms]  [91mstale[0m    (poll #3)  order=805b0cde
  [    190ms]  [91mstale[0m    (poll #4)  order=805b0cde
  [    259ms]  [91mstale[0m    (poll #5)  order=805b0cde
  [    326ms]  [91mstale[0m    (poll #6)  order=805b0cde
  [    394ms]  [91mstale[0m    (poll #7)  order=805b0cde
  [    465ms]  [92mVISIBLE[0m  (poll #8, X-Cache: MISS)  order=805b0cde

[96mOrder 324/500:[0m
  [     10ms]  [91mstale[0m    (poll #1)  order=ee4c0b33
  [     75ms]  [91mstale[0m    (poll #2)  order=ee4c0b33
  [    140ms]  [91mstale[0m    (poll #3)  order=ee4c0b33
  [    208ms]  [91mstale[0m    (poll #4)  order=ee4c0b33
  [    278ms]  [91mstale[0m    (poll #5)  order=ee4c0b33
  [    346ms]  [91mstale[0m    (poll #6)  order=ee4c0b33
  [    417ms]  [91mstale[0m    (poll #7)  order=ee4c0b33
  [    487ms]  [92mVISIBLE[0m  (poll #8, X-Cache: MISS)  order=ee4c0b33

[96mOrder 325/500:[0m
  [      7ms]  [91mstale[0m    (poll #1)  order=e49b9a21
  [     72ms]  [91mstale[0m    (poll #2)  order=e49b9a21
  [    136ms]  [91mstale[0m    (poll #3)  order=e49b9a21
  [    204ms]  [91mstale[0m    (poll #4)  order=e49b9a21
  [    273ms]  [91mstale[0m    (poll #5)  order=e49b9a21
  [    343ms]  [91mstale[0m    (poll #6)  order=e49b9a21
  [    411ms]  [91mstale[0m    (poll #7)  order=e49b9a21
  [    482ms]  [92mVISIBLE[0m  (poll #8, X-Cache: MISS)  order=e49b9a21

[96mOrder 326/500:[0m
  [      5ms]  [91mstale[0m    (poll #1)  order=33da1013
  [     61ms]  [91mstale[0m    (poll #2)  order=33da1013
  [    122ms]  [91mstale[0m    (poll #3)  order=33da1013
  [    188ms]  [91mstale[0m    (poll #4)  order=33da1013
  [    252ms]  [91mstale[0m    (poll #5)  order=33da1013
  [    325ms]  [91mstale[0m    (poll #6)  order=33da1013
  [    383ms]  [91mstale[0m    (poll #7)  order=33da1013
  [    447ms]  [91mstale[0m    (poll #8)  order=33da1013
  [    510ms]  [92mVISIBLE[0m  (poll #9, X-Cache: MISS)  order=33da1013

[96mOrder 327/500:[0m
  [      5ms]  [91mstale[0m    (poll #1)  order=c5c0a069
  [     67ms]  [91mstale[0m    (poll #2)  order=c5c0a069
  [    126ms]  [91mstale[0m    (poll #3)  order=c5c0a069
  [    190ms]  [91mstale[0m    (poll #4)  order=c5c0a069
  [    258ms]  [91mstale[0m    (poll #5)  order=c5c0a069
  [    330ms]  [91mstale[0m    (poll #6)  order=c5c0a069
  [    400ms]  [91mstale[0m    (poll #7)  order=c5c0a069
  [    474ms]  [92mVISIBLE[0m  (poll #8, X-Cache: MISS)  order=c5c0a069

[96mOrder 328/500:[0m
  [     11ms]  [91mstale[0m    (poll #1)  order=27e1e673
  [     76ms]  [91mstale[0m    (poll #2)  order=27e1e673
  [    140ms]  [91mstale[0m    (poll #3)  order=27e1e673
  [    207ms]  [91mstale[0m    (poll #4)  order=27e1e673
  [    275ms]  [91mstale[0m    (poll #5)  order=27e1e673
  [    343ms]  [91mstale[0m    (poll #6)  order=27e1e673
  [    413ms]  [91mstale[0m    (poll #7)  order=27e1e673
  [    486ms]  [91mstale[0m    (poll #8)  order=27e1e673
  [    558ms]  [92mVISIBLE[0m  (poll #9, X-Cache: MISS)  order=27e1e673

[96mOrder 329/500:[0m
  [      5ms]  [91mstale[0m    (poll #1)  order=3ef92ea6
  [     65ms]  [91mstale[0m    (poll #2)  order=3ef92ea6
  [    127ms]  [91mstale[0m    (poll #3)  order=3ef92ea6
  [    191ms]  [91mstale[0m    (poll #4)  order=3ef92ea6
  [    257ms]  [91mstale[0m    (poll #5)  order=3ef92ea6
  [    325ms]  [91mstale[0m    (poll #6)  order=3ef92ea6
  [    395ms]  [91mstale[0m    (poll #7)  order=3ef92ea6
  [    464ms]  [92mVISIBLE[0m  (poll #8, X-Cache: MISS)  order=3ef92ea6

[96mOrder 330/500:[0m
  [     11ms]  [91mstale[0m    (poll #1)  order=21699077
  [     71ms]  [91mstale[0m    (poll #2)  order=21699077
  [    135ms]  [91mstale[0m    (poll #3)  order=21699077
  [    202ms]  [91mstale[0m    (poll #4)  order=21699077
  [    268ms]  [91mstale[0m    (poll #5)  order=21699077
  [    337ms]  [91mstale[0m    (poll #6)  order=21699077
  [    408ms]  [91mstale[0m    (poll #7)  order=21699077
  [    473ms]  [91mstale[0m    (poll #8)  order=21699077
  [    541ms]  [92mVISIBLE[0m  (poll #9, X-Cache: MISS)  order=21699077

[96mOrder 331/500:[0m
  [      6ms]  [91mstale[0m    (poll #1)  order=72c8cd8b
  [     68ms]  [91mstale[0m    (poll #2)  order=72c8cd8b
  [    127ms]  [91mstale[0m    (poll #3)  order=72c8cd8b
  [    189ms]  [91mstale[0m    (poll #4)  order=72c8cd8b
  [    252ms]  [91mstale[0m    (poll #5)  order=72c8cd8b
  [    316ms]  [91mstale[0m    (poll #6)  order=72c8cd8b
  [    381ms]  [91mstale[0m    (poll #7)  order=72c8cd8b
  [    451ms]  [91mstale[0m    (poll #8)  order=72c8cd8b
  [    513ms]  [92mVISIBLE[0m  (poll #9, X-Cache: MISS)  order=72c8cd8b

[96mOrder 332/500:[0m
  [      4ms]  [91mstale[0m    (poll #1)  order=f39faf00
  [     64ms]  [91mstale[0m    (poll #2)  order=f39faf00
  [    127ms]  [91mstale[0m    (poll #3)  order=f39faf00
  [    186ms]  [91mstale[0m    (poll #4)  order=f39faf00
  [    254ms]  [91mstale[0m    (poll #5)  order=f39faf00
  [    326ms]  [91mstale[0m    (poll #6)  order=f39faf00
  [    391ms]  [91mstale[0m    (poll #7)  order=f39faf00
  [    461ms]  [92mVISIBLE[0m  (poll #8, X-Cache: MISS)  order=f39faf00

[96mOrder 333/500:[0m
  [      8ms]  [91mstale[0m    (poll #1)  order=14aff276
  [     67ms]  [91mstale[0m    (poll #2)  order=14aff276
  [    129ms]  [91mstale[0m    (poll #3)  order=14aff276
  [    188ms]  [91mstale[0m    (poll #4)  order=14aff276
  [    250ms]  [91mstale[0m    (poll #5)  order=14aff276
  [    312ms]  [91mstale[0m    (poll #6)  order=14aff276
  [    375ms]  [91mstale[0m    (poll #7)  order=14aff276
  [    443ms]  [91mstale[0m    (poll #8)  order=14aff276
  [    513ms]  [92mVISIBLE[0m  (poll #9, X-Cache: MISS)  order=14aff276

[96mOrder 334/500:[0m
  [      9ms]  [91mstale[0m    (poll #1)  order=89a31905
  [     73ms]  [91mstale[0m    (poll #2)  order=89a31905
  [    138ms]  [91mstale[0m    (poll #3)  order=89a31905
  [    208ms]  [91mstale[0m    (poll #4)  order=89a31905
  [    278ms]  [91mstale[0m    (poll #5)  order=89a31905
  [    348ms]  [91mstale[0m    (poll #6)  order=89a31905
  [    418ms]  [91mstale[0m    (poll #7)  order=89a31905
  [    490ms]  [92mVISIBLE[0m  (poll #8, X-Cache: MISS)  order=89a31905

[96mOrder 335/500:[0m
  [      8ms]  [91mstale[0m    (poll #1)  order=a7bce0fc
  [     71ms]  [91mstale[0m    (poll #2)  order=a7bce0fc
  [    137ms]  [91mstale[0m    (poll #3)  order=a7bce0fc
  [    203ms]  [91mstale[0m    (poll #4)  order=a7bce0fc
  [    269ms]  [91mstale[0m    (poll #5)  order=a7bce0fc
  [    336ms]  [91mstale[0m    (poll #6)  order=a7bce0fc
  [    405ms]  [91mstale[0m    (poll #7)  order=a7bce0fc
  [    470ms]  [91mstale[0m    (poll #8)  order=a7bce0fc
  [    540ms]  [92mVISIBLE[0m  (poll #9, X-Cache: MISS)  order=a7bce0fc

[96mOrder 336/500:[0m
  [      7ms]  [91mstale[0m    (poll #1)  order=fef1d47a
  [     70ms]  [91mstale[0m    (poll #2)  order=fef1d47a
  [    134ms]  [91mstale[0m    (poll #3)  order=fef1d47a
  [    197ms]  [91mstale[0m    (poll #4)  order=fef1d47a
  [    262ms]  [91mstale[0m    (poll #5)  order=fef1d47a
  [    327ms]  [91mstale[0m    (poll #6)  order=fef1d47a
  [    394ms]  [91mstale[0m    (poll #7)  order=fef1d47a
  [    468ms]  [92mVISIBLE[0m  (poll #8, X-Cache: MISS)  order=fef1d47a

[96mOrder 337/500:[0m
  [      9ms]  [91mstale[0m    (poll #1)  order=8e913fb0
  [     73ms]  [91mstale[0m    (poll #2)  order=8e913fb0
  [    132ms]  [91mstale[0m    (poll #3)  order=8e913fb0
  [    196ms]  [91mstale[0m    (poll #4)  order=8e913fb0
  [    266ms]  [91mstale[0m    (poll #5)  order=8e913fb0
  [    333ms]  [91mstale[0m    (poll #6)  order=8e913fb0
  [    401ms]  [91mstale[0m    (poll #7)  order=8e913fb0
  [    471ms]  [91mstale[0m    (poll #8)  order=8e913fb0
  [    546ms]  [92mVISIBLE[0m  (poll #9, X-Cache: MISS)  order=8e913fb0

[96mOrder 338/500:[0m
  [     10ms]  [91mstale[0m    (poll #1)  order=03771cff
  [     70ms]  [91mstale[0m    (poll #2)  order=03771cff
  [    128ms]  [91mstale[0m    (poll #3)  order=03771cff
  [    188ms]  [91mstale[0m    (poll #4)  order=03771cff
  [    252ms]  [91mstale[0m    (poll #5)  order=03771cff
  [    317ms]  [91mstale[0m    (poll #6)  order=03771cff
  [    386ms]  [91mstale[0m    (poll #7)  order=03771cff
  [    455ms]  [92mVISIBLE[0m  (poll #8, X-Cache: MISS)  order=03771cff

[96mOrder 339/500:[0m
  [      7ms]  [91mstale[0m    (poll #1)  order=42c13909
  [     67ms]  [91mstale[0m    (poll #2)  order=42c13909
  [    128ms]  [91mstale[0m    (poll #3)  order=42c13909
  [    198ms]  [91mstale[0m    (poll #4)  order=42c13909
  [    263ms]  [91mstale[0m    (poll #5)  order=42c13909
  [    334ms]  [91mstale[0m    (poll #6)  order=42c13909
  [    402ms]  [91mstale[0m    (poll #7)  order=42c13909
  [    474ms]  [91mstale[0m    (poll #8)  order=42c13909
  [    549ms]  [92mVISIBLE[0m  (poll #9, X-Cache: MISS)  order=42c13909

[96mOrder 340/500:[0m
  [     10ms]  [91mstale[0m    (poll #1)  order=0ff3aaa5
  [     78ms]  [91mstale[0m    (poll #2)  order=0ff3aaa5
  [    141ms]  [91mstale[0m    (poll #3)  order=0ff3aaa5
  [    208ms]  [91mstale[0m    (poll #4)  order=0ff3aaa5
  [    274ms]  [91mstale[0m    (poll #5)  order=0ff3aaa5
  [    342ms]  [91mstale[0m    (poll #6)  order=0ff3aaa5
  [    411ms]  [91mstale[0m    (poll #7)  order=0ff3aaa5
  [    478ms]  [92mVISIBLE[0m  (poll #8, X-Cache: MISS)  order=0ff3aaa5

[96mOrder 341/500:[0m
  [     10ms]  [91mstale[0m    (poll #1)  order=679b07bc
  [     73ms]  [91mstale[0m    (poll #2)  order=679b07bc
  [    139ms]  [91mstale[0m    (poll #3)  order=679b07bc
  [    202ms]  [91mstale[0m    (poll #4)  order=679b07bc
  [    269ms]  [91mstale[0m    (poll #5)  order=679b07bc
  [    340ms]  [91mstale[0m    (poll #6)  order=679b07bc
  [    402ms]  [91mstale[0m    (poll #7)  order=679b07bc
  [    459ms]  [91mstale[0m    (poll #8)  order=679b07bc
  [    520ms]  [92mVISIBLE[0m  (poll #9, X-Cache: MISS)  order=679b07bc

[96mOrder 342/500:[0m
  [      4ms]  [91mstale[0m    (poll #1)  order=e922ef1c
  [     62ms]  [91mstale[0m    (poll #2)  order=e922ef1c
  [    124ms]  [91mstale[0m    (poll #3)  order=e922ef1c
  [    185ms]  [91mstale[0m    (poll #4)  order=e922ef1c
  [    245ms]  [91mstale[0m    (poll #5)  order=e922ef1c
  [    313ms]  [91mstale[0m    (poll #6)  order=e922ef1c
  [    383ms]  [91mstale[0m    (poll #7)  order=e922ef1c
  [    455ms]  [91mstale[0m    (poll #8)  order=e922ef1c
  [    528ms]  [92mVISIBLE[0m  (poll #9, X-Cache: MISS)  order=e922ef1c

[96mOrder 343/500:[0m
  [     10ms]  [91mstale[0m    (poll #1)  order=94bcf2b2
  [     74ms]  [91mstale[0m    (poll #2)  order=94bcf2b2
  [    141ms]  [91mstale[0m    (poll #3)  order=94bcf2b2
  [    203ms]  [91mstale[0m    (poll #4)  order=94bcf2b2
  [    269ms]  [91mstale[0m    (poll #5)  order=94bcf2b2
  [    340ms]  [91mstale[0m    (poll #6)  order=94bcf2b2
  [    412ms]  [91mstale[0m    (poll #7)  order=94bcf2b2
  [    481ms]  [92mVISIBLE[0m  (poll #8, X-Cache: MISS)  order=94bcf2b2

[96mOrder 344/500:[0m
  [     10ms]  [91mstale[0m    (poll #1)  order=675ba52f
  [     74ms]  [91mstale[0m    (poll #2)  order=675ba52f
  [    138ms]  [91mstale[0m    (poll #3)  order=675ba52f
  [    203ms]  [91mstale[0m    (poll #4)  order=675ba52f
  [    274ms]  [91mstale[0m    (poll #5)  order=675ba52f
  [    343ms]  [91mstale[0m    (poll #6)  order=675ba52f
  [    411ms]  [92mVISIBLE[0m  (poll #7, X-Cache: MISS)  order=675ba52f

[96mOrder 345/500:[0m
  [      5ms]  [91mstale[0m    (poll #1)  order=35567eff
  [     67ms]  [91mstale[0m    (poll #2)  order=35567eff
  [    129ms]  [91mstale[0m    (poll #3)  order=35567eff
  [    194ms]  [91mstale[0m    (poll #4)  order=35567eff
  [    262ms]  [91mstale[0m    (poll #5)  order=35567eff
  [    324ms]  [91mstale[0m    (poll #6)  order=35567eff
  [    387ms]  [91mstale[0m    (poll #7)  order=35567eff
  [    454ms]  [92mVISIBLE[0m  (poll #8, X-Cache: MISS)  order=35567eff

[96mOrder 346/500:[0m
  [     10ms]  [91mstale[0m    (poll #1)  order=22d72fb0
  [     74ms]  [91mstale[0m    (poll #2)  order=22d72fb0
  [    141ms]  [91mstale[0m    (poll #3)  order=22d72fb0
  [    201ms]  [91mstale[0m    (poll #4)  order=22d72fb0
  [    263ms]  [91mstale[0m    (poll #5)  order=22d72fb0
  [    327ms]  [91mstale[0m    (poll #6)  order=22d72fb0
  [    396ms]  [91mstale[0m    (poll #7)  order=22d72fb0
  [    464ms]  [91mstale[0m    (poll #8)  order=22d72fb0
  [    533ms]  [92mVISIBLE[0m  (poll #9, X-Cache: MISS)  order=22d72fb0

[96mOrder 347/500:[0m
  [     10ms]  [91mstale[0m    (poll #1)  order=caa80ea8
  [     72ms]  [91mstale[0m    (poll #2)  order=caa80ea8
  [    140ms]  [91mstale[0m    (poll #3)  order=caa80ea8
  [    208ms]  [91mstale[0m    (poll #4)  order=caa80ea8
  [    277ms]  [91mstale[0m    (poll #5)  order=caa80ea8
  [    347ms]  [91mstale[0m    (poll #6)  order=caa80ea8
  [    419ms]  [91mstale[0m    (poll #7)  order=caa80ea8
  [    490ms]  [92mVISIBLE[0m  (poll #8, X-Cache: MISS)  order=caa80ea8

[96mOrder 348/500:[0m
  [     10ms]  [91mstale[0m    (poll #1)  order=64960a2f
  [     75ms]  [91mstale[0m    (poll #2)  order=64960a2f
  [    139ms]  [91mstale[0m    (poll #3)  order=64960a2f
  [    207ms]  [91mstale[0m    (poll #4)  order=64960a2f
  [    274ms]  [91mstale[0m    (poll #5)  order=64960a2f
  [    342ms]  [91mstale[0m    (poll #6)  order=64960a2f
  [    409ms]  [91mstale[0m    (poll #7)  order=64960a2f
  [    475ms]  [91mstale[0m    (poll #8)  order=64960a2f
  [    545ms]  [92mVISIBLE[0m  (poll #9, X-Cache: MISS)  order=64960a2f

[96mOrder 349/500:[0m
  [     11ms]  [91mstale[0m    (poll #1)  order=36cd6453
  [     76ms]  [91mstale[0m    (poll #2)  order=36cd6453
  [    143ms]  [91mstale[0m    (poll #3)  order=36cd6453
  [    207ms]  [91mstale[0m    (poll #4)  order=36cd6453
  [    275ms]  [91mstale[0m    (poll #5)  order=36cd6453
  [    344ms]  [92mVISIBLE[0m  (poll #6, X-Cache: MISS)  order=36cd6453

[96mOrder 350/500:[0m
  [      9ms]  [91mstale[0m    (poll #1)  order=a6f92dee
  [     74ms]  [91mstale[0m    (poll #2)  order=a6f92dee
  [    137ms]  [91mstale[0m    (poll #3)  order=a6f92dee
  [    200ms]  [91mstale[0m    (poll #4)  order=a6f92dee
  [    270ms]  [91mstale[0m    (poll #5)  order=a6f92dee
  [    342ms]  [91mstale[0m    (poll #6)  order=a6f92dee
  [    412ms]  [92mVISIBLE[0m  (poll #7, X-Cache: MISS)  order=a6f92dee

[96mOrder 351/500:[0m
  [      9ms]  [91mstale[0m    (poll #1)  order=e52352e8
  [     71ms]  [91mstale[0m    (poll #2)  order=e52352e8
  [    137ms]  [91mstale[0m    (poll #3)  order=e52352e8
  [    204ms]  [91mstale[0m    (poll #4)  order=e52352e8
  [    274ms]  [91mstale[0m    (poll #5)  order=e52352e8
  [    343ms]  [91mstale[0m    (poll #6)  order=e52352e8
  [    409ms]  [92mVISIBLE[0m  (poll #7, X-Cache: MISS)  order=e52352e8

[96mOrder 352/500:[0m
  [      8ms]  [91mstale[0m    (poll #1)  order=7debc076
  [     73ms]  [91mstale[0m    (poll #2)  order=7debc076
  [    140ms]  [91mstale[0m    (poll #3)  order=7debc076
  [    205ms]  [91mstale[0m    (poll #4)  order=7debc076
  [    270ms]  [91mstale[0m    (poll #5)  order=7debc076
  [    341ms]  [91mstale[0m    (poll #6)  order=7debc076
  [    409ms]  [91mstale[0m    (poll #7)  order=7debc076
  [    476ms]  [92mVISIBLE[0m  (poll #8, X-Cache: MISS)  order=7debc076

[96mOrder 353/500:[0m
  [      5ms]  [91mstale[0m    (poll #1)  order=32f05216
  [     68ms]  [91mstale[0m    (poll #2)  order=32f05216
  [    127ms]  [91mstale[0m    (poll #3)  order=32f05216
  [    192ms]  [91mstale[0m    (poll #4)  order=32f05216
  [    254ms]  [91mstale[0m    (poll #5)  order=32f05216
  [    313ms]  [91mstale[0m    (poll #6)  order=32f05216
  [    378ms]  [91mstale[0m    (poll #7)  order=32f05216
  [    443ms]  [91mstale[0m    (poll #8)  order=32f05216
  [    513ms]  [92mVISIBLE[0m  (poll #9, X-Cache: MISS)  order=32f05216

[96mOrder 354/500:[0m
  [      9ms]  [91mstale[0m    (poll #1)  order=90d1cba9
  [     72ms]  [91mstale[0m    (poll #2)  order=90d1cba9
  [    136ms]  [91mstale[0m    (poll #3)  order=90d1cba9
  [    203ms]  [91mstale[0m    (poll #4)  order=90d1cba9
  [    269ms]  [91mstale[0m    (poll #5)  order=90d1cba9
  [    334ms]  [91mstale[0m    (poll #6)  order=90d1cba9
  [    405ms]  [92mVISIBLE[0m  (poll #7, X-Cache: MISS)  order=90d1cba9

[96mOrder 355/500:[0m
  [      6ms]  [91mstale[0m    (poll #1)  order=8a456d20
  [     70ms]  [91mstale[0m    (poll #2)  order=8a456d20
  [    131ms]  [91mstale[0m    (poll #3)  order=8a456d20
  [    194ms]  [91mstale[0m    (poll #4)  order=8a456d20
  [    254ms]  [91mstale[0m    (poll #5)  order=8a456d20
  [    319ms]  [91mstale[0m    (poll #6)  order=8a456d20
  [    384ms]  [91mstale[0m    (poll #7)  order=8a456d20
  [    455ms]  [91mstale[0m    (poll #8)  order=8a456d20
  [    523ms]  [92mVISIBLE[0m  (poll #9, X-Cache: MISS)  order=8a456d20

[96mOrder 356/500:[0m
  [      7ms]  [91mstale[0m    (poll #1)  order=9873340c
  [     70ms]  [91mstale[0m    (poll #2)  order=9873340c
  [    133ms]  [91mstale[0m    (poll #3)  order=9873340c
  [    199ms]  [91mstale[0m    (poll #4)  order=9873340c
  [    268ms]  [91mstale[0m    (poll #5)  order=9873340c
  [    334ms]  [91mstale[0m    (poll #6)  order=9873340c
  [    397ms]  [91mstale[0m    (poll #7)  order=9873340c
  [    455ms]  [91mstale[0m    (poll #8)  order=9873340c
  [    522ms]  [92mVISIBLE[0m  (poll #9, X-Cache: MISS)  order=9873340c

[96mOrder 357/500:[0m
  [      6ms]  [91mstale[0m    (poll #1)  order=b800c923
  [     69ms]  [91mstale[0m    (poll #2)  order=b800c923
  [    128ms]  [91mstale[0m    (poll #3)  order=b800c923
  [    191ms]  [91mstale[0m    (poll #4)  order=b800c923
  [    251ms]  [91mstale[0m    (poll #5)  order=b800c923
  [    319ms]  [91mstale[0m    (poll #6)  order=b800c923
  [    389ms]  [91mstale[0m    (poll #7)  order=b800c923
  [    459ms]  [91mstale[0m    (poll #8)  order=b800c923
  [    532ms]  [92mVISIBLE[0m  (poll #9, X-Cache: MISS)  order=b800c923

[96mOrder 358/500:[0m
  [     10ms]  [91mstale[0m    (poll #1)  order=60f9da9a
  [     73ms]  [91mstale[0m    (poll #2)  order=60f9da9a
  [    135ms]  [91mstale[0m    (poll #3)  order=60f9da9a
  [    195ms]  [91mstale[0m    (poll #4)  order=60f9da9a
  [    255ms]  [91mstale[0m    (poll #5)  order=60f9da9a
  [    318ms]  [91mstale[0m    (poll #6)  order=60f9da9a
  [    380ms]  [91mstale[0m    (poll #7)  order=60f9da9a
  [    450ms]  [92mVISIBLE[0m  (poll #8, X-Cache: MISS)  order=60f9da9a

[96mOrder 359/500:[0m
  [      7ms]  [91mstale[0m    (poll #1)  order=0601936f
  [     65ms]  [91mstale[0m    (poll #2)  order=0601936f
  [    129ms]  [91mstale[0m    (poll #3)  order=0601936f
  [    189ms]  [91mstale[0m    (poll #4)  order=0601936f
  [    255ms]  [91mstale[0m    (poll #5)  order=0601936f
  [    327ms]  [91mstale[0m    (poll #6)  order=0601936f
  [    397ms]  [91mstale[0m    (poll #7)  order=0601936f
  [    468ms]  [91mstale[0m    (poll #8)  order=0601936f
  [    539ms]  [92mVISIBLE[0m  (poll #9, X-Cache: MISS)  order=0601936f

[96mOrder 360/500:[0m
  [     10ms]  [91mstale[0m    (poll #1)  order=64faf40d
  [     71ms]  [91mstale[0m    (poll #2)  order=64faf40d
  [    134ms]  [91mstale[0m    (poll #3)  order=64faf40d
  [    198ms]  [91mstale[0m    (poll #4)  order=64faf40d
  [    267ms]  [91mstale[0m    (poll #5)  order=64faf40d
  [    332ms]  [91mstale[0m    (poll #6)  order=64faf40d
  [    403ms]  [91mstale[0m    (poll #7)  order=64faf40d
  [    471ms]  [92mVISIBLE[0m  (poll #8, X-Cache: MISS)  order=64faf40d

[96mOrder 361/500:[0m
  [      8ms]  [91mstale[0m    (poll #1)  order=a8e90bae
  [     71ms]  [91mstale[0m    (poll #2)  order=a8e90bae
  [    131ms]  [91mstale[0m    (poll #3)  order=a8e90bae
  [    196ms]  [91mstale[0m    (poll #4)  order=a8e90bae
  [    268ms]  [91mstale[0m    (poll #5)  order=a8e90bae
  [    336ms]  [91mstale[0m    (poll #6)  order=a8e90bae
  [    407ms]  [92mVISIBLE[0m  (poll #7, X-Cache: MISS)  order=a8e90bae

[96mOrder 362/500:[0m
  [      9ms]  [91mstale[0m    (poll #1)  order=0931f9ff
  [     72ms]  [91mstale[0m    (poll #2)  order=0931f9ff
  [    137ms]  [91mstale[0m    (poll #3)  order=0931f9ff
  [    201ms]  [91mstale[0m    (poll #4)  order=0931f9ff
  [    270ms]  [91mstale[0m    (poll #5)  order=0931f9ff
  [    333ms]  [91mstale[0m    (poll #6)  order=0931f9ff
  [    395ms]  [91mstale[0m    (poll #7)  order=0931f9ff
  [    456ms]  [91mstale[0m    (poll #8)  order=0931f9ff
  [    517ms]  [92mVISIBLE[0m  (poll #9, X-Cache: MISS)  order=0931f9ff

[96mOrder 363/500:[0m
  [      4ms]  [91mstale[0m    (poll #1)  order=923c030e
  [     60ms]  [91mstale[0m    (poll #2)  order=923c030e
  [    118ms]  [91mstale[0m    (poll #3)  order=923c030e
  [    177ms]  [91mstale[0m    (poll #4)  order=923c030e
  [    238ms]  [91mstale[0m    (poll #5)  order=923c030e
  [    306ms]  [91mstale[0m    (poll #6)  order=923c030e
  [    375ms]  [92mVISIBLE[0m  (poll #7, X-Cache: MISS)  order=923c030e

[96mOrder 364/500:[0m
  [     11ms]  [91mstale[0m    (poll #1)  order=64793216
  [     70ms]  [91mstale[0m    (poll #2)  order=64793216
  [    132ms]  [91mstale[0m    (poll #3)  order=64793216
  [    198ms]  [91mstale[0m    (poll #4)  order=64793216
  [    264ms]  [91mstale[0m    (poll #5)  order=64793216
  [    335ms]  [91mstale[0m    (poll #6)  order=64793216
  [    403ms]  [91mstale[0m    (poll #7)  order=64793216
  [    469ms]  [91mstale[0m    (poll #8)  order=64793216
  [    536ms]  [92mVISIBLE[0m  (poll #9, X-Cache: MISS)  order=64793216

[96mOrder 365/500:[0m
  [      9ms]  [91mstale[0m    (poll #1)  order=30d31c82
  [     74ms]  [91mstale[0m    (poll #2)  order=30d31c82
  [    139ms]  [91mstale[0m    (poll #3)  order=30d31c82
  [    209ms]  [91mstale[0m    (poll #4)  order=30d31c82
  [    276ms]  [91mstale[0m    (poll #5)  order=30d31c82
  [    344ms]  [91mstale[0m    (poll #6)  order=30d31c82
  [    412ms]  [91mstale[0m    (poll #7)  order=30d31c82
  [    483ms]  [92mVISIBLE[0m  (poll #8, X-Cache: MISS)  order=30d31c82

[96mOrder 366/500:[0m
  [     10ms]  [91mstale[0m    (poll #1)  order=709c000a
  [     74ms]  [91mstale[0m    (poll #2)  order=709c000a
  [    133ms]  [91mstale[0m    (poll #3)  order=709c000a
  [    194ms]  [91mstale[0m    (poll #4)  order=709c000a
  [    260ms]  [91mstale[0m    (poll #5)  order=709c000a
  [    325ms]  [91mstale[0m    (poll #6)  order=709c000a
  [    392ms]  [92mVISIBLE[0m  (poll #7, X-Cache: MISS)  order=709c000a

[96mOrder 367/500:[0m
  [      9ms]  [91mstale[0m    (poll #1)  order=b4ce02c7
  [     71ms]  [91mstale[0m    (poll #2)  order=b4ce02c7
  [    134ms]  [91mstale[0m    (poll #3)  order=b4ce02c7
  [    196ms]  [91mstale[0m    (poll #4)  order=b4ce02c7
  [    261ms]  [91mstale[0m    (poll #5)  order=b4ce02c7
  [    333ms]  [91mstale[0m    (poll #6)  order=b4ce02c7
  [    405ms]  [91mstale[0m    (poll #7)  order=b4ce02c7
  [    472ms]  [91mstale[0m    (poll #8)  order=b4ce02c7
  [    539ms]  [92mVISIBLE[0m  (poll #9, X-Cache: MISS)  order=b4ce02c7

[96mOrder 368/500:[0m
  [     10ms]  [91mstale[0m    (poll #1)  order=9acba126
  [     74ms]  [91mstale[0m    (poll #2)  order=9acba126
  [    137ms]  [91mstale[0m    (poll #3)  order=9acba126
  [    205ms]  [91mstale[0m    (poll #4)  order=9acba126
  [    274ms]  [91mstale[0m    (poll #5)  order=9acba126
  [    347ms]  [91mstale[0m    (poll #6)  order=9acba126
  [    416ms]  [91mstale[0m    (poll #7)  order=9acba126
  [    486ms]  [92mVISIBLE[0m  (poll #8, X-Cache: MISS)  order=9acba126

[96mOrder 369/500:[0m
  [     10ms]  [91mstale[0m    (poll #1)  order=607a42ca
  [     71ms]  [91mstale[0m    (poll #2)  order=607a42ca
  [    135ms]  [91mstale[0m    (poll #3)  order=607a42ca
  [    203ms]  [91mstale[0m    (poll #4)  order=607a42ca
  [    272ms]  [91mstale[0m    (poll #5)  order=607a42ca
  [    346ms]  [91mstale[0m    (poll #6)  order=607a42ca
  [    416ms]  [91mstale[0m    (poll #7)  order=607a42ca
  [    478ms]  [91mstale[0m    (poll #8)  order=607a42ca
  [    550ms]  [92mVISIBLE[0m  (poll #9, X-Cache: MISS)  order=607a42ca

[96mOrder 370/500:[0m
  [      9ms]  [91mstale[0m    (poll #1)  order=58317dc2
  [     70ms]  [91mstale[0m    (poll #2)  order=58317dc2
  [    136ms]  [91mstale[0m    (poll #3)  order=58317dc2
  [    199ms]  [91mstale[0m    (poll #4)  order=58317dc2
  [    267ms]  [91mstale[0m    (poll #5)  order=58317dc2
  [    337ms]  [91mstale[0m    (poll #6)  order=58317dc2
  [    403ms]  [92mVISIBLE[0m  (poll #7, X-Cache: MISS)  order=58317dc2

[96mOrder 371/500:[0m
  [      7ms]  [91mstale[0m    (poll #1)  order=2644ca10
  [     68ms]  [91mstale[0m    (poll #2)  order=2644ca10
  [    127ms]  [91mstale[0m    (poll #3)  order=2644ca10
  [    186ms]  [91mstale[0m    (poll #4)  order=2644ca10
  [    250ms]  [91mstale[0m    (poll #5)  order=2644ca10
  [    315ms]  [91mstale[0m    (poll #6)  order=2644ca10
  [    384ms]  [92mVISIBLE[0m  (poll #7, X-Cache: MISS)  order=2644ca10

[96mOrder 372/500:[0m
  [      8ms]  [91mstale[0m    (poll #1)  order=caded03d
  [     68ms]  [91mstale[0m    (poll #2)  order=caded03d
  [    127ms]  [91mstale[0m    (poll #3)  order=caded03d
  [    190ms]  [91mstale[0m    (poll #4)  order=caded03d
  [    255ms]  [91mstale[0m    (poll #5)  order=caded03d
  [    322ms]  [91mstale[0m    (poll #6)  order=caded03d
  [    394ms]  [91mstale[0m    (poll #7)  order=caded03d
  [    461ms]  [92mVISIBLE[0m  (poll #8, X-Cache: MISS)  order=caded03d

[96mOrder 373/500:[0m
  [      9ms]  [91mstale[0m    (poll #1)  order=d692ad3f
  [     72ms]  [91mstale[0m    (poll #2)  order=d692ad3f
  [    134ms]  [91mstale[0m    (poll #3)  order=d692ad3f
  [    199ms]  [91mstale[0m    (poll #4)  order=d692ad3f
  [    255ms]  [91mstale[0m    (poll #5)  order=d692ad3f
  [    325ms]  [91mstale[0m    (poll #6)  order=d692ad3f
  [    386ms]  [91mstale[0m    (poll #7)  order=d692ad3f
  [    448ms]  [92mVISIBLE[0m  (poll #8, X-Cache: MISS)  order=d692ad3f

[96mOrder 374/500:[0m
  [      5ms]  [91mstale[0m    (poll #1)  order=312c0595
  [     66ms]  [91mstale[0m    (poll #2)  order=312c0595
  [    127ms]  [91mstale[0m    (poll #3)  order=312c0595
  [    189ms]  [91mstale[0m    (poll #4)  order=312c0595
  [    254ms]  [91mstale[0m    (poll #5)  order=312c0595
  [    321ms]  [91mstale[0m    (poll #6)  order=312c0595
  [    389ms]  [91mstale[0m    (poll #7)  order=312c0595
  [    457ms]  [92mVISIBLE[0m  (poll #8, X-Cache: MISS)  order=312c0595

[96mOrder 375/500:[0m
  [     10ms]  [91mstale[0m    (poll #1)  order=82f0a53c
  [     77ms]  [91mstale[0m    (poll #2)  order=82f0a53c
  [    141ms]  [91mstale[0m    (poll #3)  order=82f0a53c
  [    204ms]  [91mstale[0m    (poll #4)  order=82f0a53c
  [    270ms]  [91mstale[0m    (poll #5)  order=82f0a53c
  [    341ms]  [91mstale[0m    (poll #6)  order=82f0a53c
  [    409ms]  [91mstale[0m    (poll #7)  order=82f0a53c
  [    474ms]  [91mstale[0m    (poll #8)  order=82f0a53c
  [    543ms]  [92mVISIBLE[0m  (poll #9, X-Cache: MISS)  order=82f0a53c

[96mOrder 376/500:[0m
  [      8ms]  [91mstale[0m    (poll #1)  order=38bda19a
  [     72ms]  [91mstale[0m    (poll #2)  order=38bda19a
  [    135ms]  [91mstale[0m    (poll #3)  order=38bda19a
  [    199ms]  [91mstale[0m    (poll #4)  order=38bda19a
  [    264ms]  [91mstale[0m    (poll #5)  order=38bda19a
  [    327ms]  [91mstale[0m    (poll #6)  order=38bda19a
  [    392ms]  [91mstale[0m    (poll #7)  order=38bda19a
  [    459ms]  [91mstale[0m    (poll #8)  order=38bda19a
  [    524ms]  [92mVISIBLE[0m  (poll #9, X-Cache: MISS)  order=38bda19a

[96mOrder 377/500:[0m
  [     10ms]  [91mstale[0m    (poll #1)  order=a98f9ef7
  [     72ms]  [91mstale[0m    (poll #2)  order=a98f9ef7
  [    136ms]  [91mstale[0m    (poll #3)  order=a98f9ef7
  [    198ms]  [91mstale[0m    (poll #4)  order=a98f9ef7
  [    257ms]  [91mstale[0m    (poll #5)  order=a98f9ef7
  [    321ms]  [91mstale[0m    (poll #6)  order=a98f9ef7
  [    381ms]  [91mstale[0m    (poll #7)  order=a98f9ef7
  [    448ms]  [92mVISIBLE[0m  (poll #8, X-Cache: MISS)  order=a98f9ef7

[96mOrder 378/500:[0m
  [     11ms]  [91mstale[0m    (poll #1)  order=00f23536
  [     73ms]  [91mstale[0m    (poll #2)  order=00f23536
  [    137ms]  [91mstale[0m    (poll #3)  order=00f23536
  [    199ms]  [91mstale[0m    (poll #4)  order=00f23536
  [    267ms]  [91mstale[0m    (poll #5)  order=00f23536
  [    336ms]  [91mstale[0m    (poll #6)  order=00f23536
  [    398ms]  [91mstale[0m    (poll #7)  order=00f23536
  [    459ms]  [91mstale[0m    (poll #8)  order=00f23536
  [    521ms]  [92mVISIBLE[0m  (poll #9, X-Cache: MISS)  order=00f23536

[96mOrder 379/500:[0m
  [      5ms]  [91mstale[0m    (poll #1)  order=202d0886
  [     65ms]  [91mstale[0m    (poll #2)  order=202d0886
  [    127ms]  [91mstale[0m    (poll #3)  order=202d0886
  [    193ms]  [91mstale[0m    (poll #4)  order=202d0886
  [    262ms]  [91mstale[0m    (poll #5)  order=202d0886
  [    329ms]  [91mstale[0m    (poll #6)  order=202d0886
  [    397ms]  [91mstale[0m    (poll #7)  order=202d0886
  [    468ms]  [91mstale[0m    (poll #8)  order=202d0886
  [    536ms]  [92mVISIBLE[0m  (poll #9, X-Cache: MISS)  order=202d0886

[96mOrder 380/500:[0m
  [     11ms]  [91mstale[0m    (poll #1)  order=34121c92
  [     76ms]  [91mstale[0m    (poll #2)  order=34121c92
  [    142ms]  [91mstale[0m    (poll #3)  order=34121c92
  [    203ms]  [91mstale[0m    (poll #4)  order=34121c92
  [    270ms]  [91mstale[0m    (poll #5)  order=34121c92
  [    341ms]  [91mstale[0m    (poll #6)  order=34121c92
  [    410ms]  [91mstale[0m    (poll #7)  order=34121c92
  [    484ms]  [92mVISIBLE[0m  (poll #8, X-Cache: MISS)  order=34121c92

[96mOrder 381/500:[0m
  [     10ms]  [91mstale[0m    (poll #1)  order=05dc885d
  [     75ms]  [91mstale[0m    (poll #2)  order=05dc885d
  [    140ms]  [91mstale[0m    (poll #3)  order=05dc885d
  [    209ms]  [91mstale[0m    (poll #4)  order=05dc885d
  [    280ms]  [91mstale[0m    (poll #5)  order=05dc885d
  [    350ms]  [91mstale[0m    (poll #6)  order=05dc885d
  [    420ms]  [91mstale[0m    (poll #7)  order=05dc885d
  [    490ms]  [92mVISIBLE[0m  (poll #8, X-Cache: MISS)  order=05dc885d

[96mOrder 382/500:[0m
  [      8ms]  [91mstale[0m    (poll #1)  order=9b74fe2a
  [     68ms]  [91mstale[0m    (poll #2)  order=9b74fe2a
  [    129ms]  [91mstale[0m    (poll #3)  order=9b74fe2a
  [    191ms]  [91mstale[0m    (poll #4)  order=9b74fe2a
  [    262ms]  [91mstale[0m    (poll #5)  order=9b74fe2a
  [    334ms]  [91mstale[0m    (poll #6)  order=9b74fe2a
  [    403ms]  [91mstale[0m    (poll #7)  order=9b74fe2a
  [    473ms]  [91mstale[0m    (poll #8)  order=9b74fe2a
  [    544ms]  [92mVISIBLE[0m  (poll #9, X-Cache: MISS)  order=9b74fe2a

[96mOrder 383/500:[0m
  [      8ms]  [91mstale[0m    (poll #1)  order=17ebcfd4
  [     71ms]  [91mstale[0m    (poll #2)  order=17ebcfd4
  [    128ms]  [91mstale[0m    (poll #3)  order=17ebcfd4
  [    189ms]  [91mstale[0m    (poll #4)  order=17ebcfd4
  [    247ms]  [91mstale[0m    (poll #5)  order=17ebcfd4
  [    309ms]  [91mstale[0m    (poll #6)  order=17ebcfd4
  [    372ms]  [91mstale[0m    (poll #7)  order=17ebcfd4
  [    436ms]  [91mstale[0m    (poll #8)  order=17ebcfd4
  [    503ms]  [92mVISIBLE[0m  (poll #9, X-Cache: MISS)  order=17ebcfd4

[96mOrder 384/500:[0m
  [      9ms]  [91mstale[0m    (poll #1)  order=a40681e4
  [     73ms]  [91mstale[0m    (poll #2)  order=a40681e4
  [    140ms]  [91mstale[0m    (poll #3)  order=a40681e4
  [    208ms]  [91mstale[0m    (poll #4)  order=a40681e4
  [    278ms]  [91mstale[0m    (poll #5)  order=a40681e4
  [    344ms]  [91mstale[0m    (poll #6)  order=a40681e4
  [    414ms]  [91mstale[0m    (poll #7)  order=a40681e4
  [    489ms]  [92mVISIBLE[0m  (poll #8, X-Cache: MISS)  order=a40681e4

[96mOrder 385/500:[0m
  [      9ms]  [91mstale[0m    (poll #1)  order=307308c0
  [     73ms]  [91mstale[0m    (poll #2)  order=307308c0
  [    138ms]  [91mstale[0m    (poll #3)  order=307308c0
  [    203ms]  [91mstale[0m    (poll #4)  order=307308c0
  [    269ms]  [91mstale[0m    (poll #5)  order=307308c0
  [    336ms]  [91mstale[0m    (poll #6)  order=307308c0
  [    405ms]  [92mVISIBLE[0m  (poll #7, X-Cache: MISS)  order=307308c0

[96mOrder 386/500:[0m
  [     10ms]  [91mstale[0m    (poll #1)  order=d99bf27a
  [     75ms]  [91mstale[0m    (poll #2)  order=d99bf27a
  [    143ms]  [91mstale[0m    (poll #3)  order=d99bf27a
  [    210ms]  [91mstale[0m    (poll #4)  order=d99bf27a
  [    269ms]  [91mstale[0m    (poll #5)  order=d99bf27a
  [    332ms]  [91mstale[0m    (poll #6)  order=d99bf27a
  [    397ms]  [91mstale[0m    (poll #7)  order=d99bf27a
  [    468ms]  [91mstale[0m    (poll #8)  order=d99bf27a
  [    539ms]  [92mVISIBLE[0m  (poll #9, X-Cache: MISS)  order=d99bf27a

[96mOrder 387/500:[0m
  [     10ms]  [91mstale[0m    (poll #1)  order=50d0e601
  [     73ms]  [91mstale[0m    (poll #2)  order=50d0e601
  [    133ms]  [91mstale[0m    (poll #3)  order=50d0e601
  [    195ms]  [91mstale[0m    (poll #4)  order=50d0e601
  [    263ms]  [91mstale[0m    (poll #5)  order=50d0e601
  [    331ms]  [91mstale[0m    (poll #6)  order=50d0e601
  [    399ms]  [91mstale[0m    (poll #7)  order=50d0e601
  [    467ms]  [92mVISIBLE[0m  (poll #8, X-Cache: MISS)  order=50d0e601

[96mOrder 388/500:[0m
  [     10ms]  [91mstale[0m    (poll #1)  order=e0276766
  [     70ms]  [91mstale[0m    (poll #2)  order=e0276766
  [    133ms]  [91mstale[0m    (poll #3)  order=e0276766
  [    195ms]  [91mstale[0m    (poll #4)  order=e0276766
  [    263ms]  [91mstale[0m    (poll #5)  order=e0276766
  [    334ms]  [91mstale[0m    (poll #6)  order=e0276766
  [    404ms]  [91mstale[0m    (poll #7)  order=e0276766
  [    472ms]  [91mstale[0m    (poll #8)  order=e0276766
  [    538ms]  [92mVISIBLE[0m  (poll #9, X-Cache: MISS)  order=e0276766

[96mOrder 389/500:[0m
  [     11ms]  [91mstale[0m    (poll #1)  order=04b0eb85
  [     72ms]  [91mstale[0m    (poll #2)  order=04b0eb85
  [    138ms]  [91mstale[0m    (poll #3)  order=04b0eb85
  [    201ms]  [91mstale[0m    (poll #4)  order=04b0eb85
  [    265ms]  [91mstale[0m    (poll #5)  order=04b0eb85
  [    334ms]  [91mstale[0m    (poll #6)  order=04b0eb85
  [    400ms]  [91mstale[0m    (poll #7)  order=04b0eb85
  [    471ms]  [92mVISIBLE[0m  (poll #8, X-Cache: MISS)  order=04b0eb85

[96mOrder 390/500:[0m
  [     11ms]  [91mstale[0m    (poll #1)  order=a206d5b9
  [     75ms]  [91mstale[0m    (poll #2)  order=a206d5b9
  [    141ms]  [91mstale[0m    (poll #3)  order=a206d5b9
  [    208ms]  [91mstale[0m    (poll #4)  order=a206d5b9
  [    278ms]  [91mstale[0m    (poll #5)  order=a206d5b9
  [    345ms]  [91mstale[0m    (poll #6)  order=a206d5b9
  [    413ms]  [91mstale[0m    (poll #7)  order=a206d5b9
  [    479ms]  [91mstale[0m    (poll #8)  order=a206d5b9
  [    550ms]  [92mVISIBLE[0m  (poll #9, X-Cache: MISS)  order=a206d5b9

[96mOrder 391/500:[0m
  [     11ms]  [91mstale[0m    (poll #1)  order=27826f77
  [     77ms]  [91mstale[0m    (poll #2)  order=27826f77
  [    142ms]  [91mstale[0m    (poll #3)  order=27826f77
  [    208ms]  [91mstale[0m    (poll #4)  order=27826f77
  [    276ms]  [91mstale[0m    (poll #5)  order=27826f77
  [    344ms]  [91mstale[0m    (poll #6)  order=27826f77
  [    413ms]  [91mstale[0m    (poll #7)  order=27826f77
  [    481ms]  [92mVISIBLE[0m  (poll #8, X-Cache: MISS)  order=27826f77

[96mOrder 392/500:[0m
  [      9ms]  [91mstale[0m    (poll #1)  order=d25a090d
  [     74ms]  [91mstale[0m    (poll #2)  order=d25a090d
  [    133ms]  [91mstale[0m    (poll #3)  order=d25a090d
  [    201ms]  [91mstale[0m    (poll #4)  order=d25a090d
  [    270ms]  [91mstale[0m    (poll #5)  order=d25a090d
  [    336ms]  [91mstale[0m    (poll #6)  order=d25a090d
  [    407ms]  [91mstale[0m    (poll #7)  order=d25a090d
  [    471ms]  [91mstale[0m    (poll #8)  order=d25a090d
  [    527ms]  [92mVISIBLE[0m  (poll #9, X-Cache: MISS)  order=d25a090d

[96mOrder 393/500:[0m
  [      6ms]  [91mstale[0m    (poll #1)  order=7ec5fde8
  [     63ms]  [91mstale[0m    (poll #2)  order=7ec5fde8
  [    126ms]  [91mstale[0m    (poll #3)  order=7ec5fde8
  [    186ms]  [91mstale[0m    (poll #4)  order=7ec5fde8
  [    249ms]  [91mstale[0m    (poll #5)  order=7ec5fde8
  [    317ms]  [91mstale[0m    (poll #6)  order=7ec5fde8
  [    384ms]  [91mstale[0m    (poll #7)  order=7ec5fde8
  [    452ms]  [92mVISIBLE[0m  (poll #8, X-Cache: MISS)  order=7ec5fde8

[96mOrder 394/500:[0m
  [     10ms]  [91mstale[0m    (poll #1)  order=f0e533e4
  [     72ms]  [91mstale[0m    (poll #2)  order=f0e533e4
  [    135ms]  [91mstale[0m    (poll #3)  order=f0e533e4
  [    201ms]  [91mstale[0m    (poll #4)  order=f0e533e4
  [    270ms]  [91mstale[0m    (poll #5)  order=f0e533e4
  [    340ms]  [91mstale[0m    (poll #6)  order=f0e533e4
  [    409ms]  [91mstale[0m    (poll #7)  order=f0e533e4
  [    479ms]  [91mstale[0m    (poll #8)  order=f0e533e4
  [    548ms]  [92mVISIBLE[0m  (poll #9, X-Cache: MISS)  order=f0e533e4

[96mOrder 395/500:[0m
  [      7ms]  [91mstale[0m    (poll #1)  order=036f795f
  [     68ms]  [91mstale[0m    (poll #2)  order=036f795f
  [    130ms]  [91mstale[0m    (poll #3)  order=036f795f
  [    195ms]  [91mstale[0m    (poll #4)  order=036f795f
  [    264ms]  [91mstale[0m    (poll #5)  order=036f795f
  [    335ms]  [91mstale[0m    (poll #6)  order=036f795f
  [    406ms]  [91mstale[0m    (poll #7)  order=036f795f
  [    478ms]  [92mVISIBLE[0m  (poll #8, X-Cache: MISS)  order=036f795f

[96mOrder 396/500:[0m
  [      7ms]  [91mstale[0m    (poll #1)  order=1b9f9250
  [     71ms]  [91mstale[0m    (poll #2)  order=1b9f9250
  [    134ms]  [91mstale[0m    (poll #3)  order=1b9f9250
  [    202ms]  [91mstale[0m    (poll #4)  order=1b9f9250
  [    266ms]  [91mstale[0m    (poll #5)  order=1b9f9250
  [    335ms]  [91mstale[0m    (poll #6)  order=1b9f9250
  [    406ms]  [91mstale[0m    (poll #7)  order=1b9f9250
  [    472ms]  [91mstale[0m    (poll #8)  order=1b9f9250
  [    534ms]  [92mVISIBLE[0m  (poll #9, X-Cache: MISS)  order=1b9f9250

[96mOrder 397/500:[0m
  [      5ms]  [91mstale[0m    (poll #1)  order=53e33f3f
  [     64ms]  [91mstale[0m    (poll #2)  order=53e33f3f
  [    124ms]  [91mstale[0m    (poll #3)  order=53e33f3f
  [    186ms]  [91mstale[0m    (poll #4)  order=53e33f3f
  [    253ms]  [91mstale[0m    (poll #5)  order=53e33f3f
  [    322ms]  [91mstale[0m    (poll #6)  order=53e33f3f
  [    388ms]  [91mstale[0m    (poll #7)  order=53e33f3f
  [    456ms]  [91mstale[0m    (poll #8)  order=53e33f3f
  [    521ms]  [92mVISIBLE[0m  (poll #9, X-Cache: MISS)  order=53e33f3f

[96mOrder 398/500:[0m
  [      4ms]  [91mstale[0m    (poll #1)  order=ca505a47
  [     61ms]  [91mstale[0m    (poll #2)  order=ca505a47
  [    120ms]  [91mstale[0m    (poll #3)  order=ca505a47
  [    181ms]  [91mstale[0m    (poll #4)  order=ca505a47
  [    245ms]  [91mstale[0m    (poll #5)  order=ca505a47
  [    308ms]  [91mstale[0m    (poll #6)  order=ca505a47
  [    377ms]  [91mstale[0m    (poll #7)  order=ca505a47
  [    448ms]  [92mVISIBLE[0m  (poll #8, X-Cache: MISS)  order=ca505a47

[96mOrder 399/500:[0m
  [     10ms]  [91mstale[0m    (poll #1)  order=a889d151
  [     73ms]  [91mstale[0m    (poll #2)  order=a889d151
  [    136ms]  [91mstale[0m    (poll #3)  order=a889d151
  [    201ms]  [91mstale[0m    (poll #4)  order=a889d151
  [    270ms]  [91mstale[0m    (poll #5)  order=a889d151
  [    339ms]  [91mstale[0m    (poll #6)  order=a889d151
  [    409ms]  [92mVISIBLE[0m  (poll #7, X-Cache: MISS)  order=a889d151

[96mOrder 400/500:[0m
  [     11ms]  [91mstale[0m    (poll #1)  order=e94d4d54
  [     73ms]  [91mstale[0m    (poll #2)  order=e94d4d54
  [    138ms]  [91mstale[0m    (poll #3)  order=e94d4d54
  [    203ms]  [91mstale[0m    (poll #4)  order=e94d4d54
  [    269ms]  [91mstale[0m    (poll #5)  order=e94d4d54
  [    340ms]  [91mstale[0m    (poll #6)  order=e94d4d54
  [    411ms]  [91mstale[0m    (poll #7)  order=e94d4d54
  [    481ms]  [91mstale[0m    (poll #8)  order=e94d4d54
  [    550ms]  [92mVISIBLE[0m  (poll #9, X-Cache: MISS)  order=e94d4d54

[96mOrder 401/500:[0m
  [     10ms]  [91mstale[0m    (poll #1)  order=adfbc843
  [     76ms]  [91mstale[0m    (poll #2)  order=adfbc843
  [    140ms]  [91mstale[0m    (poll #3)  order=adfbc843
  [    206ms]  [91mstale[0m    (poll #4)  order=adfbc843
  [    274ms]  [91mstale[0m    (poll #5)  order=adfbc843
  [    347ms]  [91mstale[0m    (poll #6)  order=adfbc843
  [    418ms]  [91mstale[0m    (poll #7)  order=adfbc843
  [    486ms]  [92mVISIBLE[0m  (poll #8, X-Cache: MISS)  order=adfbc843

[96mOrder 402/500:[0m
  [     11ms]  [91mstale[0m    (poll #1)  order=c4e86bf3
  [     73ms]  [91mstale[0m    (poll #2)  order=c4e86bf3
  [    134ms]  [91mstale[0m    (poll #3)  order=c4e86bf3
  [    201ms]  [91mstale[0m    (poll #4)  order=c4e86bf3
  [    266ms]  [91mstale[0m    (poll #5)  order=c4e86bf3
  [    338ms]  [91mstale[0m    (poll #6)  order=c4e86bf3
  [    406ms]  [91mstale[0m    (poll #7)  order=c4e86bf3
  [    477ms]  [92mVISIBLE[0m  (poll #8, X-Cache: MISS)  order=c4e86bf3

[96mOrder 403/500:[0m
  [     10ms]  [91mstale[0m    (poll #1)  order=ecc503fb
  [     75ms]  [91mstale[0m    (poll #2)  order=ecc503fb
  [    134ms]  [91mstale[0m    (poll #3)  order=ecc503fb
  [    194ms]  [91mstale[0m    (poll #4)  order=ecc503fb
  [    253ms]  [91mstale[0m    (poll #5)  order=ecc503fb
  [    311ms]  [91mstale[0m    (poll #6)  order=ecc503fb
  [    372ms]  [91mstale[0m    (poll #7)  order=ecc503fb
  [    430ms]  [91mstale[0m    (poll #8)  order=ecc503fb
  [    494ms]  [92mVISIBLE[0m  (poll #9, X-Cache: MISS)  order=ecc503fb

[96mOrder 404/500:[0m
  [      7ms]  [91mstale[0m    (poll #1)  order=d9734be2
  [     71ms]  [91mstale[0m    (poll #2)  order=d9734be2
  [    136ms]  [91mstale[0m    (poll #3)  order=d9734be2
  [    201ms]  [91mstale[0m    (poll #4)  order=d9734be2
  [    269ms]  [91mstale[0m    (poll #5)  order=d9734be2
  [    341ms]  [91mstale[0m    (poll #6)  order=d9734be2
  [    413ms]  [91mstale[0m    (poll #7)  order=d9734be2
  [    481ms]  [91mstale[0m    (poll #8)  order=d9734be2
  [    545ms]  [92mVISIBLE[0m  (poll #9, X-Cache: MISS)  order=d9734be2

[96mOrder 405/500:[0m
  [     10ms]  [91mstale[0m    (poll #1)  order=00398e97
  [     73ms]  [91mstale[0m    (poll #2)  order=00398e97
  [    139ms]  [91mstale[0m    (poll #3)  order=00398e97
  [    207ms]  [91mstale[0m    (poll #4)  order=00398e97
  [    277ms]  [91mstale[0m    (poll #5)  order=00398e97
  [    347ms]  [91mstale[0m    (poll #6)  order=00398e97
  [    417ms]  [92mVISIBLE[0m  (poll #7, X-Cache: MISS)  order=00398e97

[96mOrder 406/500:[0m
  [     10ms]  [91mstale[0m    (poll #1)  order=2448163f
  [     72ms]  [91mstale[0m    (poll #2)  order=2448163f
  [    135ms]  [91mstale[0m    (poll #3)  order=2448163f
  [    198ms]  [91mstale[0m    (poll #4)  order=2448163f
  [    265ms]  [91mstale[0m    (poll #5)  order=2448163f
  [    337ms]  [91mstale[0m    (poll #6)  order=2448163f
  [    404ms]  [91mstale[0m    (poll #7)  order=2448163f
  [    478ms]  [92mVISIBLE[0m  (poll #8, X-Cache: MISS)  order=2448163f

[96mOrder 407/500:[0m
  [      4ms]  [91mstale[0m    (poll #1)  order=adbe7143
  [     62ms]  [91mstale[0m    (poll #2)  order=adbe7143
  [    126ms]  [91mstale[0m    (poll #3)  order=adbe7143
  [    189ms]  [91mstale[0m    (poll #4)  order=adbe7143
  [    258ms]  [91mstale[0m    (poll #5)  order=adbe7143
  [    329ms]  [91mstale[0m    (poll #6)  order=adbe7143
  [    399ms]  [92mVISIBLE[0m  (poll #7, X-Cache: MISS)  order=adbe7143

[96mOrder 408/500:[0m
  [      9ms]  [91mstale[0m    (poll #1)  order=96b88f08
  [     71ms]  [91mstale[0m    (poll #2)  order=96b88f08
  [    137ms]  [91mstale[0m    (poll #3)  order=96b88f08
  [    205ms]  [91mstale[0m    (poll #4)  order=96b88f08
  [    267ms]  [91mstale[0m    (poll #5)  order=96b88f08
  [    332ms]  [91mstale[0m    (poll #6)  order=96b88f08
  [    403ms]  [92mVISIBLE[0m  (poll #7, X-Cache: MISS)  order=96b88f08

[96mOrder 409/500:[0m
  [     10ms]  [91mstale[0m    (poll #1)  order=2989398f
  [     75ms]  [91mstale[0m    (poll #2)  order=2989398f
  [    135ms]  [91mstale[0m    (poll #3)  order=2989398f
  [    200ms]  [91mstale[0m    (poll #4)  order=2989398f
  [    268ms]  [91mstale[0m    (poll #5)  order=2989398f
  [    334ms]  [91mstale[0m    (poll #6)  order=2989398f
  [    401ms]  [91mstale[0m    (poll #7)  order=2989398f
  [    473ms]  [92mVISIBLE[0m  (poll #8, X-Cache: MISS)  order=2989398f

[96mOrder 410/500:[0m
  [     11ms]  [91mstale[0m    (poll #1)  order=357c1e3c
  [     75ms]  [91mstale[0m    (poll #2)  order=357c1e3c
  [    143ms]  [91mstale[0m    (poll #3)  order=357c1e3c
  [    211ms]  [91mstale[0m    (poll #4)  order=357c1e3c
  [    278ms]  [91mstale[0m    (poll #5)  order=357c1e3c
  [    347ms]  [91mstale[0m    (poll #6)  order=357c1e3c
  [    416ms]  [91mstale[0m    (poll #7)  order=357c1e3c
  [    485ms]  [91mstale[0m    (poll #8)  order=357c1e3c
  [    555ms]  [92mVISIBLE[0m  (poll #9, X-Cache: MISS)  order=357c1e3c

[96mOrder 411/500:[0m
  [     11ms]  [91mstale[0m    (poll #1)  order=cb6d2703
  [     77ms]  [91mstale[0m    (poll #2)  order=cb6d2703
  [    142ms]  [91mstale[0m    (poll #3)  order=cb6d2703
  [    207ms]  [91mstale[0m    (poll #4)  order=cb6d2703
  [    276ms]  [91mstale[0m    (poll #5)  order=cb6d2703
  [    343ms]  [91mstale[0m    (poll #6)  order=cb6d2703
  [    412ms]  [91mstale[0m    (poll #7)  order=cb6d2703
  [    480ms]  [92mVISIBLE[0m  (poll #8, X-Cache: MISS)  order=cb6d2703

[96mOrder 412/500:[0m
  [      8ms]  [91mstale[0m    (poll #1)  order=a9ea44c9
  [     67ms]  [91mstale[0m    (poll #2)  order=a9ea44c9
  [    132ms]  [91mstale[0m    (poll #3)  order=a9ea44c9
  [    196ms]  [91mstale[0m    (poll #4)  order=a9ea44c9
  [    264ms]  [91mstale[0m    (poll #5)  order=a9ea44c9
  [    329ms]  [91mstale[0m    (poll #6)  order=a9ea44c9
  [    396ms]  [92mVISIBLE[0m  (poll #7, X-Cache: MISS)  order=a9ea44c9

[96mOrder 413/500:[0m
  [      9ms]  [91mstale[0m    (poll #1)  order=777686c3
  [     70ms]  [91mstale[0m    (poll #2)  order=777686c3
  [    127ms]  [91mstale[0m    (poll #3)  order=777686c3
  [    196ms]  [91mstale[0m    (poll #4)  order=777686c3
  [    258ms]  [91mstale[0m    (poll #5)  order=777686c3
  [    322ms]  [91mstale[0m    (poll #6)  order=777686c3
  [    385ms]  [92mVISIBLE[0m  (poll #7, X-Cache: MISS)  order=777686c3

[96mOrder 414/500:[0m
  [      6ms]  [91mstale[0m    (poll #1)  order=d10db91a
  [     62ms]  [91mstale[0m    (poll #2)  order=d10db91a
  [    124ms]  [91mstale[0m    (poll #3)  order=d10db91a
  [    188ms]  [91mstale[0m    (poll #4)  order=d10db91a
  [    254ms]  [91mstale[0m    (poll #5)  order=d10db91a
  [    322ms]  [91mstale[0m    (poll #6)  order=d10db91a
  [    393ms]  [91mstale[0m    (poll #7)  order=d10db91a
  [    465ms]  [91mstale[0m    (poll #8)  order=d10db91a
  [    538ms]  [92mVISIBLE[0m  (poll #9, X-Cache: MISS)  order=d10db91a

[96mOrder 415/500:[0m
  [     11ms]  [91mstale[0m    (poll #1)  order=20e5bc82
  [     76ms]  [91mstale[0m    (poll #2)  order=20e5bc82
  [    142ms]  [91mstale[0m    (poll #3)  order=20e5bc82
  [    203ms]  [91mstale[0m    (poll #4)  order=20e5bc82
  [    268ms]  [91mstale[0m    (poll #5)  order=20e5bc82
  [    337ms]  [91mstale[0m    (poll #6)  order=20e5bc82
  [    408ms]  [91mstale[0m    (poll #7)  order=20e5bc82
  [    476ms]  [92mVISIBLE[0m  (poll #8, X-Cache: MISS)  order=20e5bc82

[96mOrder 416/500:[0m
  [     10ms]  [91mstale[0m    (poll #1)  order=c2668f38
  [     75ms]  [91mstale[0m    (poll #2)  order=c2668f38
  [    142ms]  [91mstale[0m    (poll #3)  order=c2668f38
  [    211ms]  [91mstale[0m    (poll #4)  order=c2668f38
  [    281ms]  [91mstale[0m    (poll #5)  order=c2668f38
  [    351ms]  [91mstale[0m    (poll #6)  order=c2668f38
  [    414ms]  [91mstale[0m    (poll #7)  order=c2668f38
  [    475ms]  [92mVISIBLE[0m  (poll #8, X-Cache: MISS)  order=c2668f38

[96mOrder 417/500:[0m
  [      6ms]  [91mstale[0m    (poll #1)  order=d65f2c59
  [     68ms]  [91mstale[0m    (poll #2)  order=d65f2c59
  [    133ms]  [91mstale[0m    (poll #3)  order=d65f2c59
  [    195ms]  [91mstale[0m    (poll #4)  order=d65f2c59
  [    269ms]  [91mstale[0m    (poll #5)  order=d65f2c59
  [    331ms]  [91mstale[0m    (poll #6)  order=d65f2c59
  [    391ms]  [91mstale[0m    (poll #7)  order=d65f2c59
  [    451ms]  [92mVISIBLE[0m  (poll #8, X-Cache: MISS)  order=d65f2c59

[96mOrder 418/500:[0m
  [      9ms]  [91mstale[0m    (poll #1)  order=48c261f3
  [     69ms]  [91mstale[0m    (poll #2)  order=48c261f3
  [    133ms]  [91mstale[0m    (poll #3)  order=48c261f3
  [    196ms]  [91mstale[0m    (poll #4)  order=48c261f3
  [    261ms]  [91mstale[0m    (poll #5)  order=48c261f3
  [    329ms]  [91mstale[0m    (poll #6)  order=48c261f3
  [    391ms]  [91mstale[0m    (poll #7)  order=48c261f3
  [    451ms]  [91mstale[0m    (poll #8)  order=48c261f3
  [    512ms]  [92mVISIBLE[0m  (poll #9, X-Cache: MISS)  order=48c261f3

[96mOrder 419/500:[0m
  [      5ms]  [91mstale[0m    (poll #1)  order=e650077d
  [     67ms]  [91mstale[0m    (poll #2)  order=e650077d
  [    129ms]  [91mstale[0m    (poll #3)  order=e650077d
  [    194ms]  [91mstale[0m    (poll #4)  order=e650077d
  [    260ms]  [91mstale[0m    (poll #5)  order=e650077d
  [    329ms]  [91mstale[0m    (poll #6)  order=e650077d
  [    393ms]  [91mstale[0m    (poll #7)  order=e650077d
  [    464ms]  [92mVISIBLE[0m  (poll #8, X-Cache: MISS)  order=e650077d

[96mOrder 420/500:[0m
  [      8ms]  [91mstale[0m    (poll #1)  order=d0f96706
  [     67ms]  [91mstale[0m    (poll #2)  order=d0f96706
  [    129ms]  [91mstale[0m    (poll #3)  order=d0f96706
  [    199ms]  [91mstale[0m    (poll #4)  order=d0f96706
  [    264ms]  [91mstale[0m    (poll #5)  order=d0f96706
  [    334ms]  [91mstale[0m    (poll #6)  order=d0f96706
  [    405ms]  [91mstale[0m    (poll #7)  order=d0f96706
  [    476ms]  [91mstale[0m    (poll #8)  order=d0f96706
  [    544ms]  [92mVISIBLE[0m  (poll #9, X-Cache: MISS)  order=d0f96706

[96mOrder 421/500:[0m
  [     11ms]  [91mstale[0m    (poll #1)  order=c4789c69
  [     75ms]  [91mstale[0m    (poll #2)  order=c4789c69
  [    140ms]  [91mstale[0m    (poll #3)  order=c4789c69
  [    203ms]  [91mstale[0m    (poll #4)  order=c4789c69
  [    273ms]  [91mstale[0m    (poll #5)  order=c4789c69
  [    344ms]  [91mstale[0m    (poll #6)  order=c4789c69
  [    411ms]  [91mstale[0m    (poll #7)  order=c4789c69
  [    483ms]  [92mVISIBLE[0m  (poll #8, X-Cache: MISS)  order=c4789c69

[96mOrder 422/500:[0m
  [     10ms]  [91mstale[0m    (poll #1)  order=a605516f
  [     70ms]  [91mstale[0m    (poll #2)  order=a605516f
  [    136ms]  [91mstale[0m    (poll #3)  order=a605516f
  [    201ms]  [91mstale[0m    (poll #4)  order=a605516f
  [    268ms]  [91mstale[0m    (poll #5)  order=a605516f
  [    337ms]  [91mstale[0m    (poll #6)  order=a605516f
  [    406ms]  [91mstale[0m    (poll #7)  order=a605516f
  [    476ms]  [92mVISIBLE[0m  (poll #8, X-Cache: MISS)  order=a605516f

[96mOrder 423/500:[0m
  [      7ms]  [91mstale[0m    (poll #1)  order=b60a5835
  [     68ms]  [91mstale[0m    (poll #2)  order=b60a5835
  [    130ms]  [91mstale[0m    (poll #3)  order=b60a5835
  [    200ms]  [91mstale[0m    (poll #4)  order=b60a5835
  [    268ms]  [91mstale[0m    (poll #5)  order=b60a5835
  [    340ms]  [91mstale[0m    (poll #6)  order=b60a5835
  [    409ms]  [92mVISIBLE[0m  (poll #7, X-Cache: MISS)  order=b60a5835

[96mOrder 424/500:[0m
  [     10ms]  [91mstale[0m    (poll #1)  order=6d2bd594
  [     72ms]  [91mstale[0m    (poll #2)  order=6d2bd594
  [    132ms]  [91mstale[0m    (poll #3)  order=6d2bd594
  [    190ms]  [91mstale[0m    (poll #4)  order=6d2bd594
  [    250ms]  [91mstale[0m    (poll #5)  order=6d2bd594
  [    307ms]  [91mstale[0m    (poll #6)  order=6d2bd594
  [    370ms]  [91mstale[0m    (poll #7)  order=6d2bd594
  [    433ms]  [91mstale[0m    (poll #8)  order=6d2bd594
  [    498ms]  [92mVISIBLE[0m  (poll #9, X-Cache: MISS)  order=6d2bd594

[96mOrder 425/500:[0m
  [      7ms]  [91mstale[0m    (poll #1)  order=302fb407
  [     70ms]  [91mstale[0m    (poll #2)  order=302fb407
  [    134ms]  [91mstale[0m    (poll #3)  order=302fb407
  [    201ms]  [91mstale[0m    (poll #4)  order=302fb407
  [    272ms]  [91mstale[0m    (poll #5)  order=302fb407
  [    345ms]  [91mstale[0m    (poll #6)  order=302fb407
  [    416ms]  [91mstale[0m    (poll #7)  order=302fb407
  [    486ms]  [92mVISIBLE[0m  (poll #8, X-Cache: MISS)  order=302fb407

[96mOrder 426/500:[0m
  [      9ms]  [91mstale[0m    (poll #1)  order=c7ac6054
  [     73ms]  [91mstale[0m    (poll #2)  order=c7ac6054
  [    141ms]  [91mstale[0m    (poll #3)  order=c7ac6054
  [    208ms]  [91mstale[0m    (poll #4)  order=c7ac6054
  [    277ms]  [91mstale[0m    (poll #5)  order=c7ac6054
  [    349ms]  [91mstale[0m    (poll #6)  order=c7ac6054
  [    416ms]  [91mstale[0m    (poll #7)  order=c7ac6054
  [    480ms]  [91mstale[0m    (poll #8)  order=c7ac6054
  [    543ms]  [92mVISIBLE[0m  (poll #9, X-Cache: MISS)  order=c7ac6054

[96mOrder 427/500:[0m
  [      6ms]  [91mstale[0m    (poll #1)  order=989e228b
  [     68ms]  [91mstale[0m    (poll #2)  order=989e228b
  [    133ms]  [91mstale[0m    (poll #3)  order=989e228b
  [    196ms]  [91mstale[0m    (poll #4)  order=989e228b
  [    262ms]  [91mstale[0m    (poll #5)  order=989e228b
  [    332ms]  [91mstale[0m    (poll #6)  order=989e228b
  [    391ms]  [91mstale[0m    (poll #7)  order=989e228b
  [    455ms]  [91mstale[0m    (poll #8)  order=989e228b
  [    519ms]  [92mVISIBLE[0m  (poll #9, X-Cache: MISS)  order=989e228b

[96mOrder 428/500:[0m
  [      7ms]  [91mstale[0m    (poll #1)  order=4e2eab17
  [     69ms]  [91mstale[0m    (poll #2)  order=4e2eab17
  [    129ms]  [91mstale[0m    (poll #3)  order=4e2eab17
  [    195ms]  [91mstale[0m    (poll #4)  order=4e2eab17
  [    267ms]  [91mstale[0m    (poll #5)  order=4e2eab17
  [    337ms]  [91mstale[0m    (poll #6)  order=4e2eab17
  [    409ms]  [91mstale[0m    (poll #7)  order=4e2eab17
  [    481ms]  [92mVISIBLE[0m  (poll #8, X-Cache: MISS)  order=4e2eab17

[96mOrder 429/500:[0m
  [     10ms]  [91mstale[0m    (poll #1)  order=4276ccab
  [     74ms]  [91mstale[0m    (poll #2)  order=4276ccab
  [    138ms]  [91mstale[0m    (poll #3)  order=4276ccab
  [    204ms]  [91mstale[0m    (poll #4)  order=4276ccab
  [    271ms]  [91mstale[0m    (poll #5)  order=4276ccab
  [    342ms]  [91mstale[0m    (poll #6)  order=4276ccab
  [    413ms]  [91mstale[0m    (poll #7)  order=4276ccab
  [    485ms]  [92mVISIBLE[0m  (poll #8, X-Cache: MISS)  order=4276ccab

[96mOrder 430/500:[0m
  [      8ms]  [91mstale[0m    (poll #1)  order=2ad8c1f2
  [     69ms]  [91mstale[0m    (poll #2)  order=2ad8c1f2
  [    131ms]  [91mstale[0m    (poll #3)  order=2ad8c1f2
  [    195ms]  [91mstale[0m    (poll #4)  order=2ad8c1f2
  [    261ms]  [91mstale[0m    (poll #5)  order=2ad8c1f2
  [    329ms]  [91mstale[0m    (poll #6)  order=2ad8c1f2
  [    398ms]  [91mstale[0m    (poll #7)  order=2ad8c1f2
  [    466ms]  [91mstale[0m    (poll #8)  order=2ad8c1f2
  [    539ms]  [92mVISIBLE[0m  (poll #9, X-Cache: MISS)  order=2ad8c1f2

[96mOrder 431/500:[0m
  [      9ms]  [91mstale[0m    (poll #1)  order=ce8393ca
  [     73ms]  [91mstale[0m    (poll #2)  order=ce8393ca
  [    138ms]  [91mstale[0m    (poll #3)  order=ce8393ca
  [    203ms]  [91mstale[0m    (poll #4)  order=ce8393ca
  [    269ms]  [91mstale[0m    (poll #5)  order=ce8393ca
  [    335ms]  [91mstale[0m    (poll #6)  order=ce8393ca
  [    406ms]  [91mstale[0m    (poll #7)  order=ce8393ca
  [    473ms]  [92mVISIBLE[0m  (poll #8, X-Cache: MISS)  order=ce8393ca

[96mOrder 432/500:[0m
  [      8ms]  [91mstale[0m    (poll #1)  order=a84e717f
  [     71ms]  [91mstale[0m    (poll #2)  order=a84e717f
  [    135ms]  [91mstale[0m    (poll #3)  order=a84e717f
  [    201ms]  [91mstale[0m    (poll #4)  order=a84e717f
  [    270ms]  [91mstale[0m    (poll #5)  order=a84e717f
  [    341ms]  [91mstale[0m    (poll #6)  order=a84e717f
  [    412ms]  [91mstale[0m    (poll #7)  order=a84e717f
  [    481ms]  [91mstale[0m    (poll #8)  order=a84e717f
  [    541ms]  [92mVISIBLE[0m  (poll #9, X-Cache: MISS)  order=a84e717f

[96mOrder 433/500:[0m
  [      5ms]  [91mstale[0m    (poll #1)  order=6388705d
  [     65ms]  [91mstale[0m    (poll #2)  order=6388705d
  [    127ms]  [91mstale[0m    (poll #3)  order=6388705d
  [    186ms]  [91mstale[0m    (poll #4)  order=6388705d
  [    247ms]  [91mstale[0m    (poll #5)  order=6388705d
  [    313ms]  [91mstale[0m    (poll #6)  order=6388705d
  [    379ms]  [91mstale[0m    (poll #7)  order=6388705d
  [    448ms]  [91mstale[0m    (poll #8)  order=6388705d
  [    525ms]  [92mVISIBLE[0m  (poll #9, X-Cache: MISS)  order=6388705d

[96mOrder 434/500:[0m
  [     11ms]  [91mstale[0m    (poll #1)  order=61d64d05
  [     75ms]  [91mstale[0m    (poll #2)  order=61d64d05
  [    138ms]  [91mstale[0m    (poll #3)  order=61d64d05
  [    199ms]  [91mstale[0m    (poll #4)  order=61d64d05
  [    266ms]  [91mstale[0m    (poll #5)  order=61d64d05
  [    338ms]  [91mstale[0m    (poll #6)  order=61d64d05
  [    409ms]  [91mstale[0m    (poll #7)  order=61d64d05
  [    482ms]  [92mVISIBLE[0m  (poll #8, X-Cache: MISS)  order=61d64d05

[96mOrder 435/500:[0m
  [      7ms]  [91mstale[0m    (poll #1)  order=95a79f3c
  [     70ms]  [91mstale[0m    (poll #2)  order=95a79f3c
  [    132ms]  [91mstale[0m    (poll #3)  order=95a79f3c
  [    199ms]  [91mstale[0m    (poll #4)  order=95a79f3c
  [    269ms]  [91mstale[0m    (poll #5)  order=95a79f3c
  [    342ms]  [91mstale[0m    (poll #6)  order=95a79f3c
  [    418ms]  [91mstale[0m    (poll #7)  order=95a79f3c
  [    488ms]  [92mVISIBLE[0m  (poll #8, X-Cache: MISS)  order=95a79f3c

[96mOrder 436/500:[0m
  [     11ms]  [91mstale[0m    (poll #1)  order=b0c7ef1f
  [     76ms]  [91mstale[0m    (poll #2)  order=b0c7ef1f
  [    136ms]  [91mstale[0m    (poll #3)  order=b0c7ef1f
  [    203ms]  [91mstale[0m    (poll #4)  order=b0c7ef1f
  [    262ms]  [91mstale[0m    (poll #5)  order=b0c7ef1f
  [    326ms]  [91mstale[0m    (poll #6)  order=b0c7ef1f
  [    390ms]  [91mstale[0m    (poll #7)  order=b0c7ef1f
  [    463ms]  [91mstale[0m    (poll #8)  order=b0c7ef1f
  [    541ms]  [92mVISIBLE[0m  (poll #9, X-Cache: MISS)  order=b0c7ef1f

[96mOrder 437/500:[0m
  [      6ms]  [91mstale[0m    (poll #1)  order=5b226272
  [     67ms]  [91mstale[0m    (poll #2)  order=5b226272
  [    129ms]  [91mstale[0m    (poll #3)  order=5b226272
  [    192ms]  [91mstale[0m    (poll #4)  order=5b226272
  [    255ms]  [91mstale[0m    (poll #5)  order=5b226272
  [    319ms]  [91mstale[0m    (poll #6)  order=5b226272
  [    384ms]  [91mstale[0m    (poll #7)  order=5b226272
  [    456ms]  [92mVISIBLE[0m  (poll #8, X-Cache: MISS)  order=5b226272

[96mOrder 438/500:[0m
  [      8ms]  [91mstale[0m    (poll #1)  order=7df97b82
  [     66ms]  [91mstale[0m    (poll #2)  order=7df97b82
  [    123ms]  [91mstale[0m    (poll #3)  order=7df97b82
  [    183ms]  [91mstale[0m    (poll #4)  order=7df97b82
  [    250ms]  [91mstale[0m    (poll #5)  order=7df97b82
  [    307ms]  [91mstale[0m    (poll #6)  order=7df97b82
  [    366ms]  [91mstale[0m    (poll #7)  order=7df97b82
  [    432ms]  [91mstale[0m    (poll #8)  order=7df97b82
  [    502ms]  [92mVISIBLE[0m  (poll #9, X-Cache: MISS)  order=7df97b82

[96mOrder 439/500:[0m
  [      9ms]  [91mstale[0m    (poll #1)  order=e5b49398
  [     72ms]  [91mstale[0m    (poll #2)  order=e5b49398
  [    141ms]  [91mstale[0m    (poll #3)  order=e5b49398
  [    206ms]  [91mstale[0m    (poll #4)  order=e5b49398
  [    269ms]  [91mstale[0m    (poll #5)  order=e5b49398
  [    332ms]  [91mstale[0m    (poll #6)  order=e5b49398
  [    401ms]  [92mVISIBLE[0m  (poll #7, X-Cache: MISS)  order=e5b49398

[96mOrder 440/500:[0m
  [      8ms]  [91mstale[0m    (poll #1)  order=8521455f
  [     70ms]  [91mstale[0m    (poll #2)  order=8521455f
  [    135ms]  [91mstale[0m    (poll #3)  order=8521455f
  [    197ms]  [91mstale[0m    (poll #4)  order=8521455f
  [    265ms]  [91mstale[0m    (poll #5)  order=8521455f
  [    331ms]  [91mstale[0m    (poll #6)  order=8521455f
  [    400ms]  [91mstale[0m    (poll #7)  order=8521455f
  [    471ms]  [91mstale[0m    (poll #8)  order=8521455f
  [    542ms]  [92mVISIBLE[0m  (poll #9, X-Cache: MISS)  order=8521455f

[96mOrder 441/500:[0m
  [      9ms]  [91mstale[0m    (poll #1)  order=8edbede4
  [     68ms]  [91mstale[0m    (poll #2)  order=8edbede4
  [    129ms]  [91mstale[0m    (poll #3)  order=8edbede4
  [    192ms]  [91mstale[0m    (poll #4)  order=8edbede4
  [    256ms]  [91mstale[0m    (poll #5)  order=8edbede4
  [    326ms]  [91mstale[0m    (poll #6)  order=8edbede4
  [    387ms]  [91mstale[0m    (poll #7)  order=8edbede4
  [    445ms]  [91mstale[0m    (poll #8)  order=8edbede4
  [    502ms]  [92mVISIBLE[0m  (poll #9, X-Cache: MISS)  order=8edbede4

[96mOrder 442/500:[0m
  [      7ms]  [91mstale[0m    (poll #1)  order=fe811852
  [     64ms]  [91mstale[0m    (poll #2)  order=fe811852
  [    125ms]  [91mstale[0m    (poll #3)  order=fe811852
  [    183ms]  [91mstale[0m    (poll #4)  order=fe811852
  [    247ms]  [91mstale[0m    (poll #5)  order=fe811852
  [    311ms]  [91mstale[0m    (poll #6)  order=fe811852
  [    377ms]  [91mstale[0m    (poll #7)  order=fe811852
  [    443ms]  [91mstale[0m    (poll #8)  order=fe811852
  [    506ms]  [92mVISIBLE[0m  (poll #9, X-Cache: MISS)  order=fe811852

[96mOrder 443/500:[0m
  [      9ms]  [91mstale[0m    (poll #1)  order=4f5b43eb
  [     72ms]  [91mstale[0m    (poll #2)  order=4f5b43eb
  [    136ms]  [91mstale[0m    (poll #3)  order=4f5b43eb
  [    201ms]  [91mstale[0m    (poll #4)  order=4f5b43eb
  [    270ms]  [91mstale[0m    (poll #5)  order=4f5b43eb
  [    341ms]  [91mstale[0m    (poll #6)  order=4f5b43eb
  [    409ms]  [92mVISIBLE[0m  (poll #7, X-Cache: MISS)  order=4f5b43eb

[96mOrder 444/500:[0m
  [      9ms]  [91mstale[0m    (poll #1)  order=ecbd74e0
  [     73ms]  [91mstale[0m    (poll #2)  order=ecbd74e0
  [    131ms]  [91mstale[0m    (poll #3)  order=ecbd74e0
  [    192ms]  [91mstale[0m    (poll #4)  order=ecbd74e0
  [    253ms]  [91mstale[0m    (poll #5)  order=ecbd74e0
  [    317ms]  [91mstale[0m    (poll #6)  order=ecbd74e0
  [    379ms]  [91mstale[0m    (poll #7)  order=ecbd74e0
  [    443ms]  [91mstale[0m    (poll #8)  order=ecbd74e0
  [    513ms]  [92mVISIBLE[0m  (poll #9, X-Cache: MISS)  order=ecbd74e0

[96mOrder 445/500:[0m
  [      7ms]  [91mstale[0m    (poll #1)  order=22379ebb
  [     67ms]  [91mstale[0m    (poll #2)  order=22379ebb
  [    131ms]  [91mstale[0m    (poll #3)  order=22379ebb
  [    198ms]  [91mstale[0m    (poll #4)  order=22379ebb
  [    267ms]  [91mstale[0m    (poll #5)  order=22379ebb
  [    339ms]  [91mstale[0m    (poll #6)  order=22379ebb
  [    407ms]  [91mstale[0m    (poll #7)  order=22379ebb
  [    476ms]  [92mVISIBLE[0m  (poll #8, X-Cache: MISS)  order=22379ebb

[96mOrder 446/500:[0m
  [     11ms]  [91mstale[0m    (poll #1)  order=2915c48a
  [     71ms]  [91mstale[0m    (poll #2)  order=2915c48a
  [    136ms]  [91mstale[0m    (poll #3)  order=2915c48a
  [    201ms]  [91mstale[0m    (poll #4)  order=2915c48a
  [    271ms]  [91mstale[0m    (poll #5)  order=2915c48a
  [    335ms]  [91mstale[0m    (poll #6)  order=2915c48a
  [    399ms]  [91mstale[0m    (poll #7)  order=2915c48a
  [    465ms]  [91mstale[0m    (poll #8)  order=2915c48a
  [    536ms]  [92mVISIBLE[0m  (poll #9, X-Cache: MISS)  order=2915c48a

[96mOrder 447/500:[0m
  [     10ms]  [91mstale[0m    (poll #1)  order=a078632a
  [     70ms]  [91mstale[0m    (poll #2)  order=a078632a
  [    134ms]  [91mstale[0m    (poll #3)  order=a078632a
  [    195ms]  [91mstale[0m    (poll #4)  order=a078632a
  [    257ms]  [91mstale[0m    (poll #5)  order=a078632a
  [    321ms]  [91mstale[0m    (poll #6)  order=a078632a
  [    389ms]  [91mstale[0m    (poll #7)  order=a078632a
  [    460ms]  [92mVISIBLE[0m  (poll #8, X-Cache: MISS)  order=a078632a

[96mOrder 448/500:[0m
  [      9ms]  [91mstale[0m    (poll #1)  order=bd43c087
  [     71ms]  [91mstale[0m    (poll #2)  order=bd43c087
  [    135ms]  [91mstale[0m    (poll #3)  order=bd43c087
  [    200ms]  [91mstale[0m    (poll #4)  order=bd43c087
  [    266ms]  [91mstale[0m    (poll #5)  order=bd43c087
  [    337ms]  [91mstale[0m    (poll #6)  order=bd43c087
  [    405ms]  [91mstale[0m    (poll #7)  order=bd43c087
  [    468ms]  [91mstale[0m    (poll #8)  order=bd43c087
  [    538ms]  [92mVISIBLE[0m  (poll #9, X-Cache: MISS)  order=bd43c087

[96mOrder 449/500:[0m
  [     10ms]  [91mstale[0m    (poll #1)  order=10d22bc5
  [     74ms]  [91mstale[0m    (poll #2)  order=10d22bc5
  [    140ms]  [91mstale[0m    (poll #3)  order=10d22bc5
  [    205ms]  [91mstale[0m    (poll #4)  order=10d22bc5
  [    275ms]  [91mstale[0m    (poll #5)  order=10d22bc5
  [    347ms]  [92mVISIBLE[0m  (poll #6, X-Cache: MISS)  order=10d22bc5

[96mOrder 450/500:[0m
  [      6ms]  [91mstale[0m    (poll #1)  order=f00acac0
  [     67ms]  [91mstale[0m    (poll #2)  order=f00acac0
  [    131ms]  [91mstale[0m    (poll #3)  order=f00acac0
  [    193ms]  [91mstale[0m    (poll #4)  order=f00acac0
  [    262ms]  [91mstale[0m    (poll #5)  order=f00acac0
  [    331ms]  [91mstale[0m    (poll #6)  order=f00acac0
  [    398ms]  [91mstale[0m    (poll #7)  order=f00acac0
  [    459ms]  [91mstale[0m    (poll #8)  order=f00acac0
  [    522ms]  [92mVISIBLE[0m  (poll #9, X-Cache: MISS)  order=f00acac0

[96mOrder 451/500:[0m
  [      4ms]  [91mstale[0m    (poll #1)  order=2e031668
  [     63ms]  [91mstale[0m    (poll #2)  order=2e031668
  [    127ms]  [91mstale[0m    (poll #3)  order=2e031668
  [    192ms]  [91mstale[0m    (poll #4)  order=2e031668
  [    259ms]  [91mstale[0m    (poll #5)  order=2e031668
  [    328ms]  [91mstale[0m    (poll #6)  order=2e031668
  [    385ms]  [91mstale[0m    (poll #7)  order=2e031668
  [    449ms]  [91mstale[0m    (poll #8)  order=2e031668
  [    515ms]  [92mVISIBLE[0m  (poll #9, X-Cache: MISS)  order=2e031668

[96mOrder 452/500:[0m
  [      7ms]  [91mstale[0m    (poll #1)  order=eb1f004a
  [     68ms]  [91mstale[0m    (poll #2)  order=eb1f004a
  [    128ms]  [91mstale[0m    (poll #3)  order=eb1f004a
  [    192ms]  [91mstale[0m    (poll #4)  order=eb1f004a
  [    261ms]  [91mstale[0m    (poll #5)  order=eb1f004a
  [    330ms]  [91mstale[0m    (poll #6)  order=eb1f004a
  [    390ms]  [92mVISIBLE[0m  (poll #7, X-Cache: MISS)  order=eb1f004a

[96mOrder 453/500:[0m
  [      4ms]  [91mstale[0m    (poll #1)  order=2b148ce2
  [     69ms]  [91mstale[0m    (poll #2)  order=2b148ce2
  [    128ms]  [91mstale[0m    (poll #3)  order=2b148ce2
  [    189ms]  [91mstale[0m    (poll #4)  order=2b148ce2
  [    253ms]  [91mstale[0m    (poll #5)  order=2b148ce2
  [    320ms]  [91mstale[0m    (poll #6)  order=2b148ce2
  [    388ms]  [91mstale[0m    (poll #7)  order=2b148ce2
  [    454ms]  [91mstale[0m    (poll #8)  order=2b148ce2
  [    525ms]  [92mVISIBLE[0m  (poll #9, X-Cache: MISS)  order=2b148ce2

[96mOrder 454/500:[0m
  [     10ms]  [91mstale[0m    (poll #1)  order=cb36e223
  [     73ms]  [91mstale[0m    (poll #2)  order=cb36e223
  [    137ms]  [91mstale[0m    (poll #3)  order=cb36e223
  [    203ms]  [91mstale[0m    (poll #4)  order=cb36e223
  [    271ms]  [91mstale[0m    (poll #5)  order=cb36e223
  [    347ms]  [91mstale[0m    (poll #6)  order=cb36e223
  [    414ms]  [91mstale[0m    (poll #7)  order=cb36e223
  [    483ms]  [92mVISIBLE[0m  (poll #8, X-Cache: MISS)  order=cb36e223

[96mOrder 455/500:[0m
  [      7ms]  [91mstale[0m    (poll #1)  order=60eb81b1
  [     71ms]  [91mstale[0m    (poll #2)  order=60eb81b1
  [    130ms]  [91mstale[0m    (poll #3)  order=60eb81b1
  [    195ms]  [91mstale[0m    (poll #4)  order=60eb81b1
  [    262ms]  [91mstale[0m    (poll #5)  order=60eb81b1
  [    329ms]  [91mstale[0m    (poll #6)  order=60eb81b1
  [    397ms]  [92mVISIBLE[0m  (poll #7, X-Cache: MISS)  order=60eb81b1

[96mOrder 456/500:[0m
  [     10ms]  [91mstale[0m    (poll #1)  order=b9cdb550
  [     73ms]  [91mstale[0m    (poll #2)  order=b9cdb550
  [    139ms]  [91mstale[0m    (poll #3)  order=b9cdb550
  [    201ms]  [91mstale[0m    (poll #4)  order=b9cdb550
  [    268ms]  [91mstale[0m    (poll #5)  order=b9cdb550
  [    339ms]  [91mstale[0m    (poll #6)  order=b9cdb550
  [    406ms]  [91mstale[0m    (poll #7)  order=b9cdb550
  [    473ms]  [91mstale[0m    (poll #8)  order=b9cdb550
  [    534ms]  [92mVISIBLE[0m  (poll #9, X-Cache: MISS)  order=b9cdb550

[96mOrder 457/500:[0m
  [      6ms]  [91mstale[0m    (poll #1)  order=0730e604
  [     68ms]  [91mstale[0m    (poll #2)  order=0730e604
  [    131ms]  [91mstale[0m    (poll #3)  order=0730e604
  [    194ms]  [91mstale[0m    (poll #4)  order=0730e604
  [    263ms]  [91mstale[0m    (poll #5)  order=0730e604
  [    331ms]  [91mstale[0m    (poll #6)  order=0730e604
  [    398ms]  [91mstale[0m    (poll #7)  order=0730e604
  [    456ms]  [91mstale[0m    (poll #8)  order=0730e604
  [    520ms]  [92mVISIBLE[0m  (poll #9, X-Cache: MISS)  order=0730e604

[96mOrder 458/500:[0m
  [      7ms]  [91mstale[0m    (poll #1)  order=6d71bf19
  [     72ms]  [91mstale[0m    (poll #2)  order=6d71bf19
  [    133ms]  [91mstale[0m    (poll #3)  order=6d71bf19
  [    192ms]  [91mstale[0m    (poll #4)  order=6d71bf19
  [    255ms]  [91mstale[0m    (poll #5)  order=6d71bf19
  [    315ms]  [91mstale[0m    (poll #6)  order=6d71bf19
  [    381ms]  [91mstale[0m    (poll #7)  order=6d71bf19
  [    450ms]  [91mstale[0m    (poll #8)  order=6d71bf19
  [    519ms]  [92mVISIBLE[0m  (poll #9, X-Cache: MISS)  order=6d71bf19

[96mOrder 459/500:[0m
  [     10ms]  [91mstale[0m    (poll #1)  order=41a68784
  [     75ms]  [91mstale[0m    (poll #2)  order=41a68784
  [    136ms]  [91mstale[0m    (poll #3)  order=41a68784
  [    201ms]  [91mstale[0m    (poll #4)  order=41a68784
  [    270ms]  [91mstale[0m    (poll #5)  order=41a68784
  [    340ms]  [91mstale[0m    (poll #6)  order=41a68784
  [    410ms]  [91mstale[0m    (poll #7)  order=41a68784
  [    486ms]  [92mVISIBLE[0m  (poll #8, X-Cache: MISS)  order=41a68784

[96mOrder 460/500:[0m
  [      9ms]  [91mstale[0m    (poll #1)  order=ff7b4c16
  [     71ms]  [91mstale[0m    (poll #2)  order=ff7b4c16
  [    132ms]  [91mstale[0m    (poll #3)  order=ff7b4c16
  [    197ms]  [91mstale[0m    (poll #4)  order=ff7b4c16
  [    267ms]  [91mstale[0m    (poll #5)  order=ff7b4c16
  [    337ms]  [91mstale[0m    (poll #6)  order=ff7b4c16
  [    408ms]  [91mstale[0m    (poll #7)  order=ff7b4c16
  [    479ms]  [92mVISIBLE[0m  (poll #8, X-Cache: MISS)  order=ff7b4c16

[96mOrder 461/500:[0m
  [      8ms]  [91mstale[0m    (poll #1)  order=acdce955
  [     72ms]  [91mstale[0m    (poll #2)  order=acdce955
  [    136ms]  [91mstale[0m    (poll #3)  order=acdce955
  [    201ms]  [91mstale[0m    (poll #4)  order=acdce955
  [    267ms]  [91mstale[0m    (poll #5)  order=acdce955
  [    338ms]  [91mstale[0m    (poll #6)  order=acdce955
  [    410ms]  [91mstale[0m    (poll #7)  order=acdce955
  [    482ms]  [91mstale[0m    (poll #8)  order=acdce955
  [    550ms]  [92mVISIBLE[0m  (poll #9, X-Cache: MISS)  order=acdce955

[96mOrder 462/500:[0m
  [     10ms]  [91mstale[0m    (poll #1)  order=524bc29b
  [     70ms]  [91mstale[0m    (poll #2)  order=524bc29b
  [    134ms]  [91mstale[0m    (poll #3)  order=524bc29b
  [    201ms]  [91mstale[0m    (poll #4)  order=524bc29b
  [    266ms]  [91mstale[0m    (poll #5)  order=524bc29b
  [    334ms]  [91mstale[0m    (poll #6)  order=524bc29b
  [    406ms]  [92mVISIBLE[0m  (poll #7, X-Cache: MISS)  order=524bc29b

[96mOrder 463/500:[0m
  [     10ms]  [91mstale[0m    (poll #1)  order=4809ab82
  [     74ms]  [91mstale[0m    (poll #2)  order=4809ab82
  [    139ms]  [91mstale[0m    (poll #3)  order=4809ab82
  [    201ms]  [91mstale[0m    (poll #4)  order=4809ab82
  [    269ms]  [91mstale[0m    (poll #5)  order=4809ab82
  [    340ms]  [92mVISIBLE[0m  (poll #6, X-Cache: MISS)  order=4809ab82

[96mOrder 464/500:[0m
  [     10ms]  [91mstale[0m    (poll #1)  order=937a040e
  [     75ms]  [91mstale[0m    (poll #2)  order=937a040e
  [    136ms]  [91mstale[0m    (poll #3)  order=937a040e
  [    200ms]  [91mstale[0m    (poll #4)  order=937a040e
  [    267ms]  [91mstale[0m    (poll #5)  order=937a040e
  [    338ms]  [91mstale[0m    (poll #6)  order=937a040e
  [    411ms]  [91mstale[0m    (poll #7)  order=937a040e
  [    475ms]  [91mstale[0m    (poll #8)  order=937a040e
  [    531ms]  [92mVISIBLE[0m  (poll #9, X-Cache: MISS)  order=937a040e

[96mOrder 465/500:[0m
  [      4ms]  [91mstale[0m    (poll #1)  order=59f119ee
  [     59ms]  [91mstale[0m    (poll #2)  order=59f119ee
  [    121ms]  [91mstale[0m    (poll #3)  order=59f119ee
  [    183ms]  [91mstale[0m    (poll #4)  order=59f119ee
  [    247ms]  [91mstale[0m    (poll #5)  order=59f119ee
  [    308ms]  [91mstale[0m    (poll #6)  order=59f119ee
  [    372ms]  [91mstale[0m    (poll #7)  order=59f119ee
  [    440ms]  [92mVISIBLE[0m  (poll #8, X-Cache: MISS)  order=59f119ee

[96mOrder 466/500:[0m
  [     10ms]  [91mstale[0m    (poll #1)  order=ac8408b3
  [     71ms]  [91mstale[0m    (poll #2)  order=ac8408b3
  [    137ms]  [91mstale[0m    (poll #3)  order=ac8408b3
  [    200ms]  [91mstale[0m    (poll #4)  order=ac8408b3
  [    270ms]  [91mstale[0m    (poll #5)  order=ac8408b3
  [    340ms]  [91mstale[0m    (poll #6)  order=ac8408b3
  [    411ms]  [91mstale[0m    (poll #7)  order=ac8408b3
  [    482ms]  [92mVISIBLE[0m  (poll #8, X-Cache: MISS)  order=ac8408b3

[96mOrder 467/500:[0m
  [     12ms]  [91mstale[0m    (poll #1)  order=ba8b860e
  [     70ms]  [91mstale[0m    (poll #2)  order=ba8b860e
  [    130ms]  [91mstale[0m    (poll #3)  order=ba8b860e
  [    196ms]  [91mstale[0m    (poll #4)  order=ba8b860e
  [    265ms]  [91mstale[0m    (poll #5)  order=ba8b860e
  [    336ms]  [91mstale[0m    (poll #6)  order=ba8b860e
  [    408ms]  [92mVISIBLE[0m  (poll #7, X-Cache: MISS)  order=ba8b860e

[96mOrder 468/500:[0m
  [      9ms]  [91mstale[0m    (poll #1)  order=39905d07
  [     74ms]  [91mstale[0m    (poll #2)  order=39905d07
  [    135ms]  [91mstale[0m    (poll #3)  order=39905d07
  [    199ms]  [91mstale[0m    (poll #4)  order=39905d07
  [    263ms]  [91mstale[0m    (poll #5)  order=39905d07
  [    329ms]  [91mstale[0m    (poll #6)  order=39905d07
  [    399ms]  [91mstale[0m    (poll #7)  order=39905d07
  [    468ms]  [92mVISIBLE[0m  (poll #8, X-Cache: MISS)  order=39905d07

[96mOrder 469/500:[0m
  [     10ms]  [91mstale[0m    (poll #1)  order=6dd23843
  [     69ms]  [91mstale[0m    (poll #2)  order=6dd23843
  [    129ms]  [91mstale[0m    (poll #3)  order=6dd23843
  [    190ms]  [91mstale[0m    (poll #4)  order=6dd23843
  [    260ms]  [91mstale[0m    (poll #5)  order=6dd23843
  [    328ms]  [91mstale[0m    (poll #6)  order=6dd23843
  [    399ms]  [92mVISIBLE[0m  (poll #7, X-Cache: MISS)  order=6dd23843

[96mOrder 470/500:[0m
  [     10ms]  [91mstale[0m    (poll #1)  order=5097ed61
  [     70ms]  [91mstale[0m    (poll #2)  order=5097ed61
  [    135ms]  [91mstale[0m    (poll #3)  order=5097ed61
  [    201ms]  [91mstale[0m    (poll #4)  order=5097ed61
  [    268ms]  [91mstale[0m    (poll #5)  order=5097ed61
  [    339ms]  [91mstale[0m    (poll #6)  order=5097ed61
  [    411ms]  [92mVISIBLE[0m  (poll #7, X-Cache: MISS)  order=5097ed61

[96mOrder 471/500:[0m
  [     10ms]  [91mstale[0m    (poll #1)  order=1c5a251d
  [     75ms]  [91mstale[0m    (poll #2)  order=1c5a251d
  [    139ms]  [91mstale[0m    (poll #3)  order=1c5a251d
  [    206ms]  [91mstale[0m    (poll #4)  order=1c5a251d
  [    276ms]  [91mstale[0m    (poll #5)  order=1c5a251d
  [    346ms]  [91mstale[0m    (poll #6)  order=1c5a251d
  [    416ms]  [91mstale[0m    (poll #7)  order=1c5a251d
  [    486ms]  [92mVISIBLE[0m  (poll #8, X-Cache: MISS)  order=1c5a251d

[96mOrder 472/500:[0m
  [     10ms]  [91mstale[0m    (poll #1)  order=3f1ea3b9
  [     74ms]  [91mstale[0m    (poll #2)  order=3f1ea3b9
  [    140ms]  [91mstale[0m    (poll #3)  order=3f1ea3b9
  [    206ms]  [91mstale[0m    (poll #4)  order=3f1ea3b9
  [    276ms]  [91mstale[0m    (poll #5)  order=3f1ea3b9
  [    345ms]  [91mstale[0m    (poll #6)  order=3f1ea3b9
  [    417ms]  [91mstale[0m    (poll #7)  order=3f1ea3b9
  [    489ms]  [91mstale[0m    (poll #8)  order=3f1ea3b9
  [    556ms]  [92mVISIBLE[0m  (poll #9, X-Cache: MISS)  order=3f1ea3b9

[96mOrder 473/500:[0m
  [      8ms]  [91mstale[0m    (poll #1)  order=a6a079ed
  [     69ms]  [91mstale[0m    (poll #2)  order=a6a079ed
  [    133ms]  [91mstale[0m    (poll #3)  order=a6a079ed
  [    201ms]  [91mstale[0m    (poll #4)  order=a6a079ed
  [    258ms]  [91mstale[0m    (poll #5)  order=a6a079ed
  [    325ms]  [91mstale[0m    (poll #6)  order=a6a079ed
  [    383ms]  [91mstale[0m    (poll #7)  order=a6a079ed
  [    441ms]  [91mstale[0m    (poll #8)  order=a6a079ed
  [    503ms]  [92mVISIBLE[0m  (poll #9, X-Cache: MISS)  order=a6a079ed

[96mOrder 474/500:[0m
  [      7ms]  [91mstale[0m    (poll #1)  order=cf632de1
  [     70ms]  [91mstale[0m    (poll #2)  order=cf632de1
  [    131ms]  [91mstale[0m    (poll #3)  order=cf632de1
  [    196ms]  [91mstale[0m    (poll #4)  order=cf632de1
  [    267ms]  [91mstale[0m    (poll #5)  order=cf632de1
  [    337ms]  [92mVISIBLE[0m  (poll #6, X-Cache: MISS)  order=cf632de1

[96mOrder 475/500:[0m
  [     10ms]  [91mstale[0m    (poll #1)  order=8513e584
  [     70ms]  [91mstale[0m    (poll #2)  order=8513e584
  [    132ms]  [91mstale[0m    (poll #3)  order=8513e584
  [    197ms]  [91mstale[0m    (poll #4)  order=8513e584
  [    264ms]  [91mstale[0m    (poll #5)  order=8513e584
  [    333ms]  [91mstale[0m    (poll #6)  order=8513e584
  [    403ms]  [91mstale[0m    (poll #7)  order=8513e584
  [    472ms]  [91mstale[0m    (poll #8)  order=8513e584
  [    542ms]  [92mVISIBLE[0m  (poll #9, X-Cache: MISS)  order=8513e584

[96mOrder 476/500:[0m
  [     10ms]  [91mstale[0m    (poll #1)  order=7d746ee7
  [     73ms]  [91mstale[0m    (poll #2)  order=7d746ee7
  [    137ms]  [91mstale[0m    (poll #3)  order=7d746ee7
  [    201ms]  [91mstale[0m    (poll #4)  order=7d746ee7
  [    269ms]  [91mstale[0m    (poll #5)  order=7d746ee7
  [    340ms]  [91mstale[0m    (poll #6)  order=7d746ee7
  [    415ms]  [92mVISIBLE[0m  (poll #7, X-Cache: MISS)  order=7d746ee7

[96mOrder 477/500:[0m
  [     10ms]  [91mstale[0m    (poll #1)  order=c08480c7
  [     75ms]  [91mstale[0m    (poll #2)  order=c08480c7
  [    139ms]  [91mstale[0m    (poll #3)  order=c08480c7
  [    204ms]  [91mstale[0m    (poll #4)  order=c08480c7
  [    271ms]  [91mstale[0m    (poll #5)  order=c08480c7
  [    338ms]  [91mstale[0m    (poll #6)  order=c08480c7
  [    408ms]  [92mVISIBLE[0m  (poll #7, X-Cache: MISS)  order=c08480c7

[96mOrder 478/500:[0m
  [      5ms]  [91mstale[0m    (poll #1)  order=3ec4cfd8
  [     65ms]  [91mstale[0m    (poll #2)  order=3ec4cfd8
  [    128ms]  [91mstale[0m    (poll #3)  order=3ec4cfd8
  [    190ms]  [91mstale[0m    (poll #4)  order=3ec4cfd8
  [    254ms]  [91mstale[0m    (poll #5)  order=3ec4cfd8
  [    315ms]  [91mstale[0m    (poll #6)  order=3ec4cfd8
  [    382ms]  [91mstale[0m    (poll #7)  order=3ec4cfd8
  [    452ms]  [91mstale[0m    (poll #8)  order=3ec4cfd8
  [    513ms]  [92mVISIBLE[0m  (poll #9, X-Cache: MISS)  order=3ec4cfd8

[96mOrder 479/500:[0m
  [      5ms]  [91mstale[0m    (poll #1)  order=8c561891
  [     64ms]  [91mstale[0m    (poll #2)  order=8c561891
  [    127ms]  [91mstale[0m    (poll #3)  order=8c561891
  [    189ms]  [91mstale[0m    (poll #4)  order=8c561891
  [    245ms]  [91mstale[0m    (poll #5)  order=8c561891
  [    307ms]  [91mstale[0m    (poll #6)  order=8c561891
  [    372ms]  [92mVISIBLE[0m  (poll #7, X-Cache: MISS)  order=8c561891

[96mOrder 480/500:[0m
  [      9ms]  [91mstale[0m    (poll #1)  order=6c1137c1
  [     73ms]  [91mstale[0m    (poll #2)  order=6c1137c1
  [    139ms]  [91mstale[0m    (poll #3)  order=6c1137c1
  [    203ms]  [91mstale[0m    (poll #4)  order=6c1137c1
  [    273ms]  [91mstale[0m    (poll #5)  order=6c1137c1
  [    339ms]  [91mstale[0m    (poll #6)  order=6c1137c1
  [    408ms]  [91mstale[0m    (poll #7)  order=6c1137c1
  [    478ms]  [92mVISIBLE[0m  (poll #8, X-Cache: MISS)  order=6c1137c1

[96mOrder 481/500:[0m
  [     11ms]  [91mstale[0m    (poll #1)  order=90b37819
  [     74ms]  [91mstale[0m    (poll #2)  order=90b37819
  [    138ms]  [91mstale[0m    (poll #3)  order=90b37819
  [    200ms]  [91mstale[0m    (poll #4)  order=90b37819
  [    263ms]  [91mstale[0m    (poll #5)  order=90b37819
  [    332ms]  [91mstale[0m    (poll #6)  order=90b37819
  [    399ms]  [91mstale[0m    (poll #7)  order=90b37819
  [    468ms]  [91mstale[0m    (poll #8)  order=90b37819
  [    539ms]  [92mVISIBLE[0m  (poll #9, X-Cache: MISS)  order=90b37819

[96mOrder 482/500:[0m
  [      9ms]  [91mstale[0m    (poll #1)  order=ef314e61
  [     70ms]  [91mstale[0m    (poll #2)  order=ef314e61
  [    133ms]  [91mstale[0m    (poll #3)  order=ef314e61
  [    198ms]  [91mstale[0m    (poll #4)  order=ef314e61
  [    265ms]  [91mstale[0m    (poll #5)  order=ef314e61
  [    337ms]  [91mstale[0m    (poll #6)  order=ef314e61
  [    409ms]  [92mVISIBLE[0m  (poll #7, X-Cache: MISS)  order=ef314e61

[96mOrder 483/500:[0m
  [     11ms]  [91mstale[0m    (poll #1)  order=096d8e31
  [     75ms]  [91mstale[0m    (poll #2)  order=096d8e31
  [    141ms]  [91mstale[0m    (poll #3)  order=096d8e31
  [    208ms]  [91mstale[0m    (poll #4)  order=096d8e31
  [    274ms]  [91mstale[0m    (poll #5)  order=096d8e31
  [    344ms]  [91mstale[0m    (poll #6)  order=096d8e31
  [    417ms]  [91mstale[0m    (poll #7)  order=096d8e31
  [    490ms]  [92mVISIBLE[0m  (poll #8, X-Cache: MISS)  order=096d8e31

[96mOrder 484/500:[0m
  [     10ms]  [91mstale[0m    (poll #1)  order=f37c5db5
  [     74ms]  [91mstale[0m    (poll #2)  order=f37c5db5
  [    141ms]  [91mstale[0m    (poll #3)  order=f37c5db5
  [    208ms]  [91mstale[0m    (poll #4)  order=f37c5db5
  [    279ms]  [91mstale[0m    (poll #5)  order=f37c5db5
  [    349ms]  [91mstale[0m    (poll #6)  order=f37c5db5
  [    422ms]  [92mVISIBLE[0m  (poll #7, X-Cache: MISS)  order=f37c5db5

[96mOrder 485/500:[0m
  [      9ms]  [91mstale[0m    (poll #1)  order=b0293b8c
  [     76ms]  [91mstale[0m    (poll #2)  order=b0293b8c
  [    140ms]  [91mstale[0m    (poll #3)  order=b0293b8c
  [    204ms]  [91mstale[0m    (poll #4)  order=b0293b8c
  [    281ms]  [91mstale[0m    (poll #5)  order=b0293b8c
  [    348ms]  [91mstale[0m    (poll #6)  order=b0293b8c
  [    420ms]  [91mstale[0m    (poll #7)  order=b0293b8c
  [    491ms]  [92mVISIBLE[0m  (poll #8, X-Cache: MISS)  order=b0293b8c

[96mOrder 486/500:[0m
  [     10ms]  [91mstale[0m    (poll #1)  order=269ec3d4
  [     73ms]  [91mstale[0m    (poll #2)  order=269ec3d4
  [    134ms]  [91mstale[0m    (poll #3)  order=269ec3d4
  [    203ms]  [91mstale[0m    (poll #4)  order=269ec3d4
  [    265ms]  [91mstale[0m    (poll #5)  order=269ec3d4
  [    326ms]  [91mstale[0m    (poll #6)  order=269ec3d4
  [    388ms]  [91mstale[0m    (poll #7)  order=269ec3d4
  [    450ms]  [91mstale[0m    (poll #8)  order=269ec3d4
  [    511ms]  [92mVISIBLE[0m  (poll #9, X-Cache: MISS)  order=269ec3d4

[96mOrder 487/500:[0m
  [      5ms]  [91mstale[0m    (poll #1)  order=77d78503
  [     66ms]  [91mstale[0m    (poll #2)  order=77d78503
  [    127ms]  [91mstale[0m    (poll #3)  order=77d78503
  [    192ms]  [91mstale[0m    (poll #4)  order=77d78503
  [    264ms]  [91mstale[0m    (poll #5)  order=77d78503
  [    334ms]  [91mstale[0m    (poll #6)  order=77d78503
  [    407ms]  [91mstale[0m    (poll #7)  order=77d78503
  [    475ms]  [92mVISIBLE[0m  (poll #8, X-Cache: MISS)  order=77d78503

[96mOrder 488/500:[0m
  [     11ms]  [91mstale[0m    (poll #1)  order=511b0635
  [     73ms]  [91mstale[0m    (poll #2)  order=511b0635
  [    137ms]  [91mstale[0m    (poll #3)  order=511b0635
  [    197ms]  [91mstale[0m    (poll #4)  order=511b0635
  [    261ms]  [91mstale[0m    (poll #5)  order=511b0635
  [    326ms]  [91mstale[0m    (poll #6)  order=511b0635
  [    394ms]  [91mstale[0m    (poll #7)  order=511b0635
  [    471ms]  [91mstale[0m    (poll #8)  order=511b0635
  [    536ms]  [92mVISIBLE[0m  (poll #9, X-Cache: MISS)  order=511b0635

[96mOrder 489/500:[0m
  [      8ms]  [91mstale[0m    (poll #1)  order=490496a1
  [     72ms]  [91mstale[0m    (poll #2)  order=490496a1
  [    135ms]  [91mstale[0m    (poll #3)  order=490496a1
  [    198ms]  [91mstale[0m    (poll #4)  order=490496a1
  [    263ms]  [91mstale[0m    (poll #5)  order=490496a1
  [    332ms]  [91mstale[0m    (poll #6)  order=490496a1
  [    401ms]  [91mstale[0m    (poll #7)  order=490496a1
  [    474ms]  [92mVISIBLE[0m  (poll #8, X-Cache: MISS)  order=490496a1

[96mOrder 490/500:[0m
  [      7ms]  [91mstale[0m    (poll #1)  order=f24cc2d3
  [     68ms]  [91mstale[0m    (poll #2)  order=f24cc2d3
  [    133ms]  [91mstale[0m    (poll #3)  order=f24cc2d3
  [    201ms]  [91mstale[0m    (poll #4)  order=f24cc2d3
  [    275ms]  [91mstale[0m    (poll #5)  order=f24cc2d3
  [    347ms]  [91mstale[0m    (poll #6)  order=f24cc2d3
  [    415ms]  [91mstale[0m    (poll #7)  order=f24cc2d3
  [    487ms]  [92mVISIBLE[0m  (poll #8, X-Cache: MISS)  order=f24cc2d3

[96mOrder 491/500:[0m
  [     10ms]  [91mstale[0m    (poll #1)  order=735af5d7
  [     74ms]  [91mstale[0m    (poll #2)  order=735af5d7
  [    138ms]  [91mstale[0m    (poll #3)  order=735af5d7
  [    203ms]  [91mstale[0m    (poll #4)  order=735af5d7
  [    272ms]  [91mstale[0m    (poll #5)  order=735af5d7
  [    338ms]  [91mstale[0m    (poll #6)  order=735af5d7
  [    411ms]  [91mstale[0m    (poll #7)  order=735af5d7
  [    483ms]  [91mstale[0m    (poll #8)  order=735af5d7
  [    556ms]  [92mVISIBLE[0m  (poll #9, X-Cache: MISS)  order=735af5d7

[96mOrder 492/500:[0m
  [     12ms]  [91mstale[0m    (poll #1)  order=3102ce32
  [     73ms]  [91mstale[0m    (poll #2)  order=3102ce32
  [    131ms]  [91mstale[0m    (poll #3)  order=3102ce32
  [    199ms]  [91mstale[0m    (poll #4)  order=3102ce32
  [    269ms]  [91mstale[0m    (poll #5)  order=3102ce32
  [    336ms]  [91mstale[0m    (poll #6)  order=3102ce32
  [    410ms]  [91mstale[0m    (poll #7)  order=3102ce32
  [    485ms]  [92mVISIBLE[0m  (poll #8, X-Cache: MISS)  order=3102ce32

[96mOrder 493/500:[0m
  [     11ms]  [91mstale[0m    (poll #1)  order=5ff602ed
  [     76ms]  [91mstale[0m    (poll #2)  order=5ff602ed
  [    139ms]  [91mstale[0m    (poll #3)  order=5ff602ed
  [    203ms]  [91mstale[0m    (poll #4)  order=5ff602ed
  [    271ms]  [91mstale[0m    (poll #5)  order=5ff602ed
  [    341ms]  [91mstale[0m    (poll #6)  order=5ff602ed
  [    409ms]  [91mstale[0m    (poll #7)  order=5ff602ed
  [    468ms]  [91mstale[0m    (poll #8)  order=5ff602ed
  [    525ms]  [92mVISIBLE[0m  (poll #9, X-Cache: MISS)  order=5ff602ed

[96mOrder 494/500:[0m
  [      4ms]  [91mstale[0m    (poll #1)  order=ad4a36a7
  [     60ms]  [91mstale[0m    (poll #2)  order=ad4a36a7
  [    123ms]  [91mstale[0m    (poll #3)  order=ad4a36a7
  [    185ms]  [91mstale[0m    (poll #4)  order=ad4a36a7
  [    246ms]  [91mstale[0m    (poll #5)  order=ad4a36a7
  [    317ms]  [91mstale[0m    (poll #6)  order=ad4a36a7
  [    385ms]  [91mstale[0m    (poll #7)  order=ad4a36a7
  [    453ms]  [91mstale[0m    (poll #8)  order=ad4a36a7
  [    521ms]  [92mVISIBLE[0m  (poll #9, X-Cache: MISS)  order=ad4a36a7

[96mOrder 495/500:[0m
  [      9ms]  [91mstale[0m    (poll #1)  order=3a5ecd67
  [     73ms]  [91mstale[0m    (poll #2)  order=3a5ecd67
  [    137ms]  [91mstale[0m    (poll #3)  order=3a5ecd67
  [    201ms]  [91mstale[0m    (poll #4)  order=3a5ecd67
  [    270ms]  [91mstale[0m    (poll #5)  order=3a5ecd67
  [    331ms]  [91mstale[0m    (poll #6)  order=3a5ecd67
  [    398ms]  [91mstale[0m    (poll #7)  order=3a5ecd67
  [    467ms]  [92mVISIBLE[0m  (poll #8, X-Cache: MISS)  order=3a5ecd67

[96mOrder 496/500:[0m
  [      7ms]  [91mstale[0m    (poll #1)  order=7dfeb034
  [     70ms]  [91mstale[0m    (poll #2)  order=7dfeb034
  [    135ms]  [91mstale[0m    (poll #3)  order=7dfeb034
  [    197ms]  [91mstale[0m    (poll #4)  order=7dfeb034
  [    265ms]  [91mstale[0m    (poll #5)  order=7dfeb034
  [    334ms]  [91mstale[0m    (poll #6)  order=7dfeb034
  [    406ms]  [92mVISIBLE[0m  (poll #7, X-Cache: MISS)  order=7dfeb034

[96mOrder 497/500:[0m
  [     10ms]  [91mstale[0m    (poll #1)  order=fbf4c99f
  [     77ms]  [91mstale[0m    (poll #2)  order=fbf4c99f
  [    141ms]  [91mstale[0m    (poll #3)  order=fbf4c99f
  [    204ms]  [91mstale[0m    (poll #4)  order=fbf4c99f
  [    270ms]  [91mstale[0m    (poll #5)  order=fbf4c99f
  [    334ms]  [91mstale[0m    (poll #6)  order=fbf4c99f
  [    403ms]  [91mstale[0m    (poll #7)  order=fbf4c99f
  [    474ms]  [92mVISIBLE[0m  (poll #8, X-Cache: MISS)  order=fbf4c99f

[96mOrder 498/500:[0m
  [     10ms]  [91mstale[0m    (poll #1)  order=eebc82a0
  [     73ms]  [91mstale[0m    (poll #2)  order=eebc82a0
  [    135ms]  [91mstale[0m    (poll #3)  order=eebc82a0
  [    198ms]  [91mstale[0m    (poll #4)  order=eebc82a0
  [    258ms]  [91mstale[0m    (poll #5)  order=eebc82a0
  [    324ms]  [91mstale[0m    (poll #6)  order=eebc82a0
  [    390ms]  [91mstale[0m    (poll #7)  order=eebc82a0
  [    459ms]  [91mstale[0m    (poll #8)  order=eebc82a0
  [    534ms]  [92mVISIBLE[0m  (poll #9, X-Cache: MISS)  order=eebc82a0

[96mOrder 499/500:[0m
  [      5ms]  [91mstale[0m    (poll #1)  order=39ffcddc
  [     64ms]  [91mstale[0m    (poll #2)  order=39ffcddc
  [    124ms]  [91mstale[0m    (poll #3)  order=39ffcddc
  [    186ms]  [91mstale[0m    (poll #4)  order=39ffcddc
  [    249ms]  [91mstale[0m    (poll #5)  order=39ffcddc
  [    312ms]  [91mstale[0m    (poll #6)  order=39ffcddc
  [    374ms]  [91mstale[0m    (poll #7)  order=39ffcddc
  [    444ms]  [91mstale[0m    (poll #8)  order=39ffcddc
  [    512ms]  [92mVISIBLE[0m  (poll #9, X-Cache: MISS)  order=39ffcddc

[96mOrder 500/500:[0m
  [     12ms]  [91mstale[0m    (poll #1)  order=31e6f0e5
  [     73ms]  [91mstale[0m    (poll #2)  order=31e6f0e5
  [    138ms]  [91mstale[0m    (poll #3)  order=31e6f0e5
  [    206ms]  [91mstale[0m    (poll #4)  order=31e6f0e5
  [    273ms]  [91mstale[0m    (poll #5)  order=31e6f0e5
  [    342ms]  [91mstale[0m    (poll #6)  order=31e6f0e5
  [    412ms]  [91mstale[0m    (poll #7)  order=31e6f0e5
  [    486ms]  [92mVISIBLE[0m  (poll #8, X-Cache: MISS)  order=31e6f0e5

[1m=======================================================[0m
[1m  RESULTS  (N=500)[0m
[1m=======================================================[0m

  metric                    value
  --------------------------------
  consistency lag ms  
    p50                    486.5
    p95                    552.6
    p99                    561.6
    min                    130.1
    max                    566.5
  avg polls/read             8.2

  [93mWhat this means:[0m
  A user who placed an order and immediately refreshed
  would have seen no order for up to 566ms.
  During this window the read side is STALE — MongoDB has
  the event, but PostgreSQL has not projected it yet.

  [92mThe RYW cache fixes this:[0m
    bash restart.sh --delay 2   # same consumer lag, cache ON
    python scripts/consistency_demo.py
  → Every read returns in ~1ms (cache HIT, no PG needed).

