Stopping services and wiping volumes...

  cache:    DISABLED
  consumer: SLOW (0.01s/event)
  saga:     fast
  stream:   redis-stream :6379  (no memory limit)

Starting services...
time="2026-04-26T04:22:42+05:30" level=warning msg="/Users/akankshawattamwar/Desktop/CS315/CQRS/docker-compose.yml: the attribute `version` is obsolete, it will be ignored, please remove it to avoid potential confusion"
#1 [internal] load local bake definitions
#1 reading from stdin 1.05kB done
#1 DONE 0.0s

#2 [saga internal] load build definition from Dockerfile
#2 transferring dockerfile: 365B done
#2 DONE 0.0s

#3 [consumer internal] load build definition from Dockerfile
#3 transferring dockerfile: 186B done
#3 DONE 0.0s

#4 [saga internal] load metadata for docker.io/library/python:3.12-slim
#4 DONE 1.5s

#5 [saga internal] load .dockerignore
#5 transferring context: 2B done
#5 DONE 0.0s

#6 [consumer internal] load .dockerignore
#6 transferring context: 2B done
#6 DONE 0.0s

#7 [consumer internal] load build context
#7 transferring context: 308B done
#7 DONE 0.0s

#8 [saga 1/7] FROM docker.io/library/python:3.12-slim@sha256:46cb7cc2877e60fbd5e21a9ae6115c30ace7a077b9f8772da879e4590c18c2e3
#8 resolve docker.io/library/python:3.12-slim@sha256:46cb7cc2877e60fbd5e21a9ae6115c30ace7a077b9f8772da879e4590c18c2e3 done
#8 DONE 0.0s

#9 [saga 2/7] WORKDIR /service
#9 CACHED

#10 [consumer 2/5] WORKDIR /app
#10 CACHED

#11 [saga internal] load build context
#11 transferring context: 386B done
#11 DONE 0.0s

#12 [consumer 3/5] COPY requirements.txt .
#12 DONE 0.0s

#13 [saga 3/7] COPY saga/requirements.txt saga/
#13 DONE 0.0s

#14 [saga 4/7] RUN pip install --no-cache-dir -r saga/requirements.txt
#14 1.436 Collecting pymongo==4.7.2 (from -r saga/requirements.txt (line 1))
#14 1.509   Downloading pymongo-4.7.2-cp312-cp312-manylinux_2_17_aarch64.manylinux2014_aarch64.whl.metadata (22 kB)
#14 1.568 Collecting redis==5.0.5 (from -r saga/requirements.txt (line 2))
#14 1.587   Downloading redis-5.0.5-py3-none-any.whl.metadata (9.3 kB)
#14 1.657 Collecting psycopg2-binary==2.9.9 (from -r saga/requirements.txt (line 3))
#14 1.708   Downloading psycopg2_binary-2.9.9-cp312-cp312-manylinux_2_17_aarch64.manylinux2014_aarch64.whl.metadata (4.4 kB)
#14 1.746 Collecting dnspython<3.0.0,>=1.16.0 (from pymongo==4.7.2->-r saga/requirements.txt (line 1))
#14 1.776   Downloading dnspython-2.8.0-py3-none-any.whl.metadata (5.7 kB)
#14 1.800 Downloading pymongo-4.7.2-cp312-cp312-manylinux_2_17_aarch64.manylinux2014_aarch64.whl (688 kB)
#14 2.021    ━━━━━━━━━━━━━━━━━━━━━━━━━━━━━━━━━━━━━━━━ 689.0/689.0 kB 3.7 MB/s eta 0:00:00
#14 2.045 Downloading redis-5.0.5-py3-none-any.whl (251 kB)
#14 2.214 Downloading psycopg2_binary-2.9.9-cp312-cp312-manylinux_2_17_aarch64.manylinux2014_aarch64.whl (2.9 MB)
#14 3.319    ━━━━━━━━━━━━━━━━━━━━━━━━━━━━━━━━━━━━━━━━ 2.9/2.9 MB 2.7 MB/s eta 0:00:00
#14 3.362 Downloading dnspython-2.8.0-py3-none-any.whl (331 kB)
#14 3.500 Installing collected packages: redis, psycopg2-binary, dnspython, pymongo
#14 3.845 Successfully installed dnspython-2.8.0 psycopg2-binary-2.9.9 pymongo-4.7.2 redis-5.0.5
#14 3.846 WARNING: Running pip as the 'root' user can result in broken permissions and conflicting behaviour with the system package manager, possibly rendering your system unusable. It is recommended to use a virtual environment instead: https://pip.pypa.io/warnings/venv. Use the --root-user-action option if you know what you are doing and want to suppress this warning.
#14 4.054 
#14 4.054 [notice] A new release of pip is available: 25.0.1 -> 26.0.1
#14 4.054 [notice] To update, run: pip install --upgrade pip
#14 DONE 4.2s

#15 [saga 5/7] COPY write-api/events.py write-api/
#15 DONE 0.1s

#16 [saga 6/7] COPY saga/ saga/
#16 DONE 0.0s

#17 [saga 7/7] WORKDIR /service/saga
#17 DONE 0.0s

#18 [saga] exporting to image
#18 exporting layers
#18 ...

#19 [consumer 4/5] RUN pip install --no-cache-dir -r requirements.txt
#19 1.519 Collecting pymongo==4.7.2 (from -r requirements.txt (line 1))
#19 1.589   Downloading pymongo-4.7.2-cp312-cp312-manylinux_2_17_aarch64.manylinux2014_aarch64.whl.metadata (22 kB)
#19 1.662 Collecting redis==5.0.5 (from -r requirements.txt (line 2))
#19 1.686   Downloading redis-5.0.5-py3-none-any.whl.metadata (9.3 kB)
#19 1.778 Collecting psycopg2-binary==2.9.9 (from -r requirements.txt (line 3))
#19 1.801   Downloading psycopg2_binary-2.9.9-cp312-cp312-manylinux_2_17_aarch64.manylinux2014_aarch64.whl.metadata (4.4 kB)
#19 1.846 Collecting dnspython<3.0.0,>=1.16.0 (from pymongo==4.7.2->-r requirements.txt (line 1))
#19 1.867   Downloading dnspython-2.8.0-py3-none-any.whl.metadata (5.7 kB)
#19 1.912 Downloading pymongo-4.7.2-cp312-cp312-manylinux_2_17_aarch64.manylinux2014_aarch64.whl (688 kB)
#19 2.813    ━━━━━━━━━━━━━━━━━━━━━━━━━━━━━━━━━━━━━━━ 689.0/689.0 kB 812.5 kB/s eta 0:00:00
#19 2.871 Downloading redis-5.0.5-py3-none-any.whl (251 kB)
#19 3.158 Downloading psycopg2_binary-2.9.9-cp312-cp312-manylinux_2_17_aarch64.manylinux2014_aarch64.whl (2.9 MB)
#19 4.191    ━━━━━━━━━━━━━━━━━━━━━━━━━━━━━━━━━━━━━━━━ 2.9/2.9 MB 3.4 MB/s eta 0:00:00
#19 4.238 Downloading dnspython-2.8.0-py3-none-any.whl (331 kB)
#19 4.316 Installing collected packages: redis, psycopg2-binary, dnspython, pymongo
#19 4.681 Successfully installed dnspython-2.8.0 psycopg2-binary-2.9.9 pymongo-4.7.2 redis-5.0.5
#19 4.681 WARNING: Running pip as the 'root' user can result in broken permissions and conflicting behaviour with the system package manager, possibly rendering your system unusable. It is recommended to use a virtual environment instead: https://pip.pypa.io/warnings/venv. Use the --root-user-action option if you know what you are doing and want to suppress this warning.
#19 4.806 
#19 4.806 [notice] A new release of pip is available: 25.0.1 -> 26.0.1
#19 4.806 [notice] To update, run: pip install --upgrade pip
#19 DONE 4.9s

#18 [saga] exporting to image
#18 exporting layers 0.6s done
#18 ...

#20 [consumer 5/5] COPY . .
#20 DONE 0.0s

#18 [saga] exporting to image
#18 exporting manifest sha256:0aa3fdf09d22817587630e08698cacbefd5f659336d8e60ba258805dbbc5c74d done
#18 exporting config sha256:6a709346a485087d6169957bcee03dcf8024f6dd072ada28b77810c136c6f65c done
#18 exporting attestation manifest sha256:015c5a8fcb14a0fe0a269d3fc49f2a2c04f758f1398772eb364cd9d9f9f4c428 done
#18 exporting manifest list sha256:4a406007830580839f82c4cbfada75b756a42c34047d15d4dcd4e7550d766ab4 0.0s done
#18 naming to docker.io/library/cqrs-saga:latest done
#18 unpacking to docker.io/library/cqrs-saga:latest 0.1s done
#18 DONE 0.8s

#21 [saga] resolving provenance for metadata file
#21 DONE 0.0s

#22 [consumer] exporting to image
#22 exporting layers 0.7s done
#22 exporting manifest sha256:1cf0245b8ff8194911fa9e4f1c8c934856a36289f502a15bdff747e4a71fe097 done
#22 exporting config sha256:20106ad5abaf1c9323578f207b1da038718256f8f0564779c33b794be356e035 done
#22 exporting attestation manifest sha256:7fceaf7ff90890c9d35afdae47fbf73ff7bb568385c26378e7ec915ffa63e68d done
#22 exporting manifest list sha256:e302f7fddaad21de49301352e8464a5103531165de78fbde33c768772c49d3cf done
#22 naming to docker.io/library/cqrs-consumer:latest done
#22 unpacking to docker.io/library/cqrs-consumer:latest
#22 unpacking to docker.io/library/cqrs-consumer:latest 0.2s done
#22 DONE 0.9s

#23 [consumer] resolving provenance for metadata file
#23 DONE 0.0s
 cqrs-saga  Built
 cqrs-consumer  Built
time="2026-04-26T04:22:50+05:30" level=warning msg="/Users/akankshawattamwar/Desktop/CS315/CQRS/docker-compose.yml: the attribute `version` is obsolete, it will be ignored, please remove it to avoid potential confusion"
#1 [internal] load local bake definitions
#1 reading from stdin 2.42kB done
#1 DONE 0.0s

#2 [saga internal] load build definition from Dockerfile
#2 DONE 0.0s

#3 [consumer internal] load build definition from Dockerfile
#3 transferring dockerfile: 186B done
#3 DONE 0.0s

#4 [frontend internal] load build definition from Dockerfile
#4 transferring dockerfile: 271B done
#4 DONE 0.0s

#2 [saga internal] load build definition from Dockerfile
#2 transferring dockerfile: 365B done
#2 DONE 0.0s

#5 [write-api internal] load build definition from Dockerfile
#5 transferring dockerfile: 225B done
#5 DONE 0.0s

#6 [read-api internal] load build definition from Dockerfile
#6 transferring dockerfile: 225B done
#6 DONE 0.0s

#7 [read-api internal] load metadata for docker.io/library/python:3.12-slim
#7 DONE 0.5s

#8 [read-api internal] load .dockerignore
#8 transferring context: 2B done
#8 DONE 0.0s

#9 [consumer internal] load .dockerignore
#9 transferring context: 2B done
#9 DONE 0.0s

#10 [write-api internal] load .dockerignore
#10 transferring context: 2B done
#10 DONE 0.0s

#11 [saga internal] load .dockerignore
#11 transferring context: 2B done
#11 DONE 0.0s

#12 [read-api internal] load build context
#12 transferring context: 258B done
#12 DONE 0.0s

#13 [consumer internal] load build context
#13 transferring context: 308B done
#13 DONE 0.0s

#14 [write-api internal] load build context
#14 transferring context: 341B done
#14 DONE 0.0s

#15 [write-api 1/5] FROM docker.io/library/python:3.12-slim@sha256:46cb7cc2877e60fbd5e21a9ae6115c30ace7a077b9f8772da879e4590c18c2e3
#15 resolve docker.io/library/python:3.12-slim@sha256:46cb7cc2877e60fbd5e21a9ae6115c30ace7a077b9f8772da879e4590c18c2e3 done
#15 DONE 0.0s

#16 [saga internal] load build context
#16 transferring context: 386B done
#16 DONE 0.0s

#17 [write-api 2/5] WORKDIR /app
#17 CACHED

#18 [write-api 3/5] COPY requirements.txt .
#18 CACHED

#19 [write-api 4/5] RUN pip install --no-cache-dir -r requirements.txt
#19 CACHED

#20 [write-api 5/5] COPY . .
#20 CACHED

#21 [consumer 4/5] RUN pip install --no-cache-dir -r requirements.txt
#21 CACHED

#22 [consumer 3/5] COPY requirements.txt .
#22 CACHED

#23 [read-api 4/5] RUN pip install --no-cache-dir -r requirements.txt
#23 CACHED

#17 [read-api 2/5] WORKDIR /app
#17 CACHED

#24 [read-api 3/5] COPY requirements.txt .
#24 CACHED

#25 [read-api 5/5] COPY . .
#25 CACHED

#26 [consumer 5/5] COPY . .
#26 CACHED

#27 [write-api] exporting to image
#27 exporting layers done
#27 exporting manifest sha256:92a21a99b40b6531c5801222236f42d6aa7bbf8b65d7634fc566f9392602e764 done
#27 exporting config sha256:be9fb26fa271ebf0c525960e70f2e967c21bf78a1eb2b7a7dc06e6d3ff4d3f55 done
#27 exporting attestation manifest sha256:a9443e1257e7e7de859dbb213936f67427ea62d0a4556e97c51b86010783ea86 0.0s done
#27 exporting manifest list sha256:0d53842614653382ba0a2a1b672dac510f45406d29ec003ba9d142676101bc5a done
#27 naming to docker.io/library/cqrs-write-api:latest done
#27 unpacking to docker.io/library/cqrs-write-api:latest done
#27 DONE 0.1s

#28 [consumer] exporting to image
#28 exporting layers done
#28 exporting manifest sha256:1cf0245b8ff8194911fa9e4f1c8c934856a36289f502a15bdff747e4a71fe097 done
#28 exporting config sha256:20106ad5abaf1c9323578f207b1da038718256f8f0564779c33b794be356e035 done
#28 exporting attestation manifest sha256:d0ea9367bbd82efa064614aef44fcabd1d7c028a097f7b955cdfd2318915981d 0.0s done
#28 exporting manifest list sha256:71ab5e321ab69f68960a0255ab2ff90bba996bb945cf118b361c72ab3b9b176c done
#28 naming to docker.io/library/cqrs-consumer:latest done
#28 unpacking to docker.io/library/cqrs-consumer:latest done
#28 DONE 0.1s

#29 [read-api] exporting to image
#29 exporting layers done
#29 exporting manifest sha256:c63ee61fb06e4bd063e843362129b868354c2f94e2566ad3c11bbd0548881470 done
#29 exporting config sha256:46bb870cf8127e2823c379c44ac9a3c0d6ee66fd1b3343341206f22ff23f7f62 done
#29 exporting attestation manifest sha256:0c8ad4cd2d6a4b590cb4c809bbe49b0c0a69053ead0e02411bface60bf56f51e 0.0s done
#29 exporting manifest list sha256:8529c1efcfa389a25ecc2aee53c9fef908d12803c8ae58f7292aa16c59bfa6f8 done
#29 naming to docker.io/library/cqrs-read-api:latest done
#29 unpacking to docker.io/library/cqrs-read-api:latest done
#29 DONE 0.1s

#30 [saga 2/7] WORKDIR /service
#30 CACHED

#31 [saga 5/7] COPY write-api/events.py write-api/
#31 CACHED

#32 [saga 6/7] COPY saga/ saga/
#32 CACHED

#33 [saga 3/7] COPY saga/requirements.txt saga/
#33 CACHED

#34 [saga 4/7] RUN pip install --no-cache-dir -r saga/requirements.txt
#34 CACHED

#35 [saga 7/7] WORKDIR /service/saga
#35 CACHED

#36 [saga] exporting to image
#36 exporting layers done
#36 exporting manifest sha256:0aa3fdf09d22817587630e08698cacbefd5f659336d8e60ba258805dbbc5c74d done
#36 exporting config sha256:6a709346a485087d6169957bcee03dcf8024f6dd072ada28b77810c136c6f65c done
#36 exporting attestation manifest sha256:4b2994b66f523e546e73222475febc88826bacc114361f3a947af41593968119 0.0s done
#36 exporting manifest list sha256:85de5d5a49feb55e9b4fcebde8355093938ffd443c368b062d40a953732e6090
#36 exporting manifest list sha256:85de5d5a49feb55e9b4fcebde8355093938ffd443c368b062d40a953732e6090 done
#36 naming to docker.io/library/cqrs-saga:latest done
#36 unpacking to docker.io/library/cqrs-saga:latest 0.0s done
#36 DONE 0.1s

#37 [write-api] resolving provenance for metadata file
#37 DONE 0.0s

#38 [consumer] resolving provenance for metadata file
#38 DONE 0.0s

#39 [read-api] resolving provenance for metadata file
#39 DONE 0.0s

#40 [saga] resolving provenance for metadata file
#40 DONE 0.0s

#41 [frontend internal] load metadata for docker.io/library/node:20-alpine
#41 DONE 1.3s

#42 [frontend internal] load metadata for docker.io/library/nginx:alpine
#42 DONE 1.8s

#43 [frontend internal] load .dockerignore
#43 transferring context: 2B done
#43 DONE 0.0s

#44 [frontend build 1/6] FROM docker.io/library/node:20-alpine@sha256:fb4cd12c85ee03686f6af5362a0b0d56d50c58a04632e6c0fb8363f609372293
#44 resolve docker.io/library/node:20-alpine@sha256:fb4cd12c85ee03686f6af5362a0b0d56d50c58a04632e6c0fb8363f609372293 0.0s done
#44 DONE 0.0s

#45 [frontend stage-1 1/3] FROM docker.io/library/nginx:alpine@sha256:5616878291a2eed594aee8db4dade5878cf7edcb475e59193904b198d9b830de
#45 resolve docker.io/library/nginx:alpine@sha256:5616878291a2eed594aee8db4dade5878cf7edcb475e59193904b198d9b830de 0.0s done
#45 DONE 0.0s

#46 [frontend internal] load build context
#46 transferring context: 185.58kB 0.1s done
#46 DONE 0.1s

#47 [frontend build 4/6] RUN npm install
#47 CACHED

#48 [frontend build 6/6] RUN npm run build
#48 CACHED

#49 [frontend build 2/6] WORKDIR /app
#49 CACHED

#50 [frontend stage-1 2/3] COPY --from=build /app/dist /usr/share/nginx/html
#50 CACHED

#51 [frontend build 5/6] COPY . .
#51 CACHED

#52 [frontend build 3/6] COPY package.json ./
#52 CACHED

#53 [frontend stage-1 3/3] COPY nginx.conf /etc/nginx/conf.d/default.conf
#53 CACHED

#54 [frontend] exporting to image
#54 exporting layers done
#54 exporting manifest sha256:32782dd8e2053c61118ccbb621867087941de406675097f92803716fedafab00 done
#54 exporting config sha256:64d46ad231b32d64275256ac207db88e0b5dd078678dcdc752d464f80305d609 done
#54 exporting attestation manifest sha256:2ba5f00acdcfd729cbe57baf4a1f098ef1f5eb33a2ffa43f5e835d409ba48568 done
#54 exporting manifest list sha256:2f1e166a612d9fa438067e9edb61e547353cbce42d01f6ee09df128b1e5c9a2c done
#54 naming to docker.io/library/cqrs-frontend:latest done
#54 unpacking to docker.io/library/cqrs-frontend:latest done
#54 DONE 0.1s

#55 [frontend] resolving provenance for metadata file
#55 DONE 0.0s
 cqrs-saga  Built
 cqrs-frontend  Built
 cqrs-write-api  Built
 cqrs-consumer  Built
 cqrs-read-api  Built
 Network cqrs_default  Creating
 Network cqrs_default  Created
 Volume "cqrs_mongo_data"  Creating
 Volume "cqrs_mongo_data"  Created
 Volume "cqrs_postgres_data"  Creating
 Volume "cqrs_postgres_data"  Created
 Container cqrs-postgres-1  Creating
 Container cqrs-mongodb-1  Creating
 Container cqrs-redis-cache-1  Creating
 Container cqrs-redis-stream-1  Creating
 Container cqrs-postgres-1  Created
 Container cqrs-redis-cache-1  Created
 Container cqrs-read-api-1  Creating
 Container cqrs-redis-stream-1  Created
 Container cqrs-mongodb-1  Created
 Container cqrs-write-api-1  Creating
 Container cqrs-consumer-1  Creating
 Container cqrs-saga-1  Creating
 Container cqrs-read-api-1  Created
 Container cqrs-frontend-1  Creating
 Container cqrs-write-api-1  Created
 Container cqrs-consumer-1  Created
 Container cqrs-saga-1  Created
 Container cqrs-frontend-1  Created
 Container cqrs-redis-stream-1  Starting
 Container cqrs-postgres-1  Starting
 Container cqrs-redis-cache-1  Starting
 Container cqrs-mongodb-1  Starting
 Container cqrs-redis-cache-1  Started
 Container cqrs-mongodb-1  Started
 Container cqrs-redis-stream-1  Started
 Container cqrs-mongodb-1  Waiting
 Container cqrs-redis-stream-1  Waiting
 Container cqrs-redis-cache-1  Waiting
 Container cqrs-postgres-1  Started
 Container cqrs-postgres-1  Waiting
 Container cqrs-redis-cache-1  Waiting
 Container cqrs-postgres-1  Waiting
 Container cqrs-mongodb-1  Waiting
 Container cqrs-redis-stream-1  Waiting
 Container cqrs-mongodb-1  Waiting
 Container cqrs-redis-stream-1  Waiting
 Container cqrs-postgres-1  Waiting
 Container cqrs-redis-cache-1  Healthy
 Container cqrs-redis-stream-1  Healthy
 Container cqrs-postgres-1  Healthy
 Container cqrs-redis-cache-1  Healthy
 Container cqrs-redis-stream-1  Healthy
 Container cqrs-postgres-1  Healthy
 Container cqrs-postgres-1  Healthy
 Container cqrs-read-api-1  Starting
 Container cqrs-redis-stream-1  Healthy
 Container cqrs-read-api-1  Started
 Container cqrs-frontend-1  Starting
 Container cqrs-frontend-1  Started
 Container cqrs-mongodb-1  Healthy
 Container cqrs-write-api-1  Starting
 Container cqrs-mongodb-1  Healthy
 Container cqrs-consumer-1  Starting
 Container cqrs-mongodb-1  Healthy
 Container cqrs-saga-1  Starting
 Container cqrs-saga-1  Started
 Container cqrs-write-api-1  Started
 Container cqrs-consumer-1  Started
Waiting for APIs to be ready...
Clearing MongoDB events and sagas...
time="2026-04-26T04:23:05+05:30" level=warning msg="/Users/akankshawattamwar/Desktop/CS315/CQRS/docker-compose.yml: the attribute `version` is obsolete, it will be ignored, please remove it to avoid potential confusion"
MongoDB cleared
All services up.
Logs: docker compose logs -f [write-api|read-api|consumer|saga]

[1m=======================================================[0m
[1m  EVENTUAL CONSISTENCY DEMO — 1000 orders[0m
[1m=======================================================[0m

  Write path:  Write API → MongoDB → Redis Stream
  Read path:   Consumer → PostgreSQL ← Read API
  Cache:       DISABLED (DISABLE_CACHE set)

[96mOrder 1/1000:[0m
  [     10ms]  [91mstale[0m    (poll #1)  order=f51de468
  [     70ms]  [92mVISIBLE[0m  (poll #2, X-Cache: MISS)  order=f51de468

[96mOrder 2/1000:[0m
  [      4ms]  [91mstale[0m    (poll #1)  order=68abe04f
  [     64ms]  [92mVISIBLE[0m  (poll #2, X-Cache: MISS)  order=68abe04f

[96mOrder 3/1000:[0m
  [      6ms]  [91mstale[0m    (poll #1)  order=efee2055
  [     68ms]  [92mVISIBLE[0m  (poll #2, X-Cache: MISS)  order=efee2055

[96mOrder 4/1000:[0m
  [      4ms]  [91mstale[0m    (poll #1)  order=9e804fbf
  [     62ms]  [92mVISIBLE[0m  (poll #2, X-Cache: MISS)  order=9e804fbf

[96mOrder 5/1000:[0m
  [      4ms]  [91mstale[0m    (poll #1)  order=b950c7b6
  [     60ms]  [92mVISIBLE[0m  (poll #2, X-Cache: MISS)  order=b950c7b6

[96mOrder 6/1000:[0m
  [      4ms]  [91mstale[0m    (poll #1)  order=7b7b263e
  [     64ms]  [92mVISIBLE[0m  (poll #2, X-Cache: MISS)  order=7b7b263e

[96mOrder 7/1000:[0m
  [      4ms]  [91mstale[0m    (poll #1)  order=ce25ea07
  [     65ms]  [92mVISIBLE[0m  (poll #2, X-Cache: MISS)  order=ce25ea07

[96mOrder 8/1000:[0m
  [      4ms]  [91mstale[0m    (poll #1)  order=bf35ad2e
  [     64ms]  [92mVISIBLE[0m  (poll #2, X-Cache: MISS)  order=bf35ad2e

[96mOrder 9/1000:[0m
  [      4ms]  [91mstale[0m    (poll #1)  order=17190d70
  [     63ms]  [92mVISIBLE[0m  (poll #2, X-Cache: MISS)  order=17190d70

[96mOrder 10/1000:[0m
  [      5ms]  [91mstale[0m    (poll #1)  order=06bb4f08
  [     66ms]  [92mVISIBLE[0m  (poll #2, X-Cache: MISS)  order=06bb4f08

[96mOrder 11/1000:[0m
  [      3ms]  [91mstale[0m    (poll #1)  order=d57bd3c0
  [     63ms]  [92mVISIBLE[0m  (poll #2, X-Cache: MISS)  order=d57bd3c0

[96mOrder 12/1000:[0m
  [      3ms]  [91mstale[0m    (poll #1)  order=588f9fb9
  [     59ms]  [92mVISIBLE[0m  (poll #2, X-Cache: MISS)  order=588f9fb9

[96mOrder 13/1000:[0m
  [      3ms]  [91mstale[0m    (poll #1)  order=3837d5dc
  [     63ms]  [92mVISIBLE[0m  (poll #2, X-Cache: MISS)  order=3837d5dc

[96mOrder 14/1000:[0m
  [      4ms]  [91mstale[0m    (poll #1)  order=184ac1ca
  [     62ms]  [92mVISIBLE[0m  (poll #2, X-Cache: MISS)  order=184ac1ca

[96mOrder 15/1000:[0m
  [      4ms]  [91mstale[0m    (poll #1)  order=e31fbba0
  [     65ms]  [92mVISIBLE[0m  (poll #2, X-Cache: MISS)  order=e31fbba0

[96mOrder 16/1000:[0m
  [      4ms]  [91mstale[0m    (poll #1)  order=fdc957c9
  [     61ms]  [92mVISIBLE[0m  (poll #2, X-Cache: MISS)  order=fdc957c9

[96mOrder 17/1000:[0m
  [      4ms]  [91mstale[0m    (poll #1)  order=6b376eb6
  [     63ms]  [92mVISIBLE[0m  (poll #2, X-Cache: MISS)  order=6b376eb6

[96mOrder 18/1000:[0m
  [      4ms]  [91mstale[0m    (poll #1)  order=6257985d
  [     66ms]  [92mVISIBLE[0m  (poll #2, X-Cache: MISS)  order=6257985d

[96mOrder 19/1000:[0m
  [      4ms]  [91mstale[0m    (poll #1)  order=f36b9927
  [     61ms]  [92mVISIBLE[0m  (poll #2, X-Cache: MISS)  order=f36b9927

[96mOrder 20/1000:[0m
  [     11ms]  [91mstale[0m    (poll #1)  order=b82cb7b5
  [     72ms]  [92mVISIBLE[0m  (poll #2, X-Cache: MISS)  order=b82cb7b5

[96mOrder 21/1000:[0m
  [      4ms]  [91mstale[0m    (poll #1)  order=3acf7ed4
  [     62ms]  [92mVISIBLE[0m  (poll #2, X-Cache: MISS)  order=3acf7ed4

[96mOrder 22/1000:[0m
  [      3ms]  [91mstale[0m    (poll #1)  order=2db47868
  [     62ms]  [92mVISIBLE[0m  (poll #2, X-Cache: MISS)  order=2db47868

[96mOrder 23/1000:[0m
  [      3ms]  [91mstale[0m    (poll #1)  order=6757c3ce
  [     63ms]  [92mVISIBLE[0m  (poll #2, X-Cache: MISS)  order=6757c3ce

[96mOrder 24/1000:[0m
  [      3ms]  [91mstale[0m    (poll #1)  order=626f3731
  [     60ms]  [92mVISIBLE[0m  (poll #2, X-Cache: MISS)  order=626f3731

[96mOrder 25/1000:[0m
  [      4ms]  [91mstale[0m    (poll #1)  order=832dd6e0
  [     64ms]  [92mVISIBLE[0m  (poll #2, X-Cache: MISS)  order=832dd6e0

[96mOrder 26/1000:[0m
  [      4ms]  [91mstale[0m    (poll #1)  order=df9f9029
  [     65ms]  [92mVISIBLE[0m  (poll #2, X-Cache: MISS)  order=df9f9029

[96mOrder 27/1000:[0m
  [      7ms]  [91mstale[0m    (poll #1)  order=42d4c0ca
  [     68ms]  [92mVISIBLE[0m  (poll #2, X-Cache: MISS)  order=42d4c0ca

[96mOrder 28/1000:[0m
  [      4ms]  [91mstale[0m    (poll #1)  order=6c934f1e
  [     65ms]  [92mVISIBLE[0m  (poll #2, X-Cache: MISS)  order=6c934f1e

[96mOrder 29/1000:[0m
  [      4ms]  [91mstale[0m    (poll #1)  order=48b6f1c3
  [     64ms]  [92mVISIBLE[0m  (poll #2, X-Cache: MISS)  order=48b6f1c3

[96mOrder 30/1000:[0m
  [      4ms]  [91mstale[0m    (poll #1)  order=c6167ae6
  [     65ms]  [92mVISIBLE[0m  (poll #2, X-Cache: MISS)  order=c6167ae6

[96mOrder 31/1000:[0m
  [      5ms]  [91mstale[0m    (poll #1)  order=9875b28d
  [     66ms]  [92mVISIBLE[0m  (poll #2, X-Cache: MISS)  order=9875b28d

[96mOrder 32/1000:[0m
  [      4ms]  [91mstale[0m    (poll #1)  order=21e7304d
  [     62ms]  [92mVISIBLE[0m  (poll #2, X-Cache: MISS)  order=21e7304d

[96mOrder 33/1000:[0m
  [      4ms]  [91mstale[0m    (poll #1)  order=399891e6
  [     64ms]  [92mVISIBLE[0m  (poll #2, X-Cache: MISS)  order=399891e6

[96mOrder 34/1000:[0m
  [      4ms]  [91mstale[0m    (poll #1)  order=97fc811b
  [     64ms]  [92mVISIBLE[0m  (poll #2, X-Cache: MISS)  order=97fc811b

[96mOrder 35/1000:[0m
  [      3ms]  [91mstale[0m    (poll #1)  order=3771ac11
  [     60ms]  [92mVISIBLE[0m  (poll #2, X-Cache: MISS)  order=3771ac11

[96mOrder 36/1000:[0m
  [      3ms]  [91mstale[0m    (poll #1)  order=bca05406
  [     66ms]  [92mVISIBLE[0m  (poll #2, X-Cache: MISS)  order=bca05406

[96mOrder 37/1000:[0m
  [      4ms]  [91mstale[0m    (poll #1)  order=a59bc398
  [     63ms]  [92mVISIBLE[0m  (poll #2, X-Cache: MISS)  order=a59bc398

[96mOrder 38/1000:[0m
  [      4ms]  [91mstale[0m    (poll #1)  order=6fb5935e
  [     64ms]  [92mVISIBLE[0m  (poll #2, X-Cache: MISS)  order=6fb5935e

[96mOrder 39/1000:[0m
  [      4ms]  [91mstale[0m    (poll #1)  order=36a4486e
  [     63ms]  [92mVISIBLE[0m  (poll #2, X-Cache: MISS)  order=36a4486e

[96mOrder 40/1000:[0m
  [      4ms]  [91mstale[0m    (poll #1)  order=c367ed3e
  [     64ms]  [92mVISIBLE[0m  (poll #2, X-Cache: MISS)  order=c367ed3e

[96mOrder 41/1000:[0m
  [      4ms]  [91mstale[0m    (poll #1)  order=508fb8d6
  [     62ms]  [92mVISIBLE[0m  (poll #2, X-Cache: MISS)  order=508fb8d6

[96mOrder 42/1000:[0m
  [      4ms]  [91mstale[0m    (poll #1)  order=c627d716
  [     64ms]  [92mVISIBLE[0m  (poll #2, X-Cache: MISS)  order=c627d716

[96mOrder 43/1000:[0m
  [      4ms]  [91mstale[0m    (poll #1)  order=093cfd17
  [     63ms]  [92mVISIBLE[0m  (poll #2, X-Cache: MISS)  order=093cfd17

[96mOrder 44/1000:[0m
  [      4ms]  [91mstale[0m    (poll #1)  order=c821e2d3
  [     62ms]  [92mVISIBLE[0m  (poll #2, X-Cache: MISS)  order=c821e2d3

[96mOrder 45/1000:[0m
  [      4ms]  [91mstale[0m    (poll #1)  order=5e6c53aa
  [     62ms]  [92mVISIBLE[0m  (poll #2, X-Cache: MISS)  order=5e6c53aa

[96mOrder 46/1000:[0m
  [      4ms]  [91mstale[0m    (poll #1)  order=1d7bc98a
  [     64ms]  [92mVISIBLE[0m  (poll #2, X-Cache: MISS)  order=1d7bc98a

[96mOrder 47/1000:[0m
  [      4ms]  [91mstale[0m    (poll #1)  order=d395ddaa
  [     64ms]  [92mVISIBLE[0m  (poll #2, X-Cache: MISS)  order=d395ddaa

[96mOrder 48/1000:[0m
  [      4ms]  [91mstale[0m    (poll #1)  order=154950b1
  [     60ms]  [92mVISIBLE[0m  (poll #2, X-Cache: MISS)  order=154950b1

[96mOrder 49/1000:[0m
  [      4ms]  [91mstale[0m    (poll #1)  order=0c587395
  [     61ms]  [92mVISIBLE[0m  (poll #2, X-Cache: MISS)  order=0c587395

[96mOrder 50/1000:[0m
  [      5ms]  [91mstale[0m    (poll #1)  order=6ebe198e
  [     66ms]  [92mVISIBLE[0m  (poll #2, X-Cache: MISS)  order=6ebe198e

[96mOrder 51/1000:[0m
  [      4ms]  [91mstale[0m    (poll #1)  order=1c9f9565
  [     65ms]  [92mVISIBLE[0m  (poll #2, X-Cache: MISS)  order=1c9f9565

[96mOrder 52/1000:[0m
  [      5ms]  [91mstale[0m    (poll #1)  order=22a5c0fe
  [     63ms]  [92mVISIBLE[0m  (poll #2, X-Cache: MISS)  order=22a5c0fe

[96mOrder 53/1000:[0m
  [      4ms]  [91mstale[0m    (poll #1)  order=6fed0d0d
  [     60ms]  [92mVISIBLE[0m  (poll #2, X-Cache: MISS)  order=6fed0d0d

[96mOrder 54/1000:[0m
  [      4ms]  [91mstale[0m    (poll #1)  order=8cd05351
  [     65ms]  [92mVISIBLE[0m  (poll #2, X-Cache: MISS)  order=8cd05351

[96mOrder 55/1000:[0m
  [      4ms]  [91mstale[0m    (poll #1)  order=639934cb
  [     67ms]  [92mVISIBLE[0m  (poll #2, X-Cache: MISS)  order=639934cb

[96mOrder 56/1000:[0m
  [      4ms]  [91mstale[0m    (poll #1)  order=66529d5a
  [     64ms]  [92mVISIBLE[0m  (poll #2, X-Cache: MISS)  order=66529d5a

[96mOrder 57/1000:[0m
  [      4ms]  [91mstale[0m    (poll #1)  order=50f9ba40
  [     61ms]  [92mVISIBLE[0m  (poll #2, X-Cache: MISS)  order=50f9ba40

[96mOrder 58/1000:[0m
  [      4ms]  [91mstale[0m    (poll #1)  order=10c1f636
  [     64ms]  [92mVISIBLE[0m  (poll #2, X-Cache: MISS)  order=10c1f636

[96mOrder 59/1000:[0m
  [      4ms]  [91mstale[0m    (poll #1)  order=56e0ea71
  [     61ms]  [92mVISIBLE[0m  (poll #2, X-Cache: MISS)  order=56e0ea71

[96mOrder 60/1000:[0m
  [      4ms]  [91mstale[0m    (poll #1)  order=65466500
  [     60ms]  [92mVISIBLE[0m  (poll #2, X-Cache: MISS)  order=65466500

[96mOrder 61/1000:[0m
  [      4ms]  [91mstale[0m    (poll #1)  order=92096359
  [     63ms]  [92mVISIBLE[0m  (poll #2, X-Cache: MISS)  order=92096359

[96mOrder 62/1000:[0m
  [      4ms]  [91mstale[0m    (poll #1)  order=a0215e52
  [     61ms]  [92mVISIBLE[0m  (poll #2, X-Cache: MISS)  order=a0215e52

[96mOrder 63/1000:[0m
  [      4ms]  [91mstale[0m    (poll #1)  order=5517e8a5
  [     60ms]  [92mVISIBLE[0m  (poll #2, X-Cache: MISS)  order=5517e8a5

[96mOrder 64/1000:[0m
  [      6ms]  [91mstale[0m    (poll #1)  order=9930d034
  [     64ms]  [92mVISIBLE[0m  (poll #2, X-Cache: MISS)  order=9930d034

[96mOrder 65/1000:[0m
  [      4ms]  [91mstale[0m    (poll #1)  order=ad4575d0
  [     62ms]  [92mVISIBLE[0m  (poll #2, X-Cache: MISS)  order=ad4575d0

[96mOrder 66/1000:[0m
  [      4ms]  [91mstale[0m    (poll #1)  order=9470f2cb
  [     64ms]  [92mVISIBLE[0m  (poll #2, X-Cache: MISS)  order=9470f2cb

[96mOrder 67/1000:[0m
  [      4ms]  [91mstale[0m    (poll #1)  order=90f2c9dc
  [     62ms]  [92mVISIBLE[0m  (poll #2, X-Cache: MISS)  order=90f2c9dc

[96mOrder 68/1000:[0m
  [      4ms]  [91mstale[0m    (poll #1)  order=b6763eb2
  [     63ms]  [92mVISIBLE[0m  (poll #2, X-Cache: MISS)  order=b6763eb2

[96mOrder 69/1000:[0m
  [      4ms]  [91mstale[0m    (poll #1)  order=2b6e0f4d
  [     62ms]  [92mVISIBLE[0m  (poll #2, X-Cache: MISS)  order=2b6e0f4d

[96mOrder 70/1000:[0m
  [      4ms]  [91mstale[0m    (poll #1)  order=5c1c63da
  [     61ms]  [92mVISIBLE[0m  (poll #2, X-Cache: MISS)  order=5c1c63da

[96mOrder 71/1000:[0m
  [      4ms]  [91mstale[0m    (poll #1)  order=de0b9796
  [     64ms]  [92mVISIBLE[0m  (poll #2, X-Cache: MISS)  order=de0b9796

[96mOrder 72/1000:[0m
  [      4ms]  [91mstale[0m    (poll #1)  order=f6762ece
  [     61ms]  [92mVISIBLE[0m  (poll #2, X-Cache: MISS)  order=f6762ece

[96mOrder 73/1000:[0m
  [      4ms]  [91mstale[0m    (poll #1)  order=b8d93cf2
  [     61ms]  [92mVISIBLE[0m  (poll #2, X-Cache: MISS)  order=b8d93cf2

[96mOrder 74/1000:[0m
  [      5ms]  [91mstale[0m    (poll #1)  order=17dddd9d
  [     65ms]  [92mVISIBLE[0m  (poll #2, X-Cache: MISS)  order=17dddd9d

[96mOrder 75/1000:[0m
  [      4ms]  [91mstale[0m    (poll #1)  order=74743cb6
  [     65ms]  [92mVISIBLE[0m  (poll #2, X-Cache: MISS)  order=74743cb6

[96mOrder 76/1000:[0m
  [      4ms]  [91mstale[0m    (poll #1)  order=b08cb0f7
  [     61ms]  [92mVISIBLE[0m  (poll #2, X-Cache: MISS)  order=b08cb0f7

[96mOrder 77/1000:[0m
  [      4ms]  [91mstale[0m    (poll #1)  order=525744a4
  [     71ms]  [92mVISIBLE[0m  (poll #2, X-Cache: MISS)  order=525744a4

[96mOrder 78/1000:[0m
  [      4ms]  [91mstale[0m    (poll #1)  order=02bf53f3
  [     61ms]  [92mVISIBLE[0m  (poll #2, X-Cache: MISS)  order=02bf53f3

[96mOrder 79/1000:[0m
  [      3ms]  [91mstale[0m    (poll #1)  order=8a11c95a
  [     60ms]  [92mVISIBLE[0m  (poll #2, X-Cache: MISS)  order=8a11c95a

[96mOrder 80/1000:[0m
  [      4ms]  [91mstale[0m    (poll #1)  order=cf1df57d
  [     61ms]  [92mVISIBLE[0m  (poll #2, X-Cache: MISS)  order=cf1df57d

[96mOrder 81/1000:[0m
  [      4ms]  [91mstale[0m    (poll #1)  order=9a59922d
  [     65ms]  [92mVISIBLE[0m  (poll #2, X-Cache: MISS)  order=9a59922d

[96mOrder 82/1000:[0m
  [      4ms]  [91mstale[0m    (poll #1)  order=9a6cd0e4
  [     64ms]  [92mVISIBLE[0m  (poll #2, X-Cache: MISS)  order=9a6cd0e4

[96mOrder 83/1000:[0m
  [      4ms]  [91mstale[0m    (poll #1)  order=f53f29ce
  [     67ms]  [92mVISIBLE[0m  (poll #2, X-Cache: MISS)  order=f53f29ce

[96mOrder 84/1000:[0m
  [      6ms]  [91mstale[0m    (poll #1)  order=87d9f983
  [     67ms]  [92mVISIBLE[0m  (poll #2, X-Cache: MISS)  order=87d9f983

[96mOrder 85/1000:[0m
  [      4ms]  [91mstale[0m    (poll #1)  order=355e893f
  [     65ms]  [92mVISIBLE[0m  (poll #2, X-Cache: MISS)  order=355e893f

[96mOrder 86/1000:[0m
  [      4ms]  [91mstale[0m    (poll #1)  order=b9bc8fcb
  [     63ms]  [92mVISIBLE[0m  (poll #2, X-Cache: MISS)  order=b9bc8fcb

[96mOrder 87/1000:[0m
  [      4ms]  [91mstale[0m    (poll #1)  order=3b6d8bfd
  [     65ms]  [92mVISIBLE[0m  (poll #2, X-Cache: MISS)  order=3b6d8bfd

[96mOrder 88/1000:[0m
  [      4ms]  [91mstale[0m    (poll #1)  order=1da150f0
  [     65ms]  [92mVISIBLE[0m  (poll #2, X-Cache: MISS)  order=1da150f0

[96mOrder 89/1000:[0m
  [      4ms]  [91mstale[0m    (poll #1)  order=0b195598
  [     64ms]  [92mVISIBLE[0m  (poll #2, X-Cache: MISS)  order=0b195598

[96mOrder 90/1000:[0m
  [      4ms]  [91mstale[0m    (poll #1)  order=d66fbfcb
  [     63ms]  [92mVISIBLE[0m  (poll #2, X-Cache: MISS)  order=d66fbfcb

[96mOrder 91/1000:[0m
  [      4ms]  [91mstale[0m    (poll #1)  order=db5386e3
  [     62ms]  [92mVISIBLE[0m  (poll #2, X-Cache: MISS)  order=db5386e3

[96mOrder 92/1000:[0m
  [      4ms]  [91mstale[0m    (poll #1)  order=8e3cd3a0
  [     63ms]  [92mVISIBLE[0m  (poll #2, X-Cache: MISS)  order=8e3cd3a0

[96mOrder 93/1000:[0m
  [      4ms]  [91mstale[0m    (poll #1)  order=686bfb51
  [     65ms]  [92mVISIBLE[0m  (poll #2, X-Cache: MISS)  order=686bfb51

[96mOrder 94/1000:[0m
  [      4ms]  [91mstale[0m    (poll #1)  order=b545c16a
  [     62ms]  [92mVISIBLE[0m  (poll #2, X-Cache: MISS)  order=b545c16a

[96mOrder 95/1000:[0m
  [      4ms]  [91mstale[0m    (poll #1)  order=90361ed4
  [     65ms]  [92mVISIBLE[0m  (poll #2, X-Cache: MISS)  order=90361ed4

[96mOrder 96/1000:[0m
  [      4ms]  [91mstale[0m    (poll #1)  order=3f0779cd
  [     65ms]  [92mVISIBLE[0m  (poll #2, X-Cache: MISS)  order=3f0779cd

[96mOrder 97/1000:[0m
  [      5ms]  [91mstale[0m    (poll #1)  order=6c4e358a
  [     64ms]  [92mVISIBLE[0m  (poll #2, X-Cache: MISS)  order=6c4e358a

[96mOrder 98/1000:[0m
  [      4ms]  [91mstale[0m    (poll #1)  order=ddcdffa6
  [     65ms]  [92mVISIBLE[0m  (poll #2, X-Cache: MISS)  order=ddcdffa6

[96mOrder 99/1000:[0m
  [      4ms]  [91mstale[0m    (poll #1)  order=13d4cb02
  [     65ms]  [92mVISIBLE[0m  (poll #2, X-Cache: MISS)  order=13d4cb02

[96mOrder 100/1000:[0m
  [      4ms]  [91mstale[0m    (poll #1)  order=35868f8d
  [     61ms]  [92mVISIBLE[0m  (poll #2, X-Cache: MISS)  order=35868f8d

[96mOrder 101/1000:[0m
  [      4ms]  [91mstale[0m    (poll #1)  order=b57f60c6
  [     65ms]  [92mVISIBLE[0m  (poll #2, X-Cache: MISS)  order=b57f60c6

[96mOrder 102/1000:[0m
  [      4ms]  [91mstale[0m    (poll #1)  order=c7cc8be4
  [     65ms]  [92mVISIBLE[0m  (poll #2, X-Cache: MISS)  order=c7cc8be4

[96mOrder 103/1000:[0m
  [      5ms]  [91mstale[0m    (poll #1)  order=d1fb950f
  [     61ms]  [92mVISIBLE[0m  (poll #2, X-Cache: MISS)  order=d1fb950f

[96mOrder 104/1000:[0m
  [      4ms]  [91mstale[0m    (poll #1)  order=e47babfb
  [     61ms]  [92mVISIBLE[0m  (poll #2, X-Cache: MISS)  order=e47babfb

[96mOrder 105/1000:[0m
  [      4ms]  [91mstale[0m    (poll #1)  order=abc12fdb
  [     64ms]  [92mVISIBLE[0m  (poll #2, X-Cache: MISS)  order=abc12fdb

[96mOrder 106/1000:[0m
  [      9ms]  [92mVISIBLE[0m  (poll #1, X-Cache: MISS)  order=007e5a66

[96mOrder 107/1000:[0m
  [      6ms]  [91mstale[0m    (poll #1)  order=f60f8cbd
  [     66ms]  [92mVISIBLE[0m  (poll #2, X-Cache: MISS)  order=f60f8cbd

[96mOrder 108/1000:[0m
  [      4ms]  [91mstale[0m    (poll #1)  order=74478ba9
  [     61ms]  [92mVISIBLE[0m  (poll #2, X-Cache: MISS)  order=74478ba9

[96mOrder 109/1000:[0m
  [      4ms]  [91mstale[0m    (poll #1)  order=a12b2b8e
  [     63ms]  [92mVISIBLE[0m  (poll #2, X-Cache: MISS)  order=a12b2b8e

[96mOrder 110/1000:[0m
  [      6ms]  [91mstale[0m    (poll #1)  order=143d9693
  [     68ms]  [92mVISIBLE[0m  (poll #2, X-Cache: MISS)  order=143d9693

[96mOrder 111/1000:[0m
  [      3ms]  [91mstale[0m    (poll #1)  order=e2396462
  [     61ms]  [92mVISIBLE[0m  (poll #2, X-Cache: MISS)  order=e2396462

[96mOrder 112/1000:[0m
  [      4ms]  [91mstale[0m    (poll #1)  order=c9437a5f
  [     59ms]  [92mVISIBLE[0m  (poll #2, X-Cache: MISS)  order=c9437a5f

[96mOrder 113/1000:[0m
  [      4ms]  [91mstale[0m    (poll #1)  order=50977a3b
  [     60ms]  [92mVISIBLE[0m  (poll #2, X-Cache: MISS)  order=50977a3b

[96mOrder 114/1000:[0m
  [      4ms]  [91mstale[0m    (poll #1)  order=044ba2ca
  [     64ms]  [92mVISIBLE[0m  (poll #2, X-Cache: MISS)  order=044ba2ca

[96mOrder 115/1000:[0m
  [      4ms]  [91mstale[0m    (poll #1)  order=91fad473
  [     65ms]  [92mVISIBLE[0m  (poll #2, X-Cache: MISS)  order=91fad473

[96mOrder 116/1000:[0m
  [      3ms]  [91mstale[0m    (poll #1)  order=b52025b3
  [     57ms]  [92mVISIBLE[0m  (poll #2, X-Cache: MISS)  order=b52025b3

[96mOrder 117/1000:[0m
  [      3ms]  [91mstale[0m    (poll #1)  order=f47fa669
  [     63ms]  [92mVISIBLE[0m  (poll #2, X-Cache: MISS)  order=f47fa669

[96mOrder 118/1000:[0m
  [      4ms]  [91mstale[0m    (poll #1)  order=fbc0eddb
  [     65ms]  [92mVISIBLE[0m  (poll #2, X-Cache: MISS)  order=fbc0eddb

[96mOrder 119/1000:[0m
  [      3ms]  [91mstale[0m    (poll #1)  order=f24e9044
  [     58ms]  [92mVISIBLE[0m  (poll #2, X-Cache: MISS)  order=f24e9044

[96mOrder 120/1000:[0m
  [      3ms]  [91mstale[0m    (poll #1)  order=60e0f8bc
  [     59ms]  [92mVISIBLE[0m  (poll #2, X-Cache: MISS)  order=60e0f8bc

[96mOrder 121/1000:[0m
  [      4ms]  [91mstale[0m    (poll #1)  order=2dcb2e73
  [     61ms]  [92mVISIBLE[0m  (poll #2, X-Cache: MISS)  order=2dcb2e73

[96mOrder 122/1000:[0m
  [      3ms]  [91mstale[0m    (poll #1)  order=2e1bef3e
  [     59ms]  [92mVISIBLE[0m  (poll #2, X-Cache: MISS)  order=2e1bef3e

[96mOrder 123/1000:[0m
  [      4ms]  [91mstale[0m    (poll #1)  order=a9abe025
  [     60ms]  [92mVISIBLE[0m  (poll #2, X-Cache: MISS)  order=a9abe025

[96mOrder 124/1000:[0m
  [      4ms]  [91mstale[0m    (poll #1)  order=8c925b69
  [     59ms]  [92mVISIBLE[0m  (poll #2, X-Cache: MISS)  order=8c925b69

[96mOrder 125/1000:[0m
  [      4ms]  [91mstale[0m    (poll #1)  order=046e3bc7
  [     64ms]  [92mVISIBLE[0m  (poll #2, X-Cache: MISS)  order=046e3bc7

[96mOrder 126/1000:[0m
  [      3ms]  [91mstale[0m    (poll #1)  order=752abe9c
  [     62ms]  [92mVISIBLE[0m  (poll #2, X-Cache: MISS)  order=752abe9c

[96mOrder 127/1000:[0m
  [      4ms]  [91mstale[0m    (poll #1)  order=10f5cef5
  [     61ms]  [92mVISIBLE[0m  (poll #2, X-Cache: MISS)  order=10f5cef5

[96mOrder 128/1000:[0m
  [      4ms]  [91mstale[0m    (poll #1)  order=02b4eccb
  [     64ms]  [92mVISIBLE[0m  (poll #2, X-Cache: MISS)  order=02b4eccb

[96mOrder 129/1000:[0m
  [      4ms]  [91mstale[0m    (poll #1)  order=03563d44
  [     65ms]  [92mVISIBLE[0m  (poll #2, X-Cache: MISS)  order=03563d44

[96mOrder 130/1000:[0m
  [      4ms]  [91mstale[0m    (poll #1)  order=89c3cc90
  [     63ms]  [92mVISIBLE[0m  (poll #2, X-Cache: MISS)  order=89c3cc90

[96mOrder 131/1000:[0m
  [      4ms]  [91mstale[0m    (poll #1)  order=46dfeee1
  [     64ms]  [92mVISIBLE[0m  (poll #2, X-Cache: MISS)  order=46dfeee1

[96mOrder 132/1000:[0m
  [      4ms]  [91mstale[0m    (poll #1)  order=0ce85adb
  [     63ms]  [92mVISIBLE[0m  (poll #2, X-Cache: MISS)  order=0ce85adb

[96mOrder 133/1000:[0m
  [      3ms]  [91mstale[0m    (poll #1)  order=5f990f2a
  [     60ms]  [92mVISIBLE[0m  (poll #2, X-Cache: MISS)  order=5f990f2a

[96mOrder 134/1000:[0m
  [      4ms]  [91mstale[0m    (poll #1)  order=99cbfe66
  [     63ms]  [92mVISIBLE[0m  (poll #2, X-Cache: MISS)  order=99cbfe66

[96mOrder 135/1000:[0m
  [      4ms]  [91mstale[0m    (poll #1)  order=ed332894
  [     63ms]  [92mVISIBLE[0m  (poll #2, X-Cache: MISS)  order=ed332894

[96mOrder 136/1000:[0m
  [      4ms]  [91mstale[0m    (poll #1)  order=b162c5b3
  [     64ms]  [92mVISIBLE[0m  (poll #2, X-Cache: MISS)  order=b162c5b3

[96mOrder 137/1000:[0m
  [      4ms]  [91mstale[0m    (poll #1)  order=ec1ad741
  [     60ms]  [92mVISIBLE[0m  (poll #2, X-Cache: MISS)  order=ec1ad741

[96mOrder 138/1000:[0m
  [      4ms]  [91mstale[0m    (poll #1)  order=ae73d7b9
  [     64ms]  [92mVISIBLE[0m  (poll #2, X-Cache: MISS)  order=ae73d7b9

[96mOrder 139/1000:[0m
  [      7ms]  [91mstale[0m    (poll #1)  order=27a9aa94
  [     62ms]  [92mVISIBLE[0m  (poll #2, X-Cache: MISS)  order=27a9aa94

[96mOrder 140/1000:[0m
  [      4ms]  [91mstale[0m    (poll #1)  order=bcd24c53
  [     60ms]  [92mVISIBLE[0m  (poll #2, X-Cache: MISS)  order=bcd24c53

[96mOrder 141/1000:[0m
  [      6ms]  [91mstale[0m    (poll #1)  order=4034cd3f
  [     67ms]  [92mVISIBLE[0m  (poll #2, X-Cache: MISS)  order=4034cd3f

[96mOrder 142/1000:[0m
  [      3ms]  [91mstale[0m    (poll #1)  order=ffa0e5f6
  [     62ms]  [92mVISIBLE[0m  (poll #2, X-Cache: MISS)  order=ffa0e5f6

[96mOrder 143/1000:[0m
  [      3ms]  [91mstale[0m    (poll #1)  order=ebaaa839
  [     60ms]  [92mVISIBLE[0m  (poll #2, X-Cache: MISS)  order=ebaaa839

[96mOrder 144/1000:[0m
  [      4ms]  [91mstale[0m    (poll #1)  order=0c144ad3
  [     64ms]  [92mVISIBLE[0m  (poll #2, X-Cache: MISS)  order=0c144ad3

[96mOrder 145/1000:[0m
  [      5ms]  [91mstale[0m    (poll #1)  order=a8fbfd0b
  [     63ms]  [92mVISIBLE[0m  (poll #2, X-Cache: MISS)  order=a8fbfd0b

[96mOrder 146/1000:[0m
  [      3ms]  [91mstale[0m    (poll #1)  order=db6df9c3
  [     64ms]  [92mVISIBLE[0m  (poll #2, X-Cache: MISS)  order=db6df9c3

[96mOrder 147/1000:[0m
  [      4ms]  [91mstale[0m    (poll #1)  order=a7e66259
  [     64ms]  [92mVISIBLE[0m  (poll #2, X-Cache: MISS)  order=a7e66259

[96mOrder 148/1000:[0m
  [      4ms]  [91mstale[0m    (poll #1)  order=acf64868
  [     62ms]  [92mVISIBLE[0m  (poll #2, X-Cache: MISS)  order=acf64868

[96mOrder 149/1000:[0m
  [      4ms]  [91mstale[0m    (poll #1)  order=14919cf7
  [     63ms]  [92mVISIBLE[0m  (poll #2, X-Cache: MISS)  order=14919cf7

[96mOrder 150/1000:[0m
  [      4ms]  [91mstale[0m    (poll #1)  order=9ad8e788
  [     65ms]  [92mVISIBLE[0m  (poll #2, X-Cache: MISS)  order=9ad8e788

[96mOrder 151/1000:[0m
  [      4ms]  [91mstale[0m    (poll #1)  order=0ef8b88a
  [     64ms]  [92mVISIBLE[0m  (poll #2, X-Cache: MISS)  order=0ef8b88a

[96mOrder 152/1000:[0m
  [      5ms]  [91mstale[0m    (poll #1)  order=5072ebd7
  [     62ms]  [92mVISIBLE[0m  (poll #2, X-Cache: MISS)  order=5072ebd7

[96mOrder 153/1000:[0m
  [      4ms]  [91mstale[0m    (poll #1)  order=846dbf19
  [     61ms]  [92mVISIBLE[0m  (poll #2, X-Cache: MISS)  order=846dbf19

[96mOrder 154/1000:[0m
  [      4ms]  [91mstale[0m    (poll #1)  order=52487c94
  [     65ms]  [92mVISIBLE[0m  (poll #2, X-Cache: MISS)  order=52487c94

[96mOrder 155/1000:[0m
  [      4ms]  [91mstale[0m    (poll #1)  order=4d672397
  [     63ms]  [92mVISIBLE[0m  (poll #2, X-Cache: MISS)  order=4d672397

[96mOrder 156/1000:[0m
  [      4ms]  [91mstale[0m    (poll #1)  order=e521f1f7
  [     65ms]  [92mVISIBLE[0m  (poll #2, X-Cache: MISS)  order=e521f1f7

[96mOrder 157/1000:[0m
  [      4ms]  [91mstale[0m    (poll #1)  order=e464c3cc
  [     66ms]  [92mVISIBLE[0m  (poll #2, X-Cache: MISS)  order=e464c3cc

[96mOrder 158/1000:[0m
  [      4ms]  [91mstale[0m    (poll #1)  order=351252e4
  [     65ms]  [92mVISIBLE[0m  (poll #2, X-Cache: MISS)  order=351252e4

[96mOrder 159/1000:[0m
  [      5ms]  [91mstale[0m    (poll #1)  order=30b7a857
  [     67ms]  [92mVISIBLE[0m  (poll #2, X-Cache: MISS)  order=30b7a857

[96mOrder 160/1000:[0m
  [      5ms]  [91mstale[0m    (poll #1)  order=87312e71
  [     64ms]  [92mVISIBLE[0m  (poll #2, X-Cache: MISS)  order=87312e71

[96mOrder 161/1000:[0m
  [      5ms]  [91mstale[0m    (poll #1)  order=682266b3
  [     66ms]  [92mVISIBLE[0m  (poll #2, X-Cache: MISS)  order=682266b3

[96mOrder 162/1000:[0m
  [      4ms]  [91mstale[0m    (poll #1)  order=28baaac3
  [     64ms]  [92mVISIBLE[0m  (poll #2, X-Cache: MISS)  order=28baaac3

[96mOrder 163/1000:[0m
  [      4ms]  [91mstale[0m    (poll #1)  order=331e2b55
  [     63ms]  [92mVISIBLE[0m  (poll #2, X-Cache: MISS)  order=331e2b55

[96mOrder 164/1000:[0m
  [      4ms]  [91mstale[0m    (poll #1)  order=b0d05527
  [     64ms]  [92mVISIBLE[0m  (poll #2, X-Cache: MISS)  order=b0d05527

[96mOrder 165/1000:[0m
  [      5ms]  [91mstale[0m    (poll #1)  order=b4ca0a43
  [     65ms]  [92mVISIBLE[0m  (poll #2, X-Cache: MISS)  order=b4ca0a43

[96mOrder 166/1000:[0m
  [      4ms]  [91mstale[0m    (poll #1)  order=9b4aaffe
  [     64ms]  [92mVISIBLE[0m  (poll #2, X-Cache: MISS)  order=9b4aaffe

[96mOrder 167/1000:[0m
  [      4ms]  [91mstale[0m    (poll #1)  order=1fa39291
  [     64ms]  [92mVISIBLE[0m  (poll #2, X-Cache: MISS)  order=1fa39291

[96mOrder 168/1000:[0m
  [      3ms]  [91mstale[0m    (poll #1)  order=a5ddb9b6
  [     64ms]  [92mVISIBLE[0m  (poll #2, X-Cache: MISS)  order=a5ddb9b6

[96mOrder 169/1000:[0m
  [      4ms]  [91mstale[0m    (poll #1)  order=75c72429
  [     64ms]  [92mVISIBLE[0m  (poll #2, X-Cache: MISS)  order=75c72429

[96mOrder 170/1000:[0m
  [      4ms]  [91mstale[0m    (poll #1)  order=1997bdc3
  [     65ms]  [92mVISIBLE[0m  (poll #2, X-Cache: MISS)  order=1997bdc3

[96mOrder 171/1000:[0m
  [      4ms]  [91mstale[0m    (poll #1)  order=385a2379
  [     63ms]  [92mVISIBLE[0m  (poll #2, X-Cache: MISS)  order=385a2379

[96mOrder 172/1000:[0m
  [      4ms]  [91mstale[0m    (poll #1)  order=0f0cadbe
  [     60ms]  [92mVISIBLE[0m  (poll #2, X-Cache: MISS)  order=0f0cadbe

[96mOrder 173/1000:[0m
  [      4ms]  [91mstale[0m    (poll #1)  order=fcfb1ec8
  [     61ms]  [92mVISIBLE[0m  (poll #2, X-Cache: MISS)  order=fcfb1ec8

[96mOrder 174/1000:[0m
  [      4ms]  [91mstale[0m    (poll #1)  order=6b847010
  [     64ms]  [92mVISIBLE[0m  (poll #2, X-Cache: MISS)  order=6b847010

[96mOrder 175/1000:[0m
  [      4ms]  [91mstale[0m    (poll #1)  order=ecdb5149
  [     61ms]  [92mVISIBLE[0m  (poll #2, X-Cache: MISS)  order=ecdb5149

[96mOrder 176/1000:[0m
  [      4ms]  [91mstale[0m    (poll #1)  order=8b56b28d
  [     65ms]  [92mVISIBLE[0m  (poll #2, X-Cache: MISS)  order=8b56b28d

[96mOrder 177/1000:[0m
  [      4ms]  [91mstale[0m    (poll #1)  order=10f53e62
  [     65ms]  [92mVISIBLE[0m  (poll #2, X-Cache: MISS)  order=10f53e62

[96mOrder 178/1000:[0m
  [      4ms]  [91mstale[0m    (poll #1)  order=e1a7322a
  [     63ms]  [92mVISIBLE[0m  (poll #2, X-Cache: MISS)  order=e1a7322a

[96mOrder 179/1000:[0m
  [      4ms]  [91mstale[0m    (poll #1)  order=e66ea745
  [     66ms]  [92mVISIBLE[0m  (poll #2, X-Cache: MISS)  order=e66ea745

[96mOrder 180/1000:[0m
  [      4ms]  [91mstale[0m    (poll #1)  order=00d36499
  [     62ms]  [92mVISIBLE[0m  (poll #2, X-Cache: MISS)  order=00d36499

[96mOrder 181/1000:[0m
  [      5ms]  [91mstale[0m    (poll #1)  order=7faf4b46
  [     63ms]  [92mVISIBLE[0m  (poll #2, X-Cache: MISS)  order=7faf4b46

[96mOrder 182/1000:[0m
  [      3ms]  [91mstale[0m    (poll #1)  order=6c65424a
  [     63ms]  [92mVISIBLE[0m  (poll #2, X-Cache: MISS)  order=6c65424a

[96mOrder 183/1000:[0m
  [      4ms]  [91mstale[0m    (poll #1)  order=e881cce3
  [     62ms]  [92mVISIBLE[0m  (poll #2, X-Cache: MISS)  order=e881cce3

[96mOrder 184/1000:[0m
  [      5ms]  [91mstale[0m    (poll #1)  order=6df8bdf6
  [     61ms]  [92mVISIBLE[0m  (poll #2, X-Cache: MISS)  order=6df8bdf6

[96mOrder 185/1000:[0m
  [      4ms]  [91mstale[0m    (poll #1)  order=8785270c
  [     63ms]  [92mVISIBLE[0m  (poll #2, X-Cache: MISS)  order=8785270c

[96mOrder 186/1000:[0m
  [      4ms]  [91mstale[0m    (poll #1)  order=cf475887
  [     63ms]  [92mVISIBLE[0m  (poll #2, X-Cache: MISS)  order=cf475887

[96mOrder 187/1000:[0m
  [      4ms]  [91mstale[0m    (poll #1)  order=9417b76d
  [     64ms]  [92mVISIBLE[0m  (poll #2, X-Cache: MISS)  order=9417b76d

[96mOrder 188/1000:[0m
  [      4ms]  [91mstale[0m    (poll #1)  order=92581af6
  [     62ms]  [92mVISIBLE[0m  (poll #2, X-Cache: MISS)  order=92581af6

[96mOrder 189/1000:[0m
  [      4ms]  [91mstale[0m    (poll #1)  order=ffa85aec
  [     63ms]  [92mVISIBLE[0m  (poll #2, X-Cache: MISS)  order=ffa85aec

[96mOrder 190/1000:[0m
  [      5ms]  [91mstale[0m    (poll #1)  order=4155af85
  [     70ms]  [92mVISIBLE[0m  (poll #2, X-Cache: MISS)  order=4155af85

[96mOrder 191/1000:[0m
  [      4ms]  [91mstale[0m    (poll #1)  order=acf3741d
  [     64ms]  [92mVISIBLE[0m  (poll #2, X-Cache: MISS)  order=acf3741d

[96mOrder 192/1000:[0m
  [      4ms]  [91mstale[0m    (poll #1)  order=43dd60aa
  [     59ms]  [92mVISIBLE[0m  (poll #2, X-Cache: MISS)  order=43dd60aa

[96mOrder 193/1000:[0m
  [      3ms]  [91mstale[0m    (poll #1)  order=69c84a1a
  [     63ms]  [92mVISIBLE[0m  (poll #2, X-Cache: MISS)  order=69c84a1a

[96mOrder 194/1000:[0m
  [      4ms]  [91mstale[0m    (poll #1)  order=ebcf724a
  [     59ms]  [92mVISIBLE[0m  (poll #2, X-Cache: MISS)  order=ebcf724a

[96mOrder 195/1000:[0m
  [      4ms]  [91mstale[0m    (poll #1)  order=f570ba73
  [     61ms]  [92mVISIBLE[0m  (poll #2, X-Cache: MISS)  order=f570ba73

[96mOrder 196/1000:[0m
  [      4ms]  [91mstale[0m    (poll #1)  order=edc369a7
  [     65ms]  [92mVISIBLE[0m  (poll #2, X-Cache: MISS)  order=edc369a7

[96mOrder 197/1000:[0m
  [      4ms]  [91mstale[0m    (poll #1)  order=ed01bded
  [     63ms]  [92mVISIBLE[0m  (poll #2, X-Cache: MISS)  order=ed01bded

[96mOrder 198/1000:[0m
  [      4ms]  [91mstale[0m    (poll #1)  order=dee22641
  [     65ms]  [92mVISIBLE[0m  (poll #2, X-Cache: MISS)  order=dee22641

[96mOrder 199/1000:[0m
  [      4ms]  [91mstale[0m    (poll #1)  order=cc9ab275
  [     65ms]  [92mVISIBLE[0m  (poll #2, X-Cache: MISS)  order=cc9ab275

[96mOrder 200/1000:[0m
  [      5ms]  [91mstale[0m    (poll #1)  order=cc5d285a
  [     65ms]  [92mVISIBLE[0m  (poll #2, X-Cache: MISS)  order=cc5d285a

[96mOrder 201/1000:[0m
  [      4ms]  [91mstale[0m    (poll #1)  order=6a21fe8e
  [     62ms]  [92mVISIBLE[0m  (poll #2, X-Cache: MISS)  order=6a21fe8e

[96mOrder 202/1000:[0m
  [      5ms]  [91mstale[0m    (poll #1)  order=17cdfa6e
  [     65ms]  [92mVISIBLE[0m  (poll #2, X-Cache: MISS)  order=17cdfa6e

[96mOrder 203/1000:[0m
  [      4ms]  [91mstale[0m    (poll #1)  order=14ee7975
  [     65ms]  [92mVISIBLE[0m  (poll #2, X-Cache: MISS)  order=14ee7975

[96mOrder 204/1000:[0m
  [      4ms]  [91mstale[0m    (poll #1)  order=f2385694
  [     60ms]  [92mVISIBLE[0m  (poll #2, X-Cache: MISS)  order=f2385694

[96mOrder 205/1000:[0m
  [      4ms]  [91mstale[0m    (poll #1)  order=097131ce
  [     62ms]  [92mVISIBLE[0m  (poll #2, X-Cache: MISS)  order=097131ce

[96mOrder 206/1000:[0m
  [      4ms]  [91mstale[0m    (poll #1)  order=141f46d8
  [     65ms]  [92mVISIBLE[0m  (poll #2, X-Cache: MISS)  order=141f46d8

[96mOrder 207/1000:[0m
  [      4ms]  [91mstale[0m    (poll #1)  order=fb645457
  [     63ms]  [92mVISIBLE[0m  (poll #2, X-Cache: MISS)  order=fb645457

[96mOrder 208/1000:[0m
  [      4ms]  [91mstale[0m    (poll #1)  order=4914d17a
  [     65ms]  [92mVISIBLE[0m  (poll #2, X-Cache: MISS)  order=4914d17a

[96mOrder 209/1000:[0m
  [      4ms]  [91mstale[0m    (poll #1)  order=f3bfbd6c
  [     63ms]  [92mVISIBLE[0m  (poll #2, X-Cache: MISS)  order=f3bfbd6c

[96mOrder 210/1000:[0m
  [      4ms]  [91mstale[0m    (poll #1)  order=b670f8e9
  [     64ms]  [92mVISIBLE[0m  (poll #2, X-Cache: MISS)  order=b670f8e9

[96mOrder 211/1000:[0m
  [      4ms]  [91mstale[0m    (poll #1)  order=2476c5d1
  [     65ms]  [92mVISIBLE[0m  (poll #2, X-Cache: MISS)  order=2476c5d1

[96mOrder 212/1000:[0m
  [      4ms]  [91mstale[0m    (poll #1)  order=d3e00702
  [     62ms]  [92mVISIBLE[0m  (poll #2, X-Cache: MISS)  order=d3e00702

[96mOrder 213/1000:[0m
  [      5ms]  [91mstale[0m    (poll #1)  order=649ce648
  [     66ms]  [92mVISIBLE[0m  (poll #2, X-Cache: MISS)  order=649ce648

[96mOrder 214/1000:[0m
  [      4ms]  [91mstale[0m    (poll #1)  order=28557376
  [     65ms]  [92mVISIBLE[0m  (poll #2, X-Cache: MISS)  order=28557376

[96mOrder 215/1000:[0m
  [      5ms]  [91mstale[0m    (poll #1)  order=068f54f3
  [     67ms]  [92mVISIBLE[0m  (poll #2, X-Cache: MISS)  order=068f54f3

[96mOrder 216/1000:[0m
  [      4ms]  [91mstale[0m    (poll #1)  order=c52011b8
  [     65ms]  [92mVISIBLE[0m  (poll #2, X-Cache: MISS)  order=c52011b8

[96mOrder 217/1000:[0m
  [      5ms]  [91mstale[0m    (poll #1)  order=d635b126
  [     66ms]  [92mVISIBLE[0m  (poll #2, X-Cache: MISS)  order=d635b126

[96mOrder 218/1000:[0m
  [      4ms]  [91mstale[0m    (poll #1)  order=b35db3f1
  [     65ms]  [92mVISIBLE[0m  (poll #2, X-Cache: MISS)  order=b35db3f1

[96mOrder 219/1000:[0m
  [      4ms]  [91mstale[0m    (poll #1)  order=b009ea1c
  [     62ms]  [92mVISIBLE[0m  (poll #2, X-Cache: MISS)  order=b009ea1c

[96mOrder 220/1000:[0m
  [      4ms]  [91mstale[0m    (poll #1)  order=d8a7c6b6
  [     63ms]  [92mVISIBLE[0m  (poll #2, X-Cache: MISS)  order=d8a7c6b6

[96mOrder 221/1000:[0m
  [      4ms]  [91mstale[0m    (poll #1)  order=b1223a00
  [     64ms]  [92mVISIBLE[0m  (poll #2, X-Cache: MISS)  order=b1223a00

[96mOrder 222/1000:[0m
  [      4ms]  [91mstale[0m    (poll #1)  order=7a3d84d6
  [     64ms]  [92mVISIBLE[0m  (poll #2, X-Cache: MISS)  order=7a3d84d6

[96mOrder 223/1000:[0m
  [      4ms]  [91mstale[0m    (poll #1)  order=efc2a8c0
  [     65ms]  [92mVISIBLE[0m  (poll #2, X-Cache: MISS)  order=efc2a8c0

[96mOrder 224/1000:[0m
  [      5ms]  [91mstale[0m    (poll #1)  order=07518c7c
  [     64ms]  [92mVISIBLE[0m  (poll #2, X-Cache: MISS)  order=07518c7c

[96mOrder 225/1000:[0m
  [      4ms]  [91mstale[0m    (poll #1)  order=03587b3d
  [     63ms]  [92mVISIBLE[0m  (poll #2, X-Cache: MISS)  order=03587b3d

[96mOrder 226/1000:[0m
  [      4ms]  [91mstale[0m    (poll #1)  order=4f744708
  [     65ms]  [92mVISIBLE[0m  (poll #2, X-Cache: MISS)  order=4f744708

[96mOrder 227/1000:[0m
  [      4ms]  [91mstale[0m    (poll #1)  order=ff4c6cba
  [     60ms]  [92mVISIBLE[0m  (poll #2, X-Cache: MISS)  order=ff4c6cba

[96mOrder 228/1000:[0m
  [      4ms]  [91mstale[0m    (poll #1)  order=bc936c54
  [     64ms]  [92mVISIBLE[0m  (poll #2, X-Cache: MISS)  order=bc936c54

[96mOrder 229/1000:[0m
  [      4ms]  [91mstale[0m    (poll #1)  order=89fe9747
  [     65ms]  [92mVISIBLE[0m  (poll #2, X-Cache: MISS)  order=89fe9747

[96mOrder 230/1000:[0m
  [      4ms]  [91mstale[0m    (poll #1)  order=9856bcbe
  [     63ms]  [92mVISIBLE[0m  (poll #2, X-Cache: MISS)  order=9856bcbe

[96mOrder 231/1000:[0m
  [      4ms]  [91mstale[0m    (poll #1)  order=1b1aeeec
  [     59ms]  [92mVISIBLE[0m  (poll #2, X-Cache: MISS)  order=1b1aeeec

[96mOrder 232/1000:[0m
  [      4ms]  [91mstale[0m    (poll #1)  order=f1fd2cd8
  [     65ms]  [92mVISIBLE[0m  (poll #2, X-Cache: MISS)  order=f1fd2cd8

[96mOrder 233/1000:[0m
  [      4ms]  [91mstale[0m    (poll #1)  order=860cccb6
  [     61ms]  [92mVISIBLE[0m  (poll #2, X-Cache: MISS)  order=860cccb6

[96mOrder 234/1000:[0m
  [      4ms]  [91mstale[0m    (poll #1)  order=36c5675c
  [     64ms]  [92mVISIBLE[0m  (poll #2, X-Cache: MISS)  order=36c5675c

[96mOrder 235/1000:[0m
  [      4ms]  [91mstale[0m    (poll #1)  order=2905561b
  [     64ms]  [92mVISIBLE[0m  (poll #2, X-Cache: MISS)  order=2905561b

[96mOrder 236/1000:[0m
  [      4ms]  [91mstale[0m    (poll #1)  order=03f01a7a
  [     63ms]  [92mVISIBLE[0m  (poll #2, X-Cache: MISS)  order=03f01a7a

[96mOrder 237/1000:[0m
  [      4ms]  [91mstale[0m    (poll #1)  order=6e3e9b9a
  [     63ms]  [92mVISIBLE[0m  (poll #2, X-Cache: MISS)  order=6e3e9b9a

[96mOrder 238/1000:[0m
  [      3ms]  [91mstale[0m    (poll #1)  order=b55cbd67
  [     63ms]  [92mVISIBLE[0m  (poll #2, X-Cache: MISS)  order=b55cbd67

[96mOrder 239/1000:[0m
  [      4ms]  [91mstale[0m    (poll #1)  order=a92f136a
  [     60ms]  [92mVISIBLE[0m  (poll #2, X-Cache: MISS)  order=a92f136a

[96mOrder 240/1000:[0m
  [      4ms]  [91mstale[0m    (poll #1)  order=c8ac7961
  [     63ms]  [92mVISIBLE[0m  (poll #2, X-Cache: MISS)  order=c8ac7961

[96mOrder 241/1000:[0m
  [      4ms]  [91mstale[0m    (poll #1)  order=d4ccfda5
  [     60ms]  [92mVISIBLE[0m  (poll #2, X-Cache: MISS)  order=d4ccfda5

[96mOrder 242/1000:[0m
  [      3ms]  [91mstale[0m    (poll #1)  order=1348aef1
  [     61ms]  [92mVISIBLE[0m  (poll #2, X-Cache: MISS)  order=1348aef1

[96mOrder 243/1000:[0m
  [      4ms]  [91mstale[0m    (poll #1)  order=6c6149b1
  [     63ms]  [92mVISIBLE[0m  (poll #2, X-Cache: MISS)  order=6c6149b1

[96mOrder 244/1000:[0m
  [      6ms]  [91mstale[0m    (poll #1)  order=815449a0
  [     64ms]  [92mVISIBLE[0m  (poll #2, X-Cache: MISS)  order=815449a0

[96mOrder 245/1000:[0m
  [      4ms]  [91mstale[0m    (poll #1)  order=579bc81f
  [     64ms]  [92mVISIBLE[0m  (poll #2, X-Cache: MISS)  order=579bc81f

[96mOrder 246/1000:[0m
  [      4ms]  [91mstale[0m    (poll #1)  order=3e85dbd1
  [     59ms]  [92mVISIBLE[0m  (poll #2, X-Cache: MISS)  order=3e85dbd1

[96mOrder 247/1000:[0m
  [      4ms]  [91mstale[0m    (poll #1)  order=f5f7f9a9
  [     63ms]  [92mVISIBLE[0m  (poll #2, X-Cache: MISS)  order=f5f7f9a9

[96mOrder 248/1000:[0m
  [      3ms]  [91mstale[0m    (poll #1)  order=eeb47db5
  [     63ms]  [92mVISIBLE[0m  (poll #2, X-Cache: MISS)  order=eeb47db5

[96mOrder 249/1000:[0m
  [      4ms]  [91mstale[0m    (poll #1)  order=a8d3eb2c
  [     62ms]  [92mVISIBLE[0m  (poll #2, X-Cache: MISS)  order=a8d3eb2c

[96mOrder 250/1000:[0m
  [      4ms]  [91mstale[0m    (poll #1)  order=55b417ed
  [     63ms]  [92mVISIBLE[0m  (poll #2, X-Cache: MISS)  order=55b417ed

[96mOrder 251/1000:[0m
  [      4ms]  [91mstale[0m    (poll #1)  order=b83dc66f
  [     60ms]  [92mVISIBLE[0m  (poll #2, X-Cache: MISS)  order=b83dc66f

[96mOrder 252/1000:[0m
  [      4ms]  [91mstale[0m    (poll #1)  order=a2bde59e
  [     65ms]  [92mVISIBLE[0m  (poll #2, X-Cache: MISS)  order=a2bde59e

[96mOrder 253/1000:[0m
  [      8ms]  [91mstale[0m    (poll #1)  order=e57c5aa0
  [     67ms]  [92mVISIBLE[0m  (poll #2, X-Cache: MISS)  order=e57c5aa0

[96mOrder 254/1000:[0m
  [      3ms]  [91mstale[0m    (poll #1)  order=fc7f6252
  [     64ms]  [92mVISIBLE[0m  (poll #2, X-Cache: MISS)  order=fc7f6252

[96mOrder 255/1000:[0m
  [      3ms]  [91mstale[0m    (poll #1)  order=043d56ad
  [     59ms]  [92mVISIBLE[0m  (poll #2, X-Cache: MISS)  order=043d56ad

[96mOrder 256/1000:[0m
  [      3ms]  [91mstale[0m    (poll #1)  order=cc0ea42d
  [     61ms]  [92mVISIBLE[0m  (poll #2, X-Cache: MISS)  order=cc0ea42d

[96mOrder 257/1000:[0m
  [      3ms]  [91mstale[0m    (poll #1)  order=4af1c340
  [     59ms]  [92mVISIBLE[0m  (poll #2, X-Cache: MISS)  order=4af1c340

[96mOrder 258/1000:[0m
  [      3ms]  [91mstale[0m    (poll #1)  order=25bf0492
  [     64ms]  [92mVISIBLE[0m  (poll #2, X-Cache: MISS)  order=25bf0492

[96mOrder 259/1000:[0m
  [      3ms]  [91mstale[0m    (poll #1)  order=447da124
  [     61ms]  [92mVISIBLE[0m  (poll #2, X-Cache: MISS)  order=447da124

[96mOrder 260/1000:[0m
  [      4ms]  [91mstale[0m    (poll #1)  order=399a34e2
  [     64ms]  [92mVISIBLE[0m  (poll #2, X-Cache: MISS)  order=399a34e2

[96mOrder 261/1000:[0m
  [      3ms]  [91mstale[0m    (poll #1)  order=35a05b78
  [     62ms]  [92mVISIBLE[0m  (poll #2, X-Cache: MISS)  order=35a05b78

[96mOrder 262/1000:[0m
  [      4ms]  [91mstale[0m    (poll #1)  order=e2847a91
  [     60ms]  [92mVISIBLE[0m  (poll #2, X-Cache: MISS)  order=e2847a91

[96mOrder 263/1000:[0m
  [      5ms]  [91mstale[0m    (poll #1)  order=2de88980
  [     60ms]  [92mVISIBLE[0m  (poll #2, X-Cache: MISS)  order=2de88980

[96mOrder 264/1000:[0m
  [      6ms]  [91mstale[0m    (poll #1)  order=1cc77804
  [     67ms]  [92mVISIBLE[0m  (poll #2, X-Cache: MISS)  order=1cc77804

[96mOrder 265/1000:[0m
  [      4ms]  [91mstale[0m    (poll #1)  order=e9281809
  [     60ms]  [92mVISIBLE[0m  (poll #2, X-Cache: MISS)  order=e9281809

[96mOrder 266/1000:[0m
  [      4ms]  [91mstale[0m    (poll #1)  order=4524e40f
  [     60ms]  [92mVISIBLE[0m  (poll #2, X-Cache: MISS)  order=4524e40f

[96mOrder 267/1000:[0m
  [      4ms]  [91mstale[0m    (poll #1)  order=9f1cdf8e
  [     62ms]  [92mVISIBLE[0m  (poll #2, X-Cache: MISS)  order=9f1cdf8e

[96mOrder 268/1000:[0m
  [      4ms]  [91mstale[0m    (poll #1)  order=4a1cf635
  [     62ms]  [92mVISIBLE[0m  (poll #2, X-Cache: MISS)  order=4a1cf635

[96mOrder 269/1000:[0m
  [      4ms]  [91mstale[0m    (poll #1)  order=4f89edfb
  [     62ms]  [92mVISIBLE[0m  (poll #2, X-Cache: MISS)  order=4f89edfb

[96mOrder 270/1000:[0m
  [      4ms]  [91mstale[0m    (poll #1)  order=fef2fddf
  [     64ms]  [92mVISIBLE[0m  (poll #2, X-Cache: MISS)  order=fef2fddf

[96mOrder 271/1000:[0m
  [      4ms]  [91mstale[0m    (poll #1)  order=54e2e868
  [     61ms]  [92mVISIBLE[0m  (poll #2, X-Cache: MISS)  order=54e2e868

[96mOrder 272/1000:[0m
  [      6ms]  [91mstale[0m    (poll #1)  order=0a829aef
  [     67ms]  [92mVISIBLE[0m  (poll #2, X-Cache: MISS)  order=0a829aef

[96mOrder 273/1000:[0m
  [      5ms]  [91mstale[0m    (poll #1)  order=96190506
  [     63ms]  [92mVISIBLE[0m  (poll #2, X-Cache: MISS)  order=96190506

[96mOrder 274/1000:[0m
  [      5ms]  [91mstale[0m    (poll #1)  order=2d0e9d70
  [     65ms]  [92mVISIBLE[0m  (poll #2, X-Cache: MISS)  order=2d0e9d70

[96mOrder 275/1000:[0m
  [      6ms]  [91mstale[0m    (poll #1)  order=aae24ce2
  [     68ms]  [92mVISIBLE[0m  (poll #2, X-Cache: MISS)  order=aae24ce2

[96mOrder 276/1000:[0m
  [      5ms]  [91mstale[0m    (poll #1)  order=83b66bba
  [     63ms]  [92mVISIBLE[0m  (poll #2, X-Cache: MISS)  order=83b66bba

[96mOrder 277/1000:[0m
  [      5ms]  [91mstale[0m    (poll #1)  order=0f213d83
  [     61ms]  [92mVISIBLE[0m  (poll #2, X-Cache: MISS)  order=0f213d83

[96mOrder 278/1000:[0m
  [      5ms]  [91mstale[0m    (poll #1)  order=e8902c56
  [     64ms]  [92mVISIBLE[0m  (poll #2, X-Cache: MISS)  order=e8902c56

[96mOrder 279/1000:[0m
  [      4ms]  [91mstale[0m    (poll #1)  order=4ce11dcb
  [     63ms]  [92mVISIBLE[0m  (poll #2, X-Cache: MISS)  order=4ce11dcb

[96mOrder 280/1000:[0m
  [      4ms]  [91mstale[0m    (poll #1)  order=ce0039ac
  [     65ms]  [92mVISIBLE[0m  (poll #2, X-Cache: MISS)  order=ce0039ac

[96mOrder 281/1000:[0m
  [      6ms]  [91mstale[0m    (poll #1)  order=68025f53
  [     65ms]  [92mVISIBLE[0m  (poll #2, X-Cache: MISS)  order=68025f53

[96mOrder 282/1000:[0m
  [      9ms]  [91mstale[0m    (poll #1)  order=7e854c26
  [     68ms]  [92mVISIBLE[0m  (poll #2, X-Cache: MISS)  order=7e854c26

[96mOrder 283/1000:[0m
  [      5ms]  [91mstale[0m    (poll #1)  order=ceef678c
  [     65ms]  [92mVISIBLE[0m  (poll #2, X-Cache: MISS)  order=ceef678c

[96mOrder 284/1000:[0m
  [      5ms]  [91mstale[0m    (poll #1)  order=892cd7bd
  [     68ms]  [92mVISIBLE[0m  (poll #2, X-Cache: MISS)  order=892cd7bd

[96mOrder 285/1000:[0m
  [      6ms]  [91mstale[0m    (poll #1)  order=ef37d4ee
  [     67ms]  [92mVISIBLE[0m  (poll #2, X-Cache: MISS)  order=ef37d4ee

[96mOrder 286/1000:[0m
  [      5ms]  [91mstale[0m    (poll #1)  order=258a1d43
  [     66ms]  [92mVISIBLE[0m  (poll #2, X-Cache: MISS)  order=258a1d43

[96mOrder 287/1000:[0m
  [      6ms]  [91mstale[0m    (poll #1)  order=47329f9a
  [     64ms]  [92mVISIBLE[0m  (poll #2, X-Cache: MISS)  order=47329f9a

[96mOrder 288/1000:[0m
  [      5ms]  [91mstale[0m    (poll #1)  order=5f0eb637
  [     66ms]  [92mVISIBLE[0m  (poll #2, X-Cache: MISS)  order=5f0eb637

[96mOrder 289/1000:[0m
  [      4ms]  [91mstale[0m    (poll #1)  order=121e0112
  [     63ms]  [92mVISIBLE[0m  (poll #2, X-Cache: MISS)  order=121e0112

[96mOrder 290/1000:[0m
  [      5ms]  [91mstale[0m    (poll #1)  order=3cd0d421
  [     64ms]  [92mVISIBLE[0m  (poll #2, X-Cache: MISS)  order=3cd0d421

[96mOrder 291/1000:[0m
  [      4ms]  [91mstale[0m    (poll #1)  order=3948e221
  [     62ms]  [92mVISIBLE[0m  (poll #2, X-Cache: MISS)  order=3948e221

[96mOrder 292/1000:[0m
  [      3ms]  [91mstale[0m    (poll #1)  order=c4309982
  [     63ms]  [92mVISIBLE[0m  (poll #2, X-Cache: MISS)  order=c4309982

[96mOrder 293/1000:[0m
  [      3ms]  [91mstale[0m    (poll #1)  order=4a52025c
  [     63ms]  [92mVISIBLE[0m  (poll #2, X-Cache: MISS)  order=4a52025c

[96mOrder 294/1000:[0m
  [      4ms]  [91mstale[0m    (poll #1)  order=a5a2b499
  [     61ms]  [92mVISIBLE[0m  (poll #2, X-Cache: MISS)  order=a5a2b499

[96mOrder 295/1000:[0m
  [      4ms]  [91mstale[0m    (poll #1)  order=a01c0adf
  [     62ms]  [92mVISIBLE[0m  (poll #2, X-Cache: MISS)  order=a01c0adf

[96mOrder 296/1000:[0m
  [      3ms]  [91mstale[0m    (poll #1)  order=3e7e7fb9
  [     60ms]  [92mVISIBLE[0m  (poll #2, X-Cache: MISS)  order=3e7e7fb9

[96mOrder 297/1000:[0m
  [     11ms]  [91mstale[0m    (poll #1)  order=cfa388b4
  [     67ms]  [92mVISIBLE[0m  (poll #2, X-Cache: MISS)  order=cfa388b4

[96mOrder 298/1000:[0m
  [      3ms]  [91mstale[0m    (poll #1)  order=2c7cfc14
  [     62ms]  [92mVISIBLE[0m  (poll #2, X-Cache: MISS)  order=2c7cfc14

[96mOrder 299/1000:[0m
  [      3ms]  [91mstale[0m    (poll #1)  order=67ac82dd
  [     60ms]  [92mVISIBLE[0m  (poll #2, X-Cache: MISS)  order=67ac82dd

[96mOrder 300/1000:[0m
  [      4ms]  [91mstale[0m    (poll #1)  order=15470e0a
  [     61ms]  [92mVISIBLE[0m  (poll #2, X-Cache: MISS)  order=15470e0a

[96mOrder 301/1000:[0m
  [      3ms]  [91mstale[0m    (poll #1)  order=efa2288b
  [     60ms]  [92mVISIBLE[0m  (poll #2, X-Cache: MISS)  order=efa2288b

[96mOrder 302/1000:[0m
  [      3ms]  [91mstale[0m    (poll #1)  order=c1500ccd
  [     64ms]  [92mVISIBLE[0m  (poll #2, X-Cache: MISS)  order=c1500ccd

[96mOrder 303/1000:[0m
  [      4ms]  [91mstale[0m    (poll #1)  order=6d3d59d8
  [     62ms]  [92mVISIBLE[0m  (poll #2, X-Cache: MISS)  order=6d3d59d8

[96mOrder 304/1000:[0m
  [      4ms]  [91mstale[0m    (poll #1)  order=639b68dd
  [     66ms]  [92mVISIBLE[0m  (poll #2, X-Cache: MISS)  order=639b68dd

[96mOrder 305/1000:[0m
  [      4ms]  [91mstale[0m    (poll #1)  order=801742bd
  [     62ms]  [92mVISIBLE[0m  (poll #2, X-Cache: MISS)  order=801742bd

[96mOrder 306/1000:[0m
  [      5ms]  [91mstale[0m    (poll #1)  order=3d43e612
  [     63ms]  [92mVISIBLE[0m  (poll #2, X-Cache: MISS)  order=3d43e612

[96mOrder 307/1000:[0m
  [      4ms]  [91mstale[0m    (poll #1)  order=301a23ea
  [     62ms]  [92mVISIBLE[0m  (poll #2, X-Cache: MISS)  order=301a23ea

[96mOrder 308/1000:[0m
  [      6ms]  [91mstale[0m    (poll #1)  order=797064bc
  [     68ms]  [92mVISIBLE[0m  (poll #2, X-Cache: MISS)  order=797064bc

[96mOrder 309/1000:[0m
  [      3ms]  [91mstale[0m    (poll #1)  order=a383d987
  [     63ms]  [92mVISIBLE[0m  (poll #2, X-Cache: MISS)  order=a383d987

[96mOrder 310/1000:[0m
  [      4ms]  [91mstale[0m    (poll #1)  order=e35bfebf
  [     60ms]  [92mVISIBLE[0m  (poll #2, X-Cache: MISS)  order=e35bfebf

[96mOrder 311/1000:[0m
  [      4ms]  [91mstale[0m    (poll #1)  order=58f05af8
  [     64ms]  [92mVISIBLE[0m  (poll #2, X-Cache: MISS)  order=58f05af8

[96mOrder 312/1000:[0m
  [      4ms]  [91mstale[0m    (poll #1)  order=13e0c3f1
  [     62ms]  [92mVISIBLE[0m  (poll #2, X-Cache: MISS)  order=13e0c3f1

[96mOrder 313/1000:[0m
  [      4ms]  [91mstale[0m    (poll #1)  order=a13db11f
  [     62ms]  [92mVISIBLE[0m  (poll #2, X-Cache: MISS)  order=a13db11f

[96mOrder 314/1000:[0m
  [      4ms]  [91mstale[0m    (poll #1)  order=6846db4e
  [     65ms]  [92mVISIBLE[0m  (poll #2, X-Cache: MISS)  order=6846db4e

[96mOrder 315/1000:[0m
  [      5ms]  [91mstale[0m    (poll #1)  order=47b74f9c
  [     64ms]  [92mVISIBLE[0m  (poll #2, X-Cache: MISS)  order=47b74f9c

[96mOrder 316/1000:[0m
  [      4ms]  [91mstale[0m    (poll #1)  order=df26a083
  [     66ms]  [92mVISIBLE[0m  (poll #2, X-Cache: MISS)  order=df26a083

[96mOrder 317/1000:[0m
  [      6ms]  [91mstale[0m    (poll #1)  order=dfb42c85
  [     62ms]  [92mVISIBLE[0m  (poll #2, X-Cache: MISS)  order=dfb42c85

[96mOrder 318/1000:[0m
  [      5ms]  [91mstale[0m    (poll #1)  order=657f1b04
  [     67ms]  [92mVISIBLE[0m  (poll #2, X-Cache: MISS)  order=657f1b04

[96mOrder 319/1000:[0m
  [      5ms]  [91mstale[0m    (poll #1)  order=c9a98caa
  [     65ms]  [92mVISIBLE[0m  (poll #2, X-Cache: MISS)  order=c9a98caa

[96mOrder 320/1000:[0m
  [      4ms]  [91mstale[0m    (poll #1)  order=6b7f0e9d
  [     65ms]  [92mVISIBLE[0m  (poll #2, X-Cache: MISS)  order=6b7f0e9d

[96mOrder 321/1000:[0m
  [      4ms]  [91mstale[0m    (poll #1)  order=f1c9caab
  [     62ms]  [92mVISIBLE[0m  (poll #2, X-Cache: MISS)  order=f1c9caab

[96mOrder 322/1000:[0m
  [      6ms]  [91mstale[0m    (poll #1)  order=dd0caf41
  [     70ms]  [92mVISIBLE[0m  (poll #2, X-Cache: MISS)  order=dd0caf41

[96mOrder 323/1000:[0m
  [      4ms]  [91mstale[0m    (poll #1)  order=a50c3f85
  [     61ms]  [92mVISIBLE[0m  (poll #2, X-Cache: MISS)  order=a50c3f85

[96mOrder 324/1000:[0m
  [      4ms]  [91mstale[0m    (poll #1)  order=d49307fc
  [     65ms]  [92mVISIBLE[0m  (poll #2, X-Cache: MISS)  order=d49307fc

[96mOrder 325/1000:[0m
  [      4ms]  [91mstale[0m    (poll #1)  order=56a1af35
  [     65ms]  [92mVISIBLE[0m  (poll #2, X-Cache: MISS)  order=56a1af35

[96mOrder 326/1000:[0m
  [      5ms]  [91mstale[0m    (poll #1)  order=4b47530a
  [     65ms]  [92mVISIBLE[0m  (poll #2, X-Cache: MISS)  order=4b47530a

[96mOrder 327/1000:[0m
  [      5ms]  [91mstale[0m    (poll #1)  order=9a7824c7
  [     66ms]  [92mVISIBLE[0m  (poll #2, X-Cache: MISS)  order=9a7824c7

[96mOrder 328/1000:[0m
  [      5ms]  [91mstale[0m    (poll #1)  order=2e921938
  [     66ms]  [92mVISIBLE[0m  (poll #2, X-Cache: MISS)  order=2e921938

[96mOrder 329/1000:[0m
  [      6ms]  [91mstale[0m    (poll #1)  order=d325eb41
  [     64ms]  [92mVISIBLE[0m  (poll #2, X-Cache: MISS)  order=d325eb41

[96mOrder 330/1000:[0m
  [      4ms]  [91mstale[0m    (poll #1)  order=1986d2a3
  [     66ms]  [92mVISIBLE[0m  (poll #2, X-Cache: MISS)  order=1986d2a3

[96mOrder 331/1000:[0m
  [      4ms]  [91mstale[0m    (poll #1)  order=2287be2a
  [     60ms]  [92mVISIBLE[0m  (poll #2, X-Cache: MISS)  order=2287be2a

[96mOrder 332/1000:[0m
  [      4ms]  [91mstale[0m    (poll #1)  order=cc724f5c
  [     61ms]  [92mVISIBLE[0m  (poll #2, X-Cache: MISS)  order=cc724f5c

[96mOrder 333/1000:[0m
  [      5ms]  [91mstale[0m    (poll #1)  order=005a732a
  [     64ms]  [92mVISIBLE[0m  (poll #2, X-Cache: MISS)  order=005a732a

[96mOrder 334/1000:[0m
  [      4ms]  [91mstale[0m    (poll #1)  order=c6d42956
  [     64ms]  [92mVISIBLE[0m  (poll #2, X-Cache: MISS)  order=c6d42956

[96mOrder 335/1000:[0m
  [      4ms]  [91mstale[0m    (poll #1)  order=ca3f195b
  [     65ms]  [92mVISIBLE[0m  (poll #2, X-Cache: MISS)  order=ca3f195b

[96mOrder 336/1000:[0m
  [      4ms]  [91mstale[0m    (poll #1)  order=104c6ed8
  [     62ms]  [92mVISIBLE[0m  (poll #2, X-Cache: MISS)  order=104c6ed8

[96mOrder 337/1000:[0m
  [      4ms]  [91mstale[0m    (poll #1)  order=730aeb6d
  [     65ms]  [92mVISIBLE[0m  (poll #2, X-Cache: MISS)  order=730aeb6d

[96mOrder 338/1000:[0m
  [      4ms]  [91mstale[0m    (poll #1)  order=2796d6ed
  [     62ms]  [92mVISIBLE[0m  (poll #2, X-Cache: MISS)  order=2796d6ed

[96mOrder 339/1000:[0m
  [      4ms]  [91mstale[0m    (poll #1)  order=789bd71a
  [     65ms]  [92mVISIBLE[0m  (poll #2, X-Cache: MISS)  order=789bd71a

[96mOrder 340/1000:[0m
  [      5ms]  [91mstale[0m    (poll #1)  order=7eb7f03d
  [     65ms]  [92mVISIBLE[0m  (poll #2, X-Cache: MISS)  order=7eb7f03d

[96mOrder 341/1000:[0m
  [      4ms]  [91mstale[0m    (poll #1)  order=1211e4cb
  [     66ms]  [92mVISIBLE[0m  (poll #2, X-Cache: MISS)  order=1211e4cb

[96mOrder 342/1000:[0m
  [      4ms]  [91mstale[0m    (poll #1)  order=97ee87cd
  [     66ms]  [92mVISIBLE[0m  (poll #2, X-Cache: MISS)  order=97ee87cd

[96mOrder 343/1000:[0m
  [      4ms]  [91mstale[0m    (poll #1)  order=eed016c9
  [     65ms]  [92mVISIBLE[0m  (poll #2, X-Cache: MISS)  order=eed016c9

[96mOrder 344/1000:[0m
  [      4ms]  [91mstale[0m    (poll #1)  order=8f13f820
  [     65ms]  [92mVISIBLE[0m  (poll #2, X-Cache: MISS)  order=8f13f820

[96mOrder 345/1000:[0m
  [      5ms]  [91mstale[0m    (poll #1)  order=5c805b2f
  [     68ms]  [92mVISIBLE[0m  (poll #2, X-Cache: MISS)  order=5c805b2f

[96mOrder 346/1000:[0m
  [      5ms]  [91mstale[0m    (poll #1)  order=3242f4c7
  [     66ms]  [92mVISIBLE[0m  (poll #2, X-Cache: MISS)  order=3242f4c7

[96mOrder 347/1000:[0m
  [      5ms]  [91mstale[0m    (poll #1)  order=b22520c0
  [     61ms]  [92mVISIBLE[0m  (poll #2, X-Cache: MISS)  order=b22520c0

[96mOrder 348/1000:[0m
  [      4ms]  [91mstale[0m    (poll #1)  order=633ee157
  [     64ms]  [92mVISIBLE[0m  (poll #2, X-Cache: MISS)  order=633ee157

[96mOrder 349/1000:[0m
  [      4ms]  [91mstale[0m    (poll #1)  order=7ba6f33d
  [     60ms]  [92mVISIBLE[0m  (poll #2, X-Cache: MISS)  order=7ba6f33d

[96mOrder 350/1000:[0m
  [      4ms]  [91mstale[0m    (poll #1)  order=1f4104fc
  [     65ms]  [92mVISIBLE[0m  (poll #2, X-Cache: MISS)  order=1f4104fc

[96mOrder 351/1000:[0m
  [      5ms]  [91mstale[0m    (poll #1)  order=b7a7599e
  [     63ms]  [92mVISIBLE[0m  (poll #2, X-Cache: MISS)  order=b7a7599e

[96mOrder 352/1000:[0m
  [      4ms]  [91mstale[0m    (poll #1)  order=b94fec7d
  [     65ms]  [92mVISIBLE[0m  (poll #2, X-Cache: MISS)  order=b94fec7d

[96mOrder 353/1000:[0m
  [      5ms]  [91mstale[0m    (poll #1)  order=189b71dd
  [     64ms]  [92mVISIBLE[0m  (poll #2, X-Cache: MISS)  order=189b71dd

[96mOrder 354/1000:[0m
  [      5ms]  [91mstale[0m    (poll #1)  order=4d4a4af3
  [     65ms]  [92mVISIBLE[0m  (poll #2, X-Cache: MISS)  order=4d4a4af3

[96mOrder 355/1000:[0m
  [      4ms]  [91mstale[0m    (poll #1)  order=2b62f5f1
  [     65ms]  [92mVISIBLE[0m  (poll #2, X-Cache: MISS)  order=2b62f5f1

[96mOrder 356/1000:[0m
  [     11ms]  [91mstale[0m    (poll #1)  order=58c5cf7d
  [     70ms]  [92mVISIBLE[0m  (poll #2, X-Cache: MISS)  order=58c5cf7d

[96mOrder 357/1000:[0m
  [      4ms]  [91mstale[0m    (poll #1)  order=74ed220a
  [     64ms]  [92mVISIBLE[0m  (poll #2, X-Cache: MISS)  order=74ed220a

[96mOrder 358/1000:[0m
  [      4ms]  [91mstale[0m    (poll #1)  order=48567532
  [     64ms]  [92mVISIBLE[0m  (poll #2, X-Cache: MISS)  order=48567532

[96mOrder 359/1000:[0m
  [      4ms]  [91mstale[0m    (poll #1)  order=b1b4bcae
  [     65ms]  [92mVISIBLE[0m  (poll #2, X-Cache: MISS)  order=b1b4bcae

[96mOrder 360/1000:[0m
  [      4ms]  [91mstale[0m    (poll #1)  order=625c2cd8
  [     62ms]  [92mVISIBLE[0m  (poll #2, X-Cache: MISS)  order=625c2cd8

[96mOrder 361/1000:[0m
  [      3ms]  [91mstale[0m    (poll #1)  order=650cd49c
  [     59ms]  [92mVISIBLE[0m  (poll #2, X-Cache: MISS)  order=650cd49c

[96mOrder 362/1000:[0m
  [      4ms]  [91mstale[0m    (poll #1)  order=b72dff41
  [     59ms]  [92mVISIBLE[0m  (poll #2, X-Cache: MISS)  order=b72dff41

[96mOrder 363/1000:[0m
  [      5ms]  [91mstale[0m    (poll #1)  order=efc2c2ca
  [     65ms]  [92mVISIBLE[0m  (poll #2, X-Cache: MISS)  order=efc2c2ca

[96mOrder 364/1000:[0m
  [      4ms]  [91mstale[0m    (poll #1)  order=5d1437ee
  [     64ms]  [92mVISIBLE[0m  (poll #2, X-Cache: MISS)  order=5d1437ee

[96mOrder 365/1000:[0m
  [      4ms]  [91mstale[0m    (poll #1)  order=70bffe3d
  [     64ms]  [92mVISIBLE[0m  (poll #2, X-Cache: MISS)  order=70bffe3d

[96mOrder 366/1000:[0m
  [      5ms]  [91mstale[0m    (poll #1)  order=4a5c070c
  [     65ms]  [92mVISIBLE[0m  (poll #2, X-Cache: MISS)  order=4a5c070c

[96mOrder 367/1000:[0m
  [      4ms]  [91mstale[0m    (poll #1)  order=5eb986ed
  [     65ms]  [92mVISIBLE[0m  (poll #2, X-Cache: MISS)  order=5eb986ed

[96mOrder 368/1000:[0m
  [      5ms]  [91mstale[0m    (poll #1)  order=79a86678
  [     63ms]  [92mVISIBLE[0m  (poll #2, X-Cache: MISS)  order=79a86678

[96mOrder 369/1000:[0m
  [      4ms]  [91mstale[0m    (poll #1)  order=23852de6
  [     65ms]  [92mVISIBLE[0m  (poll #2, X-Cache: MISS)  order=23852de6

[96mOrder 370/1000:[0m
  [      4ms]  [91mstale[0m    (poll #1)  order=190a4a94
  [     62ms]  [92mVISIBLE[0m  (poll #2, X-Cache: MISS)  order=190a4a94

[96mOrder 371/1000:[0m
  [      4ms]  [91mstale[0m    (poll #1)  order=bca14414
  [     61ms]  [92mVISIBLE[0m  (poll #2, X-Cache: MISS)  order=bca14414

[96mOrder 372/1000:[0m
  [      4ms]  [91mstale[0m    (poll #1)  order=4b31a189
  [     64ms]  [92mVISIBLE[0m  (poll #2, X-Cache: MISS)  order=4b31a189

[96mOrder 373/1000:[0m
  [      5ms]  [91mstale[0m    (poll #1)  order=d2aab367
  [     66ms]  [92mVISIBLE[0m  (poll #2, X-Cache: MISS)  order=d2aab367

[96mOrder 374/1000:[0m
  [      5ms]  [91mstale[0m    (poll #1)  order=3ab6a31a
  [     65ms]  [92mVISIBLE[0m  (poll #2, X-Cache: MISS)  order=3ab6a31a

[96mOrder 375/1000:[0m
  [      5ms]  [91mstale[0m    (poll #1)  order=f6723d19
  [     66ms]  [92mVISIBLE[0m  (poll #2, X-Cache: MISS)  order=f6723d19

[96mOrder 376/1000:[0m
  [      5ms]  [91mstale[0m    (poll #1)  order=41ce2b59
  [     64ms]  [92mVISIBLE[0m  (poll #2, X-Cache: MISS)  order=41ce2b59

[96mOrder 377/1000:[0m
  [      4ms]  [91mstale[0m    (poll #1)  order=4420fdd7
  [     65ms]  [92mVISIBLE[0m  (poll #2, X-Cache: MISS)  order=4420fdd7

[96mOrder 378/1000:[0m
  [      4ms]  [91mstale[0m    (poll #1)  order=9a132a1b
  [     60ms]  [92mVISIBLE[0m  (poll #2, X-Cache: MISS)  order=9a132a1b

[96mOrder 379/1000:[0m
  [      4ms]  [91mstale[0m    (poll #1)  order=7e398f3c
  [     65ms]  [92mVISIBLE[0m  (poll #2, X-Cache: MISS)  order=7e398f3c

[96mOrder 380/1000:[0m
  [      4ms]  [91mstale[0m    (poll #1)  order=a273acf4
  [     62ms]  [92mVISIBLE[0m  (poll #2, X-Cache: MISS)  order=a273acf4

[96mOrder 381/1000:[0m
  [      4ms]  [91mstale[0m    (poll #1)  order=a63acff7
  [     63ms]  [92mVISIBLE[0m  (poll #2, X-Cache: MISS)  order=a63acff7

[96mOrder 382/1000:[0m
  [      5ms]  [91mstale[0m    (poll #1)  order=46d07e7f
  [     72ms]  [92mVISIBLE[0m  (poll #2, X-Cache: MISS)  order=46d07e7f

[96mOrder 383/1000:[0m
  [      4ms]  [91mstale[0m    (poll #1)  order=1441793c
  [     60ms]  [92mVISIBLE[0m  (poll #2, X-Cache: MISS)  order=1441793c

[96mOrder 384/1000:[0m
  [      4ms]  [91mstale[0m    (poll #1)  order=3bae322f
  [     65ms]  [92mVISIBLE[0m  (poll #2, X-Cache: MISS)  order=3bae322f

[96mOrder 385/1000:[0m
  [      4ms]  [91mstale[0m    (poll #1)  order=e721292c
  [     64ms]  [92mVISIBLE[0m  (poll #2, X-Cache: MISS)  order=e721292c

[96mOrder 386/1000:[0m
  [      5ms]  [91mstale[0m    (poll #1)  order=2ebe5856
  [     66ms]  [92mVISIBLE[0m  (poll #2, X-Cache: MISS)  order=2ebe5856

[96mOrder 387/1000:[0m
  [      5ms]  [91mstale[0m    (poll #1)  order=c86b4c71
  [     63ms]  [92mVISIBLE[0m  (poll #2, X-Cache: MISS)  order=c86b4c71

[96mOrder 388/1000:[0m
  [      4ms]  [91mstale[0m    (poll #1)  order=267b30a5
  [     60ms]  [92mVISIBLE[0m  (poll #2, X-Cache: MISS)  order=267b30a5

[96mOrder 389/1000:[0m
  [     11ms]  [91mstale[0m    (poll #1)  order=12d98b65
  [     76ms]  [92mVISIBLE[0m  (poll #2, X-Cache: MISS)  order=12d98b65

[96mOrder 390/1000:[0m
  [      4ms]  [91mstale[0m    (poll #1)  order=d7857c0e
  [     69ms]  [92mVISIBLE[0m  (poll #2, X-Cache: MISS)  order=d7857c0e

[96mOrder 391/1000:[0m
  [      4ms]  [91mstale[0m    (poll #1)  order=6e414fd7
  [     60ms]  [92mVISIBLE[0m  (poll #2, X-Cache: MISS)  order=6e414fd7

[96mOrder 392/1000:[0m
  [      9ms]  [92mVISIBLE[0m  (poll #1, X-Cache: MISS)  order=9cb51422

[96mOrder 393/1000:[0m
  [      7ms]  [91mstale[0m    (poll #1)  order=3b5a8fad
  [     70ms]  [92mVISIBLE[0m  (poll #2, X-Cache: MISS)  order=3b5a8fad

[96mOrder 394/1000:[0m
  [      5ms]  [91mstale[0m    (poll #1)  order=d981610b
  [     62ms]  [92mVISIBLE[0m  (poll #2, X-Cache: MISS)  order=d981610b

[96mOrder 395/1000:[0m
  [     19ms]  [91mstale[0m    (poll #1)  order=5cbe252c
  [     81ms]  [92mVISIBLE[0m  (poll #2, X-Cache: MISS)  order=5cbe252c

[96mOrder 396/1000:[0m
  [      4ms]  [91mstale[0m    (poll #1)  order=e6c7d879
  [     62ms]  [92mVISIBLE[0m  (poll #2, X-Cache: MISS)  order=e6c7d879

[96mOrder 397/1000:[0m
  [      4ms]  [91mstale[0m    (poll #1)  order=f82f46d7
  [     64ms]  [92mVISIBLE[0m  (poll #2, X-Cache: MISS)  order=f82f46d7

[96mOrder 398/1000:[0m
  [      4ms]  [91mstale[0m    (poll #1)  order=d5524e26
  [     63ms]  [92mVISIBLE[0m  (poll #2, X-Cache: MISS)  order=d5524e26

[96mOrder 399/1000:[0m
  [      4ms]  [91mstale[0m    (poll #1)  order=6d967017
  [     62ms]  [92mVISIBLE[0m  (poll #2, X-Cache: MISS)  order=6d967017

[96mOrder 400/1000:[0m
  [      4ms]  [91mstale[0m    (poll #1)  order=fcbc6905
  [     63ms]  [92mVISIBLE[0m  (poll #2, X-Cache: MISS)  order=fcbc6905

[96mOrder 401/1000:[0m
  [      4ms]  [91mstale[0m    (poll #1)  order=a0b25d69
  [     63ms]  [92mVISIBLE[0m  (poll #2, X-Cache: MISS)  order=a0b25d69

[96mOrder 402/1000:[0m
  [      6ms]  [91mstale[0m    (poll #1)  order=42a3556a
  [     65ms]  [92mVISIBLE[0m  (poll #2, X-Cache: MISS)  order=42a3556a

[96mOrder 403/1000:[0m
  [      4ms]  [91mstale[0m    (poll #1)  order=1ac54c0d
  [     65ms]  [92mVISIBLE[0m  (poll #2, X-Cache: MISS)  order=1ac54c0d

[96mOrder 404/1000:[0m
  [      5ms]  [91mstale[0m    (poll #1)  order=8439faf5
  [     65ms]  [92mVISIBLE[0m  (poll #2, X-Cache: MISS)  order=8439faf5

[96mOrder 405/1000:[0m
  [      4ms]  [91mstale[0m    (poll #1)  order=ecb39723
  [     65ms]  [92mVISIBLE[0m  (poll #2, X-Cache: MISS)  order=ecb39723

[96mOrder 406/1000:[0m
  [      4ms]  [91mstale[0m    (poll #1)  order=79c4b3aa
  [     62ms]  [92mVISIBLE[0m  (poll #2, X-Cache: MISS)  order=79c4b3aa

[96mOrder 407/1000:[0m
  [      4ms]  [91mstale[0m    (poll #1)  order=d388abf9
  [     64ms]  [92mVISIBLE[0m  (poll #2, X-Cache: MISS)  order=d388abf9

[96mOrder 408/1000:[0m
  [      4ms]  [91mstale[0m    (poll #1)  order=917047a2
  [     64ms]  [92mVISIBLE[0m  (poll #2, X-Cache: MISS)  order=917047a2

[96mOrder 409/1000:[0m
  [      3ms]  [91mstale[0m    (poll #1)  order=8600a06c
  [     62ms]  [92mVISIBLE[0m  (poll #2, X-Cache: MISS)  order=8600a06c

[96mOrder 410/1000:[0m
  [      4ms]  [91mstale[0m    (poll #1)  order=064b4930
  [     64ms]  [92mVISIBLE[0m  (poll #2, X-Cache: MISS)  order=064b4930

[96mOrder 411/1000:[0m
  [      5ms]  [91mstale[0m    (poll #1)  order=73a078b2
  [     66ms]  [92mVISIBLE[0m  (poll #2, X-Cache: MISS)  order=73a078b2

[96mOrder 412/1000:[0m
  [      5ms]  [91mstale[0m    (poll #1)  order=87c86bdf
  [     62ms]  [92mVISIBLE[0m  (poll #2, X-Cache: MISS)  order=87c86bdf

[96mOrder 413/1000:[0m
  [      5ms]  [91mstale[0m    (poll #1)  order=ae30cb7c
  [     66ms]  [92mVISIBLE[0m  (poll #2, X-Cache: MISS)  order=ae30cb7c

[96mOrder 414/1000:[0m
  [      4ms]  [91mstale[0m    (poll #1)  order=67d94856
  [     65ms]  [92mVISIBLE[0m  (poll #2, X-Cache: MISS)  order=67d94856

[96mOrder 415/1000:[0m
  [      4ms]  [91mstale[0m    (poll #1)  order=eb25f64c
  [     62ms]  [92mVISIBLE[0m  (poll #2, X-Cache: MISS)  order=eb25f64c

[96mOrder 416/1000:[0m
  [      5ms]  [91mstale[0m    (poll #1)  order=4ca224d1
  [     62ms]  [92mVISIBLE[0m  (poll #2, X-Cache: MISS)  order=4ca224d1

[96mOrder 417/1000:[0m
  [      4ms]  [91mstale[0m    (poll #1)  order=9378540d
  [     62ms]  [92mVISIBLE[0m  (poll #2, X-Cache: MISS)  order=9378540d

[96mOrder 418/1000:[0m
  [      4ms]  [91mstale[0m    (poll #1)  order=52cfe0d7
  [     63ms]  [92mVISIBLE[0m  (poll #2, X-Cache: MISS)  order=52cfe0d7

[96mOrder 419/1000:[0m
  [      4ms]  [91mstale[0m    (poll #1)  order=d00fc4ef
  [     64ms]  [92mVISIBLE[0m  (poll #2, X-Cache: MISS)  order=d00fc4ef

[96mOrder 420/1000:[0m
  [      4ms]  [91mstale[0m    (poll #1)  order=abf6c74c
  [     65ms]  [92mVISIBLE[0m  (poll #2, X-Cache: MISS)  order=abf6c74c

[96mOrder 421/1000:[0m
  [      5ms]  [91mstale[0m    (poll #1)  order=bf3f3e5e
  [     65ms]  [92mVISIBLE[0m  (poll #2, X-Cache: MISS)  order=bf3f3e5e

[96mOrder 422/1000:[0m
  [      5ms]  [91mstale[0m    (poll #1)  order=0a9c57fe
  [     64ms]  [92mVISIBLE[0m  (poll #2, X-Cache: MISS)  order=0a9c57fe

[96mOrder 423/1000:[0m
  [      5ms]  [91mstale[0m    (poll #1)  order=47cfa04f
  [     62ms]  [92mVISIBLE[0m  (poll #2, X-Cache: MISS)  order=47cfa04f

[96mOrder 424/1000:[0m
  [      5ms]  [91mstale[0m    (poll #1)  order=9c1d125f
  [     65ms]  [92mVISIBLE[0m  (poll #2, X-Cache: MISS)  order=9c1d125f

[96mOrder 425/1000:[0m
  [      4ms]  [91mstale[0m    (poll #1)  order=89d992d3
  [     61ms]  [92mVISIBLE[0m  (poll #2, X-Cache: MISS)  order=89d992d3

[96mOrder 426/1000:[0m
  [      4ms]  [91mstale[0m    (poll #1)  order=c9bee0bd
  [     67ms]  [92mVISIBLE[0m  (poll #2, X-Cache: MISS)  order=c9bee0bd

[96mOrder 427/1000:[0m
  [      5ms]  [91mstale[0m    (poll #1)  order=6efe097d
  [     65ms]  [92mVISIBLE[0m  (poll #2, X-Cache: MISS)  order=6efe097d

[96mOrder 428/1000:[0m
  [      4ms]  [91mstale[0m    (poll #1)  order=f2430dc7
  [     65ms]  [92mVISIBLE[0m  (poll #2, X-Cache: MISS)  order=f2430dc7

[96mOrder 429/1000:[0m
  [      5ms]  [91mstale[0m    (poll #1)  order=a8a0b04b
  [     66ms]  [92mVISIBLE[0m  (poll #2, X-Cache: MISS)  order=a8a0b04b

[96mOrder 430/1000:[0m
  [      4ms]  [91mstale[0m    (poll #1)  order=e3de414b
  [     65ms]  [92mVISIBLE[0m  (poll #2, X-Cache: MISS)  order=e3de414b

[96mOrder 431/1000:[0m
  [      4ms]  [91mstale[0m    (poll #1)  order=7a22c372
  [     65ms]  [92mVISIBLE[0m  (poll #2, X-Cache: MISS)  order=7a22c372

[96mOrder 432/1000:[0m
  [      4ms]  [91mstale[0m    (poll #1)  order=cbe64c58
  [     63ms]  [92mVISIBLE[0m  (poll #2, X-Cache: MISS)  order=cbe64c58

[96mOrder 433/1000:[0m
  [      4ms]  [91mstale[0m    (poll #1)  order=01da0a35
  [     64ms]  [92mVISIBLE[0m  (poll #2, X-Cache: MISS)  order=01da0a35

[96mOrder 434/1000:[0m
  [      4ms]  [91mstale[0m    (poll #1)  order=88c7fe0f
  [     65ms]  [92mVISIBLE[0m  (poll #2, X-Cache: MISS)  order=88c7fe0f

[96mOrder 435/1000:[0m
  [      5ms]  [91mstale[0m    (poll #1)  order=2127d264
  [     66ms]  [92mVISIBLE[0m  (poll #2, X-Cache: MISS)  order=2127d264

[96mOrder 436/1000:[0m
  [      4ms]  [91mstale[0m    (poll #1)  order=691023f0
  [     65ms]  [92mVISIBLE[0m  (poll #2, X-Cache: MISS)  order=691023f0

[96mOrder 437/1000:[0m
  [      4ms]  [91mstale[0m    (poll #1)  order=fc31925b
  [     64ms]  [92mVISIBLE[0m  (poll #2, X-Cache: MISS)  order=fc31925b

[96mOrder 438/1000:[0m
  [      4ms]  [91mstale[0m    (poll #1)  order=86890f8e
  [     65ms]  [92mVISIBLE[0m  (poll #2, X-Cache: MISS)  order=86890f8e

[96mOrder 439/1000:[0m
  [      4ms]  [91mstale[0m    (poll #1)  order=00d2fe2a
  [     65ms]  [92mVISIBLE[0m  (poll #2, X-Cache: MISS)  order=00d2fe2a

[96mOrder 440/1000:[0m
  [      4ms]  [91mstale[0m    (poll #1)  order=597b4afb
  [     64ms]  [92mVISIBLE[0m  (poll #2, X-Cache: MISS)  order=597b4afb

[96mOrder 441/1000:[0m
  [      5ms]  [91mstale[0m    (poll #1)  order=86916649
  [     63ms]  [92mVISIBLE[0m  (poll #2, X-Cache: MISS)  order=86916649

[96mOrder 442/1000:[0m
  [      5ms]  [91mstale[0m    (poll #1)  order=48489e96
  [     62ms]  [92mVISIBLE[0m  (poll #2, X-Cache: MISS)  order=48489e96

[96mOrder 443/1000:[0m
  [      5ms]  [91mstale[0m    (poll #1)  order=1d0bf7c2
  [     63ms]  [92mVISIBLE[0m  (poll #2, X-Cache: MISS)  order=1d0bf7c2

[96mOrder 444/1000:[0m
  [      4ms]  [91mstale[0m    (poll #1)  order=9c0e4094
  [     65ms]  [92mVISIBLE[0m  (poll #2, X-Cache: MISS)  order=9c0e4094

[96mOrder 445/1000:[0m
  [      5ms]  [91mstale[0m    (poll #1)  order=10035796
  [     66ms]  [92mVISIBLE[0m  (poll #2, X-Cache: MISS)  order=10035796

[96mOrder 446/1000:[0m
  [      5ms]  [91mstale[0m    (poll #1)  order=21be171a
  [     66ms]  [92mVISIBLE[0m  (poll #2, X-Cache: MISS)  order=21be171a

[96mOrder 447/1000:[0m
  [      5ms]  [91mstale[0m    (poll #1)  order=4df7e7c1
  [     66ms]  [92mVISIBLE[0m  (poll #2, X-Cache: MISS)  order=4df7e7c1

[96mOrder 448/1000:[0m
  [      4ms]  [91mstale[0m    (poll #1)  order=2cbd689b
  [     60ms]  [92mVISIBLE[0m  (poll #2, X-Cache: MISS)  order=2cbd689b

[96mOrder 449/1000:[0m
  [      4ms]  [91mstale[0m    (poll #1)  order=1378674b
  [     64ms]  [92mVISIBLE[0m  (poll #2, X-Cache: MISS)  order=1378674b

[96mOrder 450/1000:[0m
  [      5ms]  [91mstale[0m    (poll #1)  order=54b46ea5
  [     62ms]  [92mVISIBLE[0m  (poll #2, X-Cache: MISS)  order=54b46ea5

[96mOrder 451/1000:[0m
  [      4ms]  [91mstale[0m    (poll #1)  order=895736af
  [     64ms]  [92mVISIBLE[0m  (poll #2, X-Cache: MISS)  order=895736af

[96mOrder 452/1000:[0m
  [      4ms]  [91mstale[0m    (poll #1)  order=1f28ab64
  [     63ms]  [92mVISIBLE[0m  (poll #2, X-Cache: MISS)  order=1f28ab64

[96mOrder 453/1000:[0m
  [      4ms]  [91mstale[0m    (poll #1)  order=ba5aa518
  [     64ms]  [92mVISIBLE[0m  (poll #2, X-Cache: MISS)  order=ba5aa518

[96mOrder 454/1000:[0m
  [      5ms]  [91mstale[0m    (poll #1)  order=2474be9f
  [     62ms]  [92mVISIBLE[0m  (poll #2, X-Cache: MISS)  order=2474be9f

[96mOrder 455/1000:[0m
  [      5ms]  [91mstale[0m    (poll #1)  order=652b0e48
  [     61ms]  [92mVISIBLE[0m  (poll #2, X-Cache: MISS)  order=652b0e48

[96mOrder 456/1000:[0m
  [      4ms]  [91mstale[0m    (poll #1)  order=b0389833
  [     60ms]  [92mVISIBLE[0m  (poll #2, X-Cache: MISS)  order=b0389833

[96mOrder 457/1000:[0m
  [      4ms]  [91mstale[0m    (poll #1)  order=135758c4
  [     61ms]  [92mVISIBLE[0m  (poll #2, X-Cache: MISS)  order=135758c4

[96mOrder 458/1000:[0m
  [      4ms]  [91mstale[0m    (poll #1)  order=7a9ee0f9
  [     63ms]  [92mVISIBLE[0m  (poll #2, X-Cache: MISS)  order=7a9ee0f9

[96mOrder 459/1000:[0m
  [      4ms]  [91mstale[0m    (poll #1)  order=74551c8f
  [     61ms]  [92mVISIBLE[0m  (poll #2, X-Cache: MISS)  order=74551c8f

[96mOrder 460/1000:[0m
  [      5ms]  [91mstale[0m    (poll #1)  order=2f2519bf
  [     66ms]  [92mVISIBLE[0m  (poll #2, X-Cache: MISS)  order=2f2519bf

[96mOrder 461/1000:[0m
  [      5ms]  [91mstale[0m    (poll #1)  order=04b8c28a
  [     63ms]  [92mVISIBLE[0m  (poll #2, X-Cache: MISS)  order=04b8c28a

[96mOrder 462/1000:[0m
  [      5ms]  [91mstale[0m    (poll #1)  order=f0e66899
  [     65ms]  [92mVISIBLE[0m  (poll #2, X-Cache: MISS)  order=f0e66899

[96mOrder 463/1000:[0m
  [      7ms]  [91mstale[0m    (poll #1)  order=ea864e1d
  [     67ms]  [92mVISIBLE[0m  (poll #2, X-Cache: MISS)  order=ea864e1d

[96mOrder 464/1000:[0m
  [      4ms]  [91mstale[0m    (poll #1)  order=844d1b8b
  [     64ms]  [92mVISIBLE[0m  (poll #2, X-Cache: MISS)  order=844d1b8b

[96mOrder 465/1000:[0m
  [      4ms]  [91mstale[0m    (poll #1)  order=d7bfa521
  [     60ms]  [92mVISIBLE[0m  (poll #2, X-Cache: MISS)  order=d7bfa521

[96mOrder 466/1000:[0m
  [      4ms]  [91mstale[0m    (poll #1)  order=cde524b2
  [     60ms]  [92mVISIBLE[0m  (poll #2, X-Cache: MISS)  order=cde524b2

[96mOrder 467/1000:[0m
  [      5ms]  [91mstale[0m    (poll #1)  order=e45e0180
  [     65ms]  [92mVISIBLE[0m  (poll #2, X-Cache: MISS)  order=e45e0180

[96mOrder 468/1000:[0m
  [      4ms]  [91mstale[0m    (poll #1)  order=f2d959af
  [     64ms]  [92mVISIBLE[0m  (poll #2, X-Cache: MISS)  order=f2d959af

[96mOrder 469/1000:[0m
  [      5ms]  [91mstale[0m    (poll #1)  order=787c9e37
  [     64ms]  [92mVISIBLE[0m  (poll #2, X-Cache: MISS)  order=787c9e37

[96mOrder 470/1000:[0m
  [      4ms]  [91mstale[0m    (poll #1)  order=620e4a1d
  [     64ms]  [92mVISIBLE[0m  (poll #2, X-Cache: MISS)  order=620e4a1d

[96mOrder 471/1000:[0m
  [      4ms]  [91mstale[0m    (poll #1)  order=91c970f4
  [     61ms]  [92mVISIBLE[0m  (poll #2, X-Cache: MISS)  order=91c970f4

[96mOrder 472/1000:[0m
  [      4ms]  [91mstale[0m    (poll #1)  order=7256dfb8
  [     65ms]  [92mVISIBLE[0m  (poll #2, X-Cache: MISS)  order=7256dfb8

[96mOrder 473/1000:[0m
  [      4ms]  [91mstale[0m    (poll #1)  order=54c38921
  [     60ms]  [92mVISIBLE[0m  (poll #2, X-Cache: MISS)  order=54c38921

[96mOrder 474/1000:[0m
  [      4ms]  [91mstale[0m    (poll #1)  order=e54ddbef
  [     62ms]  [92mVISIBLE[0m  (poll #2, X-Cache: MISS)  order=e54ddbef

[96mOrder 475/1000:[0m
  [      5ms]  [91mstale[0m    (poll #1)  order=681490ac
  [     64ms]  [92mVISIBLE[0m  (poll #2, X-Cache: MISS)  order=681490ac

[96mOrder 476/1000:[0m
  [      5ms]  [91mstale[0m    (poll #1)  order=0b0916ab
  [     64ms]  [92mVISIBLE[0m  (poll #2, X-Cache: MISS)  order=0b0916ab

[96mOrder 477/1000:[0m
  [      5ms]  [91mstale[0m    (poll #1)  order=5b489bc4
  [     65ms]  [92mVISIBLE[0m  (poll #2, X-Cache: MISS)  order=5b489bc4

[96mOrder 478/1000:[0m
  [      5ms]  [91mstale[0m    (poll #1)  order=8b123df2
  [     61ms]  [92mVISIBLE[0m  (poll #2, X-Cache: MISS)  order=8b123df2

[96mOrder 479/1000:[0m
  [      5ms]  [91mstale[0m    (poll #1)  order=8d16df49
  [     64ms]  [92mVISIBLE[0m  (poll #2, X-Cache: MISS)  order=8d16df49

[96mOrder 480/1000:[0m
  [      5ms]  [91mstale[0m    (poll #1)  order=aba20cb3
  [     65ms]  [92mVISIBLE[0m  (poll #2, X-Cache: MISS)  order=aba20cb3

[96mOrder 481/1000:[0m
  [      5ms]  [91mstale[0m    (poll #1)  order=9a970699
  [     66ms]  [92mVISIBLE[0m  (poll #2, X-Cache: MISS)  order=9a970699

[96mOrder 482/1000:[0m
  [      5ms]  [91mstale[0m    (poll #1)  order=645a439c
  [     64ms]  [92mVISIBLE[0m  (poll #2, X-Cache: MISS)  order=645a439c

[96mOrder 483/1000:[0m
  [      5ms]  [91mstale[0m    (poll #1)  order=006e8b72
  [     66ms]  [92mVISIBLE[0m  (poll #2, X-Cache: MISS)  order=006e8b72

[96mOrder 484/1000:[0m
  [      4ms]  [91mstale[0m    (poll #1)  order=9760dced
  [     64ms]  [92mVISIBLE[0m  (poll #2, X-Cache: MISS)  order=9760dced

[96mOrder 485/1000:[0m
  [      4ms]  [91mstale[0m    (poll #1)  order=9b6c241f
  [     63ms]  [92mVISIBLE[0m  (poll #2, X-Cache: MISS)  order=9b6c241f

[96mOrder 486/1000:[0m
  [      4ms]  [91mstale[0m    (poll #1)  order=9017194a
  [     61ms]  [92mVISIBLE[0m  (poll #2, X-Cache: MISS)  order=9017194a

[96mOrder 487/1000:[0m
  [      5ms]  [91mstale[0m    (poll #1)  order=bf074565
  [     64ms]  [92mVISIBLE[0m  (poll #2, X-Cache: MISS)  order=bf074565

[96mOrder 488/1000:[0m
  [      4ms]  [91mstale[0m    (poll #1)  order=483512db
  [     64ms]  [92mVISIBLE[0m  (poll #2, X-Cache: MISS)  order=483512db

[96mOrder 489/1000:[0m
  [      4ms]  [91mstale[0m    (poll #1)  order=0fd82041
  [     60ms]  [92mVISIBLE[0m  (poll #2, X-Cache: MISS)  order=0fd82041

[96mOrder 490/1000:[0m
  [      4ms]  [91mstale[0m    (poll #1)  order=83098880
  [     64ms]  [92mVISIBLE[0m  (poll #2, X-Cache: MISS)  order=83098880

[96mOrder 491/1000:[0m
  [      4ms]  [91mstale[0m    (poll #1)  order=729030fb
  [     60ms]  [92mVISIBLE[0m  (poll #2, X-Cache: MISS)  order=729030fb

[96mOrder 492/1000:[0m
  [      4ms]  [91mstale[0m    (poll #1)  order=eefef75d
  [     64ms]  [92mVISIBLE[0m  (poll #2, X-Cache: MISS)  order=eefef75d

[96mOrder 493/1000:[0m
  [      5ms]  [91mstale[0m    (poll #1)  order=ceba86a3
  [     64ms]  [92mVISIBLE[0m  (poll #2, X-Cache: MISS)  order=ceba86a3

[96mOrder 494/1000:[0m
  [      5ms]  [91mstale[0m    (poll #1)  order=821dc6d3
  [     61ms]  [92mVISIBLE[0m  (poll #2, X-Cache: MISS)  order=821dc6d3

[96mOrder 495/1000:[0m
  [      4ms]  [91mstale[0m    (poll #1)  order=999a5e50
  [     61ms]  [92mVISIBLE[0m  (poll #2, X-Cache: MISS)  order=999a5e50

[96mOrder 496/1000:[0m
  [      4ms]  [91mstale[0m    (poll #1)  order=048b2e96
  [     64ms]  [92mVISIBLE[0m  (poll #2, X-Cache: MISS)  order=048b2e96

[96mOrder 497/1000:[0m
  [      4ms]  [91mstale[0m    (poll #1)  order=a8bd6092
  [     63ms]  [92mVISIBLE[0m  (poll #2, X-Cache: MISS)  order=a8bd6092

[96mOrder 498/1000:[0m
  [      4ms]  [91mstale[0m    (poll #1)  order=373fee0b
  [     63ms]  [92mVISIBLE[0m  (poll #2, X-Cache: MISS)  order=373fee0b

[96mOrder 499/1000:[0m
  [      4ms]  [91mstale[0m    (poll #1)  order=faea9003
  [     64ms]  [92mVISIBLE[0m  (poll #2, X-Cache: MISS)  order=faea9003

[96mOrder 500/1000:[0m
  [      5ms]  [91mstale[0m    (poll #1)  order=f6b6c496
  [     62ms]  [92mVISIBLE[0m  (poll #2, X-Cache: MISS)  order=f6b6c496

[96mOrder 501/1000:[0m
  [      4ms]  [91mstale[0m    (poll #1)  order=1a49ab68
  [     63ms]  [92mVISIBLE[0m  (poll #2, X-Cache: MISS)  order=1a49ab68

[96mOrder 502/1000:[0m
  [      4ms]  [91mstale[0m    (poll #1)  order=76c3fb18
  [     64ms]  [92mVISIBLE[0m  (poll #2, X-Cache: MISS)  order=76c3fb18

[96mOrder 503/1000:[0m
  [      4ms]  [91mstale[0m    (poll #1)  order=fd9c5887
  [     64ms]  [92mVISIBLE[0m  (poll #2, X-Cache: MISS)  order=fd9c5887

[96mOrder 504/1000:[0m
  [      5ms]  [91mstale[0m    (poll #1)  order=16a4aa2f
  [     66ms]  [92mVISIBLE[0m  (poll #2, X-Cache: MISS)  order=16a4aa2f

[96mOrder 505/1000:[0m
  [      4ms]  [91mstale[0m    (poll #1)  order=00569116
  [     62ms]  [92mVISIBLE[0m  (poll #2, X-Cache: MISS)  order=00569116

[96mOrder 506/1000:[0m
  [      4ms]  [91mstale[0m    (poll #1)  order=ebf3078c
  [     64ms]  [92mVISIBLE[0m  (poll #2, X-Cache: MISS)  order=ebf3078c

[96mOrder 507/1000:[0m
  [      5ms]  [91mstale[0m    (poll #1)  order=2b51fc62
  [     60ms]  [92mVISIBLE[0m  (poll #2, X-Cache: MISS)  order=2b51fc62

[96mOrder 508/1000:[0m
  [      4ms]  [91mstale[0m    (poll #1)  order=dbcb383a
  [     64ms]  [92mVISIBLE[0m  (poll #2, X-Cache: MISS)  order=dbcb383a

[96mOrder 509/1000:[0m
  [      5ms]  [91mstale[0m    (poll #1)  order=cce812b0
  [     63ms]  [92mVISIBLE[0m  (poll #2, X-Cache: MISS)  order=cce812b0

[96mOrder 510/1000:[0m
  [      4ms]  [91mstale[0m    (poll #1)  order=ea584b6c
  [     60ms]  [92mVISIBLE[0m  (poll #2, X-Cache: MISS)  order=ea584b6c

[96mOrder 511/1000:[0m
  [      4ms]  [91mstale[0m    (poll #1)  order=eec17ea9
  [     64ms]  [92mVISIBLE[0m  (poll #2, X-Cache: MISS)  order=eec17ea9

[96mOrder 512/1000:[0m
  [      4ms]  [91mstale[0m    (poll #1)  order=a71134fd
  [     64ms]  [92mVISIBLE[0m  (poll #2, X-Cache: MISS)  order=a71134fd

[96mOrder 513/1000:[0m
  [      4ms]  [91mstale[0m    (poll #1)  order=5c58c39d
  [     59ms]  [92mVISIBLE[0m  (poll #2, X-Cache: MISS)  order=5c58c39d

[96mOrder 514/1000:[0m
  [      4ms]  [91mstale[0m    (poll #1)  order=65b605ef
  [     64ms]  [92mVISIBLE[0m  (poll #2, X-Cache: MISS)  order=65b605ef

[96mOrder 515/1000:[0m
  [      4ms]  [91mstale[0m    (poll #1)  order=fee0b30a
  [     61ms]  [92mVISIBLE[0m  (poll #2, X-Cache: MISS)  order=fee0b30a

[96mOrder 516/1000:[0m
  [      4ms]  [91mstale[0m    (poll #1)  order=d046f9bf
  [     59ms]  [92mVISIBLE[0m  (poll #2, X-Cache: MISS)  order=d046f9bf

[96mOrder 517/1000:[0m
  [      4ms]  [91mstale[0m    (poll #1)  order=3d888e2a
  [     65ms]  [92mVISIBLE[0m  (poll #2, X-Cache: MISS)  order=3d888e2a

[96mOrder 518/1000:[0m
  [      4ms]  [91mstale[0m    (poll #1)  order=14aff743
  [     63ms]  [92mVISIBLE[0m  (poll #2, X-Cache: MISS)  order=14aff743

[96mOrder 519/1000:[0m
  [      4ms]  [91mstale[0m    (poll #1)  order=d504415a
  [     65ms]  [92mVISIBLE[0m  (poll #2, X-Cache: MISS)  order=d504415a

[96mOrder 520/1000:[0m
  [      4ms]  [91mstale[0m    (poll #1)  order=4800f52d
  [     64ms]  [92mVISIBLE[0m  (poll #2, X-Cache: MISS)  order=4800f52d

[96mOrder 521/1000:[0m
  [      4ms]  [91mstale[0m    (poll #1)  order=180c722d
  [     64ms]  [92mVISIBLE[0m  (poll #2, X-Cache: MISS)  order=180c722d

[96mOrder 522/1000:[0m
  [      4ms]  [91mstale[0m    (poll #1)  order=5e6f8792
  [     60ms]  [92mVISIBLE[0m  (poll #2, X-Cache: MISS)  order=5e6f8792

[96mOrder 523/1000:[0m
  [      4ms]  [91mstale[0m    (poll #1)  order=e6240f71
  [     64ms]  [92mVISIBLE[0m  (poll #2, X-Cache: MISS)  order=e6240f71

[96mOrder 524/1000:[0m
  [      4ms]  [91mstale[0m    (poll #1)  order=13b4ee44
  [     65ms]  [92mVISIBLE[0m  (poll #2, X-Cache: MISS)  order=13b4ee44

[96mOrder 525/1000:[0m
  [      5ms]  [91mstale[0m    (poll #1)  order=cb8cc569
  [     64ms]  [92mVISIBLE[0m  (poll #2, X-Cache: MISS)  order=cb8cc569

[96mOrder 526/1000:[0m
  [      4ms]  [91mstale[0m    (poll #1)  order=46765c1d
  [     66ms]  [92mVISIBLE[0m  (poll #2, X-Cache: MISS)  order=46765c1d

[96mOrder 527/1000:[0m
  [      4ms]  [91mstale[0m    (poll #1)  order=fee92ccc
  [     62ms]  [92mVISIBLE[0m  (poll #2, X-Cache: MISS)  order=fee92ccc

[96mOrder 528/1000:[0m
  [      4ms]  [91mstale[0m    (poll #1)  order=aeac10e4
  [     65ms]  [92mVISIBLE[0m  (poll #2, X-Cache: MISS)  order=aeac10e4

[96mOrder 529/1000:[0m
  [      5ms]  [91mstale[0m    (poll #1)  order=43d2d928
  [     65ms]  [92mVISIBLE[0m  (poll #2, X-Cache: MISS)  order=43d2d928

[96mOrder 530/1000:[0m
  [      5ms]  [91mstale[0m    (poll #1)  order=26944a1c
  [     66ms]  [92mVISIBLE[0m  (poll #2, X-Cache: MISS)  order=26944a1c

[96mOrder 531/1000:[0m
  [      4ms]  [91mstale[0m    (poll #1)  order=41c88fba
  [     61ms]  [92mVISIBLE[0m  (poll #2, X-Cache: MISS)  order=41c88fba

[96mOrder 532/1000:[0m
  [      5ms]  [91mstale[0m    (poll #1)  order=daae7ed1
  [     70ms]  [92mVISIBLE[0m  (poll #2, X-Cache: MISS)  order=daae7ed1

[96mOrder 533/1000:[0m
  [     11ms]  [91mstale[0m    (poll #1)  order=89148344
  [     69ms]  [92mVISIBLE[0m  (poll #2, X-Cache: MISS)  order=89148344

[96mOrder 534/1000:[0m
  [      8ms]  [91mstale[0m    (poll #1)  order=8d98db70
  [     66ms]  [92mVISIBLE[0m  (poll #2, X-Cache: MISS)  order=8d98db70

[96mOrder 535/1000:[0m
  [      4ms]  [91mstale[0m    (poll #1)  order=5cc71f24
  [     60ms]  [92mVISIBLE[0m  (poll #2, X-Cache: MISS)  order=5cc71f24

[96mOrder 536/1000:[0m
  [      5ms]  [91mstale[0m    (poll #1)  order=f728679d
  [     61ms]  [92mVISIBLE[0m  (poll #2, X-Cache: MISS)  order=f728679d

[96mOrder 537/1000:[0m
  [      4ms]  [91mstale[0m    (poll #1)  order=37b172ae
  [     63ms]  [92mVISIBLE[0m  (poll #2, X-Cache: MISS)  order=37b172ae

[96mOrder 538/1000:[0m
  [      3ms]  [91mstale[0m    (poll #1)  order=d3976954
  [     63ms]  [92mVISIBLE[0m  (poll #2, X-Cache: MISS)  order=d3976954

[96mOrder 539/1000:[0m
  [      4ms]  [91mstale[0m    (poll #1)  order=35680c68
  [     61ms]  [92mVISIBLE[0m  (poll #2, X-Cache: MISS)  order=35680c68

[96mOrder 540/1000:[0m
  [      4ms]  [91mstale[0m    (poll #1)  order=5fc91b44
  [     64ms]  [92mVISIBLE[0m  (poll #2, X-Cache: MISS)  order=5fc91b44

[96mOrder 541/1000:[0m
  [      4ms]  [91mstale[0m    (poll #1)  order=f06161ed
  [     64ms]  [92mVISIBLE[0m  (poll #2, X-Cache: MISS)  order=f06161ed

[96mOrder 542/1000:[0m
  [      4ms]  [91mstale[0m    (poll #1)  order=b4f8ce3a
  [     61ms]  [92mVISIBLE[0m  (poll #2, X-Cache: MISS)  order=b4f8ce3a

[96mOrder 543/1000:[0m
  [      5ms]  [91mstale[0m    (poll #1)  order=fe17bc3e
  [     65ms]  [92mVISIBLE[0m  (poll #2, X-Cache: MISS)  order=fe17bc3e

[96mOrder 544/1000:[0m
  [      3ms]  [91mstale[0m    (poll #1)  order=fa87c89a
  [     60ms]  [92mVISIBLE[0m  (poll #2, X-Cache: MISS)  order=fa87c89a

[96mOrder 545/1000:[0m
  [      3ms]  [91mstale[0m    (poll #1)  order=1a0f6a5e
  [     61ms]  [92mVISIBLE[0m  (poll #2, X-Cache: MISS)  order=1a0f6a5e

[96mOrder 546/1000:[0m
  [     11ms]  [91mstale[0m    (poll #1)  order=6ab06aab
  [     75ms]  [92mVISIBLE[0m  (poll #2, X-Cache: MISS)  order=6ab06aab

[96mOrder 547/1000:[0m
  [      3ms]  [91mstale[0m    (poll #1)  order=8a69fa76
  [     64ms]  [92mVISIBLE[0m  (poll #2, X-Cache: MISS)  order=8a69fa76

[96mOrder 548/1000:[0m
  [      3ms]  [91mstale[0m    (poll #1)  order=a6a1c938
  [     57ms]  [92mVISIBLE[0m  (poll #2, X-Cache: MISS)  order=a6a1c938

[96mOrder 549/1000:[0m
  [      3ms]  [91mstale[0m    (poll #1)  order=23d571ef
  [     59ms]  [92mVISIBLE[0m  (poll #2, X-Cache: MISS)  order=23d571ef

[96mOrder 550/1000:[0m
  [      4ms]  [91mstale[0m    (poll #1)  order=900d71d6
  [     63ms]  [92mVISIBLE[0m  (poll #2, X-Cache: MISS)  order=900d71d6

[96mOrder 551/1000:[0m
  [      4ms]  [91mstale[0m    (poll #1)  order=2bc614df
  [     61ms]  [92mVISIBLE[0m  (poll #2, X-Cache: MISS)  order=2bc614df

[96mOrder 552/1000:[0m
  [      4ms]  [91mstale[0m    (poll #1)  order=d51c940a
  [     61ms]  [92mVISIBLE[0m  (poll #2, X-Cache: MISS)  order=d51c940a

[96mOrder 553/1000:[0m
  [      5ms]  [91mstale[0m    (poll #1)  order=ede0abd8
  [     65ms]  [92mVISIBLE[0m  (poll #2, X-Cache: MISS)  order=ede0abd8

[96mOrder 554/1000:[0m
  [      4ms]  [91mstale[0m    (poll #1)  order=9d65293c
  [     60ms]  [92mVISIBLE[0m  (poll #2, X-Cache: MISS)  order=9d65293c

[96mOrder 555/1000:[0m
  [      4ms]  [91mstale[0m    (poll #1)  order=91ece355
  [     64ms]  [92mVISIBLE[0m  (poll #2, X-Cache: MISS)  order=91ece355

[96mOrder 556/1000:[0m
  [      4ms]  [91mstale[0m    (poll #1)  order=36cc13d5
  [     65ms]  [92mVISIBLE[0m  (poll #2, X-Cache: MISS)  order=36cc13d5

[96mOrder 557/1000:[0m
  [      5ms]  [91mstale[0m    (poll #1)  order=7fa53d4a
  [     60ms]  [92mVISIBLE[0m  (poll #2, X-Cache: MISS)  order=7fa53d4a

[96mOrder 558/1000:[0m
  [      5ms]  [91mstale[0m    (poll #1)  order=9b2eb15c
  [     61ms]  [92mVISIBLE[0m  (poll #2, X-Cache: MISS)  order=9b2eb15c

[96mOrder 559/1000:[0m
  [      5ms]  [91mstale[0m    (poll #1)  order=ba50098a
  [     65ms]  [92mVISIBLE[0m  (poll #2, X-Cache: MISS)  order=ba50098a

[96mOrder 560/1000:[0m
  [      4ms]  [91mstale[0m    (poll #1)  order=777d65f8
  [     63ms]  [92mVISIBLE[0m  (poll #2, X-Cache: MISS)  order=777d65f8

[96mOrder 561/1000:[0m
  [      4ms]  [91mstale[0m    (poll #1)  order=10a4c0d6
  [     62ms]  [92mVISIBLE[0m  (poll #2, X-Cache: MISS)  order=10a4c0d6

[96mOrder 562/1000:[0m
  [      6ms]  [91mstale[0m    (poll #1)  order=52c2fb1b
  [     64ms]  [92mVISIBLE[0m  (poll #2, X-Cache: MISS)  order=52c2fb1b

[96mOrder 563/1000:[0m
  [      4ms]  [91mstale[0m    (poll #1)  order=be294150
  [     64ms]  [92mVISIBLE[0m  (poll #2, X-Cache: MISS)  order=be294150

[96mOrder 564/1000:[0m
  [      3ms]  [91mstale[0m    (poll #1)  order=eddcd3f5
  [     59ms]  [92mVISIBLE[0m  (poll #2, X-Cache: MISS)  order=eddcd3f5

[96mOrder 565/1000:[0m
  [      4ms]  [91mstale[0m    (poll #1)  order=1f825dac
  [     61ms]  [92mVISIBLE[0m  (poll #2, X-Cache: MISS)  order=1f825dac

[96mOrder 566/1000:[0m
  [      4ms]  [91mstale[0m    (poll #1)  order=b48c6488
  [     60ms]  [92mVISIBLE[0m  (poll #2, X-Cache: MISS)  order=b48c6488

[96mOrder 567/1000:[0m
  [      4ms]  [91mstale[0m    (poll #1)  order=1c536063
  [     63ms]  [92mVISIBLE[0m  (poll #2, X-Cache: MISS)  order=1c536063

[96mOrder 568/1000:[0m
  [      4ms]  [91mstale[0m    (poll #1)  order=3061440f
  [     62ms]  [92mVISIBLE[0m  (poll #2, X-Cache: MISS)  order=3061440f

[96mOrder 569/1000:[0m
  [      4ms]  [91mstale[0m    (poll #1)  order=3abbb19b
  [     64ms]  [92mVISIBLE[0m  (poll #2, X-Cache: MISS)  order=3abbb19b

[96mOrder 570/1000:[0m
  [      4ms]  [91mstale[0m    (poll #1)  order=d4606b8f
  [    106ms]  [92mVISIBLE[0m  (poll #2, X-Cache: MISS)  order=d4606b8f

[96mOrder 571/1000:[0m
  [      3ms]  [91mstale[0m    (poll #1)  order=c656fa1f
  [     57ms]  [92mVISIBLE[0m  (poll #2, X-Cache: MISS)  order=c656fa1f

[96mOrder 572/1000:[0m
  [      3ms]  [91mstale[0m    (poll #1)  order=54703fae
  [     63ms]  [92mVISIBLE[0m  (poll #2, X-Cache: MISS)  order=54703fae

[96mOrder 573/1000:[0m
  [      5ms]  [91mstale[0m    (poll #1)  order=ddc1170b
  [     61ms]  [92mVISIBLE[0m  (poll #2, X-Cache: MISS)  order=ddc1170b

[96mOrder 574/1000:[0m
  [      4ms]  [91mstale[0m    (poll #1)  order=8af9c6d8
  [     64ms]  [92mVISIBLE[0m  (poll #2, X-Cache: MISS)  order=8af9c6d8

[96mOrder 575/1000:[0m
  [      3ms]  [91mstale[0m    (poll #1)  order=293a6acd
  [     58ms]  [92mVISIBLE[0m  (poll #2, X-Cache: MISS)  order=293a6acd

[96mOrder 576/1000:[0m
  [      3ms]  [91mstale[0m    (poll #1)  order=ef8fe397
  [     58ms]  [92mVISIBLE[0m  (poll #2, X-Cache: MISS)  order=ef8fe397

[96mOrder 577/1000:[0m
  [      3ms]  [91mstale[0m    (poll #1)  order=973a526e
  [     63ms]  [92mVISIBLE[0m  (poll #2, X-Cache: MISS)  order=973a526e

[96mOrder 578/1000:[0m
  [      3ms]  [91mstale[0m    (poll #1)  order=bf6825db
  [     59ms]  [92mVISIBLE[0m  (poll #2, X-Cache: MISS)  order=bf6825db

[96mOrder 579/1000:[0m
  [      3ms]  [91mstale[0m    (poll #1)  order=4e5c2434
  [     60ms]  [92mVISIBLE[0m  (poll #2, X-Cache: MISS)  order=4e5c2434

[96mOrder 580/1000:[0m
  [      4ms]  [91mstale[0m    (poll #1)  order=2dfdc4a6
  [     60ms]  [92mVISIBLE[0m  (poll #2, X-Cache: MISS)  order=2dfdc4a6

[96mOrder 581/1000:[0m
  [      4ms]  [91mstale[0m    (poll #1)  order=814e9967
  [     63ms]  [92mVISIBLE[0m  (poll #2, X-Cache: MISS)  order=814e9967

[96mOrder 582/1000:[0m
  [      6ms]  [91mstale[0m    (poll #1)  order=a8a9e98a
  [     67ms]  [92mVISIBLE[0m  (poll #2, X-Cache: MISS)  order=a8a9e98a

[96mOrder 583/1000:[0m
  [      8ms]  [91mstale[0m    (poll #1)  order=d356dc02
  [     68ms]  [92mVISIBLE[0m  (poll #2, X-Cache: MISS)  order=d356dc02

[96mOrder 584/1000:[0m
  [      4ms]  [91mstale[0m    (poll #1)  order=03afe4af
  [     61ms]  [92mVISIBLE[0m  (poll #2, X-Cache: MISS)  order=03afe4af

[96mOrder 585/1000:[0m
  [      4ms]  [91mstale[0m    (poll #1)  order=69b6dbe4
  [     62ms]  [92mVISIBLE[0m  (poll #2, X-Cache: MISS)  order=69b6dbe4

[96mOrder 586/1000:[0m
  [      3ms]  [91mstale[0m    (poll #1)  order=c7d3f11f
  [     62ms]  [92mVISIBLE[0m  (poll #2, X-Cache: MISS)  order=c7d3f11f

[96mOrder 587/1000:[0m
  [      4ms]  [91mstale[0m    (poll #1)  order=b1334b8c
  [     64ms]  [92mVISIBLE[0m  (poll #2, X-Cache: MISS)  order=b1334b8c

[96mOrder 588/1000:[0m
  [      4ms]  [91mstale[0m    (poll #1)  order=209905db
  [     59ms]  [92mVISIBLE[0m  (poll #2, X-Cache: MISS)  order=209905db

[96mOrder 589/1000:[0m
  [      4ms]  [91mstale[0m    (poll #1)  order=5bec8429
  [     59ms]  [92mVISIBLE[0m  (poll #2, X-Cache: MISS)  order=5bec8429

[96mOrder 590/1000:[0m
  [      4ms]  [91mstale[0m    (poll #1)  order=cd7bf3ab
  [     61ms]  [92mVISIBLE[0m  (poll #2, X-Cache: MISS)  order=cd7bf3ab

[96mOrder 591/1000:[0m
  [      4ms]  [91mstale[0m    (poll #1)  order=dd16049b
  [     59ms]  [92mVISIBLE[0m  (poll #2, X-Cache: MISS)  order=dd16049b

[96mOrder 592/1000:[0m
  [      4ms]  [91mstale[0m    (poll #1)  order=f1dad7c8
  [     60ms]  [92mVISIBLE[0m  (poll #2, X-Cache: MISS)  order=f1dad7c8

[96mOrder 593/1000:[0m
  [      4ms]  [91mstale[0m    (poll #1)  order=785c8982
  [     64ms]  [92mVISIBLE[0m  (poll #2, X-Cache: MISS)  order=785c8982

[96mOrder 594/1000:[0m
  [      4ms]  [91mstale[0m    (poll #1)  order=ef3f8f78
  [     62ms]  [92mVISIBLE[0m  (poll #2, X-Cache: MISS)  order=ef3f8f78

[96mOrder 595/1000:[0m
  [      5ms]  [91mstale[0m    (poll #1)  order=8bb0e3ed
  [     61ms]  [92mVISIBLE[0m  (poll #2, X-Cache: MISS)  order=8bb0e3ed

[96mOrder 596/1000:[0m
  [      4ms]  [91mstale[0m    (poll #1)  order=b8155be5
  [     64ms]  [92mVISIBLE[0m  (poll #2, X-Cache: MISS)  order=b8155be5

[96mOrder 597/1000:[0m
  [      4ms]  [91mstale[0m    (poll #1)  order=c36f4cbf
  [     65ms]  [92mVISIBLE[0m  (poll #2, X-Cache: MISS)  order=c36f4cbf

[96mOrder 598/1000:[0m
  [      4ms]  [91mstale[0m    (poll #1)  order=2764428d
  [     63ms]  [92mVISIBLE[0m  (poll #2, X-Cache: MISS)  order=2764428d

[96mOrder 599/1000:[0m
  [      4ms]  [91mstale[0m    (poll #1)  order=b53eb815
  [     65ms]  [92mVISIBLE[0m  (poll #2, X-Cache: MISS)  order=b53eb815

[96mOrder 600/1000:[0m
  [      6ms]  [91mstale[0m    (poll #1)  order=c0dfbdac
  [     67ms]  [92mVISIBLE[0m  (poll #2, X-Cache: MISS)  order=c0dfbdac

[96mOrder 601/1000:[0m
  [      5ms]  [91mstale[0m    (poll #1)  order=0bacc344
  [     61ms]  [92mVISIBLE[0m  (poll #2, X-Cache: MISS)  order=0bacc344

[96mOrder 602/1000:[0m
  [      5ms]  [91mstale[0m    (poll #1)  order=fb4e51ff
  [     63ms]  [92mVISIBLE[0m  (poll #2, X-Cache: MISS)  order=fb4e51ff

[96mOrder 603/1000:[0m
  [      4ms]  [91mstale[0m    (poll #1)  order=39d290bd
  [     59ms]  [92mVISIBLE[0m  (poll #2, X-Cache: MISS)  order=39d290bd

[96mOrder 604/1000:[0m
  [      5ms]  [91mstale[0m    (poll #1)  order=ce04bf45
  [     66ms]  [92mVISIBLE[0m  (poll #2, X-Cache: MISS)  order=ce04bf45

[96mOrder 605/1000:[0m
  [      3ms]  [91mstale[0m    (poll #1)  order=ba631cc9
  [     60ms]  [92mVISIBLE[0m  (poll #2, X-Cache: MISS)  order=ba631cc9

[96mOrder 606/1000:[0m
  [      4ms]  [91mstale[0m    (poll #1)  order=4eb24c2e
  [     60ms]  [92mVISIBLE[0m  (poll #2, X-Cache: MISS)  order=4eb24c2e

[96mOrder 607/1000:[0m
  [      4ms]  [91mstale[0m    (poll #1)  order=fc2a6607
  [     60ms]  [92mVISIBLE[0m  (poll #2, X-Cache: MISS)  order=fc2a6607

[96mOrder 608/1000:[0m
  [      3ms]  [91mstale[0m    (poll #1)  order=dd17c5d0
  [     64ms]  [92mVISIBLE[0m  (poll #2, X-Cache: MISS)  order=dd17c5d0

[96mOrder 609/1000:[0m
  [      4ms]  [91mstale[0m    (poll #1)  order=56141a3a
  [     61ms]  [92mVISIBLE[0m  (poll #2, X-Cache: MISS)  order=56141a3a

[96mOrder 610/1000:[0m
  [      4ms]  [91mstale[0m    (poll #1)  order=cdd73aca
  [     63ms]  [92mVISIBLE[0m  (poll #2, X-Cache: MISS)  order=cdd73aca

[96mOrder 611/1000:[0m
  [      4ms]  [91mstale[0m    (poll #1)  order=13cb3bb3
  [     64ms]  [92mVISIBLE[0m  (poll #2, X-Cache: MISS)  order=13cb3bb3

[96mOrder 612/1000:[0m
  [      4ms]  [91mstale[0m    (poll #1)  order=9ff95426
  [     61ms]  [92mVISIBLE[0m  (poll #2, X-Cache: MISS)  order=9ff95426

[96mOrder 613/1000:[0m
  [      5ms]  [91mstale[0m    (poll #1)  order=3608aa1a
  [     61ms]  [92mVISIBLE[0m  (poll #2, X-Cache: MISS)  order=3608aa1a

[96mOrder 614/1000:[0m
  [      4ms]  [91mstale[0m    (poll #1)  order=fef5d589
  [     65ms]  [92mVISIBLE[0m  (poll #2, X-Cache: MISS)  order=fef5d589

[96mOrder 615/1000:[0m
  [      4ms]  [91mstale[0m    (poll #1)  order=09c4a430
  [     65ms]  [92mVISIBLE[0m  (poll #2, X-Cache: MISS)  order=09c4a430

[96mOrder 616/1000:[0m
  [      4ms]  [91mstale[0m    (poll #1)  order=6738f914
  [     60ms]  [92mVISIBLE[0m  (poll #2, X-Cache: MISS)  order=6738f914

[96mOrder 617/1000:[0m
  [      4ms]  [91mstale[0m    (poll #1)  order=641cd08e
  [     60ms]  [92mVISIBLE[0m  (poll #2, X-Cache: MISS)  order=641cd08e

[96mOrder 618/1000:[0m
  [      5ms]  [91mstale[0m    (poll #1)  order=3bb1b9f7
  [     65ms]  [92mVISIBLE[0m  (poll #2, X-Cache: MISS)  order=3bb1b9f7

[96mOrder 619/1000:[0m
  [      4ms]  [91mstale[0m    (poll #1)  order=659ba465
  [     62ms]  [92mVISIBLE[0m  (poll #2, X-Cache: MISS)  order=659ba465

[96mOrder 620/1000:[0m
  [      4ms]  [91mstale[0m    (poll #1)  order=d6c24a62
  [     61ms]  [92mVISIBLE[0m  (poll #2, X-Cache: MISS)  order=d6c24a62

[96mOrder 621/1000:[0m
  [      4ms]  [91mstale[0m    (poll #1)  order=f42cdca9
  [     65ms]  [92mVISIBLE[0m  (poll #2, X-Cache: MISS)  order=f42cdca9

[96mOrder 622/1000:[0m
  [      4ms]  [91mstale[0m    (poll #1)  order=57089476
  [     60ms]  [92mVISIBLE[0m  (poll #2, X-Cache: MISS)  order=57089476

[96mOrder 623/1000:[0m
  [      4ms]  [91mstale[0m    (poll #1)  order=921fd67f
  [     62ms]  [92mVISIBLE[0m  (poll #2, X-Cache: MISS)  order=921fd67f

[96mOrder 624/1000:[0m
  [      5ms]  [91mstale[0m    (poll #1)  order=08de045d
  [     68ms]  [92mVISIBLE[0m  (poll #2, X-Cache: MISS)  order=08de045d

[96mOrder 625/1000:[0m
  [      6ms]  [91mstale[0m    (poll #1)  order=0dcd67e8
  [     62ms]  [92mVISIBLE[0m  (poll #2, X-Cache: MISS)  order=0dcd67e8

[96mOrder 626/1000:[0m
  [      4ms]  [91mstale[0m    (poll #1)  order=b7a0c510
  [     62ms]  [92mVISIBLE[0m  (poll #2, X-Cache: MISS)  order=b7a0c510

[96mOrder 627/1000:[0m
  [      4ms]  [91mstale[0m    (poll #1)  order=b33a6c27
  [     60ms]  [92mVISIBLE[0m  (poll #2, X-Cache: MISS)  order=b33a6c27

[96mOrder 628/1000:[0m
  [      4ms]  [91mstale[0m    (poll #1)  order=a8b80dcd
  [     60ms]  [92mVISIBLE[0m  (poll #2, X-Cache: MISS)  order=a8b80dcd

[96mOrder 629/1000:[0m
  [      4ms]  [91mstale[0m    (poll #1)  order=16bd7bf8
  [     63ms]  [92mVISIBLE[0m  (poll #2, X-Cache: MISS)  order=16bd7bf8

[96mOrder 630/1000:[0m
  [      5ms]  [91mstale[0m    (poll #1)  order=e21342e8
  [     63ms]  [92mVISIBLE[0m  (poll #2, X-Cache: MISS)  order=e21342e8

[96mOrder 631/1000:[0m
  [      4ms]  [91mstale[0m    (poll #1)  order=b9df537a
  [     64ms]  [92mVISIBLE[0m  (poll #2, X-Cache: MISS)  order=b9df537a

[96mOrder 632/1000:[0m
  [      5ms]  [91mstale[0m    (poll #1)  order=be978f02
  [     66ms]  [92mVISIBLE[0m  (poll #2, X-Cache: MISS)  order=be978f02

[96mOrder 633/1000:[0m
  [      4ms]  [91mstale[0m    (poll #1)  order=5846b17d
  [     59ms]  [92mVISIBLE[0m  (poll #2, X-Cache: MISS)  order=5846b17d

[96mOrder 634/1000:[0m
  [      4ms]  [91mstale[0m    (poll #1)  order=e321a4dd
  [     63ms]  [92mVISIBLE[0m  (poll #2, X-Cache: MISS)  order=e321a4dd

[96mOrder 635/1000:[0m
  [      4ms]  [91mstale[0m    (poll #1)  order=1522a4b0
  [     61ms]  [92mVISIBLE[0m  (poll #2, X-Cache: MISS)  order=1522a4b0

[96mOrder 636/1000:[0m
  [      4ms]  [91mstale[0m    (poll #1)  order=79da72fa
  [     63ms]  [92mVISIBLE[0m  (poll #2, X-Cache: MISS)  order=79da72fa

[96mOrder 637/1000:[0m
  [      4ms]  [91mstale[0m    (poll #1)  order=f1609fec
  [     64ms]  [92mVISIBLE[0m  (poll #2, X-Cache: MISS)  order=f1609fec

[96mOrder 638/1000:[0m
  [     17ms]  [92mVISIBLE[0m  (poll #1, X-Cache: MISS)  order=5f4e3ab5

[96mOrder 639/1000:[0m
  [      8ms]  [91mstale[0m    (poll #1)  order=c942125b
  [     64ms]  [92mVISIBLE[0m  (poll #2, X-Cache: MISS)  order=c942125b

[96mOrder 640/1000:[0m
  [      3ms]  [91mstale[0m    (poll #1)  order=c3c058f9
  [     61ms]  [92mVISIBLE[0m  (poll #2, X-Cache: MISS)  order=c3c058f9

[96mOrder 641/1000:[0m
  [      4ms]  [91mstale[0m    (poll #1)  order=5ef9c0ce
  [     62ms]  [92mVISIBLE[0m  (poll #2, X-Cache: MISS)  order=5ef9c0ce

[96mOrder 642/1000:[0m
  [      3ms]  [91mstale[0m    (poll #1)  order=2164175e
  [     63ms]  [92mVISIBLE[0m  (poll #2, X-Cache: MISS)  order=2164175e

[96mOrder 643/1000:[0m
  [      3ms]  [91mstale[0m    (poll #1)  order=b961a16b
  [     63ms]  [92mVISIBLE[0m  (poll #2, X-Cache: MISS)  order=b961a16b

[96mOrder 644/1000:[0m
  [      4ms]  [91mstale[0m    (poll #1)  order=51540d2d
  [     60ms]  [92mVISIBLE[0m  (poll #2, X-Cache: MISS)  order=51540d2d

[96mOrder 645/1000:[0m
  [      5ms]  [91mstale[0m    (poll #1)  order=6d154488
  [     61ms]  [92mVISIBLE[0m  (poll #2, X-Cache: MISS)  order=6d154488

[96mOrder 646/1000:[0m
  [      4ms]  [91mstale[0m    (poll #1)  order=83f8406d
  [     60ms]  [92mVISIBLE[0m  (poll #2, X-Cache: MISS)  order=83f8406d

[96mOrder 647/1000:[0m
  [      4ms]  [91mstale[0m    (poll #1)  order=b9515a34
  [     61ms]  [92mVISIBLE[0m  (poll #2, X-Cache: MISS)  order=b9515a34

[96mOrder 648/1000:[0m
  [      4ms]  [91mstale[0m    (poll #1)  order=ac279e1d
  [     64ms]  [92mVISIBLE[0m  (poll #2, X-Cache: MISS)  order=ac279e1d

[96mOrder 649/1000:[0m
  [      5ms]  [91mstale[0m    (poll #1)  order=66301174
  [     65ms]  [92mVISIBLE[0m  (poll #2, X-Cache: MISS)  order=66301174

[96mOrder 650/1000:[0m
  [      6ms]  [91mstale[0m    (poll #1)  order=7de538ac
  [     64ms]  [92mVISIBLE[0m  (poll #2, X-Cache: MISS)  order=7de538ac

[96mOrder 651/1000:[0m
  [      5ms]  [91mstale[0m    (poll #1)  order=fad391a0
  [     63ms]  [92mVISIBLE[0m  (poll #2, X-Cache: MISS)  order=fad391a0

[96mOrder 652/1000:[0m
  [      5ms]  [91mstale[0m    (poll #1)  order=d492dac8
  [     65ms]  [92mVISIBLE[0m  (poll #2, X-Cache: MISS)  order=d492dac8

[96mOrder 653/1000:[0m
  [      5ms]  [91mstale[0m    (poll #1)  order=a897517b
  [     65ms]  [92mVISIBLE[0m  (poll #2, X-Cache: MISS)  order=a897517b

[96mOrder 654/1000:[0m
  [      4ms]  [91mstale[0m    (poll #1)  order=c5eeb7e6
  [     64ms]  [92mVISIBLE[0m  (poll #2, X-Cache: MISS)  order=c5eeb7e6

[96mOrder 655/1000:[0m
  [      4ms]  [91mstale[0m    (poll #1)  order=bb146fd5
  [     61ms]  [92mVISIBLE[0m  (poll #2, X-Cache: MISS)  order=bb146fd5

[96mOrder 656/1000:[0m
  [      5ms]  [91mstale[0m    (poll #1)  order=094b81a7
  [     61ms]  [92mVISIBLE[0m  (poll #2, X-Cache: MISS)  order=094b81a7

[96mOrder 657/1000:[0m
  [      4ms]  [91mstale[0m    (poll #1)  order=faa96161
  [     61ms]  [92mVISIBLE[0m  (poll #2, X-Cache: MISS)  order=faa96161

[96mOrder 658/1000:[0m
  [      4ms]  [91mstale[0m    (poll #1)  order=1cbcd8de
  [     62ms]  [92mVISIBLE[0m  (poll #2, X-Cache: MISS)  order=1cbcd8de

[96mOrder 659/1000:[0m
  [      4ms]  [91mstale[0m    (poll #1)  order=418557bc
  [     63ms]  [92mVISIBLE[0m  (poll #2, X-Cache: MISS)  order=418557bc

[96mOrder 660/1000:[0m
  [      3ms]  [91mstale[0m    (poll #1)  order=21c73b44
  [     58ms]  [92mVISIBLE[0m  (poll #2, X-Cache: MISS)  order=21c73b44

[96mOrder 661/1000:[0m
  [      4ms]  [91mstale[0m    (poll #1)  order=73a97de2
  [     61ms]  [92mVISIBLE[0m  (poll #2, X-Cache: MISS)  order=73a97de2

[96mOrder 662/1000:[0m
  [      4ms]  [91mstale[0m    (poll #1)  order=30c91333
  [     61ms]  [92mVISIBLE[0m  (poll #2, X-Cache: MISS)  order=30c91333

[96mOrder 663/1000:[0m
  [      4ms]  [91mstale[0m    (poll #1)  order=ad73f6d7
  [     61ms]  [92mVISIBLE[0m  (poll #2, X-Cache: MISS)  order=ad73f6d7

[96mOrder 664/1000:[0m
  [      4ms]  [91mstale[0m    (poll #1)  order=2d137176
  [     63ms]  [92mVISIBLE[0m  (poll #2, X-Cache: MISS)  order=2d137176

[96mOrder 665/1000:[0m
  [      4ms]  [91mstale[0m    (poll #1)  order=9bdc0d88
  [     62ms]  [92mVISIBLE[0m  (poll #2, X-Cache: MISS)  order=9bdc0d88

[96mOrder 666/1000:[0m
  [      4ms]  [91mstale[0m    (poll #1)  order=78f109a0
  [     59ms]  [92mVISIBLE[0m  (poll #2, X-Cache: MISS)  order=78f109a0

[96mOrder 667/1000:[0m
  [      4ms]  [91mstale[0m    (poll #1)  order=df1986b2
  [     64ms]  [92mVISIBLE[0m  (poll #2, X-Cache: MISS)  order=df1986b2

[96mOrder 668/1000:[0m
  [      4ms]  [91mstale[0m    (poll #1)  order=1919adf7
  [     64ms]  [92mVISIBLE[0m  (poll #2, X-Cache: MISS)  order=1919adf7

[96mOrder 669/1000:[0m
  [      4ms]  [91mstale[0m    (poll #1)  order=d208b3bb
  [     63ms]  [92mVISIBLE[0m  (poll #2, X-Cache: MISS)  order=d208b3bb

[96mOrder 670/1000:[0m
  [      6ms]  [91mstale[0m    (poll #1)  order=d3f8654a
  [     69ms]  [92mVISIBLE[0m  (poll #2, X-Cache: MISS)  order=d3f8654a

[96mOrder 671/1000:[0m
  [      5ms]  [91mstale[0m    (poll #1)  order=16eb5b7c
  [     62ms]  [92mVISIBLE[0m  (poll #2, X-Cache: MISS)  order=16eb5b7c

[96mOrder 672/1000:[0m
  [      5ms]  [91mstale[0m    (poll #1)  order=b1ad894e
  [     61ms]  [92mVISIBLE[0m  (poll #2, X-Cache: MISS)  order=b1ad894e

[96mOrder 673/1000:[0m
  [      6ms]  [91mstale[0m    (poll #1)  order=f8950834
  [     67ms]  [92mVISIBLE[0m  (poll #2, X-Cache: MISS)  order=f8950834

[96mOrder 674/1000:[0m
  [      5ms]  [91mstale[0m    (poll #1)  order=a2349818
  [     62ms]  [92mVISIBLE[0m  (poll #2, X-Cache: MISS)  order=a2349818

[96mOrder 675/1000:[0m
  [      4ms]  [91mstale[0m    (poll #1)  order=e1163577
  [     59ms]  [92mVISIBLE[0m  (poll #2, X-Cache: MISS)  order=e1163577

[96mOrder 676/1000:[0m
  [      4ms]  [91mstale[0m    (poll #1)  order=b171a88e
  [     62ms]  [92mVISIBLE[0m  (poll #2, X-Cache: MISS)  order=b171a88e

[96mOrder 677/1000:[0m
  [      4ms]  [91mstale[0m    (poll #1)  order=5f1f8b25
  [     63ms]  [92mVISIBLE[0m  (poll #2, X-Cache: MISS)  order=5f1f8b25

[96mOrder 678/1000:[0m
  [      3ms]  [91mstale[0m    (poll #1)  order=4682342c
  [     61ms]  [92mVISIBLE[0m  (poll #2, X-Cache: MISS)  order=4682342c

[96mOrder 679/1000:[0m
  [      3ms]  [91mstale[0m    (poll #1)  order=e38814e2
  [     59ms]  [92mVISIBLE[0m  (poll #2, X-Cache: MISS)  order=e38814e2

[96mOrder 680/1000:[0m
  [      4ms]  [91mstale[0m    (poll #1)  order=fbf2a5dc
  [     62ms]  [92mVISIBLE[0m  (poll #2, X-Cache: MISS)  order=fbf2a5dc

[96mOrder 681/1000:[0m
  [      4ms]  [91mstale[0m    (poll #1)  order=ff898e24
  [     60ms]  [92mVISIBLE[0m  (poll #2, X-Cache: MISS)  order=ff898e24

[96mOrder 682/1000:[0m
  [      5ms]  [91mstale[0m    (poll #1)  order=34ed0055
  [     63ms]  [92mVISIBLE[0m  (poll #2, X-Cache: MISS)  order=34ed0055

[96mOrder 683/1000:[0m
  [      4ms]  [91mstale[0m    (poll #1)  order=48eed705
  [     59ms]  [92mVISIBLE[0m  (poll #2, X-Cache: MISS)  order=48eed705

[96mOrder 684/1000:[0m
  [      4ms]  [91mstale[0m    (poll #1)  order=1aa809a2
  [     59ms]  [92mVISIBLE[0m  (poll #2, X-Cache: MISS)  order=1aa809a2

[96mOrder 685/1000:[0m
  [      4ms]  [91mstale[0m    (poll #1)  order=951fecfa
  [     60ms]  [92mVISIBLE[0m  (poll #2, X-Cache: MISS)  order=951fecfa

[96mOrder 686/1000:[0m
  [      4ms]  [91mstale[0m    (poll #1)  order=095f84f8
  [     65ms]  [92mVISIBLE[0m  (poll #2, X-Cache: MISS)  order=095f84f8

[96mOrder 687/1000:[0m
  [      4ms]  [91mstale[0m    (poll #1)  order=73d62773
  [     58ms]  [92mVISIBLE[0m  (poll #2, X-Cache: MISS)  order=73d62773

[96mOrder 688/1000:[0m
  [      4ms]  [91mstale[0m    (poll #1)  order=03e330a9
  [     60ms]  [92mVISIBLE[0m  (poll #2, X-Cache: MISS)  order=03e330a9

[96mOrder 689/1000:[0m
  [      3ms]  [91mstale[0m    (poll #1)  order=7f628a9a
  [     62ms]  [92mVISIBLE[0m  (poll #2, X-Cache: MISS)  order=7f628a9a

[96mOrder 690/1000:[0m
  [      4ms]  [91mstale[0m    (poll #1)  order=f88ef01f
  [     61ms]  [92mVISIBLE[0m  (poll #2, X-Cache: MISS)  order=f88ef01f

[96mOrder 691/1000:[0m
  [      4ms]  [91mstale[0m    (poll #1)  order=a7d13467
  [     59ms]  [92mVISIBLE[0m  (poll #2, X-Cache: MISS)  order=a7d13467

[96mOrder 692/1000:[0m
  [      4ms]  [91mstale[0m    (poll #1)  order=8378ea84
  [     62ms]  [92mVISIBLE[0m  (poll #2, X-Cache: MISS)  order=8378ea84

[96mOrder 693/1000:[0m
  [      7ms]  [91mstale[0m    (poll #1)  order=47ee5472
  [     65ms]  [92mVISIBLE[0m  (poll #2, X-Cache: MISS)  order=47ee5472

[96mOrder 694/1000:[0m
  [      3ms]  [91mstale[0m    (poll #1)  order=2916496e
  [     62ms]  [92mVISIBLE[0m  (poll #2, X-Cache: MISS)  order=2916496e

[96mOrder 695/1000:[0m
  [      4ms]  [91mstale[0m    (poll #1)  order=c28fb346
  [     61ms]  [92mVISIBLE[0m  (poll #2, X-Cache: MISS)  order=c28fb346

[96mOrder 696/1000:[0m
  [      5ms]  [91mstale[0m    (poll #1)  order=81ae999c
  [     66ms]  [92mVISIBLE[0m  (poll #2, X-Cache: MISS)  order=81ae999c

[96mOrder 697/1000:[0m
  [      5ms]  [91mstale[0m    (poll #1)  order=efc375c2
  [     62ms]  [92mVISIBLE[0m  (poll #2, X-Cache: MISS)  order=efc375c2

[96mOrder 698/1000:[0m
  [      5ms]  [91mstale[0m    (poll #1)  order=051579ca
  [     60ms]  [92mVISIBLE[0m  (poll #2, X-Cache: MISS)  order=051579ca

[96mOrder 699/1000:[0m
  [      4ms]  [91mstale[0m    (poll #1)  order=6a266049
  [     60ms]  [92mVISIBLE[0m  (poll #2, X-Cache: MISS)  order=6a266049

[96mOrder 700/1000:[0m
  [      5ms]  [91mstale[0m    (poll #1)  order=88b7ac24
  [     64ms]  [92mVISIBLE[0m  (poll #2, X-Cache: MISS)  order=88b7ac24

[96mOrder 701/1000:[0m
  [      4ms]  [91mstale[0m    (poll #1)  order=507c2e46
  [     64ms]  [92mVISIBLE[0m  (poll #2, X-Cache: MISS)  order=507c2e46

[96mOrder 702/1000:[0m
  [      5ms]  [91mstale[0m    (poll #1)  order=2630ba21
  [     60ms]  [92mVISIBLE[0m  (poll #2, X-Cache: MISS)  order=2630ba21

[96mOrder 703/1000:[0m
  [      7ms]  [91mstale[0m    (poll #1)  order=3a20a099
  [     70ms]  [92mVISIBLE[0m  (poll #2, X-Cache: MISS)  order=3a20a099

[96mOrder 704/1000:[0m
  [      4ms]  [91mstale[0m    (poll #1)  order=b49540f1
  [     65ms]  [92mVISIBLE[0m  (poll #2, X-Cache: MISS)  order=b49540f1

[96mOrder 705/1000:[0m
  [      5ms]  [91mstale[0m    (poll #1)  order=c86fa6d0
  [     61ms]  [92mVISIBLE[0m  (poll #2, X-Cache: MISS)  order=c86fa6d0

[96mOrder 706/1000:[0m
  [      5ms]  [91mstale[0m    (poll #1)  order=1370d90a
  [     60ms]  [92mVISIBLE[0m  (poll #2, X-Cache: MISS)  order=1370d90a

[96mOrder 707/1000:[0m
  [      4ms]  [91mstale[0m    (poll #1)  order=59feeac7
  [     60ms]  [92mVISIBLE[0m  (poll #2, X-Cache: MISS)  order=59feeac7

[96mOrder 708/1000:[0m
  [      4ms]  [91mstale[0m    (poll #1)  order=0e79abc7
  [     64ms]  [92mVISIBLE[0m  (poll #2, X-Cache: MISS)  order=0e79abc7

[96mOrder 709/1000:[0m
  [      5ms]  [91mstale[0m    (poll #1)  order=33df8e1c
  [     64ms]  [92mVISIBLE[0m  (poll #2, X-Cache: MISS)  order=33df8e1c

[96mOrder 710/1000:[0m
  [      6ms]  [91mstale[0m    (poll #1)  order=7c5313b9
  [     64ms]  [92mVISIBLE[0m  (poll #2, X-Cache: MISS)  order=7c5313b9

[96mOrder 711/1000:[0m
  [      5ms]  [91mstale[0m    (poll #1)  order=a4949eab
  [     65ms]  [92mVISIBLE[0m  (poll #2, X-Cache: MISS)  order=a4949eab

[96mOrder 712/1000:[0m
  [      4ms]  [91mstale[0m    (poll #1)  order=3886da0c
  [     63ms]  [92mVISIBLE[0m  (poll #2, X-Cache: MISS)  order=3886da0c

[96mOrder 713/1000:[0m
  [      3ms]  [91mstale[0m    (poll #1)  order=ca0d7bc3
  [     58ms]  [92mVISIBLE[0m  (poll #2, X-Cache: MISS)  order=ca0d7bc3

[96mOrder 714/1000:[0m
  [      4ms]  [91mstale[0m    (poll #1)  order=32212a57
  [     60ms]  [92mVISIBLE[0m  (poll #2, X-Cache: MISS)  order=32212a57

[96mOrder 715/1000:[0m
  [      4ms]  [91mstale[0m    (poll #1)  order=8f5461cb
  [     60ms]  [92mVISIBLE[0m  (poll #2, X-Cache: MISS)  order=8f5461cb

[96mOrder 716/1000:[0m
  [      5ms]  [91mstale[0m    (poll #1)  order=35b0469f
  [     65ms]  [92mVISIBLE[0m  (poll #2, X-Cache: MISS)  order=35b0469f

[96mOrder 717/1000:[0m
  [      5ms]  [91mstale[0m    (poll #1)  order=8da2ac9e
  [     63ms]  [92mVISIBLE[0m  (poll #2, X-Cache: MISS)  order=8da2ac9e

[96mOrder 718/1000:[0m
  [      5ms]  [91mstale[0m    (poll #1)  order=e533a403
  [     63ms]  [92mVISIBLE[0m  (poll #2, X-Cache: MISS)  order=e533a403

[96mOrder 719/1000:[0m
  [      4ms]  [91mstale[0m    (poll #1)  order=13890f51
  [     62ms]  [92mVISIBLE[0m  (poll #2, X-Cache: MISS)  order=13890f51

[96mOrder 720/1000:[0m
  [      5ms]  [91mstale[0m    (poll #1)  order=4a838f78
  [     61ms]  [92mVISIBLE[0m  (poll #2, X-Cache: MISS)  order=4a838f78

[96mOrder 721/1000:[0m
  [      4ms]  [91mstale[0m    (poll #1)  order=df02d3c8
  [     60ms]  [92mVISIBLE[0m  (poll #2, X-Cache: MISS)  order=df02d3c8

[96mOrder 722/1000:[0m
  [      5ms]  [91mstale[0m    (poll #1)  order=733624d7
  [     63ms]  [92mVISIBLE[0m  (poll #2, X-Cache: MISS)  order=733624d7

[96mOrder 723/1000:[0m
  [      5ms]  [91mstale[0m    (poll #1)  order=e2c4eb89
  [     65ms]  [92mVISIBLE[0m  (poll #2, X-Cache: MISS)  order=e2c4eb89

[96mOrder 724/1000:[0m
  [      5ms]  [91mstale[0m    (poll #1)  order=4f372ead
  [     65ms]  [92mVISIBLE[0m  (poll #2, X-Cache: MISS)  order=4f372ead

[96mOrder 725/1000:[0m
  [      4ms]  [91mstale[0m    (poll #1)  order=b15389b3
  [     61ms]  [92mVISIBLE[0m  (poll #2, X-Cache: MISS)  order=b15389b3

[96mOrder 726/1000:[0m
  [      4ms]  [91mstale[0m    (poll #1)  order=336f39d8
  [     59ms]  [92mVISIBLE[0m  (poll #2, X-Cache: MISS)  order=336f39d8

[96mOrder 727/1000:[0m
  [      4ms]  [91mstale[0m    (poll #1)  order=9e1106f9
  [     60ms]  [92mVISIBLE[0m  (poll #2, X-Cache: MISS)  order=9e1106f9

[96mOrder 728/1000:[0m
  [      8ms]  [91mstale[0m    (poll #1)  order=045530fa
  [     69ms]  [92mVISIBLE[0m  (poll #2, X-Cache: MISS)  order=045530fa

[96mOrder 729/1000:[0m
  [      4ms]  [91mstale[0m    (poll #1)  order=1fe542bb
  [     58ms]  [92mVISIBLE[0m  (poll #2, X-Cache: MISS)  order=1fe542bb

[96mOrder 730/1000:[0m
  [      4ms]  [91mstale[0m    (poll #1)  order=8728933f
  [     63ms]  [92mVISIBLE[0m  (poll #2, X-Cache: MISS)  order=8728933f

[96mOrder 731/1000:[0m
  [      4ms]  [91mstale[0m    (poll #1)  order=95a1fada
  [     65ms]  [92mVISIBLE[0m  (poll #2, X-Cache: MISS)  order=95a1fada

[96mOrder 732/1000:[0m
  [      4ms]  [91mstale[0m    (poll #1)  order=8fe19d89
  [     64ms]  [92mVISIBLE[0m  (poll #2, X-Cache: MISS)  order=8fe19d89

[96mOrder 733/1000:[0m
  [      5ms]  [91mstale[0m    (poll #1)  order=2b3212b6
  [     61ms]  [92mVISIBLE[0m  (poll #2, X-Cache: MISS)  order=2b3212b6

[96mOrder 734/1000:[0m
  [      4ms]  [91mstale[0m    (poll #1)  order=d5495e7c
  [     65ms]  [92mVISIBLE[0m  (poll #2, X-Cache: MISS)  order=d5495e7c

[96mOrder 735/1000:[0m
  [      4ms]  [91mstale[0m    (poll #1)  order=3f5a9d5a
  [     65ms]  [92mVISIBLE[0m  (poll #2, X-Cache: MISS)  order=3f5a9d5a

[96mOrder 736/1000:[0m
  [      5ms]  [91mstale[0m    (poll #1)  order=16ee949b
  [     65ms]  [92mVISIBLE[0m  (poll #2, X-Cache: MISS)  order=16ee949b

[96mOrder 737/1000:[0m
  [      4ms]  [91mstale[0m    (poll #1)  order=f40e26b9
  [     65ms]  [92mVISIBLE[0m  (poll #2, X-Cache: MISS)  order=f40e26b9

[96mOrder 738/1000:[0m
  [      5ms]  [91mstale[0m    (poll #1)  order=ef364591
  [     64ms]  [92mVISIBLE[0m  (poll #2, X-Cache: MISS)  order=ef364591

[96mOrder 739/1000:[0m
  [      5ms]  [91mstale[0m    (poll #1)  order=49ccd465
  [     59ms]  [92mVISIBLE[0m  (poll #2, X-Cache: MISS)  order=49ccd465

[96mOrder 740/1000:[0m
  [      4ms]  [91mstale[0m    (poll #1)  order=dd3b1370
  [     61ms]  [92mVISIBLE[0m  (poll #2, X-Cache: MISS)  order=dd3b1370

[96mOrder 741/1000:[0m
  [      4ms]  [91mstale[0m    (poll #1)  order=3f8e0f89
  [     61ms]  [92mVISIBLE[0m  (poll #2, X-Cache: MISS)  order=3f8e0f89

[96mOrder 742/1000:[0m
  [      5ms]  [91mstale[0m    (poll #1)  order=7b8e5748
  [     64ms]  [92mVISIBLE[0m  (poll #2, X-Cache: MISS)  order=7b8e5748

[96mOrder 743/1000:[0m
  [      4ms]  [91mstale[0m    (poll #1)  order=2462d2b9
  [     59ms]  [92mVISIBLE[0m  (poll #2, X-Cache: MISS)  order=2462d2b9

[96mOrder 744/1000:[0m
  [      4ms]  [91mstale[0m    (poll #1)  order=e8c8ba9d
  [     60ms]  [92mVISIBLE[0m  (poll #2, X-Cache: MISS)  order=e8c8ba9d

[96mOrder 745/1000:[0m
  [      4ms]  [91mstale[0m    (poll #1)  order=d948ad55
  [     64ms]  [92mVISIBLE[0m  (poll #2, X-Cache: MISS)  order=d948ad55

[96mOrder 746/1000:[0m
  [      4ms]  [91mstale[0m    (poll #1)  order=110ec4ea
  [     64ms]  [92mVISIBLE[0m  (poll #2, X-Cache: MISS)  order=110ec4ea

[96mOrder 747/1000:[0m
  [      5ms]  [91mstale[0m    (poll #1)  order=12af3b4c
  [     62ms]  [92mVISIBLE[0m  (poll #2, X-Cache: MISS)  order=12af3b4c

[96mOrder 748/1000:[0m
  [      4ms]  [91mstale[0m    (poll #1)  order=daa444d9
  [     64ms]  [92mVISIBLE[0m  (poll #2, X-Cache: MISS)  order=daa444d9

[96mOrder 749/1000:[0m
  [      4ms]  [91mstale[0m    (poll #1)  order=b852ca2f
  [     61ms]  [92mVISIBLE[0m  (poll #2, X-Cache: MISS)  order=b852ca2f

[96mOrder 750/1000:[0m
  [      4ms]  [91mstale[0m    (poll #1)  order=70ebc83a
  [     63ms]  [92mVISIBLE[0m  (poll #2, X-Cache: MISS)  order=70ebc83a

[96mOrder 751/1000:[0m
  [      4ms]  [91mstale[0m    (poll #1)  order=c2e91d03
  [     64ms]  [92mVISIBLE[0m  (poll #2, X-Cache: MISS)  order=c2e91d03

[96mOrder 752/1000:[0m
  [      5ms]  [91mstale[0m    (poll #1)  order=17fbbe39
  [     60ms]  [92mVISIBLE[0m  (poll #2, X-Cache: MISS)  order=17fbbe39

[96mOrder 753/1000:[0m
  [      4ms]  [91mstale[0m    (poll #1)  order=1f7f1b1f
  [     59ms]  [92mVISIBLE[0m  (poll #2, X-Cache: MISS)  order=1f7f1b1f

[96mOrder 754/1000:[0m
  [      4ms]  [91mstale[0m    (poll #1)  order=4675459a
  [     64ms]  [92mVISIBLE[0m  (poll #2, X-Cache: MISS)  order=4675459a

[96mOrder 755/1000:[0m
  [      5ms]  [91mstale[0m    (poll #1)  order=8523defe
  [     62ms]  [92mVISIBLE[0m  (poll #2, X-Cache: MISS)  order=8523defe

[96mOrder 756/1000:[0m
  [      4ms]  [91mstale[0m    (poll #1)  order=84ca11cc
  [     60ms]  [92mVISIBLE[0m  (poll #2, X-Cache: MISS)  order=84ca11cc

[96mOrder 757/1000:[0m
  [      4ms]  [91mstale[0m    (poll #1)  order=7a15b508
  [     65ms]  [92mVISIBLE[0m  (poll #2, X-Cache: MISS)  order=7a15b508

[96mOrder 758/1000:[0m
  [      4ms]  [91mstale[0m    (poll #1)  order=1dcb486d
  [     60ms]  [92mVISIBLE[0m  (poll #2, X-Cache: MISS)  order=1dcb486d

[96mOrder 759/1000:[0m
  [      4ms]  [91mstale[0m    (poll #1)  order=c79d4952
  [     59ms]  [92mVISIBLE[0m  (poll #2, X-Cache: MISS)  order=c79d4952

[96mOrder 760/1000:[0m
  [      4ms]  [91mstale[0m    (poll #1)  order=7d5041b0
  [     63ms]  [92mVISIBLE[0m  (poll #2, X-Cache: MISS)  order=7d5041b0

[96mOrder 761/1000:[0m
  [      4ms]  [91mstale[0m    (poll #1)  order=02d70bed
  [     60ms]  [92mVISIBLE[0m  (poll #2, X-Cache: MISS)  order=02d70bed

[96mOrder 762/1000:[0m
  [      4ms]  [91mstale[0m    (poll #1)  order=e6e9ce45
  [     62ms]  [92mVISIBLE[0m  (poll #2, X-Cache: MISS)  order=e6e9ce45

[96mOrder 763/1000:[0m
  [      5ms]  [91mstale[0m    (poll #1)  order=d7cdac3c
  [     61ms]  [92mVISIBLE[0m  (poll #2, X-Cache: MISS)  order=d7cdac3c

[96mOrder 764/1000:[0m
  [      4ms]  [91mstale[0m    (poll #1)  order=1d59c76e
  [     64ms]  [92mVISIBLE[0m  (poll #2, X-Cache: MISS)  order=1d59c76e

[96mOrder 765/1000:[0m
  [      5ms]  [91mstale[0m    (poll #1)  order=6986c2da
  [     66ms]  [92mVISIBLE[0m  (poll #2, X-Cache: MISS)  order=6986c2da

[96mOrder 766/1000:[0m
  [      5ms]  [91mstale[0m    (poll #1)  order=ff855508
  [     65ms]  [92mVISIBLE[0m  (poll #2, X-Cache: MISS)  order=ff855508

[96mOrder 767/1000:[0m
  [      4ms]  [91mstale[0m    (poll #1)  order=a3194531
  [     62ms]  [92mVISIBLE[0m  (poll #2, X-Cache: MISS)  order=a3194531

[96mOrder 768/1000:[0m
  [      5ms]  [91mstale[0m    (poll #1)  order=677b9bbf
  [     63ms]  [92mVISIBLE[0m  (poll #2, X-Cache: MISS)  order=677b9bbf

[96mOrder 769/1000:[0m
  [      5ms]  [91mstale[0m    (poll #1)  order=3a08ff46
  [     65ms]  [92mVISIBLE[0m  (poll #2, X-Cache: MISS)  order=3a08ff46

[96mOrder 770/1000:[0m
  [      4ms]  [91mstale[0m    (poll #1)  order=2c5bf2a3
  [     63ms]  [92mVISIBLE[0m  (poll #2, X-Cache: MISS)  order=2c5bf2a3

[96mOrder 771/1000:[0m
  [      5ms]  [91mstale[0m    (poll #1)  order=d55ab23c
  [     66ms]  [92mVISIBLE[0m  (poll #2, X-Cache: MISS)  order=d55ab23c

[96mOrder 772/1000:[0m
  [      5ms]  [91mstale[0m    (poll #1)  order=7bbfea40
  [     65ms]  [92mVISIBLE[0m  (poll #2, X-Cache: MISS)  order=7bbfea40

[96mOrder 773/1000:[0m
  [      6ms]  [91mstale[0m    (poll #1)  order=7d7817f7
  [     67ms]  [92mVISIBLE[0m  (poll #2, X-Cache: MISS)  order=7d7817f7

[96mOrder 774/1000:[0m
  [      6ms]  [91mstale[0m    (poll #1)  order=e8627d40
  [     66ms]  [92mVISIBLE[0m  (poll #2, X-Cache: MISS)  order=e8627d40

[96mOrder 775/1000:[0m
  [      5ms]  [91mstale[0m    (poll #1)  order=4bdd3483
  [     65ms]  [92mVISIBLE[0m  (poll #2, X-Cache: MISS)  order=4bdd3483

[96mOrder 776/1000:[0m
  [      4ms]  [91mstale[0m    (poll #1)  order=3d5a5933
  [     64ms]  [92mVISIBLE[0m  (poll #2, X-Cache: MISS)  order=3d5a5933

[96mOrder 777/1000:[0m
  [      4ms]  [91mstale[0m    (poll #1)  order=62768744
  [     61ms]  [92mVISIBLE[0m  (poll #2, X-Cache: MISS)  order=62768744

[96mOrder 778/1000:[0m
  [      4ms]  [91mstale[0m    (poll #1)  order=b75f2bb8
  [     64ms]  [92mVISIBLE[0m  (poll #2, X-Cache: MISS)  order=b75f2bb8

[96mOrder 779/1000:[0m
  [      5ms]  [91mstale[0m    (poll #1)  order=d3dd4a84
  [     65ms]  [92mVISIBLE[0m  (poll #2, X-Cache: MISS)  order=d3dd4a84

[96mOrder 780/1000:[0m
  [      7ms]  [92mVISIBLE[0m  (poll #1, X-Cache: MISS)  order=9443e372

[96mOrder 781/1000:[0m
  [      4ms]  [91mstale[0m    (poll #1)  order=522c070d
  [     62ms]  [92mVISIBLE[0m  (poll #2, X-Cache: MISS)  order=522c070d

[96mOrder 782/1000:[0m
  [      3ms]  [91mstale[0m    (poll #1)  order=aee72822
  [     63ms]  [92mVISIBLE[0m  (poll #2, X-Cache: MISS)  order=aee72822

[96mOrder 783/1000:[0m
  [      3ms]  [91mstale[0m    (poll #1)  order=efcf1336
  [     62ms]  [92mVISIBLE[0m  (poll #2, X-Cache: MISS)  order=efcf1336

[96mOrder 784/1000:[0m
  [      4ms]  [91mstale[0m    (poll #1)  order=17c78274
  [     63ms]  [92mVISIBLE[0m  (poll #2, X-Cache: MISS)  order=17c78274

[96mOrder 785/1000:[0m
  [      5ms]  [91mstale[0m    (poll #1)  order=f84d9d8e
  [     62ms]  [92mVISIBLE[0m  (poll #2, X-Cache: MISS)  order=f84d9d8e

[96mOrder 786/1000:[0m
  [      4ms]  [91mstale[0m    (poll #1)  order=1d9a3569
  [     60ms]  [92mVISIBLE[0m  (poll #2, X-Cache: MISS)  order=1d9a3569

[96mOrder 787/1000:[0m
  [      4ms]  [91mstale[0m    (poll #1)  order=343bee90
  [     63ms]  [92mVISIBLE[0m  (poll #2, X-Cache: MISS)  order=343bee90

[96mOrder 788/1000:[0m
  [      4ms]  [91mstale[0m    (poll #1)  order=bed982ac
  [     64ms]  [92mVISIBLE[0m  (poll #2, X-Cache: MISS)  order=bed982ac

[96mOrder 789/1000:[0m
  [      4ms]  [91mstale[0m    (poll #1)  order=6d425210
  [     60ms]  [92mVISIBLE[0m  (poll #2, X-Cache: MISS)  order=6d425210

[96mOrder 790/1000:[0m
  [      4ms]  [91mstale[0m    (poll #1)  order=d962bcaa
  [     64ms]  [92mVISIBLE[0m  (poll #2, X-Cache: MISS)  order=d962bcaa

[96mOrder 791/1000:[0m
  [      5ms]  [91mstale[0m    (poll #1)  order=c8d448c7
  [     63ms]  [92mVISIBLE[0m  (poll #2, X-Cache: MISS)  order=c8d448c7

[96mOrder 792/1000:[0m
  [      4ms]  [91mstale[0m    (poll #1)  order=2d349467
  [     61ms]  [92mVISIBLE[0m  (poll #2, X-Cache: MISS)  order=2d349467

[96mOrder 793/1000:[0m
  [      4ms]  [91mstale[0m    (poll #1)  order=5271b6c0
  [     62ms]  [92mVISIBLE[0m  (poll #2, X-Cache: MISS)  order=5271b6c0

[96mOrder 794/1000:[0m
  [      4ms]  [91mstale[0m    (poll #1)  order=f0ef5a69
  [     61ms]  [92mVISIBLE[0m  (poll #2, X-Cache: MISS)  order=f0ef5a69

[96mOrder 795/1000:[0m
  [      4ms]  [91mstale[0m    (poll #1)  order=bfa042ab
  [     60ms]  [92mVISIBLE[0m  (poll #2, X-Cache: MISS)  order=bfa042ab

[96mOrder 796/1000:[0m
  [      4ms]  [91mstale[0m    (poll #1)  order=35285c9d
  [     59ms]  [92mVISIBLE[0m  (poll #2, X-Cache: MISS)  order=35285c9d

[96mOrder 797/1000:[0m
  [      3ms]  [91mstale[0m    (poll #1)  order=fec7cf55
  [     59ms]  [92mVISIBLE[0m  (poll #2, X-Cache: MISS)  order=fec7cf55

[96mOrder 798/1000:[0m
  [      4ms]  [91mstale[0m    (poll #1)  order=ce39811b
  [     63ms]  [92mVISIBLE[0m  (poll #2, X-Cache: MISS)  order=ce39811b

[96mOrder 799/1000:[0m
  [      4ms]  [91mstale[0m    (poll #1)  order=294ea18f
  [     60ms]  [92mVISIBLE[0m  (poll #2, X-Cache: MISS)  order=294ea18f

[96mOrder 800/1000:[0m
  [      4ms]  [91mstale[0m    (poll #1)  order=8d804025
  [     59ms]  [92mVISIBLE[0m  (poll #2, X-Cache: MISS)  order=8d804025

[96mOrder 801/1000:[0m
  [      5ms]  [91mstale[0m    (poll #1)  order=4fbd2d7e
  [     64ms]  [92mVISIBLE[0m  (poll #2, X-Cache: MISS)  order=4fbd2d7e

[96mOrder 802/1000:[0m
  [      4ms]  [91mstale[0m    (poll #1)  order=406072a4
  [     62ms]  [92mVISIBLE[0m  (poll #2, X-Cache: MISS)  order=406072a4

[96mOrder 803/1000:[0m
  [      4ms]  [91mstale[0m    (poll #1)  order=e7e38ba2
  [     59ms]  [92mVISIBLE[0m  (poll #2, X-Cache: MISS)  order=e7e38ba2

[96mOrder 804/1000:[0m
  [      4ms]  [91mstale[0m    (poll #1)  order=69b52696
  [     60ms]  [92mVISIBLE[0m  (poll #2, X-Cache: MISS)  order=69b52696

[96mOrder 805/1000:[0m
  [      4ms]  [91mstale[0m    (poll #1)  order=5b83020a
  [     59ms]  [92mVISIBLE[0m  (poll #2, X-Cache: MISS)  order=5b83020a

[96mOrder 806/1000:[0m
  [      4ms]  [91mstale[0m    (poll #1)  order=9fb4b557
  [     59ms]  [92mVISIBLE[0m  (poll #2, X-Cache: MISS)  order=9fb4b557

[96mOrder 807/1000:[0m
  [      4ms]  [91mstale[0m    (poll #1)  order=0f34c61e
  [     61ms]  [92mVISIBLE[0m  (poll #2, X-Cache: MISS)  order=0f34c61e

[96mOrder 808/1000:[0m
  [      5ms]  [91mstale[0m    (poll #1)  order=1a927074
  [     65ms]  [92mVISIBLE[0m  (poll #2, X-Cache: MISS)  order=1a927074

[96mOrder 809/1000:[0m
  [      5ms]  [91mstale[0m    (poll #1)  order=fa6f9140
  [     61ms]  [92mVISIBLE[0m  (poll #2, X-Cache: MISS)  order=fa6f9140

[96mOrder 810/1000:[0m
  [      4ms]  [91mstale[0m    (poll #1)  order=d453af49
  [     60ms]  [92mVISIBLE[0m  (poll #2, X-Cache: MISS)  order=d453af49

[96mOrder 811/1000:[0m
  [      4ms]  [91mstale[0m    (poll #1)  order=9c94fc56
  [     59ms]  [92mVISIBLE[0m  (poll #2, X-Cache: MISS)  order=9c94fc56

[96mOrder 812/1000:[0m
  [      4ms]  [91mstale[0m    (poll #1)  order=069f321c
  [     61ms]  [92mVISIBLE[0m  (poll #2, X-Cache: MISS)  order=069f321c

[96mOrder 813/1000:[0m
  [      4ms]  [91mstale[0m    (poll #1)  order=55cd5ddb
  [     60ms]  [92mVISIBLE[0m  (poll #2, X-Cache: MISS)  order=55cd5ddb

[96mOrder 814/1000:[0m
  [      4ms]  [91mstale[0m    (poll #1)  order=23dcfc1a
  [     60ms]  [92mVISIBLE[0m  (poll #2, X-Cache: MISS)  order=23dcfc1a

[96mOrder 815/1000:[0m
  [      5ms]  [91mstale[0m    (poll #1)  order=cfaf88ab
  [     60ms]  [92mVISIBLE[0m  (poll #2, X-Cache: MISS)  order=cfaf88ab

[96mOrder 816/1000:[0m
  [      4ms]  [91mstale[0m    (poll #1)  order=4c135c46
  [     62ms]  [92mVISIBLE[0m  (poll #2, X-Cache: MISS)  order=4c135c46

[96mOrder 817/1000:[0m
  [      7ms]  [91mstale[0m    (poll #1)  order=d7aeadee
  [     63ms]  [92mVISIBLE[0m  (poll #2, X-Cache: MISS)  order=d7aeadee

[96mOrder 818/1000:[0m
  [      7ms]  [91mstale[0m    (poll #1)  order=38748fa5
  [     68ms]  [92mVISIBLE[0m  (poll #2, X-Cache: MISS)  order=38748fa5

[96mOrder 819/1000:[0m
  [      3ms]  [91mstale[0m    (poll #1)  order=21cb0a5a
  [     63ms]  [92mVISIBLE[0m  (poll #2, X-Cache: MISS)  order=21cb0a5a

[96mOrder 820/1000:[0m
  [      4ms]  [91mstale[0m    (poll #1)  order=679ef480
  [     63ms]  [92mVISIBLE[0m  (poll #2, X-Cache: MISS)  order=679ef480

[96mOrder 821/1000:[0m
  [      4ms]  [91mstale[0m    (poll #1)  order=6fa412f3
  [     61ms]  [92mVISIBLE[0m  (poll #2, X-Cache: MISS)  order=6fa412f3

[96mOrder 822/1000:[0m
  [      8ms]  [91mstale[0m    (poll #1)  order=19eda4d7
  [     67ms]  [92mVISIBLE[0m  (poll #2, X-Cache: MISS)  order=19eda4d7

[96mOrder 823/1000:[0m
  [      4ms]  [91mstale[0m    (poll #1)  order=883aebd8
  [     63ms]  [92mVISIBLE[0m  (poll #2, X-Cache: MISS)  order=883aebd8

[96mOrder 824/1000:[0m
  [      4ms]  [91mstale[0m    (poll #1)  order=af529941
  [     58ms]  [92mVISIBLE[0m  (poll #2, X-Cache: MISS)  order=af529941

[96mOrder 825/1000:[0m
  [      4ms]  [91mstale[0m    (poll #1)  order=169e4d4e
  [     61ms]  [92mVISIBLE[0m  (poll #2, X-Cache: MISS)  order=169e4d4e

[96mOrder 826/1000:[0m
  [      3ms]  [91mstale[0m    (poll #1)  order=95af5d0a
  [     59ms]  [92mVISIBLE[0m  (poll #2, X-Cache: MISS)  order=95af5d0a

[96mOrder 827/1000:[0m
  [      4ms]  [91mstale[0m    (poll #1)  order=9f6ae1fd
  [     65ms]  [92mVISIBLE[0m  (poll #2, X-Cache: MISS)  order=9f6ae1fd

[96mOrder 828/1000:[0m
  [      4ms]  [91mstale[0m    (poll #1)  order=fcd8b31b
  [     64ms]  [92mVISIBLE[0m  (poll #2, X-Cache: MISS)  order=fcd8b31b

[96mOrder 829/1000:[0m
  [      4ms]  [91mstale[0m    (poll #1)  order=0bd71395
  [     60ms]  [92mVISIBLE[0m  (poll #2, X-Cache: MISS)  order=0bd71395

[96mOrder 830/1000:[0m
  [      3ms]  [91mstale[0m    (poll #1)  order=d55dfa22
  [     63ms]  [92mVISIBLE[0m  (poll #2, X-Cache: MISS)  order=d55dfa22

[96mOrder 831/1000:[0m
  [      4ms]  [91mstale[0m    (poll #1)  order=5527a386
  [     62ms]  [92mVISIBLE[0m  (poll #2, X-Cache: MISS)  order=5527a386

[96mOrder 832/1000:[0m
  [      4ms]  [91mstale[0m    (poll #1)  order=6461d551
  [     63ms]  [92mVISIBLE[0m  (poll #2, X-Cache: MISS)  order=6461d551

[96mOrder 833/1000:[0m
  [      5ms]  [91mstale[0m    (poll #1)  order=edf334ef
  [     64ms]  [92mVISIBLE[0m  (poll #2, X-Cache: MISS)  order=edf334ef

[96mOrder 834/1000:[0m
  [      4ms]  [91mstale[0m    (poll #1)  order=e96745f0
  [     60ms]  [92mVISIBLE[0m  (poll #2, X-Cache: MISS)  order=e96745f0

[96mOrder 835/1000:[0m
  [      4ms]  [91mstale[0m    (poll #1)  order=67438ebd
  [     60ms]  [92mVISIBLE[0m  (poll #2, X-Cache: MISS)  order=67438ebd

[96mOrder 836/1000:[0m
  [      4ms]  [91mstale[0m    (poll #1)  order=275d1b7e
  [     59ms]  [92mVISIBLE[0m  (poll #2, X-Cache: MISS)  order=275d1b7e

[96mOrder 837/1000:[0m
  [      3ms]  [91mstale[0m    (poll #1)  order=f1f360d2
  [     60ms]  [92mVISIBLE[0m  (poll #2, X-Cache: MISS)  order=f1f360d2

[96mOrder 838/1000:[0m
  [      6ms]  [91mstale[0m    (poll #1)  order=3b170bb7
  [     65ms]  [92mVISIBLE[0m  (poll #2, X-Cache: MISS)  order=3b170bb7

[96mOrder 839/1000:[0m
  [      4ms]  [91mstale[0m    (poll #1)  order=2a46388f
  [     60ms]  [92mVISIBLE[0m  (poll #2, X-Cache: MISS)  order=2a46388f

[96mOrder 840/1000:[0m
  [      3ms]  [91mstale[0m    (poll #1)  order=5b1f3a32
  [     59ms]  [92mVISIBLE[0m  (poll #2, X-Cache: MISS)  order=5b1f3a32

[96mOrder 841/1000:[0m
  [      3ms]  [91mstale[0m    (poll #1)  order=87aea8d7
  [     63ms]  [92mVISIBLE[0m  (poll #2, X-Cache: MISS)  order=87aea8d7

[96mOrder 842/1000:[0m
  [      4ms]  [91mstale[0m    (poll #1)  order=cde1d2ab
  [     64ms]  [92mVISIBLE[0m  (poll #2, X-Cache: MISS)  order=cde1d2ab

[96mOrder 843/1000:[0m
  [      3ms]  [91mstale[0m    (poll #1)  order=59bb65ad
  [     60ms]  [92mVISIBLE[0m  (poll #2, X-Cache: MISS)  order=59bb65ad

[96mOrder 844/1000:[0m
  [      3ms]  [91mstale[0m    (poll #1)  order=9f28e8ba
  [     59ms]  [92mVISIBLE[0m  (poll #2, X-Cache: MISS)  order=9f28e8ba

[96mOrder 845/1000:[0m
  [      4ms]  [91mstale[0m    (poll #1)  order=3fae520d
  [     60ms]  [92mVISIBLE[0m  (poll #2, X-Cache: MISS)  order=3fae520d

[96mOrder 846/1000:[0m
  [      5ms]  [91mstale[0m    (poll #1)  order=e98768d4
  [     61ms]  [92mVISIBLE[0m  (poll #2, X-Cache: MISS)  order=e98768d4

[96mOrder 847/1000:[0m
  [      6ms]  [91mstale[0m    (poll #1)  order=99359dc6
  [     65ms]  [92mVISIBLE[0m  (poll #2, X-Cache: MISS)  order=99359dc6

[96mOrder 848/1000:[0m
  [      3ms]  [91mstale[0m    (poll #1)  order=e5e49c47
  [     63ms]  [92mVISIBLE[0m  (poll #2, X-Cache: MISS)  order=e5e49c47

[96mOrder 849/1000:[0m
  [      4ms]  [91mstale[0m    (poll #1)  order=c94b4794
  [     60ms]  [92mVISIBLE[0m  (poll #2, X-Cache: MISS)  order=c94b4794

[96mOrder 850/1000:[0m
  [      4ms]  [91mstale[0m    (poll #1)  order=4fa02509
  [     59ms]  [92mVISIBLE[0m  (poll #2, X-Cache: MISS)  order=4fa02509

[96mOrder 851/1000:[0m
  [      4ms]  [91mstale[0m    (poll #1)  order=2de3c5f2
  [     60ms]  [92mVISIBLE[0m  (poll #2, X-Cache: MISS)  order=2de3c5f2

[96mOrder 852/1000:[0m
  [      4ms]  [91mstale[0m    (poll #1)  order=a142e8f9
  [     64ms]  [92mVISIBLE[0m  (poll #2, X-Cache: MISS)  order=a142e8f9

[96mOrder 853/1000:[0m
  [      4ms]  [91mstale[0m    (poll #1)  order=24c8a152
  [     62ms]  [92mVISIBLE[0m  (poll #2, X-Cache: MISS)  order=24c8a152

[96mOrder 854/1000:[0m
  [      8ms]  [91mstale[0m    (poll #1)  order=922af767
  [     69ms]  [92mVISIBLE[0m  (poll #2, X-Cache: MISS)  order=922af767

[96mOrder 855/1000:[0m
  [      4ms]  [91mstale[0m    (poll #1)  order=d6c080e7
  [     59ms]  [92mVISIBLE[0m  (poll #2, X-Cache: MISS)  order=d6c080e7

[96mOrder 856/1000:[0m
  [      3ms]  [91mstale[0m    (poll #1)  order=8f17ab62
  [     61ms]  [92mVISIBLE[0m  (poll #2, X-Cache: MISS)  order=8f17ab62

[96mOrder 857/1000:[0m
  [      3ms]  [91mstale[0m    (poll #1)  order=5f5e4c02
  [     60ms]  [92mVISIBLE[0m  (poll #2, X-Cache: MISS)  order=5f5e4c02

[96mOrder 858/1000:[0m
  [      5ms]  [91mstale[0m    (poll #1)  order=06b4bef2
  [     64ms]  [92mVISIBLE[0m  (poll #2, X-Cache: MISS)  order=06b4bef2

[96mOrder 859/1000:[0m
  [      4ms]  [91mstale[0m    (poll #1)  order=a8e3b530
  [     60ms]  [92mVISIBLE[0m  (poll #2, X-Cache: MISS)  order=a8e3b530

[96mOrder 860/1000:[0m
  [      4ms]  [91mstale[0m    (poll #1)  order=4a9047ce
  [     59ms]  [92mVISIBLE[0m  (poll #2, X-Cache: MISS)  order=4a9047ce

[96mOrder 861/1000:[0m
  [      4ms]  [91mstale[0m    (poll #1)  order=93162598
  [     61ms]  [92mVISIBLE[0m  (poll #2, X-Cache: MISS)  order=93162598

[96mOrder 862/1000:[0m
  [      4ms]  [91mstale[0m    (poll #1)  order=3f4ff755
  [     62ms]  [92mVISIBLE[0m  (poll #2, X-Cache: MISS)  order=3f4ff755

[96mOrder 863/1000:[0m
  [      4ms]  [91mstale[0m    (poll #1)  order=7dd55f1e
  [     61ms]  [92mVISIBLE[0m  (poll #2, X-Cache: MISS)  order=7dd55f1e

[96mOrder 864/1000:[0m
  [      4ms]  [91mstale[0m    (poll #1)  order=09045830
  [     58ms]  [92mVISIBLE[0m  (poll #2, X-Cache: MISS)  order=09045830

[96mOrder 865/1000:[0m
  [      4ms]  [91mstale[0m    (poll #1)  order=ed0956b1
  [     64ms]  [92mVISIBLE[0m  (poll #2, X-Cache: MISS)  order=ed0956b1

[96mOrder 866/1000:[0m
  [      4ms]  [91mstale[0m    (poll #1)  order=9f7ae813
  [     61ms]  [92mVISIBLE[0m  (poll #2, X-Cache: MISS)  order=9f7ae813

[96mOrder 867/1000:[0m
  [      4ms]  [91mstale[0m    (poll #1)  order=5a58e5ba
  [     64ms]  [92mVISIBLE[0m  (poll #2, X-Cache: MISS)  order=5a58e5ba

[96mOrder 868/1000:[0m
  [      5ms]  [91mstale[0m    (poll #1)  order=1cbe5ab8
  [     62ms]  [92mVISIBLE[0m  (poll #2, X-Cache: MISS)  order=1cbe5ab8

[96mOrder 869/1000:[0m
  [      5ms]  [91mstale[0m    (poll #1)  order=3d05ab9c
  [     61ms]  [92mVISIBLE[0m  (poll #2, X-Cache: MISS)  order=3d05ab9c

[96mOrder 870/1000:[0m
  [      4ms]  [91mstale[0m    (poll #1)  order=b78efd48
  [     59ms]  [92mVISIBLE[0m  (poll #2, X-Cache: MISS)  order=b78efd48

[96mOrder 871/1000:[0m
  [      4ms]  [91mstale[0m    (poll #1)  order=cdfd4bca
  [     61ms]  [92mVISIBLE[0m  (poll #2, X-Cache: MISS)  order=cdfd4bca

[96mOrder 872/1000:[0m
  [      5ms]  [91mstale[0m    (poll #1)  order=8c8ee649
  [     62ms]  [92mVISIBLE[0m  (poll #2, X-Cache: MISS)  order=8c8ee649

[96mOrder 873/1000:[0m
  [      4ms]  [91mstale[0m    (poll #1)  order=ad8e1467
  [     59ms]  [92mVISIBLE[0m  (poll #2, X-Cache: MISS)  order=ad8e1467

[96mOrder 874/1000:[0m
  [      5ms]  [91mstale[0m    (poll #1)  order=fa6b9b90
  [     61ms]  [92mVISIBLE[0m  (poll #2, X-Cache: MISS)  order=fa6b9b90

[96mOrder 875/1000:[0m
  [      5ms]  [91mstale[0m    (poll #1)  order=88f1f901
  [     62ms]  [92mVISIBLE[0m  (poll #2, X-Cache: MISS)  order=88f1f901

[96mOrder 876/1000:[0m
  [      4ms]  [91mstale[0m    (poll #1)  order=3b5fe82f
  [     59ms]  [92mVISIBLE[0m  (poll #2, X-Cache: MISS)  order=3b5fe82f

[96mOrder 877/1000:[0m
  [      5ms]  [91mstale[0m    (poll #1)  order=b3fde982
  [     61ms]  [92mVISIBLE[0m  (poll #2, X-Cache: MISS)  order=b3fde982

[96mOrder 878/1000:[0m
  [      4ms]  [91mstale[0m    (poll #1)  order=681c530e
  [     63ms]  [92mVISIBLE[0m  (poll #2, X-Cache: MISS)  order=681c530e

[96mOrder 879/1000:[0m
  [      5ms]  [91mstale[0m    (poll #1)  order=1bcb84c6
  [     64ms]  [92mVISIBLE[0m  (poll #2, X-Cache: MISS)  order=1bcb84c6

[96mOrder 880/1000:[0m
  [      4ms]  [91mstale[0m    (poll #1)  order=2c6406d5
  [     59ms]  [92mVISIBLE[0m  (poll #2, X-Cache: MISS)  order=2c6406d5

[96mOrder 881/1000:[0m
  [      4ms]  [91mstale[0m    (poll #1)  order=a211c9d7
  [     64ms]  [92mVISIBLE[0m  (poll #2, X-Cache: MISS)  order=a211c9d7

[96mOrder 882/1000:[0m
  [      4ms]  [91mstale[0m    (poll #1)  order=cdb6f866
  [     64ms]  [92mVISIBLE[0m  (poll #2, X-Cache: MISS)  order=cdb6f866

[96mOrder 883/1000:[0m
  [      4ms]  [91mstale[0m    (poll #1)  order=44b34e22
  [     64ms]  [92mVISIBLE[0m  (poll #2, X-Cache: MISS)  order=44b34e22

[96mOrder 884/1000:[0m
  [      4ms]  [91mstale[0m    (poll #1)  order=47853d02
  [     61ms]  [92mVISIBLE[0m  (poll #2, X-Cache: MISS)  order=47853d02

[96mOrder 885/1000:[0m
  [      4ms]  [91mstale[0m    (poll #1)  order=a96a33d9
  [     60ms]  [92mVISIBLE[0m  (poll #2, X-Cache: MISS)  order=a96a33d9

[96mOrder 886/1000:[0m
  [      4ms]  [91mstale[0m    (poll #1)  order=c0320c5e
  [     61ms]  [92mVISIBLE[0m  (poll #2, X-Cache: MISS)  order=c0320c5e

[96mOrder 887/1000:[0m
  [      4ms]  [91mstale[0m    (poll #1)  order=2eb19f32
  [     61ms]  [92mVISIBLE[0m  (poll #2, X-Cache: MISS)  order=2eb19f32

[96mOrder 888/1000:[0m
  [      4ms]  [91mstale[0m    (poll #1)  order=1c8932e7
  [     61ms]  [92mVISIBLE[0m  (poll #2, X-Cache: MISS)  order=1c8932e7

[96mOrder 889/1000:[0m
  [     11ms]  [91mstale[0m    (poll #1)  order=155742f3
  [     72ms]  [92mVISIBLE[0m  (poll #2, X-Cache: MISS)  order=155742f3

[96mOrder 890/1000:[0m
  [      4ms]  [91mstale[0m    (poll #1)  order=73c673f6
  [     60ms]  [92mVISIBLE[0m  (poll #2, X-Cache: MISS)  order=73c673f6

[96mOrder 891/1000:[0m
  [      4ms]  [91mstale[0m    (poll #1)  order=38f3eb7b
  [     62ms]  [92mVISIBLE[0m  (poll #2, X-Cache: MISS)  order=38f3eb7b

[96mOrder 892/1000:[0m
  [      4ms]  [91mstale[0m    (poll #1)  order=05630c8d
  [     64ms]  [92mVISIBLE[0m  (poll #2, X-Cache: MISS)  order=05630c8d

[96mOrder 893/1000:[0m
  [      4ms]  [91mstale[0m    (poll #1)  order=8c36600f
  [     64ms]  [92mVISIBLE[0m  (poll #2, X-Cache: MISS)  order=8c36600f

[96mOrder 894/1000:[0m
  [      4ms]  [91mstale[0m    (poll #1)  order=8089da66
  [     63ms]  [92mVISIBLE[0m  (poll #2, X-Cache: MISS)  order=8089da66

[96mOrder 895/1000:[0m
  [      4ms]  [91mstale[0m    (poll #1)  order=460cb1ed
  [     63ms]  [92mVISIBLE[0m  (poll #2, X-Cache: MISS)  order=460cb1ed

[96mOrder 896/1000:[0m
  [      4ms]  [91mstale[0m    (poll #1)  order=dab0e08c
  [     60ms]  [92mVISIBLE[0m  (poll #2, X-Cache: MISS)  order=dab0e08c

[96mOrder 897/1000:[0m
  [      4ms]  [91mstale[0m    (poll #1)  order=b37f34ab
  [     65ms]  [92mVISIBLE[0m  (poll #2, X-Cache: MISS)  order=b37f34ab

[96mOrder 898/1000:[0m
  [      4ms]  [91mstale[0m    (poll #1)  order=43d9626b
  [     64ms]  [92mVISIBLE[0m  (poll #2, X-Cache: MISS)  order=43d9626b

[96mOrder 899/1000:[0m
  [      5ms]  [91mstale[0m    (poll #1)  order=51a148fb
  [     64ms]  [92mVISIBLE[0m  (poll #2, X-Cache: MISS)  order=51a148fb

[96mOrder 900/1000:[0m
  [      5ms]  [91mstale[0m    (poll #1)  order=267a5885
  [     62ms]  [92mVISIBLE[0m  (poll #2, X-Cache: MISS)  order=267a5885

[96mOrder 901/1000:[0m
  [      4ms]  [91mstale[0m    (poll #1)  order=68351645
  [     61ms]  [92mVISIBLE[0m  (poll #2, X-Cache: MISS)  order=68351645

[96mOrder 902/1000:[0m
  [      4ms]  [91mstale[0m    (poll #1)  order=55ffc94d
  [     64ms]  [92mVISIBLE[0m  (poll #2, X-Cache: MISS)  order=55ffc94d

[96mOrder 903/1000:[0m
  [      4ms]  [91mstale[0m    (poll #1)  order=c272637f
  [     63ms]  [92mVISIBLE[0m  (poll #2, X-Cache: MISS)  order=c272637f

[96mOrder 904/1000:[0m
  [      5ms]  [91mstale[0m    (poll #1)  order=73cf546f
  [     60ms]  [92mVISIBLE[0m  (poll #2, X-Cache: MISS)  order=73cf546f

[96mOrder 905/1000:[0m
  [      5ms]  [91mstale[0m    (poll #1)  order=8660a788
  [     62ms]  [92mVISIBLE[0m  (poll #2, X-Cache: MISS)  order=8660a788

[96mOrder 906/1000:[0m
  [      4ms]  [91mstale[0m    (poll #1)  order=a6b75930
  [     62ms]  [92mVISIBLE[0m  (poll #2, X-Cache: MISS)  order=a6b75930

[96mOrder 907/1000:[0m
  [      4ms]  [91mstale[0m    (poll #1)  order=63106ced
  [     64ms]  [92mVISIBLE[0m  (poll #2, X-Cache: MISS)  order=63106ced

[96mOrder 908/1000:[0m
  [      4ms]  [91mstale[0m    (poll #1)  order=d1968855
  [     64ms]  [92mVISIBLE[0m  (poll #2, X-Cache: MISS)  order=d1968855

[96mOrder 909/1000:[0m
  [      4ms]  [91mstale[0m    (poll #1)  order=c73ae74e
  [     64ms]  [92mVISIBLE[0m  (poll #2, X-Cache: MISS)  order=c73ae74e

[96mOrder 910/1000:[0m
  [      4ms]  [91mstale[0m    (poll #1)  order=11aa37af
  [     61ms]  [92mVISIBLE[0m  (poll #2, X-Cache: MISS)  order=11aa37af

[96mOrder 911/1000:[0m
  [      4ms]  [91mstale[0m    (poll #1)  order=ccf23a3c
  [     63ms]  [92mVISIBLE[0m  (poll #2, X-Cache: MISS)  order=ccf23a3c

[96mOrder 912/1000:[0m
  [      4ms]  [91mstale[0m    (poll #1)  order=400fe743
  [     61ms]  [92mVISIBLE[0m  (poll #2, X-Cache: MISS)  order=400fe743

[96mOrder 913/1000:[0m
  [      5ms]  [91mstale[0m    (poll #1)  order=11e399a4
  [     65ms]  [92mVISIBLE[0m  (poll #2, X-Cache: MISS)  order=11e399a4

[96mOrder 914/1000:[0m
  [      5ms]  [91mstale[0m    (poll #1)  order=06d2f12d
  [     63ms]  [92mVISIBLE[0m  (poll #2, X-Cache: MISS)  order=06d2f12d

[96mOrder 915/1000:[0m
  [      4ms]  [91mstale[0m    (poll #1)  order=754a71bd
  [     63ms]  [92mVISIBLE[0m  (poll #2, X-Cache: MISS)  order=754a71bd

[96mOrder 916/1000:[0m
  [      5ms]  [91mstale[0m    (poll #1)  order=f6c880c8
  [     63ms]  [92mVISIBLE[0m  (poll #2, X-Cache: MISS)  order=f6c880c8

[96mOrder 917/1000:[0m
  [      4ms]  [91mstale[0m    (poll #1)  order=7a44d723
  [     59ms]  [92mVISIBLE[0m  (poll #2, X-Cache: MISS)  order=7a44d723

[96mOrder 918/1000:[0m
  [      4ms]  [91mstale[0m    (poll #1)  order=8a8b1a78
  [     65ms]  [92mVISIBLE[0m  (poll #2, X-Cache: MISS)  order=8a8b1a78

[96mOrder 919/1000:[0m
  [      4ms]  [91mstale[0m    (poll #1)  order=21cad8bb
  [     60ms]  [92mVISIBLE[0m  (poll #2, X-Cache: MISS)  order=21cad8bb

[96mOrder 920/1000:[0m
  [      4ms]  [91mstale[0m    (poll #1)  order=012da426
  [     62ms]  [92mVISIBLE[0m  (poll #2, X-Cache: MISS)  order=012da426

[96mOrder 921/1000:[0m
  [      4ms]  [91mstale[0m    (poll #1)  order=9dc03e0b
  [     64ms]  [92mVISIBLE[0m  (poll #2, X-Cache: MISS)  order=9dc03e0b

[96mOrder 922/1000:[0m
  [      5ms]  [91mstale[0m    (poll #1)  order=0227c8b9
  [     66ms]  [92mVISIBLE[0m  (poll #2, X-Cache: MISS)  order=0227c8b9

[96mOrder 923/1000:[0m
  [      4ms]  [91mstale[0m    (poll #1)  order=55bac43b
  [     61ms]  [92mVISIBLE[0m  (poll #2, X-Cache: MISS)  order=55bac43b

[96mOrder 924/1000:[0m
  [      4ms]  [91mstale[0m    (poll #1)  order=27206e81
  [     61ms]  [92mVISIBLE[0m  (poll #2, X-Cache: MISS)  order=27206e81

[96mOrder 925/1000:[0m
  [      4ms]  [91mstale[0m    (poll #1)  order=f3241b5d
  [     60ms]  [92mVISIBLE[0m  (poll #2, X-Cache: MISS)  order=f3241b5d

[96mOrder 926/1000:[0m
  [      4ms]  [91mstale[0m    (poll #1)  order=d6ecefc3
  [     59ms]  [92mVISIBLE[0m  (poll #2, X-Cache: MISS)  order=d6ecefc3

[96mOrder 927/1000:[0m
  [      5ms]  [91mstale[0m    (poll #1)  order=abaee5d6
  [     62ms]  [92mVISIBLE[0m  (poll #2, X-Cache: MISS)  order=abaee5d6

[96mOrder 928/1000:[0m
  [      4ms]  [91mstale[0m    (poll #1)  order=e19342f5
  [     60ms]  [92mVISIBLE[0m  (poll #2, X-Cache: MISS)  order=e19342f5

[96mOrder 929/1000:[0m
  [      4ms]  [91mstale[0m    (poll #1)  order=0073d4a9
  [     61ms]  [92mVISIBLE[0m  (poll #2, X-Cache: MISS)  order=0073d4a9

[96mOrder 930/1000:[0m
  [      4ms]  [91mstale[0m    (poll #1)  order=8c1e2783
  [     61ms]  [92mVISIBLE[0m  (poll #2, X-Cache: MISS)  order=8c1e2783

[96mOrder 931/1000:[0m
  [      5ms]  [91mstale[0m    (poll #1)  order=1165f8a0
  [     60ms]  [92mVISIBLE[0m  (poll #2, X-Cache: MISS)  order=1165f8a0

[96mOrder 932/1000:[0m
  [      4ms]  [91mstale[0m    (poll #1)  order=84799a7f
  [     64ms]  [92mVISIBLE[0m  (poll #2, X-Cache: MISS)  order=84799a7f

[96mOrder 933/1000:[0m
  [      5ms]  [91mstale[0m    (poll #1)  order=082cf252
  [     66ms]  [92mVISIBLE[0m  (poll #2, X-Cache: MISS)  order=082cf252

[96mOrder 934/1000:[0m
  [      4ms]  [91mstale[0m    (poll #1)  order=02c281e3
  [     62ms]  [92mVISIBLE[0m  (poll #2, X-Cache: MISS)  order=02c281e3

[96mOrder 935/1000:[0m
  [      5ms]  [91mstale[0m    (poll #1)  order=7267597e
  [     65ms]  [92mVISIBLE[0m  (poll #2, X-Cache: MISS)  order=7267597e

[96mOrder 936/1000:[0m
  [      5ms]  [91mstale[0m    (poll #1)  order=82b76bf8
  [     65ms]  [92mVISIBLE[0m  (poll #2, X-Cache: MISS)  order=82b76bf8

[96mOrder 937/1000:[0m
  [      5ms]  [91mstale[0m    (poll #1)  order=84e54a02
  [     65ms]  [92mVISIBLE[0m  (poll #2, X-Cache: MISS)  order=84e54a02

[96mOrder 938/1000:[0m
  [      4ms]  [91mstale[0m    (poll #1)  order=e632e52c
  [     60ms]  [92mVISIBLE[0m  (poll #2, X-Cache: MISS)  order=e632e52c

[96mOrder 939/1000:[0m
  [      4ms]  [91mstale[0m    (poll #1)  order=b8336689
  [     64ms]  [92mVISIBLE[0m  (poll #2, X-Cache: MISS)  order=b8336689

[96mOrder 940/1000:[0m
  [      4ms]  [91mstale[0m    (poll #1)  order=b078eda4
  [     64ms]  [92mVISIBLE[0m  (poll #2, X-Cache: MISS)  order=b078eda4

[96mOrder 941/1000:[0m
  [      5ms]  [91mstale[0m    (poll #1)  order=80e58d48
  [     65ms]  [92mVISIBLE[0m  (poll #2, X-Cache: MISS)  order=80e58d48

[96mOrder 942/1000:[0m
  [      4ms]  [91mstale[0m    (poll #1)  order=d56bebd7
  [     63ms]  [92mVISIBLE[0m  (poll #2, X-Cache: MISS)  order=d56bebd7

[96mOrder 943/1000:[0m
  [      4ms]  [91mstale[0m    (poll #1)  order=3ae6ba79
  [     64ms]  [92mVISIBLE[0m  (poll #2, X-Cache: MISS)  order=3ae6ba79

[96mOrder 944/1000:[0m
  [      5ms]  [91mstale[0m    (poll #1)  order=7b004a04
  [     65ms]  [92mVISIBLE[0m  (poll #2, X-Cache: MISS)  order=7b004a04

[96mOrder 945/1000:[0m
  [      4ms]  [91mstale[0m    (poll #1)  order=761d5f73
  [     64ms]  [92mVISIBLE[0m  (poll #2, X-Cache: MISS)  order=761d5f73

[96mOrder 946/1000:[0m
  [      4ms]  [91mstale[0m    (poll #1)  order=dbda0d2f
  [     64ms]  [92mVISIBLE[0m  (poll #2, X-Cache: MISS)  order=dbda0d2f

[96mOrder 947/1000:[0m
  [      5ms]  [91mstale[0m    (poll #1)  order=ec32dac6
  [     64ms]  [92mVISIBLE[0m  (poll #2, X-Cache: MISS)  order=ec32dac6

[96mOrder 948/1000:[0m
  [      5ms]  [91mstale[0m    (poll #1)  order=beed7ad9
  [     64ms]  [92mVISIBLE[0m  (poll #2, X-Cache: MISS)  order=beed7ad9

[96mOrder 949/1000:[0m
  [      4ms]  [91mstale[0m    (poll #1)  order=32f79e94
  [     64ms]  [92mVISIBLE[0m  (poll #2, X-Cache: MISS)  order=32f79e94

[96mOrder 950/1000:[0m
  [      5ms]  [91mstale[0m    (poll #1)  order=d984b3ba
  [     61ms]  [92mVISIBLE[0m  (poll #2, X-Cache: MISS)  order=d984b3ba

[96mOrder 951/1000:[0m
  [      5ms]  [91mstale[0m    (poll #1)  order=3d1e39e0
  [     62ms]  [92mVISIBLE[0m  (poll #2, X-Cache: MISS)  order=3d1e39e0

[96mOrder 952/1000:[0m
  [      4ms]  [91mstale[0m    (poll #1)  order=2e710a4b
  [     64ms]  [92mVISIBLE[0m  (poll #2, X-Cache: MISS)  order=2e710a4b

[96mOrder 953/1000:[0m
  [      5ms]  [91mstale[0m    (poll #1)  order=75f4b933
  [     62ms]  [92mVISIBLE[0m  (poll #2, X-Cache: MISS)  order=75f4b933

[96mOrder 954/1000:[0m
  [      7ms]  [91mstale[0m    (poll #1)  order=f866a781
  [     64ms]  [92mVISIBLE[0m  (poll #2, X-Cache: MISS)  order=f866a781

[96mOrder 955/1000:[0m
  [      4ms]  [91mstale[0m    (poll #1)  order=1421965f
  [     60ms]  [92mVISIBLE[0m  (poll #2, X-Cache: MISS)  order=1421965f

[96mOrder 956/1000:[0m
  [      3ms]  [91mstale[0m    (poll #1)  order=9c471e68
  [     58ms]  [92mVISIBLE[0m  (poll #2, X-Cache: MISS)  order=9c471e68

[96mOrder 957/1000:[0m
  [      4ms]  [91mstale[0m    (poll #1)  order=8aa94082
  [     63ms]  [92mVISIBLE[0m  (poll #2, X-Cache: MISS)  order=8aa94082

[96mOrder 958/1000:[0m
  [      5ms]  [91mstale[0m    (poll #1)  order=54533f6a
  [     62ms]  [92mVISIBLE[0m  (poll #2, X-Cache: MISS)  order=54533f6a

[96mOrder 959/1000:[0m
  [      5ms]  [91mstale[0m    (poll #1)  order=b9a0561e
  [     64ms]  [92mVISIBLE[0m  (poll #2, X-Cache: MISS)  order=b9a0561e

[96mOrder 960/1000:[0m
  [      5ms]  [91mstale[0m    (poll #1)  order=9eaf4e85
  [     67ms]  [92mVISIBLE[0m  (poll #2, X-Cache: MISS)  order=9eaf4e85

[96mOrder 961/1000:[0m
  [      4ms]  [91mstale[0m    (poll #1)  order=40dc2622
  [     60ms]  [92mVISIBLE[0m  (poll #2, X-Cache: MISS)  order=40dc2622

[96mOrder 962/1000:[0m
  [      6ms]  [91mstale[0m    (poll #1)  order=b8871f6e
  [     67ms]  [92mVISIBLE[0m  (poll #2, X-Cache: MISS)  order=b8871f6e

[96mOrder 963/1000:[0m
  [      4ms]  [91mstale[0m    (poll #1)  order=b2f04f8e
  [     64ms]  [92mVISIBLE[0m  (poll #2, X-Cache: MISS)  order=b2f04f8e

[96mOrder 964/1000:[0m
  [      4ms]  [91mstale[0m    (poll #1)  order=c49c18a3
  [     62ms]  [92mVISIBLE[0m  (poll #2, X-Cache: MISS)  order=c49c18a3

[96mOrder 965/1000:[0m
  [      4ms]  [91mstale[0m    (poll #1)  order=72b9dc54
  [     60ms]  [92mVISIBLE[0m  (poll #2, X-Cache: MISS)  order=72b9dc54

[96mOrder 966/1000:[0m
  [      4ms]  [91mstale[0m    (poll #1)  order=3dee5865
  [     64ms]  [92mVISIBLE[0m  (poll #2, X-Cache: MISS)  order=3dee5865

[96mOrder 967/1000:[0m
  [      5ms]  [91mstale[0m    (poll #1)  order=5fc8b052
  [     65ms]  [92mVISIBLE[0m  (poll #2, X-Cache: MISS)  order=5fc8b052

[96mOrder 968/1000:[0m
  [      5ms]  [91mstale[0m    (poll #1)  order=3f3fc568
  [     63ms]  [92mVISIBLE[0m  (poll #2, X-Cache: MISS)  order=3f3fc568

[96mOrder 969/1000:[0m
  [      9ms]  [91mstale[0m    (poll #1)  order=ca61bfca
  [     68ms]  [92mVISIBLE[0m  (poll #2, X-Cache: MISS)  order=ca61bfca

[96mOrder 970/1000:[0m
  [      5ms]  [91mstale[0m    (poll #1)  order=ce13fc64
  [     65ms]  [92mVISIBLE[0m  (poll #2, X-Cache: MISS)  order=ce13fc64

[96mOrder 971/1000:[0m
  [      5ms]  [91mstale[0m    (poll #1)  order=4332ba11
  [     61ms]  [92mVISIBLE[0m  (poll #2, X-Cache: MISS)  order=4332ba11

[96mOrder 972/1000:[0m
  [      5ms]  [91mstale[0m    (poll #1)  order=f78d983a
  [     65ms]  [92mVISIBLE[0m  (poll #2, X-Cache: MISS)  order=f78d983a

[96mOrder 973/1000:[0m
  [      4ms]  [91mstale[0m    (poll #1)  order=66ee8ebe
  [     62ms]  [92mVISIBLE[0m  (poll #2, X-Cache: MISS)  order=66ee8ebe

[96mOrder 974/1000:[0m
  [      5ms]  [91mstale[0m    (poll #1)  order=4ec112a1
  [     61ms]  [92mVISIBLE[0m  (poll #2, X-Cache: MISS)  order=4ec112a1

[96mOrder 975/1000:[0m
  [      6ms]  [91mstale[0m    (poll #1)  order=99119146
  [     63ms]  [92mVISIBLE[0m  (poll #2, X-Cache: MISS)  order=99119146

[96mOrder 976/1000:[0m
  [      9ms]  [91mstale[0m    (poll #1)  order=f7e61fbb
  [     79ms]  [92mVISIBLE[0m  (poll #2, X-Cache: MISS)  order=f7e61fbb

[96mOrder 977/1000:[0m
  [      8ms]  [91mstale[0m    (poll #1)  order=a7e28bfa
  [     70ms]  [92mVISIBLE[0m  (poll #2, X-Cache: MISS)  order=a7e28bfa

[96mOrder 978/1000:[0m
  [      3ms]  [91mstale[0m    (poll #1)  order=e10b7a06
  [     62ms]  [92mVISIBLE[0m  (poll #2, X-Cache: MISS)  order=e10b7a06

[96mOrder 979/1000:[0m
  [      4ms]  [91mstale[0m    (poll #1)  order=534ca537
  [     63ms]  [92mVISIBLE[0m  (poll #2, X-Cache: MISS)  order=534ca537

[96mOrder 980/1000:[0m
  [      4ms]  [91mstale[0m    (poll #1)  order=77c1d7fd
  [     61ms]  [92mVISIBLE[0m  (poll #2, X-Cache: MISS)  order=77c1d7fd

[96mOrder 981/1000:[0m
  [      3ms]  [91mstale[0m    (poll #1)  order=a9e267e6
  [     62ms]  [92mVISIBLE[0m  (poll #2, X-Cache: MISS)  order=a9e267e6

[96mOrder 982/1000:[0m
  [      4ms]  [91mstale[0m    (poll #1)  order=d54fe053
  [     62ms]  [92mVISIBLE[0m  (poll #2, X-Cache: MISS)  order=d54fe053

[96mOrder 983/1000:[0m
  [      5ms]  [91mstale[0m    (poll #1)  order=291e4a0a
  [     61ms]  [92mVISIBLE[0m  (poll #2, X-Cache: MISS)  order=291e4a0a

[96mOrder 984/1000:[0m
  [      4ms]  [91mstale[0m    (poll #1)  order=afd65dd7
  [     62ms]  [92mVISIBLE[0m  (poll #2, X-Cache: MISS)  order=afd65dd7

[96mOrder 985/1000:[0m
  [      4ms]  [91mstale[0m    (poll #1)  order=ed292d57
  [     59ms]  [92mVISIBLE[0m  (poll #2, X-Cache: MISS)  order=ed292d57

[96mOrder 986/1000:[0m
  [      4ms]  [91mstale[0m    (poll #1)  order=e31f0a16
  [     65ms]  [92mVISIBLE[0m  (poll #2, X-Cache: MISS)  order=e31f0a16

[96mOrder 987/1000:[0m
  [      4ms]  [91mstale[0m    (poll #1)  order=2bc32e54
  [     63ms]  [92mVISIBLE[0m  (poll #2, X-Cache: MISS)  order=2bc32e54

[96mOrder 988/1000:[0m
  [      4ms]  [91mstale[0m    (poll #1)  order=f2070c6c
  [     59ms]  [92mVISIBLE[0m  (poll #2, X-Cache: MISS)  order=f2070c6c

[96mOrder 989/1000:[0m
  [      4ms]  [91mstale[0m    (poll #1)  order=33f6408c
  [     59ms]  [92mVISIBLE[0m  (poll #2, X-Cache: MISS)  order=33f6408c

[96mOrder 990/1000:[0m
  [      5ms]  [91mstale[0m    (poll #1)  order=41ad1498
  [     66ms]  [92mVISIBLE[0m  (poll #2, X-Cache: MISS)  order=41ad1498

[96mOrder 991/1000:[0m
  [      4ms]  [91mstale[0m    (poll #1)  order=d4668862
  [     63ms]  [92mVISIBLE[0m  (poll #2, X-Cache: MISS)  order=d4668862

[96mOrder 992/1000:[0m
  [      5ms]  [91mstale[0m    (poll #1)  order=86d199bd
  [     64ms]  [92mVISIBLE[0m  (poll #2, X-Cache: MISS)  order=86d199bd

[96mOrder 993/1000:[0m
  [      5ms]  [91mstale[0m    (poll #1)  order=c56ca143
  [     65ms]  [92mVISIBLE[0m  (poll #2, X-Cache: MISS)  order=c56ca143

[96mOrder 994/1000:[0m
  [      5ms]  [91mstale[0m    (poll #1)  order=ec883ea1
  [     62ms]  [92mVISIBLE[0m  (poll #2, X-Cache: MISS)  order=ec883ea1

[96mOrder 995/1000:[0m
  [      5ms]  [91mstale[0m    (poll #1)  order=ad6c92a5
  [     63ms]  [92mVISIBLE[0m  (poll #2, X-Cache: MISS)  order=ad6c92a5

[96mOrder 996/1000:[0m
  [      4ms]  [91mstale[0m    (poll #1)  order=4bda7303
  [     62ms]  [92mVISIBLE[0m  (poll #2, X-Cache: MISS)  order=4bda7303

[96mOrder 997/1000:[0m
  [      4ms]  [91mstale[0m    (poll #1)  order=f854280a
  [     63ms]  [92mVISIBLE[0m  (poll #2, X-Cache: MISS)  order=f854280a

[96mOrder 998/1000:[0m
  [      5ms]  [91mstale[0m    (poll #1)  order=d9e6f47d
  [     60ms]  [92mVISIBLE[0m  (poll #2, X-Cache: MISS)  order=d9e6f47d

[96mOrder 999/1000:[0m
  [      4ms]  [91mstale[0m    (poll #1)  order=b8c42057
  [     64ms]  [92mVISIBLE[0m  (poll #2, X-Cache: MISS)  order=b8c42057

[96mOrder 1000/1000:[0m
  [      4ms]  [91mstale[0m    (poll #1)  order=4762b545
  [     62ms]  [92mVISIBLE[0m  (poll #2, X-Cache: MISS)  order=4762b545

[1m=======================================================[0m
[1m  RESULTS  (N=1000)[0m
[1m=======================================================[0m

  metric                    value
  --------------------------------
  consistency lag ms  
    p50                     63.1
    p95                     66.6
    p99                     70.4
    min                      6.6
    max                    106.4
  avg polls/read             2.0

  [93mWhat this means:[0m
  A user who placed an order and immediately refreshed
  would have seen no order for up to 106ms.
  During this window the read side is STALE — MongoDB has
  the event, but PostgreSQL has not projected it yet.

  [92mThe RYW cache fixes this:[0m
    bash restart.sh --delay 2   # same consumer lag, cache ON
    python scripts/consistency_demo.py
  → Every read returns in ~1ms (cache HIT, no PG needed).

