Stopping services and wiping volumes...

  cache:    DISABLED
  consumer: SLOW (0.10s/event)
  saga:     fast
  stream:   redis-stream :6379  (no memory limit)

Starting services...
time="2026-04-26T03:55:45+05:30" level=warning msg="/Users/akankshawattamwar/Desktop/CS315/CQRS/docker-compose.yml: the attribute `version` is obsolete, it will be ignored, please remove it to avoid potential confusion"
#1 [internal] load local bake definitions
#1 reading from stdin 1.05kB done
#1 DONE 0.0s

#2 [consumer internal] load build definition from Dockerfile
#2 transferring dockerfile: 186B done
#2 DONE 0.0s

#3 [saga internal] load build definition from Dockerfile
#3 transferring dockerfile: 365B done
#3 DONE 0.0s

#4 [saga internal] load metadata for docker.io/library/python:3.12-slim
#4 DONE 1.2s

#5 [consumer internal] load .dockerignore
#5 transferring context: 2B done
#5 DONE 0.0s

#6 [saga internal] load .dockerignore
#6 transferring context: 2B done
#6 DONE 0.0s

#7 [consumer internal] load build context
#7 transferring context: 308B done
#7 DONE 0.0s

#8 [saga 1/7] FROM docker.io/library/python:3.12-slim@sha256:46cb7cc2877e60fbd5e21a9ae6115c30ace7a077b9f8772da879e4590c18c2e3
#8 resolve docker.io/library/python:3.12-slim@sha256:46cb7cc2877e60fbd5e21a9ae6115c30ace7a077b9f8772da879e4590c18c2e3 done
#8 DONE 0.0s

#9 [saga 2/7] WORKDIR /service
#9 CACHED

#10 [consumer 2/5] WORKDIR /app
#10 CACHED

#11 [saga internal] load build context
#11 transferring context: 386B done
#11 DONE 0.0s

#12 [consumer 3/5] COPY requirements.txt .
#12 DONE 0.0s

#13 [saga 3/7] COPY saga/requirements.txt saga/
#13 DONE 0.0s

#14 [saga 4/7] RUN pip install --no-cache-dir -r saga/requirements.txt
#14 1.483 Collecting pymongo==4.7.2 (from -r saga/requirements.txt (line 1))
#14 1.664   Downloading pymongo-4.7.2-cp312-cp312-manylinux_2_17_aarch64.manylinux2014_aarch64.whl.metadata (22 kB)
#14 1.771 Collecting redis==5.0.5 (from -r saga/requirements.txt (line 2))
#14 1.792   Downloading redis-5.0.5-py3-none-any.whl.metadata (9.3 kB)
#14 1.871 Collecting psycopg2-binary==2.9.9 (from -r saga/requirements.txt (line 3))
#14 1.891   Downloading psycopg2_binary-2.9.9-cp312-cp312-manylinux_2_17_aarch64.manylinux2014_aarch64.whl.metadata (4.4 kB)
#14 1.916 Collecting dnspython<3.0.0,>=1.16.0 (from pymongo==4.7.2->-r saga/requirements.txt (line 1))
#14 1.939   Downloading dnspython-2.8.0-py3-none-any.whl.metadata (5.7 kB)
#14 1.961 Downloading pymongo-4.7.2-cp312-cp312-manylinux_2_17_aarch64.manylinux2014_aarch64.whl (688 kB)
#14 2.164    ━━━━━━━━━━━━━━━━━━━━━━━━━━━━━━━━━━━━━━━━ 689.0/689.0 kB 3.2 MB/s eta 0:00:00
#14 2.191 Downloading redis-5.0.5-py3-none-any.whl (251 kB)
#14 2.267 Downloading psycopg2_binary-2.9.9-cp312-cp312-manylinux_2_17_aarch64.manylinux2014_aarch64.whl (2.9 MB)
#14 2.955    ━━━━━━━━━━━━━━━━━━━━━━━━━━━━━━━━━━━━━━━━ 2.9/2.9 MB 3.9 MB/s eta 0:00:00
#14 2.989 Downloading dnspython-2.8.0-py3-none-any.whl (331 kB)
#14 3.072 Installing collected packages: redis, psycopg2-binary, dnspython, pymongo
#14 3.404 Successfully installed dnspython-2.8.0 psycopg2-binary-2.9.9 pymongo-4.7.2 redis-5.0.5
#14 3.404 WARNING: Running pip as the 'root' user can result in broken permissions and conflicting behaviour with the system package manager, possibly rendering your system unusable. It is recommended to use a virtual environment instead: https://pip.pypa.io/warnings/venv. Use the --root-user-action option if you know what you are doing and want to suppress this warning.
#14 3.532 
#14 3.532 [notice] A new release of pip is available: 25.0.1 -> 26.0.1
#14 3.532 [notice] To update, run: pip install --upgrade pip
#14 DONE 3.6s

#15 [consumer 4/5] RUN pip install --no-cache-dir -r requirements.txt
#15 1.493 Collecting pymongo==4.7.2 (from -r requirements.txt (line 1))
#15 1.675   Downloading pymongo-4.7.2-cp312-cp312-manylinux_2_17_aarch64.manylinux2014_aarch64.whl.metadata (22 kB)
#15 1.779 Collecting redis==5.0.5 (from -r requirements.txt (line 2))
#15 1.801   Downloading redis-5.0.5-py3-none-any.whl.metadata (9.3 kB)
#15 1.883 Collecting psycopg2-binary==2.9.9 (from -r requirements.txt (line 3))
#15 1.901   Downloading psycopg2_binary-2.9.9-cp312-cp312-manylinux_2_17_aarch64.manylinux2014_aarch64.whl.metadata (4.4 kB)
#15 1.930 Collecting dnspython<3.0.0,>=1.16.0 (from pymongo==4.7.2->-r requirements.txt (line 1))
#15 1.955   Downloading dnspython-2.8.0-py3-none-any.whl.metadata (5.7 kB)
#15 1.981 Downloading pymongo-4.7.2-cp312-cp312-manylinux_2_17_aarch64.manylinux2014_aarch64.whl (688 kB)
#15 2.241    ━━━━━━━━━━━━━━━━━━━━━━━━━━━━━━━━━━━━━━━━ 689.0/689.0 kB 3.1 MB/s eta 0:00:00
#15 2.268 Downloading redis-5.0.5-py3-none-any.whl (251 kB)
#15 2.331 Downloading psycopg2_binary-2.9.9-cp312-cp312-manylinux_2_17_aarch64.manylinux2014_aarch64.whl (2.9 MB)
#15 3.071    ━━━━━━━━━━━━━━━━━━━━━━━━━━━━━━━━━━━━━━━━ 2.9/2.9 MB 3.8 MB/s eta 0:00:00
#15 3.096 Downloading dnspython-2.8.0-py3-none-any.whl (331 kB)
#15 3.127 Installing collected packages: redis, psycopg2-binary, dnspython, pymongo
#15 3.452 Successfully installed dnspython-2.8.0 psycopg2-binary-2.9.9 pymongo-4.7.2 redis-5.0.5
#15 3.452 WARNING: Running pip as the 'root' user can result in broken permissions and conflicting behaviour with the system package manager, possibly rendering your system unusable. It is recommended to use a virtual environment instead: https://pip.pypa.io/warnings/venv. Use the --root-user-action option if you know what you are doing and want to suppress this warning.
#15 3.585 
#15 3.585 [notice] A new release of pip is available: 25.0.1 -> 26.0.1
#15 3.585 [notice] To update, run: pip install --upgrade pip
#15 DONE 3.6s

#16 [saga 5/7] COPY write-api/events.py write-api/
#16 DONE 0.0s

#17 [consumer 5/5] COPY . .
#17 DONE 0.0s

#18 [saga 6/7] COPY saga/ saga/
#18 DONE 0.0s

#19 [saga 7/7] WORKDIR /service/saga
#19 DONE 0.0s

#20 [saga] exporting to image
#20 exporting layers
#20 exporting layers 0.6s done
#20 exporting manifest sha256:8d77f98620be8e92100ff597e7f0251b441a080d1bb0db10085527f6df27cfce done
#20 exporting config sha256:5731bfb31ba33abdd668252fe6fc15b03e20859fb5124b8e7e229fa6a5875342 done
#20 exporting attestation manifest sha256:267046409601b00129eb38645e6ace989700758c69d2ea218b52a948606a62df done
#20 exporting manifest list sha256:2fb4121ddda700a37d67c82f9732b2a7321a1346e8f71a6db91732b7c8436ee3 done
#20 naming to docker.io/library/cqrs-saga:latest done
#20 unpacking to docker.io/library/cqrs-saga:latest 0.1s done
#20 DONE 0.8s

#21 [consumer] exporting to image
#21 exporting layers 0.6s done
#21 exporting manifest sha256:646fd5e45597f68516ab9b635d6cb697944f1e6fe13081634a7d13cdd380da2c done
#21 exporting config sha256:fe0cd57765c15b74fefe83499f455106dad8ba69cad342647c200445a6416285 done
#21 exporting attestation manifest sha256:da60fb1199cc86704332cea57c7d7c47e7f8eb43577595a03953f4a3f7969855 done
#21 exporting manifest list sha256:19c6bd9fb4d32bef18f429853b2ae533a7a5cae90a4238a7886f83a0b0b1ba7e done
#21 naming to docker.io/library/cqrs-consumer:latest done
#21 unpacking to docker.io/library/cqrs-consumer:latest 0.2s done
#21 DONE 0.8s

#22 [consumer] resolving provenance for metadata file
#22 DONE 0.0s

#23 [saga] resolving provenance for metadata file
#23 DONE 0.0s
 cqrs-consumer  Built
 cqrs-saga  Built
time="2026-04-26T03:55:51+05:30" level=warning msg="/Users/akankshawattamwar/Desktop/CS315/CQRS/docker-compose.yml: the attribute `version` is obsolete, it will be ignored, please remove it to avoid potential confusion"
#1 [internal] load local bake definitions
#1 reading from stdin 2.42kB done
#1 DONE 0.0s

#2 [saga internal] load build definition from Dockerfile
#2 transferring dockerfile: 365B done
#2 DONE 0.0s

#3 [frontend internal] load build definition from Dockerfile
#3 transferring dockerfile: 271B done
#3 DONE 0.0s

#4 [consumer internal] load build definition from Dockerfile
#4 transferring dockerfile: 186B done
#4 DONE 0.0s

#5 [write-api internal] load build definition from Dockerfile
#5 transferring dockerfile: 225B done
#5 DONE 0.0s

#6 [read-api internal] load build definition from Dockerfile
#6 transferring dockerfile: 225B done
#6 DONE 0.0s

#7 [write-api internal] load metadata for docker.io/library/python:3.12-slim
#7 DONE 0.4s

#8 [saga internal] load .dockerignore
#8 transferring context: 2B done
#8 DONE 0.0s

#9 [read-api internal] load .dockerignore
#9 transferring context: 2B done
#9 DONE 0.0s

#10 [write-api internal] load .dockerignore
#10 transferring context: 2B done
#10 DONE 0.0s

#11 [consumer internal] load .dockerignore
#11 transferring context: 2B done
#11 DONE 0.0s

#12 [read-api internal] load build context
#12 transferring context: 258B done
#12 DONE 0.0s

#13 [write-api internal] load build context
#13 transferring context: 341B done
#13 DONE 0.0s

#14 [consumer internal] load build context
#14 transferring context: 308B done
#14 DONE 0.0s

#15 [write-api 1/7] FROM docker.io/library/python:3.12-slim@sha256:46cb7cc2877e60fbd5e21a9ae6115c30ace7a077b9f8772da879e4590c18c2e3
#15 resolve docker.io/library/python:3.12-slim@sha256:46cb7cc2877e60fbd5e21a9ae6115c30ace7a077b9f8772da879e4590c18c2e3 done
#15 DONE 0.0s

#16 [saga internal] load build context
#16 transferring context: 386B done
#16 DONE 0.0s

#17 [write-api 3/5] COPY requirements.txt .
#17 CACHED

#18 [write-api 4/5] RUN pip install --no-cache-dir -r requirements.txt
#18 CACHED

#19 [read-api 3/5] COPY requirements.txt .
#19 CACHED

#20 [read-api 4/5] RUN pip install --no-cache-dir -r requirements.txt
#20 CACHED

#21 [consumer 3/5] COPY requirements.txt .
#21 CACHED

#22 [consumer 4/5] RUN pip install --no-cache-dir -r requirements.txt
#22 CACHED

#23 [consumer 2/5] WORKDIR /app
#23 CACHED

#24 [consumer 5/5] COPY . .
#24 CACHED

#25 [read-api 5/5] COPY . .
#25 CACHED

#26 [write-api 5/5] COPY . .
#26 CACHED

#27 [read-api] exporting to image
#27 exporting layers done
#27 exporting manifest sha256:c63ee61fb06e4bd063e843362129b868354c2f94e2566ad3c11bbd0548881470 done
#27 exporting config sha256:46bb870cf8127e2823c379c44ac9a3c0d6ee66fd1b3343341206f22ff23f7f62 done
#27 exporting attestation manifest sha256:6b01a8817913efd4d34f92bda597916ae2891cba99fb265d6097cb4680c4d035 0.0s done
#27 exporting manifest list sha256:2fa3bd924e7b4be7b3858907320d12a728291d00dc8264eed435235422363556 done
#27 naming to docker.io/library/cqrs-read-api:latest done
#27 unpacking to docker.io/library/cqrs-read-api:latest done
#27 DONE 0.1s

#28 [write-api] exporting to image
#28 exporting layers done
#28 exporting manifest sha256:92a21a99b40b6531c5801222236f42d6aa7bbf8b65d7634fc566f9392602e764 done
#28 exporting config sha256:be9fb26fa271ebf0c525960e70f2e967c21bf78a1eb2b7a7dc06e6d3ff4d3f55 done
#28 exporting attestation manifest sha256:9b7bf587b35f852adc0d21d59b8a59a54f5c25b77e792d4b7ed221ed20e0a03f 0.0s done
#28 exporting manifest list sha256:73354d029dc480dbf1e45a5e2a7f1eb1ace436efd73b1a53ce03d480afaa9613 done
#28 naming to docker.io/library/cqrs-write-api:latest done
#28 unpacking to docker.io/library/cqrs-write-api:latest done
#28 DONE 0.1s

#29 [consumer] exporting to image
#29 exporting layers done
#29 exporting manifest sha256:646fd5e45597f68516ab9b635d6cb697944f1e6fe13081634a7d13cdd380da2c done
#29 exporting config sha256:fe0cd57765c15b74fefe83499f455106dad8ba69cad342647c200445a6416285 done
#29 exporting attestation manifest sha256:3539ce02df6aa513896847830e3a18dfcd0a3809c72624974f72952078246265 0.0s done
#29 exporting manifest list sha256:0a7ba3235fc460becbfa3fe5b0cabe3693f41956c135e2a9f60cc4be146873cf done
#29 naming to docker.io/library/cqrs-consumer:latest done
#29 unpacking to docker.io/library/cqrs-consumer:latest done
#29 DONE 0.1s

#30 [saga 2/7] WORKDIR /service
#30 CACHED

#31 [saga 4/7] RUN pip install --no-cache-dir -r saga/requirements.txt
#31 CACHED

#32 [saga 5/7] COPY write-api/events.py write-api/
#32 CACHED

#33 [saga 3/7] COPY saga/requirements.txt saga/
#33 CACHED

#34 [saga 6/7] COPY saga/ saga/
#34 CACHED

#35 [saga 7/7] WORKDIR /service/saga
#35 CACHED

#36 [saga] exporting to image
#36 exporting layers done
#36 exporting manifest sha256:8d77f98620be8e92100ff597e7f0251b441a080d1bb0db10085527f6df27cfce done
#36 exporting config sha256:5731bfb31ba33abdd668252fe6fc15b03e20859fb5124b8e7e229fa6a5875342 done
#36 exporting attestation manifest sha256:65f3fdaf6626e624d60a14422b8756442a90363171e2c9de159d893b9fd603b3 done
#36 exporting manifest list sha256:7e0ecaff52f8dbaedf9f8a42742b773d9471045d3954b7c231d93b6271677fb9 done
#36 naming to docker.io/library/cqrs-saga:latest
#36 naming to docker.io/library/cqrs-saga:latest done
#36 unpacking to docker.io/library/cqrs-saga:latest 0.0s done
#36 DONE 0.1s

#37 [write-api] resolving provenance for metadata file
#37 DONE 0.0s

#38 [read-api] resolving provenance for metadata file
#38 DONE 0.0s

#39 [consumer] resolving provenance for metadata file
#39 DONE 0.0s

#40 [saga] resolving provenance for metadata file
#40 DONE 0.0s

#41 [frontend internal] load metadata for docker.io/library/node:20-alpine
#41 ...

#42 [frontend internal] load metadata for docker.io/library/nginx:alpine
#42 DONE 1.0s

#41 [frontend internal] load metadata for docker.io/library/node:20-alpine
#41 DONE 1.0s

#43 [frontend internal] load .dockerignore
#43 transferring context: 2B done
#43 DONE 0.0s

#44 [frontend stage-1 1/3] FROM docker.io/library/nginx:alpine@sha256:5616878291a2eed594aee8db4dade5878cf7edcb475e59193904b198d9b830de
#44 resolve docker.io/library/nginx:alpine@sha256:5616878291a2eed594aee8db4dade5878cf7edcb475e59193904b198d9b830de done
#44 DONE 0.0s

#45 [frontend build 1/6] FROM docker.io/library/node:20-alpine@sha256:fb4cd12c85ee03686f6af5362a0b0d56d50c58a04632e6c0fb8363f609372293
#45 resolve docker.io/library/node:20-alpine@sha256:fb4cd12c85ee03686f6af5362a0b0d56d50c58a04632e6c0fb8363f609372293 done
#45 DONE 0.0s

#46 [frontend internal] load build context
#46 transferring context: 185.58kB 0.1s done
#46 DONE 0.1s

#47 [frontend build 2/6] WORKDIR /app
#47 CACHED

#48 [frontend build 6/6] RUN npm run build
#48 CACHED

#49 [frontend build 3/6] COPY package.json ./
#49 CACHED

#50 [frontend build 5/6] COPY . .
#50 CACHED

#51 [frontend build 4/6] RUN npm install
#51 CACHED

#52 [frontend stage-1 2/3] COPY --from=build /app/dist /usr/share/nginx/html
#52 CACHED

#53 [frontend stage-1 3/3] COPY nginx.conf /etc/nginx/conf.d/default.conf
#53 CACHED

#54 [frontend] exporting to image
#54 exporting layers done
#54 exporting manifest sha256:32782dd8e2053c61118ccbb621867087941de406675097f92803716fedafab00 done
#54 exporting config sha256:64d46ad231b32d64275256ac207db88e0b5dd078678dcdc752d464f80305d609 done
#54 exporting attestation manifest sha256:bd13e0c7cd5f62853fe36bc0f00e97645af7a9d70a9afcc55f3f7990c3d92458 done
#54 exporting manifest list sha256:9f074327f2b3f6b4125dbdfa0aa70da8e97f9df3f9c195530199d4c4fcc1fe9c done
#54 naming to docker.io/library/cqrs-frontend:latest done
#54 unpacking to docker.io/library/cqrs-frontend:latest done
#54 DONE 0.0s

#55 [frontend] resolving provenance for metadata file
#55 DONE 0.0s
 cqrs-write-api  Built
 cqrs-saga  Built
 cqrs-frontend  Built
 cqrs-read-api  Built
 cqrs-consumer  Built
 Network cqrs_default  Creating
 Network cqrs_default  Created
 Volume "cqrs_postgres_data"  Creating
 Volume "cqrs_postgres_data"  Created
 Volume "cqrs_mongo_data"  Creating
 Volume "cqrs_mongo_data"  Created
 Container cqrs-mongodb-1  Creating
 Container cqrs-redis-stream-1  Creating
 Container cqrs-postgres-1  Creating
 Container cqrs-redis-cache-1  Creating
 Container cqrs-mongodb-1  Created
 Container cqrs-redis-cache-1  Created
 Container cqrs-redis-stream-1  Created
 Container cqrs-write-api-1  Creating
 Container cqrs-postgres-1  Created
 Container cqrs-saga-1  Creating
 Container cqrs-consumer-1  Creating
 Container cqrs-read-api-1  Creating
 Container cqrs-write-api-1  Created
 Container cqrs-consumer-1  Created
 Container cqrs-saga-1  Created
 Container cqrs-read-api-1  Created
 Container cqrs-frontend-1  Creating
 Container cqrs-frontend-1  Created
 Container cqrs-redis-stream-1  Starting
 Container cqrs-postgres-1  Starting
 Container cqrs-redis-cache-1  Starting
 Container cqrs-mongodb-1  Starting
 Container cqrs-redis-stream-1  Started
 Container cqrs-redis-cache-1  Started
 Container cqrs-mongodb-1  Started
 Container cqrs-redis-cache-1  Waiting
 Container cqrs-mongodb-1  Waiting
 Container cqrs-redis-stream-1  Waiting
 Container cqrs-postgres-1  Started
 Container cqrs-redis-stream-1  Waiting
 Container cqrs-postgres-1  Waiting
 Container cqrs-postgres-1  Waiting
 Container cqrs-redis-cache-1  Waiting
 Container cqrs-mongodb-1  Waiting
 Container cqrs-mongodb-1  Waiting
 Container cqrs-redis-stream-1  Waiting
 Container cqrs-postgres-1  Waiting
 Container cqrs-redis-stream-1  Healthy
 Container cqrs-redis-stream-1  Healthy
 Container cqrs-redis-cache-1  Healthy
 Container cqrs-redis-stream-1  Healthy
 Container cqrs-redis-cache-1  Healthy
 Container cqrs-postgres-1  Healthy
 Container cqrs-postgres-1  Healthy
 Container cqrs-postgres-1  Healthy
 Container cqrs-read-api-1  Starting
 Container cqrs-read-api-1  Started
 Container cqrs-frontend-1  Starting
 Container cqrs-frontend-1  Started
 Container cqrs-mongodb-1  Healthy
 Container cqrs-write-api-1  Starting
 Container cqrs-mongodb-1  Healthy
 Container cqrs-mongodb-1  Healthy
 Container cqrs-saga-1  Starting
 Container cqrs-consumer-1  Starting
 Container cqrs-write-api-1  Started
 Container cqrs-saga-1  Started
 Container cqrs-consumer-1  Started
Waiting for APIs to be ready...
Clearing MongoDB events and sagas...
time="2026-04-26T03:56:05+05:30" level=warning msg="/Users/akankshawattamwar/Desktop/CS315/CQRS/docker-compose.yml: the attribute `version` is obsolete, it will be ignored, please remove it to avoid potential confusion"
MongoDB cleared
All services up.
Logs: docker compose logs -f [write-api|read-api|consumer|saga]

[1m=======================================================[0m
[1m  EVENTUAL CONSISTENCY DEMO — 200 orders[0m
[1m=======================================================[0m

  Write path:  Write API → MongoDB → Redis Stream
  Read path:   Consumer → PostgreSQL ← Read API
  Cache:       DISABLED (DISABLE_CACHE set)

[96mOrder 1/200:[0m
  [     10ms]  [91mstale[0m    (poll #1)  order=f747293a
  [     71ms]  [91mstale[0m    (poll #2)  order=f747293a
  [    132ms]  [92mVISIBLE[0m  (poll #3, X-Cache: MISS)  order=f747293a

[96mOrder 2/200:[0m
  [      4ms]  [91mstale[0m    (poll #1)  order=6a60fc7c
  [     65ms]  [91mstale[0m    (poll #2)  order=6a60fc7c
  [    130ms]  [91mstale[0m    (poll #3)  order=6a60fc7c
  [    198ms]  [91mstale[0m    (poll #4)  order=6a60fc7c
  [    271ms]  [91mstale[0m    (poll #5)  order=6a60fc7c
  [    343ms]  [91mstale[0m    (poll #6)  order=6a60fc7c
  [    410ms]  [91mstale[0m    (poll #7)  order=6a60fc7c
  [    472ms]  [91mstale[0m    (poll #8)  order=6a60fc7c
  [    535ms]  [92mVISIBLE[0m  (poll #9, X-Cache: MISS)  order=6a60fc7c

[96mOrder 3/200:[0m
  [      5ms]  [91mstale[0m    (poll #1)  order=eacf8198
  [     66ms]  [91mstale[0m    (poll #2)  order=eacf8198
  [    131ms]  [91mstale[0m    (poll #3)  order=eacf8198
  [    196ms]  [91mstale[0m    (poll #4)  order=eacf8198
  [    263ms]  [91mstale[0m    (poll #5)  order=eacf8198
  [    332ms]  [91mstale[0m    (poll #6)  order=eacf8198
  [    400ms]  [91mstale[0m    (poll #7)  order=eacf8198
  [    474ms]  [92mVISIBLE[0m  (poll #8, X-Cache: MISS)  order=eacf8198

[96mOrder 4/200:[0m
  [     10ms]  [91mstale[0m    (poll #1)  order=aa26217b
  [     75ms]  [91mstale[0m    (poll #2)  order=aa26217b
  [    140ms]  [91mstale[0m    (poll #3)  order=aa26217b
  [    210ms]  [91mstale[0m    (poll #4)  order=aa26217b
  [    279ms]  [91mstale[0m    (poll #5)  order=aa26217b
  [    348ms]  [91mstale[0m    (poll #6)  order=aa26217b
  [    414ms]  [91mstale[0m    (poll #7)  order=aa26217b
  [    481ms]  [91mstale[0m    (poll #8)  order=aa26217b
  [    550ms]  [92mVISIBLE[0m  (poll #9, X-Cache: MISS)  order=aa26217b

[96mOrder 5/200:[0m
  [      7ms]  [91mstale[0m    (poll #1)  order=b1415314
  [     72ms]  [91mstale[0m    (poll #2)  order=b1415314
  [    140ms]  [91mstale[0m    (poll #3)  order=b1415314
  [    205ms]  [91mstale[0m    (poll #4)  order=b1415314
  [    276ms]  [91mstale[0m    (poll #5)  order=b1415314
  [    345ms]  [91mstale[0m    (poll #6)  order=b1415314
  [    415ms]  [91mstale[0m    (poll #7)  order=b1415314
  [    483ms]  [92mVISIBLE[0m  (poll #8, X-Cache: MISS)  order=b1415314

[96mOrder 6/200:[0m
  [      8ms]  [91mstale[0m    (poll #1)  order=e978ce27
  [     67ms]  [91mstale[0m    (poll #2)  order=e978ce27
  [    130ms]  [91mstale[0m    (poll #3)  order=e978ce27
  [    197ms]  [91mstale[0m    (poll #4)  order=e978ce27
  [    263ms]  [91mstale[0m    (poll #5)  order=e978ce27
  [    337ms]  [91mstale[0m    (poll #6)  order=e978ce27
  [    406ms]  [91mstale[0m    (poll #7)  order=e978ce27
  [    478ms]  [92mVISIBLE[0m  (poll #8, X-Cache: MISS)  order=e978ce27

[96mOrder 7/200:[0m
  [     10ms]  [91mstale[0m    (poll #1)  order=5c19859d
  [     74ms]  [91mstale[0m    (poll #2)  order=5c19859d
  [    132ms]  [91mstale[0m    (poll #3)  order=5c19859d
  [    207ms]  [91mstale[0m    (poll #4)  order=5c19859d
  [    269ms]  [91mstale[0m    (poll #5)  order=5c19859d
  [    332ms]  [91mstale[0m    (poll #6)  order=5c19859d
  [    394ms]  [91mstale[0m    (poll #7)  order=5c19859d
  [    460ms]  [91mstale[0m    (poll #8)  order=5c19859d
  [    533ms]  [92mVISIBLE[0m  (poll #9, X-Cache: MISS)  order=5c19859d

[96mOrder 8/200:[0m
  [      9ms]  [91mstale[0m    (poll #1)  order=e5b34a35
  [     74ms]  [91mstale[0m    (poll #2)  order=e5b34a35
  [    141ms]  [91mstale[0m    (poll #3)  order=e5b34a35
  [    213ms]  [91mstale[0m    (poll #4)  order=e5b34a35
  [    279ms]  [91mstale[0m    (poll #5)  order=e5b34a35
  [    348ms]  [91mstale[0m    (poll #6)  order=e5b34a35
  [    421ms]  [91mstale[0m    (poll #7)  order=e5b34a35
  [    495ms]  [92mVISIBLE[0m  (poll #8, X-Cache: MISS)  order=e5b34a35

[96mOrder 9/200:[0m
  [      9ms]  [91mstale[0m    (poll #1)  order=a45362c2
  [     73ms]  [91mstale[0m    (poll #2)  order=a45362c2
  [    138ms]  [91mstale[0m    (poll #3)  order=a45362c2
  [    207ms]  [91mstale[0m    (poll #4)  order=a45362c2
  [    277ms]  [91mstale[0m    (poll #5)  order=a45362c2
  [    347ms]  [91mstale[0m    (poll #6)  order=a45362c2
  [    417ms]  [91mstale[0m    (poll #7)  order=a45362c2
  [    491ms]  [92mVISIBLE[0m  (poll #8, X-Cache: MISS)  order=a45362c2

[96mOrder 10/200:[0m
  [      9ms]  [91mstale[0m    (poll #1)  order=8c324dec
  [     72ms]  [91mstale[0m    (poll #2)  order=8c324dec
  [    134ms]  [91mstale[0m    (poll #3)  order=8c324dec
  [    199ms]  [91mstale[0m    (poll #4)  order=8c324dec
  [    275ms]  [91mstale[0m    (poll #5)  order=8c324dec
  [    341ms]  [91mstale[0m    (poll #6)  order=8c324dec
  [    412ms]  [91mstale[0m    (poll #7)  order=8c324dec
  [    482ms]  [91mstale[0m    (poll #8)  order=8c324dec
  [    554ms]  [92mVISIBLE[0m  (poll #9, X-Cache: MISS)  order=8c324dec

[96mOrder 11/200:[0m
  [      9ms]  [91mstale[0m    (poll #1)  order=72e2295f
  [     73ms]  [91mstale[0m    (poll #2)  order=72e2295f
  [    139ms]  [91mstale[0m    (poll #3)  order=72e2295f
  [    203ms]  [91mstale[0m    (poll #4)  order=72e2295f
  [    277ms]  [91mstale[0m    (poll #5)  order=72e2295f
  [    346ms]  [91mstale[0m    (poll #6)  order=72e2295f
  [    414ms]  [91mstale[0m    (poll #7)  order=72e2295f
  [    483ms]  [92mVISIBLE[0m  (poll #8, X-Cache: MISS)  order=72e2295f

[96mOrder 12/200:[0m
  [      8ms]  [91mstale[0m    (poll #1)  order=f8a51f19
  [     74ms]  [91mstale[0m    (poll #2)  order=f8a51f19
  [    135ms]  [91mstale[0m    (poll #3)  order=f8a51f19
  [    202ms]  [91mstale[0m    (poll #4)  order=f8a51f19
  [    272ms]  [91mstale[0m    (poll #5)  order=f8a51f19
  [    345ms]  [91mstale[0m    (poll #6)  order=f8a51f19
  [    412ms]  [91mstale[0m    (poll #7)  order=f8a51f19
  [    483ms]  [92mVISIBLE[0m  (poll #8, X-Cache: MISS)  order=f8a51f19

[96mOrder 13/200:[0m
  [      8ms]  [91mstale[0m    (poll #1)  order=1ca7ecb8
  [     72ms]  [91mstale[0m    (poll #2)  order=1ca7ecb8
  [    138ms]  [91mstale[0m    (poll #3)  order=1ca7ecb8
  [    204ms]  [91mstale[0m    (poll #4)  order=1ca7ecb8
  [    272ms]  [91mstale[0m    (poll #5)  order=1ca7ecb8
  [    349ms]  [91mstale[0m    (poll #6)  order=1ca7ecb8
  [    420ms]  [92mVISIBLE[0m  (poll #7, X-Cache: MISS)  order=1ca7ecb8

[96mOrder 14/200:[0m
  [      8ms]  [91mstale[0m    (poll #1)  order=ae108f73
  [     70ms]  [91mstale[0m    (poll #2)  order=ae108f73
  [    133ms]  [91mstale[0m    (poll #3)  order=ae108f73
  [    201ms]  [91mstale[0m    (poll #4)  order=ae108f73
  [    273ms]  [91mstale[0m    (poll #5)  order=ae108f73
  [    339ms]  [91mstale[0m    (poll #6)  order=ae108f73
  [    410ms]  [92mVISIBLE[0m  (poll #7, X-Cache: MISS)  order=ae108f73

[96mOrder 15/200:[0m
  [      8ms]  [91mstale[0m    (poll #1)  order=9f63e722
  [     72ms]  [91mstale[0m    (poll #2)  order=9f63e722
  [    134ms]  [91mstale[0m    (poll #3)  order=9f63e722
  [    199ms]  [91mstale[0m    (poll #4)  order=9f63e722
  [    267ms]  [91mstale[0m    (poll #5)  order=9f63e722
  [    338ms]  [91mstale[0m    (poll #6)  order=9f63e722
  [    406ms]  [91mstale[0m    (poll #7)  order=9f63e722
  [    478ms]  [92mVISIBLE[0m  (poll #8, X-Cache: MISS)  order=9f63e722

[96mOrder 16/200:[0m
  [      8ms]  [91mstale[0m    (poll #1)  order=e0703934
  [     68ms]  [91mstale[0m    (poll #2)  order=e0703934
  [    132ms]  [91mstale[0m    (poll #3)  order=e0703934
  [    196ms]  [91mstale[0m    (poll #4)  order=e0703934
  [    258ms]  [91mstale[0m    (poll #5)  order=e0703934
  [    321ms]  [91mstale[0m    (poll #6)  order=e0703934
  [    384ms]  [92mVISIBLE[0m  (poll #7, X-Cache: MISS)  order=e0703934

[96mOrder 17/200:[0m
  [      5ms]  [91mstale[0m    (poll #1)  order=1d5e5205
  [     65ms]  [91mstale[0m    (poll #2)  order=1d5e5205
  [    126ms]  [91mstale[0m    (poll #3)  order=1d5e5205
  [    190ms]  [91mstale[0m    (poll #4)  order=1d5e5205
  [    254ms]  [91mstale[0m    (poll #5)  order=1d5e5205
  [    312ms]  [91mstale[0m    (poll #6)  order=1d5e5205
  [    374ms]  [91mstale[0m    (poll #7)  order=1d5e5205
  [    430ms]  [92mVISIBLE[0m  (poll #8, X-Cache: MISS)  order=1d5e5205

[96mOrder 18/200:[0m
  [      4ms]  [91mstale[0m    (poll #1)  order=3b78a263
  [     63ms]  [91mstale[0m    (poll #2)  order=3b78a263
  [    121ms]  [91mstale[0m    (poll #3)  order=3b78a263
  [    180ms]  [91mstale[0m    (poll #4)  order=3b78a263
  [    238ms]  [91mstale[0m    (poll #5)  order=3b78a263
  [    297ms]  [91mstale[0m    (poll #6)  order=3b78a263
  [    360ms]  [91mstale[0m    (poll #7)  order=3b78a263
  [    421ms]  [91mstale[0m    (poll #8)  order=3b78a263
  [    481ms]  [92mVISIBLE[0m  (poll #9, X-Cache: MISS)  order=3b78a263

[96mOrder 19/200:[0m
  [      4ms]  [91mstale[0m    (poll #1)  order=1d83510c
  [     65ms]  [91mstale[0m    (poll #2)  order=1d83510c
  [    129ms]  [91mstale[0m    (poll #3)  order=1d83510c
  [    190ms]  [91mstale[0m    (poll #4)  order=1d83510c
  [    252ms]  [91mstale[0m    (poll #5)  order=1d83510c
  [    313ms]  [91mstale[0m    (poll #6)  order=1d83510c
  [    380ms]  [91mstale[0m    (poll #7)  order=1d83510c
  [    450ms]  [91mstale[0m    (poll #8)  order=1d83510c
  [    518ms]  [92mVISIBLE[0m  (poll #9, X-Cache: MISS)  order=1d83510c

[96mOrder 20/200:[0m
  [      6ms]  [91mstale[0m    (poll #1)  order=659ac740
  [     69ms]  [91mstale[0m    (poll #2)  order=659ac740
  [    133ms]  [91mstale[0m    (poll #3)  order=659ac740
  [    201ms]  [91mstale[0m    (poll #4)  order=659ac740
  [    271ms]  [91mstale[0m    (poll #5)  order=659ac740
  [    335ms]  [91mstale[0m    (poll #6)  order=659ac740
  [    399ms]  [91mstale[0m    (poll #7)  order=659ac740
  [    458ms]  [91mstale[0m    (poll #8)  order=659ac740
  [    526ms]  [92mVISIBLE[0m  (poll #9, X-Cache: MISS)  order=659ac740

[96mOrder 21/200:[0m
  [      9ms]  [91mstale[0m    (poll #1)  order=83d7948e
  [     71ms]  [91mstale[0m    (poll #2)  order=83d7948e
  [    134ms]  [91mstale[0m    (poll #3)  order=83d7948e
  [    201ms]  [91mstale[0m    (poll #4)  order=83d7948e
  [    271ms]  [91mstale[0m    (poll #5)  order=83d7948e
  [    335ms]  [91mstale[0m    (poll #6)  order=83d7948e
  [    417ms]  [91mstale[0m    (poll #7)  order=83d7948e
  [    486ms]  [92mVISIBLE[0m  (poll #8, X-Cache: MISS)  order=83d7948e

[96mOrder 22/200:[0m
  [      6ms]  [91mstale[0m    (poll #1)  order=91c9bd4a
  [     69ms]  [91mstale[0m    (poll #2)  order=91c9bd4a
  [    132ms]  [91mstale[0m    (poll #3)  order=91c9bd4a
  [    201ms]  [91mstale[0m    (poll #4)  order=91c9bd4a
  [    273ms]  [91mstale[0m    (poll #5)  order=91c9bd4a
  [    345ms]  [91mstale[0m    (poll #6)  order=91c9bd4a
  [    423ms]  [91mstale[0m    (poll #7)  order=91c9bd4a
  [    485ms]  [92mVISIBLE[0m  (poll #8, X-Cache: MISS)  order=91c9bd4a

[96mOrder 23/200:[0m
  [      4ms]  [91mstale[0m    (poll #1)  order=4c496c49
  [     69ms]  [91mstale[0m    (poll #2)  order=4c496c49
  [    131ms]  [91mstale[0m    (poll #3)  order=4c496c49
  [    197ms]  [91mstale[0m    (poll #4)  order=4c496c49
  [    263ms]  [91mstale[0m    (poll #5)  order=4c496c49
  [    330ms]  [91mstale[0m    (poll #6)  order=4c496c49
  [    401ms]  [91mstale[0m    (poll #7)  order=4c496c49
  [    470ms]  [91mstale[0m    (poll #8)  order=4c496c49
  [    541ms]  [92mVISIBLE[0m  (poll #9, X-Cache: MISS)  order=4c496c49

[96mOrder 24/200:[0m
  [      9ms]  [91mstale[0m    (poll #1)  order=f95cbde5
  [     71ms]  [91mstale[0m    (poll #2)  order=f95cbde5
  [    133ms]  [91mstale[0m    (poll #3)  order=f95cbde5
  [    198ms]  [91mstale[0m    (poll #4)  order=f95cbde5
  [    265ms]  [91mstale[0m    (poll #5)  order=f95cbde5
  [    340ms]  [91mstale[0m    (poll #6)  order=f95cbde5
  [    406ms]  [92mVISIBLE[0m  (poll #7, X-Cache: MISS)  order=f95cbde5

[96mOrder 25/200:[0m
  [      6ms]  [91mstale[0m    (poll #1)  order=054e249e
  [     64ms]  [91mstale[0m    (poll #2)  order=054e249e
  [    126ms]  [91mstale[0m    (poll #3)  order=054e249e
  [    191ms]  [91mstale[0m    (poll #4)  order=054e249e
  [    258ms]  [91mstale[0m    (poll #5)  order=054e249e
  [    328ms]  [91mstale[0m    (poll #6)  order=054e249e
  [    397ms]  [92mVISIBLE[0m  (poll #7, X-Cache: MISS)  order=054e249e

[96mOrder 26/200:[0m
  [      9ms]  [91mstale[0m    (poll #1)  order=15990aec
  [     74ms]  [91mstale[0m    (poll #2)  order=15990aec
  [    141ms]  [91mstale[0m    (poll #3)  order=15990aec
  [    207ms]  [91mstale[0m    (poll #4)  order=15990aec
  [    277ms]  [91mstale[0m    (poll #5)  order=15990aec
  [    347ms]  [91mstale[0m    (poll #6)  order=15990aec
  [    419ms]  [91mstale[0m    (poll #7)  order=15990aec
  [    488ms]  [92mVISIBLE[0m  (poll #8, X-Cache: MISS)  order=15990aec

[96mOrder 27/200:[0m
  [      9ms]  [91mstale[0m    (poll #1)  order=c47b4f9f
  [     69ms]  [91mstale[0m    (poll #2)  order=c47b4f9f
  [    133ms]  [91mstale[0m    (poll #3)  order=c47b4f9f
  [    202ms]  [91mstale[0m    (poll #4)  order=c47b4f9f
  [    270ms]  [91mstale[0m    (poll #5)  order=c47b4f9f
  [    341ms]  [91mstale[0m    (poll #6)  order=c47b4f9f
  [    405ms]  [92mVISIBLE[0m  (poll #7, X-Cache: MISS)  order=c47b4f9f

[96mOrder 28/200:[0m
  [      4ms]  [91mstale[0m    (poll #1)  order=a09b5c6d
  [     65ms]  [91mstale[0m    (poll #2)  order=a09b5c6d
  [    128ms]  [91mstale[0m    (poll #3)  order=a09b5c6d
  [    187ms]  [91mstale[0m    (poll #4)  order=a09b5c6d
  [    256ms]  [91mstale[0m    (poll #5)  order=a09b5c6d
  [    328ms]  [91mstale[0m    (poll #6)  order=a09b5c6d
  [    399ms]  [91mstale[0m    (poll #7)  order=a09b5c6d
  [    470ms]  [91mstale[0m    (poll #8)  order=a09b5c6d
  [    543ms]  [92mVISIBLE[0m  (poll #9, X-Cache: MISS)  order=a09b5c6d

[96mOrder 29/200:[0m
  [      9ms]  [91mstale[0m    (poll #1)  order=4340c6af
  [     72ms]  [91mstale[0m    (poll #2)  order=4340c6af
  [    138ms]  [91mstale[0m    (poll #3)  order=4340c6af
  [    208ms]  [91mstale[0m    (poll #4)  order=4340c6af
  [    278ms]  [91mstale[0m    (poll #5)  order=4340c6af
  [    351ms]  [91mstale[0m    (poll #6)  order=4340c6af
  [    419ms]  [91mstale[0m    (poll #7)  order=4340c6af
  [    492ms]  [92mVISIBLE[0m  (poll #8, X-Cache: MISS)  order=4340c6af

[96mOrder 30/200:[0m
  [      7ms]  [91mstale[0m    (poll #1)  order=8f39bb3a
  [     71ms]  [91mstale[0m    (poll #2)  order=8f39bb3a
  [    132ms]  [91mstale[0m    (poll #3)  order=8f39bb3a
  [    199ms]  [91mstale[0m    (poll #4)  order=8f39bb3a
  [    272ms]  [91mstale[0m    (poll #5)  order=8f39bb3a
  [    338ms]  [91mstale[0m    (poll #6)  order=8f39bb3a
  [    407ms]  [92mVISIBLE[0m  (poll #7, X-Cache: MISS)  order=8f39bb3a

[96mOrder 31/200:[0m
  [      8ms]  [91mstale[0m    (poll #1)  order=fad834c7
  [     72ms]  [91mstale[0m    (poll #2)  order=fad834c7
  [    137ms]  [91mstale[0m    (poll #3)  order=fad834c7
  [    203ms]  [91mstale[0m    (poll #4)  order=fad834c7
  [    275ms]  [91mstale[0m    (poll #5)  order=fad834c7
  [    347ms]  [92mVISIBLE[0m  (poll #6, X-Cache: MISS)  order=fad834c7

[96mOrder 32/200:[0m
  [      7ms]  [91mstale[0m    (poll #1)  order=0469476b
  [     71ms]  [91mstale[0m    (poll #2)  order=0469476b
  [    132ms]  [91mstale[0m    (poll #3)  order=0469476b
  [    200ms]  [91mstale[0m    (poll #4)  order=0469476b
  [    272ms]  [91mstale[0m    (poll #5)  order=0469476b
  [    345ms]  [91mstale[0m    (poll #6)  order=0469476b
  [    413ms]  [92mVISIBLE[0m  (poll #7, X-Cache: MISS)  order=0469476b

[96mOrder 33/200:[0m
  [      9ms]  [91mstale[0m    (poll #1)  order=f4418840
  [     73ms]  [91mstale[0m    (poll #2)  order=f4418840
  [    137ms]  [91mstale[0m    (poll #3)  order=f4418840
  [    204ms]  [91mstale[0m    (poll #4)  order=f4418840
  [    273ms]  [91mstale[0m    (poll #5)  order=f4418840
  [    343ms]  [91mstale[0m    (poll #6)  order=f4418840
  [    411ms]  [91mstale[0m    (poll #7)  order=f4418840
  [    478ms]  [91mstale[0m    (poll #8)  order=f4418840
  [    549ms]  [92mVISIBLE[0m  (poll #9, X-Cache: MISS)  order=f4418840

[96mOrder 34/200:[0m
  [      9ms]  [91mstale[0m    (poll #1)  order=08cbaf96
  [     76ms]  [91mstale[0m    (poll #2)  order=08cbaf96
  [    143ms]  [91mstale[0m    (poll #3)  order=08cbaf96
  [    212ms]  [91mstale[0m    (poll #4)  order=08cbaf96
  [    280ms]  [91mstale[0m    (poll #5)  order=08cbaf96
  [    348ms]  [91mstale[0m    (poll #6)  order=08cbaf96
  [    415ms]  [91mstale[0m    (poll #7)  order=08cbaf96
  [    486ms]  [92mVISIBLE[0m  (poll #8, X-Cache: MISS)  order=08cbaf96

[96mOrder 35/200:[0m
  [      8ms]  [91mstale[0m    (poll #1)  order=5af7afe0
  [     69ms]  [91mstale[0m    (poll #2)  order=5af7afe0
  [    138ms]  [91mstale[0m    (poll #3)  order=5af7afe0
  [    205ms]  [91mstale[0m    (poll #4)  order=5af7afe0
  [    274ms]  [91mstale[0m    (poll #5)  order=5af7afe0
  [    344ms]  [91mstale[0m    (poll #6)  order=5af7afe0
  [    411ms]  [91mstale[0m    (poll #7)  order=5af7afe0
  [    475ms]  [92mVISIBLE[0m  (poll #8, X-Cache: MISS)  order=5af7afe0

[96mOrder 36/200:[0m
  [      7ms]  [91mstale[0m    (poll #1)  order=664cdeaa
  [     70ms]  [91mstale[0m    (poll #2)  order=664cdeaa
  [    136ms]  [91mstale[0m    (poll #3)  order=664cdeaa
  [    200ms]  [91mstale[0m    (poll #4)  order=664cdeaa
  [    265ms]  [91mstale[0m    (poll #5)  order=664cdeaa
  [    334ms]  [91mstale[0m    (poll #6)  order=664cdeaa
  [    406ms]  [91mstale[0m    (poll #7)  order=664cdeaa
  [    477ms]  [91mstale[0m    (poll #8)  order=664cdeaa
  [    545ms]  [92mVISIBLE[0m  (poll #9, X-Cache: MISS)  order=664cdeaa

[96mOrder 37/200:[0m
  [      8ms]  [91mstale[0m    (poll #1)  order=2227112d
  [     73ms]  [91mstale[0m    (poll #2)  order=2227112d
  [    138ms]  [91mstale[0m    (poll #3)  order=2227112d
  [    203ms]  [91mstale[0m    (poll #4)  order=2227112d
  [    274ms]  [91mstale[0m    (poll #5)  order=2227112d
  [    346ms]  [91mstale[0m    (poll #6)  order=2227112d
  [    424ms]  [91mstale[0m    (poll #7)  order=2227112d
  [    492ms]  [92mVISIBLE[0m  (poll #8, X-Cache: MISS)  order=2227112d

[96mOrder 38/200:[0m
  [      5ms]  [91mstale[0m    (poll #1)  order=952cde9d
  [     66ms]  [91mstale[0m    (poll #2)  order=952cde9d
  [    123ms]  [91mstale[0m    (poll #3)  order=952cde9d
  [    190ms]  [91mstale[0m    (poll #4)  order=952cde9d
  [    250ms]  [91mstale[0m    (poll #5)  order=952cde9d
  [    307ms]  [91mstale[0m    (poll #6)  order=952cde9d
  [    369ms]  [91mstale[0m    (poll #7)  order=952cde9d
  [    435ms]  [91mstale[0m    (poll #8)  order=952cde9d
  [    501ms]  [92mVISIBLE[0m  (poll #9, X-Cache: MISS)  order=952cde9d

[96mOrder 39/200:[0m
  [      4ms]  [91mstale[0m    (poll #1)  order=7fc6f7fb
  [     60ms]  [91mstale[0m    (poll #2)  order=7fc6f7fb
  [    121ms]  [91mstale[0m    (poll #3)  order=7fc6f7fb
  [    182ms]  [91mstale[0m    (poll #4)  order=7fc6f7fb
  [    244ms]  [91mstale[0m    (poll #5)  order=7fc6f7fb
  [    307ms]  [91mstale[0m    (poll #6)  order=7fc6f7fb
  [    371ms]  [91mstale[0m    (poll #7)  order=7fc6f7fb
  [    433ms]  [91mstale[0m    (poll #8)  order=7fc6f7fb
  [    499ms]  [92mVISIBLE[0m  (poll #9, X-Cache: MISS)  order=7fc6f7fb

[96mOrder 40/200:[0m
  [      7ms]  [91mstale[0m    (poll #1)  order=bf4e957b
  [     66ms]  [91mstale[0m    (poll #2)  order=bf4e957b
  [    131ms]  [91mstale[0m    (poll #3)  order=bf4e957b
  [    198ms]  [91mstale[0m    (poll #4)  order=bf4e957b
  [    269ms]  [91mstale[0m    (poll #5)  order=bf4e957b
  [    337ms]  [91mstale[0m    (poll #6)  order=bf4e957b
  [    407ms]  [91mstale[0m    (poll #7)  order=bf4e957b
  [    479ms]  [91mstale[0m    (poll #8)  order=bf4e957b
  [    550ms]  [92mVISIBLE[0m  (poll #9, X-Cache: MISS)  order=bf4e957b

[96mOrder 41/200:[0m
  [      9ms]  [91mstale[0m    (poll #1)  order=a31379fd
  [     74ms]  [91mstale[0m    (poll #2)  order=a31379fd
  [    138ms]  [91mstale[0m    (poll #3)  order=a31379fd
  [    209ms]  [91mstale[0m    (poll #4)  order=a31379fd
  [    279ms]  [91mstale[0m    (poll #5)  order=a31379fd
  [    351ms]  [91mstale[0m    (poll #6)  order=a31379fd
  [    419ms]  [91mstale[0m    (poll #7)  order=a31379fd
  [    489ms]  [92mVISIBLE[0m  (poll #8, X-Cache: MISS)  order=a31379fd

[96mOrder 42/200:[0m
  [     10ms]  [91mstale[0m    (poll #1)  order=5e0c1b3b
  [     77ms]  [91mstale[0m    (poll #2)  order=5e0c1b3b
  [    137ms]  [91mstale[0m    (poll #3)  order=5e0c1b3b
  [    204ms]  [91mstale[0m    (poll #4)  order=5e0c1b3b
  [    274ms]  [91mstale[0m    (poll #5)  order=5e0c1b3b
  [    346ms]  [91mstale[0m    (poll #6)  order=5e0c1b3b
  [    416ms]  [91mstale[0m    (poll #7)  order=5e0c1b3b
  [    486ms]  [92mVISIBLE[0m  (poll #8, X-Cache: MISS)  order=5e0c1b3b

[96mOrder 43/200:[0m
  [      8ms]  [91mstale[0m    (poll #1)  order=3c87b57e
  [     68ms]  [91mstale[0m    (poll #2)  order=3c87b57e
  [    129ms]  [91mstale[0m    (poll #3)  order=3c87b57e
  [    191ms]  [91mstale[0m    (poll #4)  order=3c87b57e
  [    252ms]  [91mstale[0m    (poll #5)  order=3c87b57e
  [    316ms]  [91mstale[0m    (poll #6)  order=3c87b57e
  [    381ms]  [91mstale[0m    (poll #7)  order=3c87b57e
  [    452ms]  [91mstale[0m    (poll #8)  order=3c87b57e
  [    525ms]  [92mVISIBLE[0m  (poll #9, X-Cache: MISS)  order=3c87b57e

[96mOrder 44/200:[0m
  [      8ms]  [91mstale[0m    (poll #1)  order=2bc4809e
  [     73ms]  [91mstale[0m    (poll #2)  order=2bc4809e
  [    135ms]  [91mstale[0m    (poll #3)  order=2bc4809e
  [    199ms]  [91mstale[0m    (poll #4)  order=2bc4809e
  [    271ms]  [91mstale[0m    (poll #5)  order=2bc4809e
  [    341ms]  [91mstale[0m    (poll #6)  order=2bc4809e
  [    408ms]  [91mstale[0m    (poll #7)  order=2bc4809e
  [    480ms]  [92mVISIBLE[0m  (poll #8, X-Cache: MISS)  order=2bc4809e

[96mOrder 45/200:[0m
  [      9ms]  [91mstale[0m    (poll #1)  order=b6420ad2
  [     74ms]  [91mstale[0m    (poll #2)  order=b6420ad2
  [    141ms]  [91mstale[0m    (poll #3)  order=b6420ad2
  [    205ms]  [91mstale[0m    (poll #4)  order=b6420ad2
  [    277ms]  [91mstale[0m    (poll #5)  order=b6420ad2
  [    346ms]  [91mstale[0m    (poll #6)  order=b6420ad2
  [    413ms]  [91mstale[0m    (poll #7)  order=b6420ad2
  [    480ms]  [91mstale[0m    (poll #8)  order=b6420ad2
  [    545ms]  [92mVISIBLE[0m  (poll #9, X-Cache: MISS)  order=b6420ad2

[96mOrder 46/200:[0m
  [      6ms]  [91mstale[0m    (poll #1)  order=995720dd
  [     63ms]  [91mstale[0m    (poll #2)  order=995720dd
  [    124ms]  [91mstale[0m    (poll #3)  order=995720dd
  [    192ms]  [91mstale[0m    (poll #4)  order=995720dd
  [    261ms]  [91mstale[0m    (poll #5)  order=995720dd
  [    330ms]  [91mstale[0m    (poll #6)  order=995720dd
  [    399ms]  [91mstale[0m    (poll #7)  order=995720dd
  [    470ms]  [91mstale[0m    (poll #8)  order=995720dd
  [    542ms]  [92mVISIBLE[0m  (poll #9, X-Cache: MISS)  order=995720dd

[96mOrder 47/200:[0m
  [      9ms]  [91mstale[0m    (poll #1)  order=7c01b1e6
  [     73ms]  [91mstale[0m    (poll #2)  order=7c01b1e6
  [    141ms]  [91mstale[0m    (poll #3)  order=7c01b1e6
  [    205ms]  [91mstale[0m    (poll #4)  order=7c01b1e6
  [    271ms]  [91mstale[0m    (poll #5)  order=7c01b1e6
  [    337ms]  [91mstale[0m    (poll #6)  order=7c01b1e6
  [    397ms]  [92mVISIBLE[0m  (poll #7, X-Cache: MISS)  order=7c01b1e6

[96mOrder 48/200:[0m
  [      5ms]  [91mstale[0m    (poll #1)  order=8052ff26
  [     66ms]  [91mstale[0m    (poll #2)  order=8052ff26
  [    125ms]  [91mstale[0m    (poll #3)  order=8052ff26
  [    187ms]  [91mstale[0m    (poll #4)  order=8052ff26
  [    247ms]  [91mstale[0m    (poll #5)  order=8052ff26
  [    316ms]  [91mstale[0m    (poll #6)  order=8052ff26
  [    391ms]  [91mstale[0m    (poll #7)  order=8052ff26
  [    459ms]  [92mVISIBLE[0m  (poll #8, X-Cache: MISS)  order=8052ff26

[96mOrder 49/200:[0m
  [      7ms]  [91mstale[0m    (poll #1)  order=baca04a9
  [     67ms]  [91mstale[0m    (poll #2)  order=baca04a9
  [    130ms]  [91mstale[0m    (poll #3)  order=baca04a9
  [    197ms]  [91mstale[0m    (poll #4)  order=baca04a9
  [    267ms]  [91mstale[0m    (poll #5)  order=baca04a9
  [    342ms]  [91mstale[0m    (poll #6)  order=baca04a9
  [    413ms]  [91mstale[0m    (poll #7)  order=baca04a9
  [    483ms]  [91mstale[0m    (poll #8)  order=baca04a9
  [    554ms]  [92mVISIBLE[0m  (poll #9, X-Cache: MISS)  order=baca04a9

[96mOrder 50/200:[0m
  [      9ms]  [91mstale[0m    (poll #1)  order=a403f379
  [     72ms]  [91mstale[0m    (poll #2)  order=a403f379
  [    139ms]  [91mstale[0m    (poll #3)  order=a403f379
  [    208ms]  [91mstale[0m    (poll #4)  order=a403f379
  [    280ms]  [91mstale[0m    (poll #5)  order=a403f379
  [    349ms]  [91mstale[0m    (poll #6)  order=a403f379
  [    417ms]  [91mstale[0m    (poll #7)  order=a403f379
  [    489ms]  [92mVISIBLE[0m  (poll #8, X-Cache: MISS)  order=a403f379

[96mOrder 51/200:[0m
  [      9ms]  [91mstale[0m    (poll #1)  order=e5fe204e
  [     75ms]  [91mstale[0m    (poll #2)  order=e5fe204e
  [    140ms]  [91mstale[0m    (poll #3)  order=e5fe204e
  [    207ms]  [91mstale[0m    (poll #4)  order=e5fe204e
  [    278ms]  [91mstale[0m    (poll #5)  order=e5fe204e
  [    350ms]  [91mstale[0m    (poll #6)  order=e5fe204e
  [    420ms]  [91mstale[0m    (poll #7)  order=e5fe204e
  [    491ms]  [92mVISIBLE[0m  (poll #8, X-Cache: MISS)  order=e5fe204e

[96mOrder 52/200:[0m
  [      9ms]  [91mstale[0m    (poll #1)  order=850ae56f
  [     74ms]  [91mstale[0m    (poll #2)  order=850ae56f
  [    139ms]  [91mstale[0m    (poll #3)  order=850ae56f
  [    207ms]  [91mstale[0m    (poll #4)  order=850ae56f
  [    275ms]  [91mstale[0m    (poll #5)  order=850ae56f
  [    344ms]  [91mstale[0m    (poll #6)  order=850ae56f
  [    412ms]  [91mstale[0m    (poll #7)  order=850ae56f
  [    483ms]  [91mstale[0m    (poll #8)  order=850ae56f
  [    554ms]  [92mVISIBLE[0m  (poll #9, X-Cache: MISS)  order=850ae56f

[96mOrder 53/200:[0m
  [      7ms]  [91mstale[0m    (poll #1)  order=e2e15aff
  [     70ms]  [91mstale[0m    (poll #2)  order=e2e15aff
  [    132ms]  [91mstale[0m    (poll #3)  order=e2e15aff
  [    201ms]  [91mstale[0m    (poll #4)  order=e2e15aff
  [    276ms]  [91mstale[0m    (poll #5)  order=e2e15aff
  [    346ms]  [91mstale[0m    (poll #6)  order=e2e15aff
  [    417ms]  [91mstale[0m    (poll #7)  order=e2e15aff
  [    486ms]  [92mVISIBLE[0m  (poll #8, X-Cache: MISS)  order=e2e15aff

[96mOrder 54/200:[0m
  [      9ms]  [91mstale[0m    (poll #1)  order=a3c3ab3e
  [     73ms]  [91mstale[0m    (poll #2)  order=a3c3ab3e
  [    139ms]  [91mstale[0m    (poll #3)  order=a3c3ab3e
  [    206ms]  [91mstale[0m    (poll #4)  order=a3c3ab3e
  [    278ms]  [91mstale[0m    (poll #5)  order=a3c3ab3e
  [    349ms]  [91mstale[0m    (poll #6)  order=a3c3ab3e
  [    419ms]  [92mVISIBLE[0m  (poll #7, X-Cache: MISS)  order=a3c3ab3e

[96mOrder 55/200:[0m
  [      8ms]  [91mstale[0m    (poll #1)  order=e7210153
  [     73ms]  [91mstale[0m    (poll #2)  order=e7210153
  [    136ms]  [91mstale[0m    (poll #3)  order=e7210153
  [    201ms]  [91mstale[0m    (poll #4)  order=e7210153
  [    267ms]  [91mstale[0m    (poll #5)  order=e7210153
  [    341ms]  [91mstale[0m    (poll #6)  order=e7210153
  [    414ms]  [91mstale[0m    (poll #7)  order=e7210153
  [    486ms]  [92mVISIBLE[0m  (poll #8, X-Cache: MISS)  order=e7210153

[96mOrder 56/200:[0m
  [      8ms]  [91mstale[0m    (poll #1)  order=9690b221
  [     72ms]  [91mstale[0m    (poll #2)  order=9690b221
  [    135ms]  [91mstale[0m    (poll #3)  order=9690b221
  [    204ms]  [91mstale[0m    (poll #4)  order=9690b221
  [    275ms]  [91mstale[0m    (poll #5)  order=9690b221
  [    347ms]  [91mstale[0m    (poll #6)  order=9690b221
  [    415ms]  [91mstale[0m    (poll #7)  order=9690b221
  [    480ms]  [92mVISIBLE[0m  (poll #8, X-Cache: MISS)  order=9690b221

[96mOrder 57/200:[0m
  [      9ms]  [91mstale[0m    (poll #1)  order=cb186d88
  [     75ms]  [91mstale[0m    (poll #2)  order=cb186d88
  [    141ms]  [91mstale[0m    (poll #3)  order=cb186d88
  [    210ms]  [91mstale[0m    (poll #4)  order=cb186d88
  [    275ms]  [91mstale[0m    (poll #5)  order=cb186d88
  [    332ms]  [91mstale[0m    (poll #6)  order=cb186d88
  [    391ms]  [91mstale[0m    (poll #7)  order=cb186d88
  [    453ms]  [91mstale[0m    (poll #8)  order=cb186d88
  [    516ms]  [92mVISIBLE[0m  (poll #9, X-Cache: MISS)  order=cb186d88

[96mOrder 58/200:[0m
  [      3ms]  [91mstale[0m    (poll #1)  order=8391f0ce
  [     63ms]  [91mstale[0m    (poll #2)  order=8391f0ce
  [    123ms]  [91mstale[0m    (poll #3)  order=8391f0ce
  [    183ms]  [91mstale[0m    (poll #4)  order=8391f0ce
  [    247ms]  [91mstale[0m    (poll #5)  order=8391f0ce
  [    314ms]  [91mstale[0m    (poll #6)  order=8391f0ce
  [    378ms]  [91mstale[0m    (poll #7)  order=8391f0ce
  [    440ms]  [91mstale[0m    (poll #8)  order=8391f0ce
  [    499ms]  [92mVISIBLE[0m  (poll #9, X-Cache: MISS)  order=8391f0ce

[96mOrder 59/200:[0m
  [      3ms]  [91mstale[0m    (poll #1)  order=fc896b22
  [     63ms]  [91mstale[0m    (poll #2)  order=fc896b22
  [    123ms]  [91mstale[0m    (poll #3)  order=fc896b22
  [    188ms]  [91mstale[0m    (poll #4)  order=fc896b22
  [    247ms]  [91mstale[0m    (poll #5)  order=fc896b22
  [    311ms]  [91mstale[0m    (poll #6)  order=fc896b22
  [    373ms]  [91mstale[0m    (poll #7)  order=fc896b22
  [    437ms]  [91mstale[0m    (poll #8)  order=fc896b22
  [    499ms]  [92mVISIBLE[0m  (poll #9, X-Cache: MISS)  order=fc896b22

[96mOrder 60/200:[0m
  [      4ms]  [91mstale[0m    (poll #1)  order=75935582
  [     62ms]  [91mstale[0m    (poll #2)  order=75935582
  [    127ms]  [91mstale[0m    (poll #3)  order=75935582
  [    194ms]  [91mstale[0m    (poll #4)  order=75935582
  [    266ms]  [91mstale[0m    (poll #5)  order=75935582
  [    339ms]  [91mstale[0m    (poll #6)  order=75935582
  [    408ms]  [91mstale[0m    (poll #7)  order=75935582
  [    484ms]  [91mstale[0m    (poll #8)  order=75935582
  [    556ms]  [92mVISIBLE[0m  (poll #9, X-Cache: MISS)  order=75935582

[96mOrder 61/200:[0m
  [      9ms]  [91mstale[0m    (poll #1)  order=a1a5dd91
  [     75ms]  [91mstale[0m    (poll #2)  order=a1a5dd91
  [    140ms]  [91mstale[0m    (poll #3)  order=a1a5dd91
  [    206ms]  [91mstale[0m    (poll #4)  order=a1a5dd91
  [    274ms]  [91mstale[0m    (poll #5)  order=a1a5dd91
  [    351ms]  [91mstale[0m    (poll #6)  order=a1a5dd91
  [    419ms]  [91mstale[0m    (poll #7)  order=a1a5dd91
  [    493ms]  [92mVISIBLE[0m  (poll #8, X-Cache: MISS)  order=a1a5dd91

[96mOrder 62/200:[0m
  [      9ms]  [91mstale[0m    (poll #1)  order=6a1131d1
  [     71ms]  [91mstale[0m    (poll #2)  order=6a1131d1
  [    138ms]  [91mstale[0m    (poll #3)  order=6a1131d1
  [    207ms]  [91mstale[0m    (poll #4)  order=6a1131d1
  [    276ms]  [91mstale[0m    (poll #5)  order=6a1131d1
  [    346ms]  [91mstale[0m    (poll #6)  order=6a1131d1
  [    405ms]  [91mstale[0m    (poll #7)  order=6a1131d1
  [    468ms]  [91mstale[0m    (poll #8)  order=6a1131d1
  [    527ms]  [92mVISIBLE[0m  (poll #9, X-Cache: MISS)  order=6a1131d1

[96mOrder 63/200:[0m
  [      4ms]  [91mstale[0m    (poll #1)  order=c3c8971d
  [     60ms]  [91mstale[0m    (poll #2)  order=c3c8971d
  [    123ms]  [91mstale[0m    (poll #3)  order=c3c8971d
  [    186ms]  [91mstale[0m    (poll #4)  order=c3c8971d
  [    256ms]  [91mstale[0m    (poll #5)  order=c3c8971d
  [    327ms]  [91mstale[0m    (poll #6)  order=c3c8971d
  [    392ms]  [91mstale[0m    (poll #7)  order=c3c8971d
  [    463ms]  [92mVISIBLE[0m  (poll #8, X-Cache: MISS)  order=c3c8971d

[96mOrder 64/200:[0m
  [      9ms]  [91mstale[0m    (poll #1)  order=2e84821e
  [     72ms]  [91mstale[0m    (poll #2)  order=2e84821e
  [    138ms]  [91mstale[0m    (poll #3)  order=2e84821e
  [    201ms]  [91mstale[0m    (poll #4)  order=2e84821e
  [    269ms]  [91mstale[0m    (poll #5)  order=2e84821e
  [    341ms]  [91mstale[0m    (poll #6)  order=2e84821e
  [    412ms]  [92mVISIBLE[0m  (poll #7, X-Cache: MISS)  order=2e84821e

[96mOrder 65/200:[0m
  [      9ms]  [91mstale[0m    (poll #1)  order=11520f81
  [     74ms]  [91mstale[0m    (poll #2)  order=11520f81
  [    138ms]  [91mstale[0m    (poll #3)  order=11520f81
  [    204ms]  [91mstale[0m    (poll #4)  order=11520f81
  [    274ms]  [91mstale[0m    (poll #5)  order=11520f81
  [    343ms]  [91mstale[0m    (poll #6)  order=11520f81
  [    415ms]  [91mstale[0m    (poll #7)  order=11520f81
  [    485ms]  [91mstale[0m    (poll #8)  order=11520f81
  [    551ms]  [92mVISIBLE[0m  (poll #9, X-Cache: MISS)  order=11520f81

[96mOrder 66/200:[0m
  [      9ms]  [91mstale[0m    (poll #1)  order=572c80fd
  [     73ms]  [91mstale[0m    (poll #2)  order=572c80fd
  [    140ms]  [91mstale[0m    (poll #3)  order=572c80fd
  [    208ms]  [91mstale[0m    (poll #4)  order=572c80fd
  [    275ms]  [91mstale[0m    (poll #5)  order=572c80fd
  [    343ms]  [91mstale[0m    (poll #6)  order=572c80fd
  [    409ms]  [91mstale[0m    (poll #7)  order=572c80fd
  [    480ms]  [92mVISIBLE[0m  (poll #8, X-Cache: MISS)  order=572c80fd

[96mOrder 67/200:[0m
  [     10ms]  [91mstale[0m    (poll #1)  order=1e88ffb4
  [     75ms]  [91mstale[0m    (poll #2)  order=1e88ffb4
  [    141ms]  [91mstale[0m    (poll #3)  order=1e88ffb4
  [    209ms]  [91mstale[0m    (poll #4)  order=1e88ffb4
  [    278ms]  [91mstale[0m    (poll #5)  order=1e88ffb4
  [    337ms]  [91mstale[0m    (poll #6)  order=1e88ffb4
  [    397ms]  [92mVISIBLE[0m  (poll #7, X-Cache: MISS)  order=1e88ffb4

[96mOrder 68/200:[0m
  [      4ms]  [91mstale[0m    (poll #1)  order=eb3ba6a6
  [     65ms]  [91mstale[0m    (poll #2)  order=eb3ba6a6
  [    128ms]  [91mstale[0m    (poll #3)  order=eb3ba6a6
  [    194ms]  [91mstale[0m    (poll #4)  order=eb3ba6a6
  [    262ms]  [91mstale[0m    (poll #5)  order=eb3ba6a6
  [    327ms]  [91mstale[0m    (poll #6)  order=eb3ba6a6
  [    397ms]  [91mstale[0m    (poll #7)  order=eb3ba6a6
  [    462ms]  [91mstale[0m    (poll #8)  order=eb3ba6a6
  [    529ms]  [92mVISIBLE[0m  (poll #9, X-Cache: MISS)  order=eb3ba6a6

[96mOrder 69/200:[0m
  [      9ms]  [91mstale[0m    (poll #1)  order=49925320
  [     74ms]  [91mstale[0m    (poll #2)  order=49925320
  [    140ms]  [91mstale[0m    (poll #3)  order=49925320
  [    207ms]  [91mstale[0m    (poll #4)  order=49925320
  [    280ms]  [91mstale[0m    (poll #5)  order=49925320
  [    352ms]  [91mstale[0m    (poll #6)  order=49925320
  [    421ms]  [91mstale[0m    (poll #7)  order=49925320
  [    494ms]  [92mVISIBLE[0m  (poll #8, X-Cache: MISS)  order=49925320

[96mOrder 70/200:[0m
  [      9ms]  [91mstale[0m    (poll #1)  order=2aac6497
  [     76ms]  [91mstale[0m    (poll #2)  order=2aac6497
  [    143ms]  [91mstale[0m    (poll #3)  order=2aac6497
  [    212ms]  [91mstale[0m    (poll #4)  order=2aac6497
  [    280ms]  [91mstale[0m    (poll #5)  order=2aac6497
  [    348ms]  [92mVISIBLE[0m  (poll #6, X-Cache: MISS)  order=2aac6497

[96mOrder 71/200:[0m
  [     10ms]  [91mstale[0m    (poll #1)  order=f69373f0
  [     78ms]  [91mstale[0m    (poll #2)  order=f69373f0
  [    140ms]  [91mstale[0m    (poll #3)  order=f69373f0
  [    208ms]  [91mstale[0m    (poll #4)  order=f69373f0
  [    278ms]  [91mstale[0m    (poll #5)  order=f69373f0
  [    346ms]  [91mstale[0m    (poll #6)  order=f69373f0
  [    411ms]  [91mstale[0m    (poll #7)  order=f69373f0
  [    481ms]  [91mstale[0m    (poll #8)  order=f69373f0
  [    553ms]  [92mVISIBLE[0m  (poll #9, X-Cache: MISS)  order=f69373f0

[96mOrder 72/200:[0m
  [      9ms]  [91mstale[0m    (poll #1)  order=ba34164e
  [     68ms]  [91mstale[0m    (poll #2)  order=ba34164e
  [    132ms]  [91mstale[0m    (poll #3)  order=ba34164e
  [    200ms]  [91mstale[0m    (poll #4)  order=ba34164e
  [    275ms]  [91mstale[0m    (poll #5)  order=ba34164e
  [    347ms]  [91mstale[0m    (poll #6)  order=ba34164e
  [    418ms]  [91mstale[0m    (poll #7)  order=ba34164e
  [    479ms]  [92mVISIBLE[0m  (poll #8, X-Cache: MISS)  order=ba34164e

[96mOrder 73/200:[0m
  [      6ms]  [91mstale[0m    (poll #1)  order=70826dd4
  [     70ms]  [91mstale[0m    (poll #2)  order=70826dd4
  [    138ms]  [91mstale[0m    (poll #3)  order=70826dd4
  [    203ms]  [91mstale[0m    (poll #4)  order=70826dd4
  [    272ms]  [91mstale[0m    (poll #5)  order=70826dd4
  [    349ms]  [91mstale[0m    (poll #6)  order=70826dd4
  [    420ms]  [91mstale[0m    (poll #7)  order=70826dd4
  [    489ms]  [92mVISIBLE[0m  (poll #8, X-Cache: MISS)  order=70826dd4

[96mOrder 74/200:[0m
  [     14ms]  [91mstale[0m    (poll #1)  order=b1c5258e
  [    140ms]  [91mstale[0m    (poll #2)  order=b1c5258e
  [    203ms]  [91mstale[0m    (poll #3)  order=b1c5258e
  [    266ms]  [91mstale[0m    (poll #4)  order=b1c5258e
  [    340ms]  [91mstale[0m    (poll #5)  order=b1c5258e
  [    411ms]  [91mstale[0m    (poll #6)  order=b1c5258e
  [    485ms]  [91mstale[0m    (poll #7)  order=b1c5258e
  [    558ms]  [92mVISIBLE[0m  (poll #8, X-Cache: MISS)  order=b1c5258e

[96mOrder 75/200:[0m
  [      9ms]  [91mstale[0m    (poll #1)  order=8c4e5498
  [     73ms]  [91mstale[0m    (poll #2)  order=8c4e5498
  [    138ms]  [91mstale[0m    (poll #3)  order=8c4e5498
  [    203ms]  [91mstale[0m    (poll #4)  order=8c4e5498
  [    273ms]  [91mstale[0m    (poll #5)  order=8c4e5498
  [    346ms]  [91mstale[0m    (poll #6)  order=8c4e5498
  [    418ms]  [91mstale[0m    (poll #7)  order=8c4e5498
  [    486ms]  [92mVISIBLE[0m  (poll #8, X-Cache: MISS)  order=8c4e5498

[96mOrder 76/200:[0m
  [      9ms]  [91mstale[0m    (poll #1)  order=1d345ed6
  [     75ms]  [91mstale[0m    (poll #2)  order=1d345ed6
  [    138ms]  [91mstale[0m    (poll #3)  order=1d345ed6
  [    205ms]  [91mstale[0m    (poll #4)  order=1d345ed6
  [    276ms]  [91mstale[0m    (poll #5)  order=1d345ed6
  [    344ms]  [91mstale[0m    (poll #6)  order=1d345ed6
  [    417ms]  [91mstale[0m    (poll #7)  order=1d345ed6
  [    492ms]  [92mVISIBLE[0m  (poll #8, X-Cache: MISS)  order=1d345ed6

[96mOrder 77/200:[0m
  [     10ms]  [91mstale[0m    (poll #1)  order=eecfdca8
  [     75ms]  [91mstale[0m    (poll #2)  order=eecfdca8
  [    137ms]  [91mstale[0m    (poll #3)  order=eecfdca8
  [    195ms]  [91mstale[0m    (poll #4)  order=eecfdca8
  [    252ms]  [91mstale[0m    (poll #5)  order=eecfdca8
  [    312ms]  [91mstale[0m    (poll #6)  order=eecfdca8
  [    375ms]  [91mstale[0m    (poll #7)  order=eecfdca8
  [    439ms]  [91mstale[0m    (poll #8)  order=eecfdca8
  [    499ms]  [92mVISIBLE[0m  (poll #9, X-Cache: MISS)  order=eecfdca8

[96mOrder 78/200:[0m
  [      5ms]  [91mstale[0m    (poll #1)  order=cf23f77a
  [     66ms]  [91mstale[0m    (poll #2)  order=cf23f77a
  [    124ms]  [91mstale[0m    (poll #3)  order=cf23f77a
  [    189ms]  [91mstale[0m    (poll #4)  order=cf23f77a
  [    258ms]  [91mstale[0m    (poll #5)  order=cf23f77a
  [    329ms]  [91mstale[0m    (poll #6)  order=cf23f77a
  [    398ms]  [91mstale[0m    (poll #7)  order=cf23f77a
  [    472ms]  [91mstale[0m    (poll #8)  order=cf23f77a
  [    537ms]  [92mVISIBLE[0m  (poll #9, X-Cache: MISS)  order=cf23f77a

[96mOrder 79/200:[0m
  [      6ms]  [91mstale[0m    (poll #1)  order=bad471c1
  [     65ms]  [91mstale[0m    (poll #2)  order=bad471c1
  [    124ms]  [91mstale[0m    (poll #3)  order=bad471c1
  [    184ms]  [91mstale[0m    (poll #4)  order=bad471c1
  [    245ms]  [91mstale[0m    (poll #5)  order=bad471c1
  [    307ms]  [91mstale[0m    (poll #6)  order=bad471c1
  [    366ms]  [91mstale[0m    (poll #7)  order=bad471c1
  [    427ms]  [91mstale[0m    (poll #8)  order=bad471c1
  [    493ms]  [92mVISIBLE[0m  (poll #9, X-Cache: MISS)  order=bad471c1

[96mOrder 80/200:[0m
  [      8ms]  [91mstale[0m    (poll #1)  order=3289d75c
  [     72ms]  [91mstale[0m    (poll #2)  order=3289d75c
  [    133ms]  [91mstale[0m    (poll #3)  order=3289d75c
  [    199ms]  [91mstale[0m    (poll #4)  order=3289d75c
  [    270ms]  [91mstale[0m    (poll #5)  order=3289d75c
  [    338ms]  [91mstale[0m    (poll #6)  order=3289d75c
  [    410ms]  [91mstale[0m    (poll #7)  order=3289d75c
  [    485ms]  [92mVISIBLE[0m  (poll #8, X-Cache: MISS)  order=3289d75c

[96mOrder 81/200:[0m
  [     11ms]  [91mstale[0m    (poll #1)  order=b7850a4b
  [     80ms]  [91mstale[0m    (poll #2)  order=b7850a4b
  [    137ms]  [91mstale[0m    (poll #3)  order=b7850a4b
  [    199ms]  [91mstale[0m    (poll #4)  order=b7850a4b
  [    261ms]  [91mstale[0m    (poll #5)  order=b7850a4b
  [    325ms]  [91mstale[0m    (poll #6)  order=b7850a4b
  [    390ms]  [91mstale[0m    (poll #7)  order=b7850a4b
  [    458ms]  [91mstale[0m    (poll #8)  order=b7850a4b
  [    528ms]  [92mVISIBLE[0m  (poll #9, X-Cache: MISS)  order=b7850a4b

[96mOrder 82/200:[0m
  [      8ms]  [91mstale[0m    (poll #1)  order=0f296242
  [     71ms]  [91mstale[0m    (poll #2)  order=0f296242
  [    134ms]  [91mstale[0m    (poll #3)  order=0f296242
  [    196ms]  [91mstale[0m    (poll #4)  order=0f296242
  [    255ms]  [91mstale[0m    (poll #5)  order=0f296242
  [    316ms]  [91mstale[0m    (poll #6)  order=0f296242
  [    378ms]  [91mstale[0m    (poll #7)  order=0f296242
  [    447ms]  [92mVISIBLE[0m  (poll #8, X-Cache: MISS)  order=0f296242

[96mOrder 83/200:[0m
  [      7ms]  [91mstale[0m    (poll #1)  order=06791a41
  [     73ms]  [91mstale[0m    (poll #2)  order=06791a41
  [    139ms]  [91mstale[0m    (poll #3)  order=06791a41
  [    206ms]  [91mstale[0m    (poll #4)  order=06791a41
  [    272ms]  [91mstale[0m    (poll #5)  order=06791a41
  [    341ms]  [91mstale[0m    (poll #6)  order=06791a41
  [    409ms]  [91mstale[0m    (poll #7)  order=06791a41
  [    477ms]  [91mstale[0m    (poll #8)  order=06791a41
  [    547ms]  [92mVISIBLE[0m  (poll #9, X-Cache: MISS)  order=06791a41

[96mOrder 84/200:[0m
  [     10ms]  [91mstale[0m    (poll #1)  order=217feed3
  [     75ms]  [91mstale[0m    (poll #2)  order=217feed3
  [    140ms]  [91mstale[0m    (poll #3)  order=217feed3
  [    204ms]  [91mstale[0m    (poll #4)  order=217feed3
  [    271ms]  [91mstale[0m    (poll #5)  order=217feed3
  [    340ms]  [91mstale[0m    (poll #6)  order=217feed3
  [    406ms]  [92mVISIBLE[0m  (poll #7, X-Cache: MISS)  order=217feed3

[96mOrder 85/200:[0m
  [      7ms]  [91mstale[0m    (poll #1)  order=ccc7acce
  [     68ms]  [91mstale[0m    (poll #2)  order=ccc7acce
  [    133ms]  [91mstale[0m    (poll #3)  order=ccc7acce
  [    200ms]  [91mstale[0m    (poll #4)  order=ccc7acce
  [    272ms]  [91mstale[0m    (poll #5)  order=ccc7acce
  [    341ms]  [91mstale[0m    (poll #6)  order=ccc7acce
  [    414ms]  [91mstale[0m    (poll #7)  order=ccc7acce
  [    486ms]  [92mVISIBLE[0m  (poll #8, X-Cache: MISS)  order=ccc7acce

[96mOrder 86/200:[0m
  [      8ms]  [91mstale[0m    (poll #1)  order=208be029
  [     73ms]  [91mstale[0m    (poll #2)  order=208be029
  [    135ms]  [91mstale[0m    (poll #3)  order=208be029
  [    196ms]  [91mstale[0m    (poll #4)  order=208be029
  [    257ms]  [91mstale[0m    (poll #5)  order=208be029
  [    324ms]  [91mstale[0m    (poll #6)  order=208be029
  [    393ms]  [91mstale[0m    (poll #7)  order=208be029
  [    461ms]  [92mVISIBLE[0m  (poll #8, X-Cache: MISS)  order=208be029

[96mOrder 87/200:[0m
  [      9ms]  [91mstale[0m    (poll #1)  order=90417faf
  [     74ms]  [91mstale[0m    (poll #2)  order=90417faf
  [    141ms]  [91mstale[0m    (poll #3)  order=90417faf
  [    210ms]  [91mstale[0m    (poll #4)  order=90417faf
  [    286ms]  [91mstale[0m    (poll #5)  order=90417faf
  [    350ms]  [91mstale[0m    (poll #6)  order=90417faf
  [    416ms]  [91mstale[0m    (poll #7)  order=90417faf
  [    482ms]  [91mstale[0m    (poll #8)  order=90417faf
  [    547ms]  [92mVISIBLE[0m  (poll #9, X-Cache: MISS)  order=90417faf

[96mOrder 88/200:[0m
  [      6ms]  [91mstale[0m    (poll #1)  order=2c68eb87
  [     65ms]  [91mstale[0m    (poll #2)  order=2c68eb87
  [    129ms]  [91mstale[0m    (poll #3)  order=2c68eb87
  [    194ms]  [91mstale[0m    (poll #4)  order=2c68eb87
  [    265ms]  [91mstale[0m    (poll #5)  order=2c68eb87
  [    334ms]  [91mstale[0m    (poll #6)  order=2c68eb87
  [    410ms]  [91mstale[0m    (poll #7)  order=2c68eb87
  [    483ms]  [92mVISIBLE[0m  (poll #8, X-Cache: MISS)  order=2c68eb87

[96mOrder 89/200:[0m
  [      8ms]  [91mstale[0m    (poll #1)  order=45c4056c
  [     75ms]  [91mstale[0m    (poll #2)  order=45c4056c
  [    142ms]  [91mstale[0m    (poll #3)  order=45c4056c
  [    209ms]  [91mstale[0m    (poll #4)  order=45c4056c
  [    279ms]  [91mstale[0m    (poll #5)  order=45c4056c
  [    352ms]  [91mstale[0m    (poll #6)  order=45c4056c
  [    420ms]  [91mstale[0m    (poll #7)  order=45c4056c
  [    492ms]  [92mVISIBLE[0m  (poll #8, X-Cache: MISS)  order=45c4056c

[96mOrder 90/200:[0m
  [      8ms]  [91mstale[0m    (poll #1)  order=83d415f6
  [     67ms]  [91mstale[0m    (poll #2)  order=83d415f6
  [    133ms]  [91mstale[0m    (poll #3)  order=83d415f6
  [    203ms]  [91mstale[0m    (poll #4)  order=83d415f6
  [    269ms]  [91mstale[0m    (poll #5)  order=83d415f6
  [    340ms]  [91mstale[0m    (poll #6)  order=83d415f6
  [    409ms]  [91mstale[0m    (poll #7)  order=83d415f6
  [    477ms]  [91mstale[0m    (poll #8)  order=83d415f6
  [    551ms]  [92mVISIBLE[0m  (poll #9, X-Cache: MISS)  order=83d415f6

[96mOrder 91/200:[0m
  [      9ms]  [91mstale[0m    (poll #1)  order=50f2791a
  [     73ms]  [91mstale[0m    (poll #2)  order=50f2791a
  [    141ms]  [91mstale[0m    (poll #3)  order=50f2791a
  [    210ms]  [91mstale[0m    (poll #4)  order=50f2791a
  [    278ms]  [91mstale[0m    (poll #5)  order=50f2791a
  [    350ms]  [91mstale[0m    (poll #6)  order=50f2791a
  [    419ms]  [91mstale[0m    (poll #7)  order=50f2791a
  [    490ms]  [92mVISIBLE[0m  (poll #8, X-Cache: MISS)  order=50f2791a

[96mOrder 92/200:[0m
  [      8ms]  [91mstale[0m    (poll #1)  order=e859aa6f
  [     73ms]  [91mstale[0m    (poll #2)  order=e859aa6f
  [    135ms]  [91mstale[0m    (poll #3)  order=e859aa6f
  [    200ms]  [91mstale[0m    (poll #4)  order=e859aa6f
  [    270ms]  [91mstale[0m    (poll #5)  order=e859aa6f
  [    338ms]  [91mstale[0m    (poll #6)  order=e859aa6f
  [    408ms]  [91mstale[0m    (poll #7)  order=e859aa6f
  [    480ms]  [92mVISIBLE[0m  (poll #8, X-Cache: MISS)  order=e859aa6f

[96mOrder 93/200:[0m
  [      8ms]  [91mstale[0m    (poll #1)  order=32230a31
  [     68ms]  [91mstale[0m    (poll #2)  order=32230a31
  [    133ms]  [91mstale[0m    (poll #3)  order=32230a31
  [    197ms]  [91mstale[0m    (poll #4)  order=32230a31
  [    268ms]  [91mstale[0m    (poll #5)  order=32230a31
  [    336ms]  [91mstale[0m    (poll #6)  order=32230a31
  [    409ms]  [91mstale[0m    (poll #7)  order=32230a31
  [    477ms]  [91mstale[0m    (poll #8)  order=32230a31
  [    548ms]  [92mVISIBLE[0m  (poll #9, X-Cache: MISS)  order=32230a31

[96mOrder 94/200:[0m
  [     10ms]  [91mstale[0m    (poll #1)  order=d7d71a0a
  [     73ms]  [91mstale[0m    (poll #2)  order=d7d71a0a
  [    137ms]  [91mstale[0m    (poll #3)  order=d7d71a0a
  [    202ms]  [91mstale[0m    (poll #4)  order=d7d71a0a
  [    271ms]  [91mstale[0m    (poll #5)  order=d7d71a0a
  [    339ms]  [91mstale[0m    (poll #6)  order=d7d71a0a
  [    406ms]  [91mstale[0m    (poll #7)  order=d7d71a0a
  [    466ms]  [92mVISIBLE[0m  (poll #8, X-Cache: MISS)  order=d7d71a0a

[96mOrder 95/200:[0m
  [      5ms]  [91mstale[0m    (poll #1)  order=90898e2b
  [     69ms]  [91mstale[0m    (poll #2)  order=90898e2b
  [    131ms]  [91mstale[0m    (poll #3)  order=90898e2b
  [    194ms]  [91mstale[0m    (poll #4)  order=90898e2b
  [    257ms]  [91mstale[0m    (poll #5)  order=90898e2b
  [    325ms]  [91mstale[0m    (poll #6)  order=90898e2b
  [    391ms]  [92mVISIBLE[0m  (poll #7, X-Cache: MISS)  order=90898e2b

[96mOrder 96/200:[0m
  [      6ms]  [91mstale[0m    (poll #1)  order=966f4842
  [     66ms]  [91mstale[0m    (poll #2)  order=966f4842
  [    128ms]  [91mstale[0m    (poll #3)  order=966f4842
  [    193ms]  [91mstale[0m    (poll #4)  order=966f4842
  [    257ms]  [91mstale[0m    (poll #5)  order=966f4842
  [    320ms]  [91mstale[0m    (poll #6)  order=966f4842
  [    388ms]  [91mstale[0m    (poll #7)  order=966f4842
  [    452ms]  [91mstale[0m    (poll #8)  order=966f4842
  [    511ms]  [92mVISIBLE[0m  (poll #9, X-Cache: MISS)  order=966f4842

[96mOrder 97/200:[0m
  [      7ms]  [91mstale[0m    (poll #1)  order=3bebf885
  [     69ms]  [91mstale[0m    (poll #2)  order=3bebf885
  [    128ms]  [91mstale[0m    (poll #3)  order=3bebf885
  [    192ms]  [91mstale[0m    (poll #4)  order=3bebf885
  [    252ms]  [91mstale[0m    (poll #5)  order=3bebf885
  [    316ms]  [91mstale[0m    (poll #6)  order=3bebf885
  [    385ms]  [91mstale[0m    (poll #7)  order=3bebf885
  [    449ms]  [91mstale[0m    (poll #8)  order=3bebf885
  [    509ms]  [92mVISIBLE[0m  (poll #9, X-Cache: MISS)  order=3bebf885

[96mOrder 98/200:[0m
  [      5ms]  [91mstale[0m    (poll #1)  order=1430f10b
  [     76ms]  [91mstale[0m    (poll #2)  order=1430f10b
  [    140ms]  [91mstale[0m    (poll #3)  order=1430f10b
  [    204ms]  [91mstale[0m    (poll #4)  order=1430f10b
  [    264ms]  [91mstale[0m    (poll #5)  order=1430f10b
  [    326ms]  [91mstale[0m    (poll #6)  order=1430f10b
  [    392ms]  [91mstale[0m    (poll #7)  order=1430f10b
  [    459ms]  [91mstale[0m    (poll #8)  order=1430f10b
  [    531ms]  [92mVISIBLE[0m  (poll #9, X-Cache: MISS)  order=1430f10b

[96mOrder 99/200:[0m
  [     10ms]  [91mstale[0m    (poll #1)  order=4037a0a4
  [     75ms]  [91mstale[0m    (poll #2)  order=4037a0a4
  [    136ms]  [91mstale[0m    (poll #3)  order=4037a0a4
  [    196ms]  [91mstale[0m    (poll #4)  order=4037a0a4
  [    253ms]  [91mstale[0m    (poll #5)  order=4037a0a4
  [    310ms]  [91mstale[0m    (poll #6)  order=4037a0a4
  [    368ms]  [91mstale[0m    (poll #7)  order=4037a0a4
  [    432ms]  [91mstale[0m    (poll #8)  order=4037a0a4
  [    501ms]  [92mVISIBLE[0m  (poll #9, X-Cache: MISS)  order=4037a0a4

[96mOrder 100/200:[0m
  [      9ms]  [91mstale[0m    (poll #1)  order=04546b9b
  [     73ms]  [91mstale[0m    (poll #2)  order=04546b9b
  [    138ms]  [91mstale[0m    (poll #3)  order=04546b9b
  [    200ms]  [91mstale[0m    (poll #4)  order=04546b9b
  [    266ms]  [91mstale[0m    (poll #5)  order=04546b9b
  [    336ms]  [91mstale[0m    (poll #6)  order=04546b9b
  [    404ms]  [91mstale[0m    (poll #7)  order=04546b9b
  [    479ms]  [92mVISIBLE[0m  (poll #8, X-Cache: MISS)  order=04546b9b

[96mOrder 101/200:[0m
  [      6ms]  [91mstale[0m    (poll #1)  order=28d87932
  [     68ms]  [91mstale[0m    (poll #2)  order=28d87932
  [    131ms]  [91mstale[0m    (poll #3)  order=28d87932
  [    199ms]  [91mstale[0m    (poll #4)  order=28d87932
  [    271ms]  [91mstale[0m    (poll #5)  order=28d87932
  [    340ms]  [91mstale[0m    (poll #6)  order=28d87932
  [    412ms]  [91mstale[0m    (poll #7)  order=28d87932
  [    483ms]  [91mstale[0m    (poll #8)  order=28d87932
  [    549ms]  [92mVISIBLE[0m  (poll #9, X-Cache: MISS)  order=28d87932

[96mOrder 102/200:[0m
  [      6ms]  [91mstale[0m    (poll #1)  order=bd193529
  [     67ms]  [91mstale[0m    (poll #2)  order=bd193529
  [    126ms]  [91mstale[0m    (poll #3)  order=bd193529
  [    190ms]  [91mstale[0m    (poll #4)  order=bd193529
  [    252ms]  [91mstale[0m    (poll #5)  order=bd193529
  [    320ms]  [91mstale[0m    (poll #6)  order=bd193529
  [    391ms]  [91mstale[0m    (poll #7)  order=bd193529
  [    457ms]  [92mVISIBLE[0m  (poll #8, X-Cache: MISS)  order=bd193529

[96mOrder 103/200:[0m
  [      6ms]  [91mstale[0m    (poll #1)  order=e292f73f
  [     67ms]  [91mstale[0m    (poll #2)  order=e292f73f
  [    132ms]  [91mstale[0m    (poll #3)  order=e292f73f
  [    200ms]  [91mstale[0m    (poll #4)  order=e292f73f
  [    269ms]  [91mstale[0m    (poll #5)  order=e292f73f
  [    337ms]  [91mstale[0m    (poll #6)  order=e292f73f
  [    407ms]  [91mstale[0m    (poll #7)  order=e292f73f
  [    474ms]  [91mstale[0m    (poll #8)  order=e292f73f
  [    548ms]  [92mVISIBLE[0m  (poll #9, X-Cache: MISS)  order=e292f73f

[96mOrder 104/200:[0m
  [      9ms]  [91mstale[0m    (poll #1)  order=5c93f0fd
  [     71ms]  [91mstale[0m    (poll #2)  order=5c93f0fd
  [    135ms]  [91mstale[0m    (poll #3)  order=5c93f0fd
  [    200ms]  [91mstale[0m    (poll #4)  order=5c93f0fd
  [    270ms]  [91mstale[0m    (poll #5)  order=5c93f0fd
  [    339ms]  [91mstale[0m    (poll #6)  order=5c93f0fd
  [    411ms]  [91mstale[0m    (poll #7)  order=5c93f0fd
  [    475ms]  [92mVISIBLE[0m  (poll #8, X-Cache: MISS)  order=5c93f0fd

[96mOrder 105/200:[0m
  [      8ms]  [91mstale[0m    (poll #1)  order=a360deda
  [     67ms]  [91mstale[0m    (poll #2)  order=a360deda
  [    130ms]  [91mstale[0m    (poll #3)  order=a360deda
  [    199ms]  [91mstale[0m    (poll #4)  order=a360deda
  [    264ms]  [91mstale[0m    (poll #5)  order=a360deda
  [    333ms]  [91mstale[0m    (poll #6)  order=a360deda
  [    402ms]  [91mstale[0m    (poll #7)  order=a360deda
  [    469ms]  [91mstale[0m    (poll #8)  order=a360deda
  [    539ms]  [92mVISIBLE[0m  (poll #9, X-Cache: MISS)  order=a360deda

[96mOrder 106/200:[0m
  [      5ms]  [91mstale[0m    (poll #1)  order=2c043937
  [     63ms]  [91mstale[0m    (poll #2)  order=2c043937
  [    129ms]  [91mstale[0m    (poll #3)  order=2c043937
  [    191ms]  [91mstale[0m    (poll #4)  order=2c043937
  [    262ms]  [91mstale[0m    (poll #5)  order=2c043937
  [    330ms]  [91mstale[0m    (poll #6)  order=2c043937
  [    396ms]  [91mstale[0m    (poll #7)  order=2c043937
  [    465ms]  [92mVISIBLE[0m  (poll #8, X-Cache: MISS)  order=2c043937

[96mOrder 107/200:[0m
  [      6ms]  [91mstale[0m    (poll #1)  order=68553eef
  [     69ms]  [91mstale[0m    (poll #2)  order=68553eef
  [    134ms]  [91mstale[0m    (poll #3)  order=68553eef
  [    201ms]  [91mstale[0m    (poll #4)  order=68553eef
  [    264ms]  [91mstale[0m    (poll #5)  order=68553eef
  [    325ms]  [91mstale[0m    (poll #6)  order=68553eef
  [    387ms]  [91mstale[0m    (poll #7)  order=68553eef
  [    453ms]  [91mstale[0m    (poll #8)  order=68553eef
  [    525ms]  [92mVISIBLE[0m  (poll #9, X-Cache: MISS)  order=68553eef

[96mOrder 108/200:[0m
  [      8ms]  [91mstale[0m    (poll #1)  order=9b5bc2f8
  [     67ms]  [91mstale[0m    (poll #2)  order=9b5bc2f8
  [    133ms]  [91mstale[0m    (poll #3)  order=9b5bc2f8
  [    202ms]  [91mstale[0m    (poll #4)  order=9b5bc2f8
  [    272ms]  [91mstale[0m    (poll #5)  order=9b5bc2f8
  [    337ms]  [91mstale[0m    (poll #6)  order=9b5bc2f8
  [    407ms]  [91mstale[0m    (poll #7)  order=9b5bc2f8
  [    480ms]  [92mVISIBLE[0m  (poll #8, X-Cache: MISS)  order=9b5bc2f8

[96mOrder 109/200:[0m
  [      6ms]  [91mstale[0m    (poll #1)  order=52acc70c
  [     68ms]  [91mstale[0m    (poll #2)  order=52acc70c
  [    134ms]  [91mstale[0m    (poll #3)  order=52acc70c
  [    200ms]  [91mstale[0m    (poll #4)  order=52acc70c
  [    267ms]  [91mstale[0m    (poll #5)  order=52acc70c
  [    338ms]  [91mstale[0m    (poll #6)  order=52acc70c
  [    407ms]  [91mstale[0m    (poll #7)  order=52acc70c
  [    478ms]  [91mstale[0m    (poll #8)  order=52acc70c
  [    549ms]  [92mVISIBLE[0m  (poll #9, X-Cache: MISS)  order=52acc70c

[96mOrder 110/200:[0m
  [      9ms]  [91mstale[0m    (poll #1)  order=876d9702
  [     74ms]  [91mstale[0m    (poll #2)  order=876d9702
  [    137ms]  [91mstale[0m    (poll #3)  order=876d9702
  [    205ms]  [91mstale[0m    (poll #4)  order=876d9702
  [    276ms]  [91mstale[0m    (poll #5)  order=876d9702
  [    348ms]  [91mstale[0m    (poll #6)  order=876d9702
  [    415ms]  [91mstale[0m    (poll #7)  order=876d9702
  [    533ms]  [92mVISIBLE[0m  (poll #8, X-Cache: MISS)  order=876d9702

[96mOrder 111/200:[0m
  [      5ms]  [91mstale[0m    (poll #1)  order=0f5ef81c
  [     65ms]  [91mstale[0m    (poll #2)  order=0f5ef81c
  [    130ms]  [91mstale[0m    (poll #3)  order=0f5ef81c
  [    198ms]  [91mstale[0m    (poll #4)  order=0f5ef81c
  [    266ms]  [91mstale[0m    (poll #5)  order=0f5ef81c
  [    337ms]  [91mstale[0m    (poll #6)  order=0f5ef81c
  [    403ms]  [91mstale[0m    (poll #7)  order=0f5ef81c
  [    471ms]  [92mVISIBLE[0m  (poll #8, X-Cache: MISS)  order=0f5ef81c

[96mOrder 112/200:[0m
  [     11ms]  [91mstale[0m    (poll #1)  order=08e07898
  [     74ms]  [91mstale[0m    (poll #2)  order=08e07898
  [    143ms]  [91mstale[0m    (poll #3)  order=08e07898
  [    212ms]  [91mstale[0m    (poll #4)  order=08e07898
  [    280ms]  [91mstale[0m    (poll #5)  order=08e07898
  [    356ms]  [91mstale[0m    (poll #6)  order=08e07898
  [    417ms]  [91mstale[0m    (poll #7)  order=08e07898
  [    483ms]  [91mstale[0m    (poll #8)  order=08e07898
  [    550ms]  [92mVISIBLE[0m  (poll #9, X-Cache: MISS)  order=08e07898

[96mOrder 113/200:[0m
  [      8ms]  [91mstale[0m    (poll #1)  order=a8fa1648
  [     73ms]  [91mstale[0m    (poll #2)  order=a8fa1648
  [    133ms]  [91mstale[0m    (poll #3)  order=a8fa1648
  [    201ms]  [91mstale[0m    (poll #4)  order=a8fa1648
  [    272ms]  [91mstale[0m    (poll #5)  order=a8fa1648
  [    345ms]  [91mstale[0m    (poll #6)  order=a8fa1648
  [    422ms]  [91mstale[0m    (poll #7)  order=a8fa1648
  [    494ms]  [92mVISIBLE[0m  (poll #8, X-Cache: MISS)  order=a8fa1648

[96mOrder 114/200:[0m
  [     10ms]  [91mstale[0m    (poll #1)  order=d211e9be
  [     76ms]  [91mstale[0m    (poll #2)  order=d211e9be
  [    141ms]  [91mstale[0m    (poll #3)  order=d211e9be
  [    209ms]  [91mstale[0m    (poll #4)  order=d211e9be
  [    274ms]  [91mstale[0m    (poll #5)  order=d211e9be
  [    338ms]  [91mstale[0m    (poll #6)  order=d211e9be
  [    412ms]  [92mVISIBLE[0m  (poll #7, X-Cache: MISS)  order=d211e9be

[96mOrder 115/200:[0m
  [     10ms]  [91mstale[0m    (poll #1)  order=b6e8b675
  [     74ms]  [91mstale[0m    (poll #2)  order=b6e8b675
  [    136ms]  [91mstale[0m    (poll #3)  order=b6e8b675
  [    203ms]  [91mstale[0m    (poll #4)  order=b6e8b675
  [    273ms]  [91mstale[0m    (poll #5)  order=b6e8b675
  [    343ms]  [91mstale[0m    (poll #6)  order=b6e8b675
  [    419ms]  [91mstale[0m    (poll #7)  order=b6e8b675
  [    490ms]  [92mVISIBLE[0m  (poll #8, X-Cache: MISS)  order=b6e8b675

[96mOrder 116/200:[0m
  [      7ms]  [91mstale[0m    (poll #1)  order=19a67a1e
  [     72ms]  [91mstale[0m    (poll #2)  order=19a67a1e
  [    148ms]  [91mstale[0m    (poll #3)  order=19a67a1e
  [    205ms]  [91mstale[0m    (poll #4)  order=19a67a1e
  [    266ms]  [91mstale[0m    (poll #5)  order=19a67a1e
  [    328ms]  [91mstale[0m    (poll #6)  order=19a67a1e
  [    401ms]  [91mstale[0m    (poll #7)  order=19a67a1e
  [    459ms]  [91mstale[0m    (poll #8)  order=19a67a1e
  [    523ms]  [92mVISIBLE[0m  (poll #9, X-Cache: MISS)  order=19a67a1e

[96mOrder 117/200:[0m
  [      4ms]  [91mstale[0m    (poll #1)  order=2f7ab41d
  [     65ms]  [91mstale[0m    (poll #2)  order=2f7ab41d
  [    123ms]  [91mstale[0m    (poll #3)  order=2f7ab41d
  [    185ms]  [91mstale[0m    (poll #4)  order=2f7ab41d
  [    246ms]  [91mstale[0m    (poll #5)  order=2f7ab41d
  [    310ms]  [91mstale[0m    (poll #6)  order=2f7ab41d
  [    373ms]  [91mstale[0m    (poll #7)  order=2f7ab41d
  [    437ms]  [91mstale[0m    (poll #8)  order=2f7ab41d
  [    508ms]  [92mVISIBLE[0m  (poll #9, X-Cache: MISS)  order=2f7ab41d

[96mOrder 118/200:[0m
  [      7ms]  [91mstale[0m    (poll #1)  order=4dee9f1b
  [     68ms]  [91mstale[0m    (poll #2)  order=4dee9f1b
  [    136ms]  [91mstale[0m    (poll #3)  order=4dee9f1b
  [    207ms]  [91mstale[0m    (poll #4)  order=4dee9f1b
  [    274ms]  [91mstale[0m    (poll #5)  order=4dee9f1b
  [    345ms]  [91mstale[0m    (poll #6)  order=4dee9f1b
  [    413ms]  [91mstale[0m    (poll #7)  order=4dee9f1b
  [    485ms]  [92mVISIBLE[0m  (poll #8, X-Cache: MISS)  order=4dee9f1b

[96mOrder 119/200:[0m
  [      5ms]  [91mstale[0m    (poll #1)  order=9094f4c4
  [     66ms]  [91mstale[0m    (poll #2)  order=9094f4c4
  [    128ms]  [91mstale[0m    (poll #3)  order=9094f4c4
  [    191ms]  [91mstale[0m    (poll #4)  order=9094f4c4
  [    249ms]  [91mstale[0m    (poll #5)  order=9094f4c4
  [    310ms]  [91mstale[0m    (poll #6)  order=9094f4c4
  [    372ms]  [92mVISIBLE[0m  (poll #7, X-Cache: MISS)  order=9094f4c4

[96mOrder 120/200:[0m
  [      4ms]  [91mstale[0m    (poll #1)  order=f7a0b8cb
  [     65ms]  [91mstale[0m    (poll #2)  order=f7a0b8cb
  [    131ms]  [91mstale[0m    (poll #3)  order=f7a0b8cb
  [    196ms]  [91mstale[0m    (poll #4)  order=f7a0b8cb
  [    265ms]  [91mstale[0m    (poll #5)  order=f7a0b8cb
  [    348ms]  [91mstale[0m    (poll #6)  order=f7a0b8cb
  [    415ms]  [92mVISIBLE[0m  (poll #7, X-Cache: MISS)  order=f7a0b8cb

[96mOrder 121/200:[0m
  [      7ms]  [91mstale[0m    (poll #1)  order=01ee1823
  [     67ms]  [91mstale[0m    (poll #2)  order=01ee1823
  [    132ms]  [91mstale[0m    (poll #3)  order=01ee1823
  [    201ms]  [91mstale[0m    (poll #4)  order=01ee1823
  [    268ms]  [91mstale[0m    (poll #5)  order=01ee1823
  [    338ms]  [91mstale[0m    (poll #6)  order=01ee1823
  [    408ms]  [91mstale[0m    (poll #7)  order=01ee1823
  [    467ms]  [91mstale[0m    (poll #8)  order=01ee1823
  [    531ms]  [92mVISIBLE[0m  (poll #9, X-Cache: MISS)  order=01ee1823

[96mOrder 122/200:[0m
  [      4ms]  [91mstale[0m    (poll #1)  order=7926966f
  [     64ms]  [91mstale[0m    (poll #2)  order=7926966f
  [    124ms]  [91mstale[0m    (poll #3)  order=7926966f
  [    189ms]  [91mstale[0m    (poll #4)  order=7926966f
  [    253ms]  [91mstale[0m    (poll #5)  order=7926966f
  [    326ms]  [91mstale[0m    (poll #6)  order=7926966f
  [    400ms]  [91mstale[0m    (poll #7)  order=7926966f
  [    470ms]  [92mVISIBLE[0m  (poll #8, X-Cache: MISS)  order=7926966f

[96mOrder 123/200:[0m
  [      9ms]  [91mstale[0m    (poll #1)  order=7c4db2fe
  [     73ms]  [91mstale[0m    (poll #2)  order=7c4db2fe
  [    137ms]  [91mstale[0m    (poll #3)  order=7c4db2fe
  [    208ms]  [91mstale[0m    (poll #4)  order=7c4db2fe
  [    275ms]  [91mstale[0m    (poll #5)  order=7c4db2fe
  [    342ms]  [91mstale[0m    (poll #6)  order=7c4db2fe
  [    409ms]  [91mstale[0m    (poll #7)  order=7c4db2fe
  [    478ms]  [91mstale[0m    (poll #8)  order=7c4db2fe
  [    548ms]  [92mVISIBLE[0m  (poll #9, X-Cache: MISS)  order=7c4db2fe

[96mOrder 124/200:[0m
  [     12ms]  [91mstale[0m    (poll #1)  order=dfb00748
  [     78ms]  [91mstale[0m    (poll #2)  order=dfb00748
  [    142ms]  [91mstale[0m    (poll #3)  order=dfb00748
  [    210ms]  [91mstale[0m    (poll #4)  order=dfb00748
  [    279ms]  [91mstale[0m    (poll #5)  order=dfb00748
  [    348ms]  [91mstale[0m    (poll #6)  order=dfb00748
  [    419ms]  [91mstale[0m    (poll #7)  order=dfb00748
  [    489ms]  [92mVISIBLE[0m  (poll #8, X-Cache: MISS)  order=dfb00748

[96mOrder 125/200:[0m
  [      9ms]  [91mstale[0m    (poll #1)  order=1fac3cc5
  [     71ms]  [91mstale[0m    (poll #2)  order=1fac3cc5
  [    135ms]  [91mstale[0m    (poll #3)  order=1fac3cc5
  [    200ms]  [91mstale[0m    (poll #4)  order=1fac3cc5
  [    300ms]  [91mstale[0m    (poll #5)  order=1fac3cc5
  [    365ms]  [92mVISIBLE[0m  (poll #6, X-Cache: MISS)  order=1fac3cc5

[96mOrder 126/200:[0m
  [      6ms]  [91mstale[0m    (poll #1)  order=d7fb4544
  [     64ms]  [91mstale[0m    (poll #2)  order=d7fb4544
  [    127ms]  [91mstale[0m    (poll #3)  order=d7fb4544
  [    193ms]  [91mstale[0m    (poll #4)  order=d7fb4544
  [    266ms]  [91mstale[0m    (poll #5)  order=d7fb4544
  [    339ms]  [91mstale[0m    (poll #6)  order=d7fb4544
  [    411ms]  [92mVISIBLE[0m  (poll #7, X-Cache: MISS)  order=d7fb4544

[96mOrder 127/200:[0m
  [      8ms]  [91mstale[0m    (poll #1)  order=93ed2227
  [     72ms]  [91mstale[0m    (poll #2)  order=93ed2227
  [    137ms]  [91mstale[0m    (poll #3)  order=93ed2227
  [    205ms]  [91mstale[0m    (poll #4)  order=93ed2227
  [    269ms]  [91mstale[0m    (poll #5)  order=93ed2227
  [    335ms]  [91mstale[0m    (poll #6)  order=93ed2227
  [    404ms]  [91mstale[0m    (poll #7)  order=93ed2227
  [    470ms]  [91mstale[0m    (poll #8)  order=93ed2227
  [    534ms]  [92mVISIBLE[0m  (poll #9, X-Cache: MISS)  order=93ed2227

[96mOrder 128/200:[0m
  [      4ms]  [91mstale[0m    (poll #1)  order=b243011a
  [     62ms]  [91mstale[0m    (poll #2)  order=b243011a
  [    124ms]  [91mstale[0m    (poll #3)  order=b243011a
  [    191ms]  [91mstale[0m    (poll #4)  order=b243011a
  [    263ms]  [91mstale[0m    (poll #5)  order=b243011a
  [    335ms]  [91mstale[0m    (poll #6)  order=b243011a
  [    407ms]  [91mstale[0m    (poll #7)  order=b243011a
  [    478ms]  [92mVISIBLE[0m  (poll #8, X-Cache: MISS)  order=b243011a

[96mOrder 129/200:[0m
  [      6ms]  [91mstale[0m    (poll #1)  order=2b151d20
  [     67ms]  [91mstale[0m    (poll #2)  order=2b151d20
  [    128ms]  [91mstale[0m    (poll #3)  order=2b151d20
  [    192ms]  [91mstale[0m    (poll #4)  order=2b151d20
  [    262ms]  [91mstale[0m    (poll #5)  order=2b151d20
  [    333ms]  [91mstale[0m    (poll #6)  order=2b151d20
  [    410ms]  [91mstale[0m    (poll #7)  order=2b151d20
  [    475ms]  [91mstale[0m    (poll #8)  order=2b151d20
  [    538ms]  [92mVISIBLE[0m  (poll #9, X-Cache: MISS)  order=2b151d20

[96mOrder 130/200:[0m
  [      7ms]  [91mstale[0m    (poll #1)  order=b3ab80d7
  [     70ms]  [91mstale[0m    (poll #2)  order=b3ab80d7
  [    135ms]  [91mstale[0m    (poll #3)  order=b3ab80d7
  [    200ms]  [91mstale[0m    (poll #4)  order=b3ab80d7
  [    270ms]  [91mstale[0m    (poll #5)  order=b3ab80d7
  [    339ms]  [91mstale[0m    (poll #6)  order=b3ab80d7
  [    409ms]  [91mstale[0m    (poll #7)  order=b3ab80d7
  [    479ms]  [92mVISIBLE[0m  (poll #8, X-Cache: MISS)  order=b3ab80d7

[96mOrder 131/200:[0m
  [      8ms]  [91mstale[0m    (poll #1)  order=3a9c6329
  [     73ms]  [91mstale[0m    (poll #2)  order=3a9c6329
  [    137ms]  [91mstale[0m    (poll #3)  order=3a9c6329
  [    194ms]  [91mstale[0m    (poll #4)  order=3a9c6329
  [    259ms]  [91mstale[0m    (poll #5)  order=3a9c6329
  [    325ms]  [91mstale[0m    (poll #6)  order=3a9c6329
  [    396ms]  [91mstale[0m    (poll #7)  order=3a9c6329
  [    467ms]  [91mstale[0m    (poll #8)  order=3a9c6329
  [    538ms]  [92mVISIBLE[0m  (poll #9, X-Cache: MISS)  order=3a9c6329

[96mOrder 132/200:[0m
  [      9ms]  [91mstale[0m    (poll #1)  order=de555230
  [     74ms]  [91mstale[0m    (poll #2)  order=de555230
  [    139ms]  [91mstale[0m    (poll #3)  order=de555230
  [    209ms]  [91mstale[0m    (poll #4)  order=de555230
  [    278ms]  [91mstale[0m    (poll #5)  order=de555230
  [    346ms]  [91mstale[0m    (poll #6)  order=de555230
  [    414ms]  [91mstale[0m    (poll #7)  order=de555230
  [    483ms]  [92mVISIBLE[0m  (poll #8, X-Cache: MISS)  order=de555230

[96mOrder 133/200:[0m
  [      8ms]  [91mstale[0m    (poll #1)  order=95967a58
  [     72ms]  [91mstale[0m    (poll #2)  order=95967a58
  [    133ms]  [91mstale[0m    (poll #3)  order=95967a58
  [    201ms]  [91mstale[0m    (poll #4)  order=95967a58
  [    271ms]  [91mstale[0m    (poll #5)  order=95967a58
  [    342ms]  [91mstale[0m    (poll #6)  order=95967a58
  [    412ms]  [91mstale[0m    (poll #7)  order=95967a58
  [    483ms]  [92mVISIBLE[0m  (poll #8, X-Cache: MISS)  order=95967a58

[96mOrder 134/200:[0m
  [      8ms]  [91mstale[0m    (poll #1)  order=ff88da48
  [     71ms]  [91mstale[0m    (poll #2)  order=ff88da48
  [    138ms]  [91mstale[0m    (poll #3)  order=ff88da48
  [    205ms]  [91mstale[0m    (poll #4)  order=ff88da48
  [    275ms]  [91mstale[0m    (poll #5)  order=ff88da48
  [    343ms]  [91mstale[0m    (poll #6)  order=ff88da48
  [    410ms]  [91mstale[0m    (poll #7)  order=ff88da48
  [    480ms]  [91mstale[0m    (poll #8)  order=ff88da48
  [    552ms]  [92mVISIBLE[0m  (poll #9, X-Cache: MISS)  order=ff88da48

[96mOrder 135/200:[0m
  [     10ms]  [91mstale[0m    (poll #1)  order=eb277ac4
  [     70ms]  [91mstale[0m    (poll #2)  order=eb277ac4
  [    135ms]  [91mstale[0m    (poll #3)  order=eb277ac4
  [    195ms]  [91mstale[0m    (poll #4)  order=eb277ac4
  [    255ms]  [91mstale[0m    (poll #5)  order=eb277ac4
  [    315ms]  [91mstale[0m    (poll #6)  order=eb277ac4
  [    377ms]  [91mstale[0m    (poll #7)  order=eb277ac4
  [    446ms]  [91mstale[0m    (poll #8)  order=eb277ac4
  [    513ms]  [92mVISIBLE[0m  (poll #9, X-Cache: MISS)  order=eb277ac4

[96mOrder 136/200:[0m
  [      5ms]  [91mstale[0m    (poll #1)  order=624f442f
  [     65ms]  [91mstale[0m    (poll #2)  order=624f442f
  [    124ms]  [91mstale[0m    (poll #3)  order=624f442f
  [    188ms]  [91mstale[0m    (poll #4)  order=624f442f
  [    250ms]  [91mstale[0m    (poll #5)  order=624f442f
  [    312ms]  [91mstale[0m    (poll #6)  order=624f442f
  [    376ms]  [91mstale[0m    (poll #7)  order=624f442f
  [    441ms]  [91mstale[0m    (poll #8)  order=624f442f
  [    511ms]  [92mVISIBLE[0m  (poll #9, X-Cache: MISS)  order=624f442f

[96mOrder 137/200:[0m
  [      4ms]  [91mstale[0m    (poll #1)  order=10a82d92
  [     63ms]  [91mstale[0m    (poll #2)  order=10a82d92
  [    127ms]  [91mstale[0m    (poll #3)  order=10a82d92
  [    189ms]  [91mstale[0m    (poll #4)  order=10a82d92
  [    250ms]  [91mstale[0m    (poll #5)  order=10a82d92
  [    312ms]  [91mstale[0m    (poll #6)  order=10a82d92
  [    372ms]  [91mstale[0m    (poll #7)  order=10a82d92
  [    439ms]  [91mstale[0m    (poll #8)  order=10a82d92
  [    507ms]  [92mVISIBLE[0m  (poll #9, X-Cache: MISS)  order=10a82d92

[96mOrder 138/200:[0m
  [      9ms]  [91mstale[0m    (poll #1)  order=a07ad320
  [     73ms]  [91mstale[0m    (poll #2)  order=a07ad320
  [    141ms]  [91mstale[0m    (poll #3)  order=a07ad320
  [    200ms]  [91mstale[0m    (poll #4)  order=a07ad320
  [    264ms]  [91mstale[0m    (poll #5)  order=a07ad320
  [    331ms]  [91mstale[0m    (poll #6)  order=a07ad320
  [    399ms]  [91mstale[0m    (poll #7)  order=a07ad320
  [    470ms]  [92mVISIBLE[0m  (poll #8, X-Cache: MISS)  order=a07ad320

[96mOrder 139/200:[0m
  [      9ms]  [91mstale[0m    (poll #1)  order=172ac915
  [     74ms]  [91mstale[0m    (poll #2)  order=172ac915
  [    137ms]  [91mstale[0m    (poll #3)  order=172ac915
  [    202ms]  [91mstale[0m    (poll #4)  order=172ac915
  [    271ms]  [91mstale[0m    (poll #5)  order=172ac915
  [    337ms]  [91mstale[0m    (poll #6)  order=172ac915
  [    396ms]  [91mstale[0m    (poll #7)  order=172ac915
  [    455ms]  [91mstale[0m    (poll #8)  order=172ac915
  [    518ms]  [92mVISIBLE[0m  (poll #9, X-Cache: MISS)  order=172ac915

[96mOrder 140/200:[0m
  [      5ms]  [91mstale[0m    (poll #1)  order=debe9a60
  [     65ms]  [91mstale[0m    (poll #2)  order=debe9a60
  [    125ms]  [91mstale[0m    (poll #3)  order=debe9a60
  [    188ms]  [91mstale[0m    (poll #4)  order=debe9a60
  [    249ms]  [91mstale[0m    (poll #5)  order=debe9a60
  [    314ms]  [91mstale[0m    (poll #6)  order=debe9a60
  [    383ms]  [91mstale[0m    (poll #7)  order=debe9a60
  [    453ms]  [91mstale[0m    (poll #8)  order=debe9a60
  [    526ms]  [92mVISIBLE[0m  (poll #9, X-Cache: MISS)  order=debe9a60

[96mOrder 141/200:[0m
  [      9ms]  [91mstale[0m    (poll #1)  order=65b299a8
  [     73ms]  [91mstale[0m    (poll #2)  order=65b299a8
  [    130ms]  [91mstale[0m    (poll #3)  order=65b299a8
  [    193ms]  [91mstale[0m    (poll #4)  order=65b299a8
  [    254ms]  [91mstale[0m    (poll #5)  order=65b299a8
  [    317ms]  [91mstale[0m    (poll #6)  order=65b299a8
  [    380ms]  [91mstale[0m    (poll #7)  order=65b299a8
  [    453ms]  [91mstale[0m    (poll #8)  order=65b299a8
  [    522ms]  [92mVISIBLE[0m  (poll #9, X-Cache: MISS)  order=65b299a8

[96mOrder 142/200:[0m
  [      9ms]  [91mstale[0m    (poll #1)  order=d3db1c5e
  [     73ms]  [91mstale[0m    (poll #2)  order=d3db1c5e
  [    137ms]  [91mstale[0m    (poll #3)  order=d3db1c5e
  [    204ms]  [91mstale[0m    (poll #4)  order=d3db1c5e
  [    276ms]  [91mstale[0m    (poll #5)  order=d3db1c5e
  [    346ms]  [91mstale[0m    (poll #6)  order=d3db1c5e
  [    416ms]  [91mstale[0m    (poll #7)  order=d3db1c5e
  [    488ms]  [92mVISIBLE[0m  (poll #8, X-Cache: MISS)  order=d3db1c5e

[96mOrder 143/200:[0m
  [      6ms]  [91mstale[0m    (poll #1)  order=7576f31b
  [     71ms]  [91mstale[0m    (poll #2)  order=7576f31b
  [    134ms]  [91mstale[0m    (poll #3)  order=7576f31b
  [    201ms]  [91mstale[0m    (poll #4)  order=7576f31b
  [    267ms]  [91mstale[0m    (poll #5)  order=7576f31b
  [    337ms]  [91mstale[0m    (poll #6)  order=7576f31b
  [    408ms]  [91mstale[0m    (poll #7)  order=7576f31b
  [    479ms]  [92mVISIBLE[0m  (poll #8, X-Cache: MISS)  order=7576f31b

[96mOrder 144/200:[0m
  [      8ms]  [91mstale[0m    (poll #1)  order=6fce3072
  [     69ms]  [91mstale[0m    (poll #2)  order=6fce3072
  [    135ms]  [91mstale[0m    (poll #3)  order=6fce3072
  [    203ms]  [91mstale[0m    (poll #4)  order=6fce3072
  [    269ms]  [91mstale[0m    (poll #5)  order=6fce3072
  [    341ms]  [91mstale[0m    (poll #6)  order=6fce3072
  [    413ms]  [91mstale[0m    (poll #7)  order=6fce3072
  [    484ms]  [91mstale[0m    (poll #8)  order=6fce3072
  [    557ms]  [92mVISIBLE[0m  (poll #9, X-Cache: MISS)  order=6fce3072

[96mOrder 145/200:[0m
  [      6ms]  [91mstale[0m    (poll #1)  order=cc8ebe3d
  [     69ms]  [91mstale[0m    (poll #2)  order=cc8ebe3d
  [    140ms]  [91mstale[0m    (poll #3)  order=cc8ebe3d
  [    209ms]  [91mstale[0m    (poll #4)  order=cc8ebe3d
  [    281ms]  [91mstale[0m    (poll #5)  order=cc8ebe3d
  [    349ms]  [91mstale[0m    (poll #6)  order=cc8ebe3d
  [    417ms]  [91mstale[0m    (poll #7)  order=cc8ebe3d
  [    487ms]  [92mVISIBLE[0m  (poll #8, X-Cache: MISS)  order=cc8ebe3d

[96mOrder 146/200:[0m
  [      9ms]  [91mstale[0m    (poll #1)  order=7bbbd2d2
  [     71ms]  [91mstale[0m    (poll #2)  order=7bbbd2d2
  [    137ms]  [91mstale[0m    (poll #3)  order=7bbbd2d2
  [    201ms]  [91mstale[0m    (poll #4)  order=7bbbd2d2
  [    267ms]  [91mstale[0m    (poll #5)  order=7bbbd2d2
  [    338ms]  [91mstale[0m    (poll #6)  order=7bbbd2d2
  [    400ms]  [91mstale[0m    (poll #7)  order=7bbbd2d2
  [    464ms]  [92mVISIBLE[0m  (poll #8, X-Cache: MISS)  order=7bbbd2d2

[96mOrder 147/200:[0m
  [      6ms]  [91mstale[0m    (poll #1)  order=8d7dc7ad
  [     63ms]  [91mstale[0m    (poll #2)  order=8d7dc7ad
  [    122ms]  [91mstale[0m    (poll #3)  order=8d7dc7ad
  [    185ms]  [91mstale[0m    (poll #4)  order=8d7dc7ad
  [    250ms]  [91mstale[0m    (poll #5)  order=8d7dc7ad
  [    320ms]  [91mstale[0m    (poll #6)  order=8d7dc7ad
  [    392ms]  [91mstale[0m    (poll #7)  order=8d7dc7ad
  [    465ms]  [91mstale[0m    (poll #8)  order=8d7dc7ad
  [    536ms]  [92mVISIBLE[0m  (poll #9, X-Cache: MISS)  order=8d7dc7ad

[96mOrder 148/200:[0m
  [      9ms]  [91mstale[0m    (poll #1)  order=bd1ee6ee
  [     73ms]  [91mstale[0m    (poll #2)  order=bd1ee6ee
  [    134ms]  [91mstale[0m    (poll #3)  order=bd1ee6ee
  [    199ms]  [91mstale[0m    (poll #4)  order=bd1ee6ee
  [    270ms]  [91mstale[0m    (poll #5)  order=bd1ee6ee
  [    340ms]  [91mstale[0m    (poll #6)  order=bd1ee6ee
  [    412ms]  [91mstale[0m    (poll #7)  order=bd1ee6ee
  [    484ms]  [92mVISIBLE[0m  (poll #8, X-Cache: MISS)  order=bd1ee6ee

[96mOrder 149/200:[0m
  [      7ms]  [91mstale[0m    (poll #1)  order=0b701755
  [     75ms]  [91mstale[0m    (poll #2)  order=0b701755
  [    138ms]  [91mstale[0m    (poll #3)  order=0b701755
  [    203ms]  [91mstale[0m    (poll #4)  order=0b701755
  [    270ms]  [91mstale[0m    (poll #5)  order=0b701755
  [    338ms]  [91mstale[0m    (poll #6)  order=0b701755
  [    408ms]  [91mstale[0m    (poll #7)  order=0b701755
  [    479ms]  [91mstale[0m    (poll #8)  order=0b701755
  [    552ms]  [92mVISIBLE[0m  (poll #9, X-Cache: MISS)  order=0b701755

[96mOrder 150/200:[0m
  [      9ms]  [91mstale[0m    (poll #1)  order=8f39a8d1
  [     74ms]  [91mstale[0m    (poll #2)  order=8f39a8d1
  [    136ms]  [91mstale[0m    (poll #3)  order=8f39a8d1
  [    203ms]  [91mstale[0m    (poll #4)  order=8f39a8d1
  [    275ms]  [91mstale[0m    (poll #5)  order=8f39a8d1
  [    347ms]  [91mstale[0m    (poll #6)  order=8f39a8d1
  [    414ms]  [91mstale[0m    (poll #7)  order=8f39a8d1
  [    480ms]  [92mVISIBLE[0m  (poll #8, X-Cache: MISS)  order=8f39a8d1

[96mOrder 151/200:[0m
  [      8ms]  [91mstale[0m    (poll #1)  order=33d59c3b
  [     71ms]  [91mstale[0m    (poll #2)  order=33d59c3b
  [    132ms]  [91mstale[0m    (poll #3)  order=33d59c3b
  [    200ms]  [91mstale[0m    (poll #4)  order=33d59c3b
  [    272ms]  [91mstale[0m    (poll #5)  order=33d59c3b
  [    342ms]  [91mstale[0m    (poll #6)  order=33d59c3b
  [    416ms]  [91mstale[0m    (poll #7)  order=33d59c3b
  [    485ms]  [92mVISIBLE[0m  (poll #8, X-Cache: MISS)  order=33d59c3b

[96mOrder 152/200:[0m
  [      8ms]  [91mstale[0m    (poll #1)  order=23c38372
  [     71ms]  [91mstale[0m    (poll #2)  order=23c38372
  [    135ms]  [91mstale[0m    (poll #3)  order=23c38372
  [    200ms]  [91mstale[0m    (poll #4)  order=23c38372
  [    273ms]  [91mstale[0m    (poll #5)  order=23c38372
  [    346ms]  [91mstale[0m    (poll #6)  order=23c38372
  [    416ms]  [92mVISIBLE[0m  (poll #7, X-Cache: MISS)  order=23c38372

[96mOrder 153/200:[0m
  [      9ms]  [91mstale[0m    (poll #1)  order=beddd92b
  [     73ms]  [91mstale[0m    (poll #2)  order=beddd92b
  [    138ms]  [91mstale[0m    (poll #3)  order=beddd92b
  [    204ms]  [91mstale[0m    (poll #4)  order=beddd92b
  [    272ms]  [91mstale[0m    (poll #5)  order=beddd92b
  [    341ms]  [91mstale[0m    (poll #6)  order=beddd92b
  [    412ms]  [91mstale[0m    (poll #7)  order=beddd92b
  [    485ms]  [92mVISIBLE[0m  (poll #8, X-Cache: MISS)  order=beddd92b

[96mOrder 154/200:[0m
  [      9ms]  [91mstale[0m    (poll #1)  order=05897f48
  [     70ms]  [91mstale[0m    (poll #2)  order=05897f48
  [    135ms]  [91mstale[0m    (poll #3)  order=05897f48
  [    202ms]  [91mstale[0m    (poll #4)  order=05897f48
  [    266ms]  [91mstale[0m    (poll #5)  order=05897f48
  [    342ms]  [91mstale[0m    (poll #6)  order=05897f48
  [    415ms]  [91mstale[0m    (poll #7)  order=05897f48
  [    490ms]  [91mstale[0m    (poll #8)  order=05897f48
  [    558ms]  [92mVISIBLE[0m  (poll #9, X-Cache: MISS)  order=05897f48

[96mOrder 155/200:[0m
  [     30ms]  [91mstale[0m    (poll #1)  order=be304e4c
  [     94ms]  [91mstale[0m    (poll #2)  order=be304e4c
  [    186ms]  [91mstale[0m    (poll #3)  order=be304e4c
  [    245ms]  [91mstale[0m    (poll #4)  order=be304e4c
  [    302ms]  [91mstale[0m    (poll #5)  order=be304e4c
  [    365ms]  [91mstale[0m    (poll #6)  order=be304e4c
  [    428ms]  [92mVISIBLE[0m  (poll #7, X-Cache: MISS)  order=be304e4c

[96mOrder 156/200:[0m
  [      4ms]  [91mstale[0m    (poll #1)  order=c9eace38
  [     67ms]  [91mstale[0m    (poll #2)  order=c9eace38
  [    130ms]  [91mstale[0m    (poll #3)  order=c9eace38
  [    192ms]  [91mstale[0m    (poll #4)  order=c9eace38
  [    261ms]  [91mstale[0m    (poll #5)  order=c9eace38
  [    321ms]  [91mstale[0m    (poll #6)  order=c9eace38
  [    383ms]  [91mstale[0m    (poll #7)  order=c9eace38
  [    447ms]  [91mstale[0m    (poll #8)  order=c9eace38
  [    515ms]  [92mVISIBLE[0m  (poll #9, X-Cache: MISS)  order=c9eace38

[96mOrder 157/200:[0m
  [      4ms]  [91mstale[0m    (poll #1)  order=269a29dd
  [     65ms]  [91mstale[0m    (poll #2)  order=269a29dd
  [    127ms]  [91mstale[0m    (poll #3)  order=269a29dd
  [    186ms]  [91mstale[0m    (poll #4)  order=269a29dd
  [    252ms]  [91mstale[0m    (poll #5)  order=269a29dd
  [    323ms]  [91mstale[0m    (poll #6)  order=269a29dd
  [    388ms]  [91mstale[0m    (poll #7)  order=269a29dd
  [    455ms]  [91mstale[0m    (poll #8)  order=269a29dd
  [    522ms]  [92mVISIBLE[0m  (poll #9, X-Cache: MISS)  order=269a29dd

[96mOrder 158/200:[0m
  [      9ms]  [91mstale[0m    (poll #1)  order=7610cde8
  [     74ms]  [91mstale[0m    (poll #2)  order=7610cde8
  [    137ms]  [91mstale[0m    (poll #3)  order=7610cde8
  [    203ms]  [91mstale[0m    (poll #4)  order=7610cde8
  [    276ms]  [91mstale[0m    (poll #5)  order=7610cde8
  [    348ms]  [91mstale[0m    (poll #6)  order=7610cde8
  [    425ms]  [91mstale[0m    (poll #7)  order=7610cde8
  [    495ms]  [92mVISIBLE[0m  (poll #8, X-Cache: MISS)  order=7610cde8

[96mOrder 159/200:[0m
  [      9ms]  [91mstale[0m    (poll #1)  order=60b51cf8
  [     74ms]  [91mstale[0m    (poll #2)  order=60b51cf8
  [    138ms]  [91mstale[0m    (poll #3)  order=60b51cf8
  [    210ms]  [91mstale[0m    (poll #4)  order=60b51cf8
  [    272ms]  [91mstale[0m    (poll #5)  order=60b51cf8
  [    333ms]  [91mstale[0m    (poll #6)  order=60b51cf8
  [    396ms]  [91mstale[0m    (poll #7)  order=60b51cf8
  [    458ms]  [91mstale[0m    (poll #8)  order=60b51cf8
  [    521ms]  [92mVISIBLE[0m  (poll #9, X-Cache: MISS)  order=60b51cf8

[96mOrder 160/200:[0m
  [      5ms]  [91mstale[0m    (poll #1)  order=18527707
  [     63ms]  [91mstale[0m    (poll #2)  order=18527707
  [    127ms]  [91mstale[0m    (poll #3)  order=18527707
  [    188ms]  [91mstale[0m    (poll #4)  order=18527707
  [    255ms]  [91mstale[0m    (poll #5)  order=18527707
  [    320ms]  [91mstale[0m    (poll #6)  order=18527707
  [    377ms]  [92mVISIBLE[0m  (poll #7, X-Cache: MISS)  order=18527707

[96mOrder 161/200:[0m
  [      4ms]  [91mstale[0m    (poll #1)  order=f8914c01
  [     64ms]  [91mstale[0m    (poll #2)  order=f8914c01
  [    127ms]  [91mstale[0m    (poll #3)  order=f8914c01
  [    186ms]  [91mstale[0m    (poll #4)  order=f8914c01
  [    249ms]  [91mstale[0m    (poll #5)  order=f8914c01
  [    320ms]  [91mstale[0m    (poll #6)  order=f8914c01
  [    392ms]  [91mstale[0m    (poll #7)  order=f8914c01
  [    464ms]  [91mstale[0m    (poll #8)  order=f8914c01
  [    537ms]  [92mVISIBLE[0m  (poll #9, X-Cache: MISS)  order=f8914c01

[96mOrder 162/200:[0m
  [      8ms]  [91mstale[0m    (poll #1)  order=f8d45f08
  [     70ms]  [91mstale[0m    (poll #2)  order=f8d45f08
  [    136ms]  [91mstale[0m    (poll #3)  order=f8d45f08
  [    205ms]  [91mstale[0m    (poll #4)  order=f8d45f08
  [    275ms]  [91mstale[0m    (poll #5)  order=f8d45f08
  [    347ms]  [91mstale[0m    (poll #6)  order=f8d45f08
  [    422ms]  [91mstale[0m    (poll #7)  order=f8d45f08
  [    494ms]  [92mVISIBLE[0m  (poll #8, X-Cache: MISS)  order=f8d45f08

[96mOrder 163/200:[0m
  [      8ms]  [91mstale[0m    (poll #1)  order=99c9639a
  [     71ms]  [91mstale[0m    (poll #2)  order=99c9639a
  [    133ms]  [91mstale[0m    (poll #3)  order=99c9639a
  [    198ms]  [91mstale[0m    (poll #4)  order=99c9639a
  [    267ms]  [91mstale[0m    (poll #5)  order=99c9639a
  [    338ms]  [91mstale[0m    (poll #6)  order=99c9639a
  [    409ms]  [91mstale[0m    (poll #7)  order=99c9639a
  [    479ms]  [91mstale[0m    (poll #8)  order=99c9639a
  [    550ms]  [92mVISIBLE[0m  (poll #9, X-Cache: MISS)  order=99c9639a

[96mOrder 164/200:[0m
  [      9ms]  [91mstale[0m    (poll #1)  order=d4cc7e53
  [     70ms]  [91mstale[0m    (poll #2)  order=d4cc7e53
  [    133ms]  [91mstale[0m    (poll #3)  order=d4cc7e53
  [    201ms]  [91mstale[0m    (poll #4)  order=d4cc7e53
  [    267ms]  [91mstale[0m    (poll #5)  order=d4cc7e53
  [    334ms]  [91mstale[0m    (poll #6)  order=d4cc7e53
  [    396ms]  [91mstale[0m    (poll #7)  order=d4cc7e53
  [    464ms]  [92mVISIBLE[0m  (poll #8, X-Cache: MISS)  order=d4cc7e53

[96mOrder 165/200:[0m
  [      9ms]  [91mstale[0m    (poll #1)  order=be35b529
  [     72ms]  [91mstale[0m    (poll #2)  order=be35b529
  [    138ms]  [91mstale[0m    (poll #3)  order=be35b529
  [    203ms]  [91mstale[0m    (poll #4)  order=be35b529
  [    275ms]  [91mstale[0m    (poll #5)  order=be35b529
  [    342ms]  [91mstale[0m    (poll #6)  order=be35b529
  [    414ms]  [91mstale[0m    (poll #7)  order=be35b529
  [    482ms]  [91mstale[0m    (poll #8)  order=be35b529
  [    554ms]  [92mVISIBLE[0m  (poll #9, X-Cache: MISS)  order=be35b529

[96mOrder 166/200:[0m
  [      9ms]  [91mstale[0m    (poll #1)  order=a2fa9ac9
  [     70ms]  [91mstale[0m    (poll #2)  order=a2fa9ac9
  [    132ms]  [91mstale[0m    (poll #3)  order=a2fa9ac9
  [    195ms]  [91mstale[0m    (poll #4)  order=a2fa9ac9
  [    256ms]  [91mstale[0m    (poll #5)  order=a2fa9ac9
  [    322ms]  [91mstale[0m    (poll #6)  order=a2fa9ac9
  [    388ms]  [91mstale[0m    (poll #7)  order=a2fa9ac9
  [    451ms]  [92mVISIBLE[0m  (poll #8, X-Cache: MISS)  order=a2fa9ac9

[96mOrder 167/200:[0m
  [      4ms]  [91mstale[0m    (poll #1)  order=4db8602b
  [     63ms]  [91mstale[0m    (poll #2)  order=4db8602b
  [    127ms]  [91mstale[0m    (poll #3)  order=4db8602b
  [    187ms]  [91mstale[0m    (poll #4)  order=4db8602b
  [    255ms]  [91mstale[0m    (poll #5)  order=4db8602b
  [    324ms]  [91mstale[0m    (poll #6)  order=4db8602b
  [    397ms]  [92mVISIBLE[0m  (poll #7, X-Cache: MISS)  order=4db8602b

[96mOrder 168/200:[0m
  [      8ms]  [91mstale[0m    (poll #1)  order=c5bb1c97
  [     67ms]  [91mstale[0m    (poll #2)  order=c5bb1c97
  [    130ms]  [91mstale[0m    (poll #3)  order=c5bb1c97
  [    198ms]  [91mstale[0m    (poll #4)  order=c5bb1c97
  [    268ms]  [91mstale[0m    (poll #5)  order=c5bb1c97
  [    339ms]  [91mstale[0m    (poll #6)  order=c5bb1c97
  [    410ms]  [91mstale[0m    (poll #7)  order=c5bb1c97
  [    483ms]  [91mstale[0m    (poll #8)  order=c5bb1c97
  [    556ms]  [92mVISIBLE[0m  (poll #9, X-Cache: MISS)  order=c5bb1c97

[96mOrder 169/200:[0m
  [      9ms]  [91mstale[0m    (poll #1)  order=10287d24
  [     76ms]  [91mstale[0m    (poll #2)  order=10287d24
  [    139ms]  [91mstale[0m    (poll #3)  order=10287d24
  [    207ms]  [91mstale[0m    (poll #4)  order=10287d24
  [    274ms]  [91mstale[0m    (poll #5)  order=10287d24
  [    345ms]  [91mstale[0m    (poll #6)  order=10287d24
  [    419ms]  [91mstale[0m    (poll #7)  order=10287d24
  [    488ms]  [92mVISIBLE[0m  (poll #8, X-Cache: MISS)  order=10287d24

[96mOrder 170/200:[0m
  [      8ms]  [91mstale[0m    (poll #1)  order=6db363b0
  [     71ms]  [91mstale[0m    (poll #2)  order=6db363b0
  [    137ms]  [91mstale[0m    (poll #3)  order=6db363b0
  [    204ms]  [91mstale[0m    (poll #4)  order=6db363b0
  [    277ms]  [91mstale[0m    (poll #5)  order=6db363b0
  [    346ms]  [91mstale[0m    (poll #6)  order=6db363b0
  [    418ms]  [91mstale[0m    (poll #7)  order=6db363b0
  [    486ms]  [92mVISIBLE[0m  (poll #8, X-Cache: MISS)  order=6db363b0

[96mOrder 171/200:[0m
  [      7ms]  [91mstale[0m    (poll #1)  order=cf3ddc29
  [     71ms]  [91mstale[0m    (poll #2)  order=cf3ddc29
  [    135ms]  [91mstale[0m    (poll #3)  order=cf3ddc29
  [    201ms]  [91mstale[0m    (poll #4)  order=cf3ddc29
  [    269ms]  [91mstale[0m    (poll #5)  order=cf3ddc29
  [    340ms]  [91mstale[0m    (poll #6)  order=cf3ddc29
  [    412ms]  [92mVISIBLE[0m  (poll #7, X-Cache: MISS)  order=cf3ddc29

[96mOrder 172/200:[0m
  [      9ms]  [91mstale[0m    (poll #1)  order=75b6e985
  [     70ms]  [91mstale[0m    (poll #2)  order=75b6e985
  [    136ms]  [91mstale[0m    (poll #3)  order=75b6e985
  [    203ms]  [91mstale[0m    (poll #4)  order=75b6e985
  [    272ms]  [91mstale[0m    (poll #5)  order=75b6e985
  [    340ms]  [91mstale[0m    (poll #6)  order=75b6e985
  [    411ms]  [91mstale[0m    (poll #7)  order=75b6e985
  [    481ms]  [92mVISIBLE[0m  (poll #8, X-Cache: MISS)  order=75b6e985

[96mOrder 173/200:[0m
  [      7ms]  [91mstale[0m    (poll #1)  order=48d61c5a
  [     71ms]  [91mstale[0m    (poll #2)  order=48d61c5a
  [    138ms]  [91mstale[0m    (poll #3)  order=48d61c5a
  [    203ms]  [91mstale[0m    (poll #4)  order=48d61c5a
  [    273ms]  [91mstale[0m    (poll #5)  order=48d61c5a
  [    346ms]  [91mstale[0m    (poll #6)  order=48d61c5a
  [    415ms]  [91mstale[0m    (poll #7)  order=48d61c5a
  [    490ms]  [91mstale[0m    (poll #8)  order=48d61c5a
  [    561ms]  [92mVISIBLE[0m  (poll #9, X-Cache: MISS)  order=48d61c5a

[96mOrder 174/200:[0m
  [      9ms]  [91mstale[0m    (poll #1)  order=6c676425
  [     73ms]  [91mstale[0m    (poll #2)  order=6c676425
  [    139ms]  [91mstale[0m    (poll #3)  order=6c676425
  [    203ms]  [91mstale[0m    (poll #4)  order=6c676425
  [    269ms]  [91mstale[0m    (poll #5)  order=6c676425
  [    340ms]  [91mstale[0m    (poll #6)  order=6c676425
  [    410ms]  [91mstale[0m    (poll #7)  order=6c676425
  [    482ms]  [92mVISIBLE[0m  (poll #8, X-Cache: MISS)  order=6c676425

[96mOrder 175/200:[0m
  [      9ms]  [91mstale[0m    (poll #1)  order=fcb8438d
  [     70ms]  [91mstale[0m    (poll #2)  order=fcb8438d
  [    134ms]  [91mstale[0m    (poll #3)  order=fcb8438d
  [    198ms]  [91mstale[0m    (poll #4)  order=fcb8438d
  [    259ms]  [91mstale[0m    (poll #5)  order=fcb8438d
  [    316ms]  [91mstale[0m    (poll #6)  order=fcb8438d
  [    378ms]  [91mstale[0m    (poll #7)  order=fcb8438d
  [    441ms]  [91mstale[0m    (poll #8)  order=fcb8438d
  [    505ms]  [92mVISIBLE[0m  (poll #9, X-Cache: MISS)  order=fcb8438d

[96mOrder 176/200:[0m
  [      7ms]  [91mstale[0m    (poll #1)  order=6aabedd5
  [     70ms]  [91mstale[0m    (poll #2)  order=6aabedd5
  [    134ms]  [91mstale[0m    (poll #3)  order=6aabedd5
  [    199ms]  [91mstale[0m    (poll #4)  order=6aabedd5
  [    262ms]  [91mstale[0m    (poll #5)  order=6aabedd5
  [    327ms]  [91mstale[0m    (poll #6)  order=6aabedd5
  [    392ms]  [91mstale[0m    (poll #7)  order=6aabedd5
  [    463ms]  [92mVISIBLE[0m  (poll #8, X-Cache: MISS)  order=6aabedd5

[96mOrder 177/200:[0m
  [      4ms]  [91mstale[0m    (poll #1)  order=42e254cd
  [     63ms]  [91mstale[0m    (poll #2)  order=42e254cd
  [    124ms]  [91mstale[0m    (poll #3)  order=42e254cd
  [    189ms]  [91mstale[0m    (poll #4)  order=42e254cd
  [    252ms]  [91mstale[0m    (poll #5)  order=42e254cd
  [    317ms]  [91mstale[0m    (poll #6)  order=42e254cd
  [    388ms]  [91mstale[0m    (poll #7)  order=42e254cd
  [    457ms]  [91mstale[0m    (poll #8)  order=42e254cd
  [    522ms]  [92mVISIBLE[0m  (poll #9, X-Cache: MISS)  order=42e254cd

[96mOrder 178/200:[0m
  [      8ms]  [91mstale[0m    (poll #1)  order=91320534
  [     69ms]  [91mstale[0m    (poll #2)  order=91320534
  [    130ms]  [91mstale[0m    (poll #3)  order=91320534
  [    199ms]  [91mstale[0m    (poll #4)  order=91320534
  [    269ms]  [91mstale[0m    (poll #5)  order=91320534
  [    341ms]  [91mstale[0m    (poll #6)  order=91320534
  [    409ms]  [91mstale[0m    (poll #7)  order=91320534
  [    479ms]  [91mstale[0m    (poll #8)  order=91320534
  [    547ms]  [92mVISIBLE[0m  (poll #9, X-Cache: MISS)  order=91320534

[96mOrder 179/200:[0m
  [      9ms]  [91mstale[0m    (poll #1)  order=01e74e6e
  [     71ms]  [91mstale[0m    (poll #2)  order=01e74e6e
  [    143ms]  [91mstale[0m    (poll #3)  order=01e74e6e
  [    228ms]  [91mstale[0m    (poll #4)  order=01e74e6e
  [    295ms]  [91mstale[0m    (poll #5)  order=01e74e6e
  [    357ms]  [92mVISIBLE[0m  (poll #6, X-Cache: MISS)  order=01e74e6e

[96mOrder 180/200:[0m
  [      3ms]  [91mstale[0m    (poll #1)  order=5cf5b252
  [     63ms]  [91mstale[0m    (poll #2)  order=5cf5b252
  [    120ms]  [91mstale[0m    (poll #3)  order=5cf5b252
  [    182ms]  [91mstale[0m    (poll #4)  order=5cf5b252
  [    242ms]  [91mstale[0m    (poll #5)  order=5cf5b252
  [    315ms]  [91mstale[0m    (poll #6)  order=5cf5b252
  [    377ms]  [91mstale[0m    (poll #7)  order=5cf5b252
  [    440ms]  [91mstale[0m    (poll #8)  order=5cf5b252
  [    501ms]  [92mVISIBLE[0m  (poll #9, X-Cache: MISS)  order=5cf5b252

[96mOrder 181/200:[0m
  [      5ms]  [91mstale[0m    (poll #1)  order=b8050559
  [     66ms]  [91mstale[0m    (poll #2)  order=b8050559
  [    129ms]  [91mstale[0m    (poll #3)  order=b8050559
  [    193ms]  [91mstale[0m    (poll #4)  order=b8050559
  [    263ms]  [91mstale[0m    (poll #5)  order=b8050559
  [    333ms]  [91mstale[0m    (poll #6)  order=b8050559
  [    405ms]  [92mVISIBLE[0m  (poll #7, X-Cache: MISS)  order=b8050559

[96mOrder 182/200:[0m
  [      9ms]  [91mstale[0m    (poll #1)  order=fee0814a
  [     72ms]  [91mstale[0m    (poll #2)  order=fee0814a
  [    133ms]  [91mstale[0m    (poll #3)  order=fee0814a
  [    195ms]  [91mstale[0m    (poll #4)  order=fee0814a
  [    262ms]  [91mstale[0m    (poll #5)  order=fee0814a
  [    333ms]  [91mstale[0m    (poll #6)  order=fee0814a
  [    409ms]  [91mstale[0m    (poll #7)  order=fee0814a
  [    476ms]  [91mstale[0m    (poll #8)  order=fee0814a
  [    548ms]  [92mVISIBLE[0m  (poll #9, X-Cache: MISS)  order=fee0814a

[96mOrder 183/200:[0m
  [     10ms]  [91mstale[0m    (poll #1)  order=1473161f
  [     74ms]  [91mstale[0m    (poll #2)  order=1473161f
  [    139ms]  [91mstale[0m    (poll #3)  order=1473161f
  [    208ms]  [91mstale[0m    (poll #4)  order=1473161f
  [    280ms]  [91mstale[0m    (poll #5)  order=1473161f
  [    353ms]  [91mstale[0m    (poll #6)  order=1473161f
  [    422ms]  [91mstale[0m    (poll #7)  order=1473161f
  [    494ms]  [92mVISIBLE[0m  (poll #8, X-Cache: MISS)  order=1473161f

[96mOrder 184/200:[0m
  [      9ms]  [91mstale[0m    (poll #1)  order=23ac0bea
  [     68ms]  [91mstale[0m    (poll #2)  order=23ac0bea
  [    133ms]  [91mstale[0m    (poll #3)  order=23ac0bea
  [    197ms]  [91mstale[0m    (poll #4)  order=23ac0bea
  [    264ms]  [91mstale[0m    (poll #5)  order=23ac0bea
  [    333ms]  [91mstale[0m    (poll #6)  order=23ac0bea
  [    403ms]  [92mVISIBLE[0m  (poll #7, X-Cache: MISS)  order=23ac0bea

[96mOrder 185/200:[0m
  [      7ms]  [91mstale[0m    (poll #1)  order=c5644597
  [     69ms]  [91mstale[0m    (poll #2)  order=c5644597
  [    132ms]  [91mstale[0m    (poll #3)  order=c5644597
  [    196ms]  [91mstale[0m    (poll #4)  order=c5644597
  [    266ms]  [91mstale[0m    (poll #5)  order=c5644597
  [    334ms]  [91mstale[0m    (poll #6)  order=c5644597
  [    404ms]  [91mstale[0m    (poll #7)  order=c5644597
  [    479ms]  [92mVISIBLE[0m  (poll #8, X-Cache: MISS)  order=c5644597

[96mOrder 186/200:[0m
  [      8ms]  [91mstale[0m    (poll #1)  order=ae8a2cbd
  [     72ms]  [91mstale[0m    (poll #2)  order=ae8a2cbd
  [    134ms]  [91mstale[0m    (poll #3)  order=ae8a2cbd
  [    199ms]  [91mstale[0m    (poll #4)  order=ae8a2cbd
  [    262ms]  [91mstale[0m    (poll #5)  order=ae8a2cbd
  [    329ms]  [91mstale[0m    (poll #6)  order=ae8a2cbd
  [    395ms]  [91mstale[0m    (poll #7)  order=ae8a2cbd
  [    459ms]  [91mstale[0m    (poll #8)  order=ae8a2cbd
  [    519ms]  [92mVISIBLE[0m  (poll #9, X-Cache: MISS)  order=ae8a2cbd

[96mOrder 187/200:[0m
  [      6ms]  [91mstale[0m    (poll #1)  order=056b3c2d
  [     69ms]  [91mstale[0m    (poll #2)  order=056b3c2d
  [    133ms]  [91mstale[0m    (poll #3)  order=056b3c2d
  [    192ms]  [91mstale[0m    (poll #4)  order=056b3c2d
  [    256ms]  [91mstale[0m    (poll #5)  order=056b3c2d
  [    322ms]  [91mstale[0m    (poll #6)  order=056b3c2d
  [    392ms]  [91mstale[0m    (poll #7)  order=056b3c2d
  [    465ms]  [91mstale[0m    (poll #8)  order=056b3c2d
  [    535ms]  [92mVISIBLE[0m  (poll #9, X-Cache: MISS)  order=056b3c2d

[96mOrder 188/200:[0m
  [      9ms]  [91mstale[0m    (poll #1)  order=b702fe72
  [     74ms]  [91mstale[0m    (poll #2)  order=b702fe72
  [    137ms]  [91mstale[0m    (poll #3)  order=b702fe72
  [    205ms]  [91mstale[0m    (poll #4)  order=b702fe72
  [    273ms]  [91mstale[0m    (poll #5)  order=b702fe72
  [    341ms]  [91mstale[0m    (poll #6)  order=b702fe72
  [    413ms]  [91mstale[0m    (poll #7)  order=b702fe72
  [    488ms]  [92mVISIBLE[0m  (poll #8, X-Cache: MISS)  order=b702fe72

[96mOrder 189/200:[0m
  [      9ms]  [91mstale[0m    (poll #1)  order=0aaf63f1
  [     74ms]  [91mstale[0m    (poll #2)  order=0aaf63f1
  [    141ms]  [91mstale[0m    (poll #3)  order=0aaf63f1
  [    208ms]  [91mstale[0m    (poll #4)  order=0aaf63f1
  [    277ms]  [91mstale[0m    (poll #5)  order=0aaf63f1
  [    345ms]  [91mstale[0m    (poll #6)  order=0aaf63f1
  [    417ms]  [91mstale[0m    (poll #7)  order=0aaf63f1
  [    486ms]  [92mVISIBLE[0m  (poll #8, X-Cache: MISS)  order=0aaf63f1

[96mOrder 190/200:[0m
  [      9ms]  [91mstale[0m    (poll #1)  order=68931d94
  [     69ms]  [91mstale[0m    (poll #2)  order=68931d94
  [    132ms]  [91mstale[0m    (poll #3)  order=68931d94
  [    201ms]  [91mstale[0m    (poll #4)  order=68931d94
  [    268ms]  [91mstale[0m    (poll #5)  order=68931d94
  [    340ms]  [91mstale[0m    (poll #6)  order=68931d94
  [    410ms]  [92mVISIBLE[0m  (poll #7, X-Cache: MISS)  order=68931d94

[96mOrder 191/200:[0m
  [      9ms]  [91mstale[0m    (poll #1)  order=41e8885f
  [     71ms]  [91mstale[0m    (poll #2)  order=41e8885f
  [    137ms]  [91mstale[0m    (poll #3)  order=41e8885f
  [    201ms]  [91mstale[0m    (poll #4)  order=41e8885f
  [    272ms]  [91mstale[0m    (poll #5)  order=41e8885f
  [    343ms]  [91mstale[0m    (poll #6)  order=41e8885f
  [    413ms]  [91mstale[0m    (poll #7)  order=41e8885f
  [    486ms]  [91mstale[0m    (poll #8)  order=41e8885f
  [    557ms]  [92mVISIBLE[0m  (poll #9, X-Cache: MISS)  order=41e8885f

[96mOrder 192/200:[0m
  [      9ms]  [91mstale[0m    (poll #1)  order=5613874a
  [     70ms]  [91mstale[0m    (poll #2)  order=5613874a
  [    135ms]  [91mstale[0m    (poll #3)  order=5613874a
  [    203ms]  [91mstale[0m    (poll #4)  order=5613874a
  [    276ms]  [91mstale[0m    (poll #5)  order=5613874a
  [    350ms]  [91mstale[0m    (poll #6)  order=5613874a
  [    422ms]  [91mstale[0m    (poll #7)  order=5613874a
  [    495ms]  [92mVISIBLE[0m  (poll #8, X-Cache: MISS)  order=5613874a

[96mOrder 193/200:[0m
  [      8ms]  [91mstale[0m    (poll #1)  order=faf03326
  [     69ms]  [91mstale[0m    (poll #2)  order=faf03326
  [    140ms]  [91mstale[0m    (poll #3)  order=faf03326
  [    208ms]  [91mstale[0m    (poll #4)  order=faf03326
  [    274ms]  [91mstale[0m    (poll #5)  order=faf03326
  [    345ms]  [91mstale[0m    (poll #6)  order=faf03326
  [    416ms]  [91mstale[0m    (poll #7)  order=faf03326
  [    489ms]  [92mVISIBLE[0m  (poll #8, X-Cache: MISS)  order=faf03326

[96mOrder 194/200:[0m
  [      9ms]  [91mstale[0m    (poll #1)  order=a3ef7b3c
  [     73ms]  [91mstale[0m    (poll #2)  order=a3ef7b3c
  [    140ms]  [91mstale[0m    (poll #3)  order=a3ef7b3c
  [    211ms]  [91mstale[0m    (poll #4)  order=a3ef7b3c
  [    279ms]  [91mstale[0m    (poll #5)  order=a3ef7b3c
  [    347ms]  [91mstale[0m    (poll #6)  order=a3ef7b3c
  [    416ms]  [91mstale[0m    (poll #7)  order=a3ef7b3c
  [    485ms]  [92mVISIBLE[0m  (poll #8, X-Cache: MISS)  order=a3ef7b3c

[96mOrder 195/200:[0m
  [      9ms]  [91mstale[0m    (poll #1)  order=0826e217
  [     72ms]  [91mstale[0m    (poll #2)  order=0826e217
  [    131ms]  [91mstale[0m    (poll #3)  order=0826e217
  [    200ms]  [91mstale[0m    (poll #4)  order=0826e217
  [    262ms]  [91mstale[0m    (poll #5)  order=0826e217
  [    320ms]  [91mstale[0m    (poll #6)  order=0826e217
  [    381ms]  [91mstale[0m    (poll #7)  order=0826e217
  [    445ms]  [91mstale[0m    (poll #8)  order=0826e217
  [    517ms]  [92mVISIBLE[0m  (poll #9, X-Cache: MISS)  order=0826e217

[96mOrder 196/200:[0m
  [     13ms]  [91mstale[0m    (poll #1)  order=3bfac28d
  [     75ms]  [91mstale[0m    (poll #2)  order=3bfac28d
  [    138ms]  [91mstale[0m    (poll #3)  order=3bfac28d
  [    209ms]  [91mstale[0m    (poll #4)  order=3bfac28d
  [    271ms]  [91mstale[0m    (poll #5)  order=3bfac28d
  [    335ms]  [91mstale[0m    (poll #6)  order=3bfac28d
  [    400ms]  [91mstale[0m    (poll #7)  order=3bfac28d
  [    468ms]  [92mVISIBLE[0m  (poll #8, X-Cache: MISS)  order=3bfac28d

[96mOrder 197/200:[0m
  [      7ms]  [91mstale[0m    (poll #1)  order=8e6fdee1
  [     70ms]  [91mstale[0m    (poll #2)  order=8e6fdee1
  [    131ms]  [91mstale[0m    (poll #3)  order=8e6fdee1
  [    195ms]  [91mstale[0m    (poll #4)  order=8e6fdee1
  [    260ms]  [91mstale[0m    (poll #5)  order=8e6fdee1
  [    327ms]  [91mstale[0m    (poll #6)  order=8e6fdee1
  [    400ms]  [91mstale[0m    (poll #7)  order=8e6fdee1
  [    472ms]  [91mstale[0m    (poll #8)  order=8e6fdee1
  [    542ms]  [92mVISIBLE[0m  (poll #9, X-Cache: MISS)  order=8e6fdee1

[96mOrder 198/200:[0m
  [      9ms]  [91mstale[0m    (poll #1)  order=a2413578
  [     72ms]  [91mstale[0m    (poll #2)  order=a2413578
  [    137ms]  [91mstale[0m    (poll #3)  order=a2413578
  [    204ms]  [91mstale[0m    (poll #4)  order=a2413578
  [    271ms]  [91mstale[0m    (poll #5)  order=a2413578
  [    337ms]  [91mstale[0m    (poll #6)  order=a2413578
  [    405ms]  [91mstale[0m    (poll #7)  order=a2413578
  [    478ms]  [92mVISIBLE[0m  (poll #8, X-Cache: MISS)  order=a2413578

[96mOrder 199/200:[0m
  [     10ms]  [91mstale[0m    (poll #1)  order=f7465a50
  [     73ms]  [91mstale[0m    (poll #2)  order=f7465a50
  [    134ms]  [91mstale[0m    (poll #3)  order=f7465a50
  [    195ms]  [91mstale[0m    (poll #4)  order=f7465a50
  [    264ms]  [91mstale[0m    (poll #5)  order=f7465a50
  [    332ms]  [91mstale[0m    (poll #6)  order=f7465a50
  [    401ms]  [91mstale[0m    (poll #7)  order=f7465a50
  [    469ms]  [91mstale[0m    (poll #8)  order=f7465a50
  [    539ms]  [92mVISIBLE[0m  (poll #9, X-Cache: MISS)  order=f7465a50

[96mOrder 200/200:[0m
  [      7ms]  [91mstale[0m    (poll #1)  order=d24ff4e4
  [     69ms]  [91mstale[0m    (poll #2)  order=d24ff4e4
  [    128ms]  [91mstale[0m    (poll #3)  order=d24ff4e4
  [    185ms]  [91mstale[0m    (poll #4)  order=d24ff4e4
  [    249ms]  [91mstale[0m    (poll #5)  order=d24ff4e4
  [    311ms]  [91mstale[0m    (poll #6)  order=d24ff4e4
  [    372ms]  [91mstale[0m    (poll #7)  order=d24ff4e4
  [    433ms]  [91mstale[0m    (poll #8)  order=d24ff4e4
  [    497ms]  [92mVISIBLE[0m  (poll #9, X-Cache: MISS)  order=d24ff4e4

[1m=======================================================[0m
[1m  RESULTS  (N=200)[0m
[1m=======================================================[0m

  metric                    value
  --------------------------------
  consistency lag ms  
    p50                    489.7
    p95                    553.6
    p99                    558.2
    min                    131.9
    max                    561.5
  avg polls/read             8.2

  [93mWhat this means:[0m
  A user who placed an order and immediately refreshed
  would have seen no order for up to 561ms.
  During this window the read side is STALE — MongoDB has
  the event, but PostgreSQL has not projected it yet.

  [92mThe RYW cache fixes this:[0m
    bash restart.sh --delay 2   # same consumer lag, cache ON
    python scripts/consistency_demo.py
  → Every read returns in ~1ms (cache HIT, no PG needed).

