order_id,post_ms,ryw_ms,total_ms,polls
820fc460-db4b-49d2-be7a-9f96416365f1,14.336541999909969,4.725875000076485,19.062416999986453,1
e43352b0-ac23-4639-8160-592dcf94531d,2.0489170001383172,0.9163330000774295,2.9652500002157467,1
2a1f4b3e-b2cb-4eb5-a653-1506b076ac83,1.6395839998040174,0.8884160001798591,2.5279999999838765,1
6daa624b-e71c-43f3-a7be-becf014e560f,1.4375420000760641,0.9102079998228874,2.3477499998989515,1
1ea2fa2b-704d-4c13-9509-d6b53a12c15d,1.4511670001411403,0.833250000141561,2.2844170002827013,1
afe67b8d-dba1-4149-a7dd-a80d26dcc40a,1.4151669997772842,0.8174170002348546,2.232584000012139,1
3cf4927f-73d5-40c7-a028-549532cd1c17,1.465041999836103,0.8388330002162547,2.303875000052358,1
38ac0427-db25-49ff-b169-3945cdb87c92,1.484124999933556,0.7967500000631844,2.2808749999967404,1
0efb6663-a339-4467-9910-9a3ea3a404c4,1.447084000119503,0.7719999998698768,2.2190839999893797,1
e6431523-fc37-495a-82c7-c2734d85220f,1.4143339999463933,0.736040999981924,2.1503749999283173,1
ab00830f-d1d7-4902-b6e2-efbd8ebfa76f,1.4230830001906725,0.8842920001370658,2.3073750003277382,1
d8f95718-dee1-4489-a04b-162d4020b401,1.405125000019325,0.7922919999145961,2.197416999933921,1
35e0e969-5aab-4c52-bbf1-65b4fb81b956,1.454499999908876,0.9174169999823789,2.371916999891255,1
5243cadd-2ebd-4794-bd01-09b301762bc0,1.366667000183952,0.7868749999033753,2.1535420000873273,1
587d01a6-6749-4e15-9354-7a2dd2d42b78,1.2666249999711,0.732334000076662,1.998959000047762,1
176bd7f4-24a8-4eeb-ba05-4bea5bdd3ec7,1.2910420000480372,0.7340419997490244,2.0250839997970616,1
ea8f0450-97a0-4ffc-bdbb-a12c7840fa4c,1.2379589998090523,0.6968749999032298,1.934833999712282,1
b2e2d83c-e3c6-41fc-901a-96be66d59d4f,1.2692499999502616,0.9605410000403936,2.229790999990655,1
1d7fa8dd-3272-4f65-93c1-637f4d422ed1,1.4186669995979173,0.775916000293364,2.1945829998912814,1
e2534cbd-8ba0-4cde-91dc-27198f29e610,1.2575840000863536,0.8036659996832896,2.061249999769643,1
9b13bbc9-371a-4084-8dbb-4f995ef47364,1.3309579999258858,0.7895419998931175,2.1204999998190033,1
775e391b-e1cd-48a0-9ba9-40bd6a6caa99,1.3803339998048614,0.6941660003576544,2.074500000162516,1
6eef3959-eef8-430c-b9e4-bb81a974e30b,1.1623750001490407,0.8517500000380096,2.0141250001870503,1
d96ee939-7a43-43ae-9e6e-dc1a48931dd6,1.280750000205444,0.7082079996507673,1.9889579998562112,1
60da15a0-04fd-4208-86ba-5b32fdfe5216,1.2962910000169359,0.7016250001470326,1.9979160001639684,1
899669eb-4776-45e4-be39-68031d20a829,1.3178330000300775,0.7106250000106229,2.0284580000407004,1
726ba0ff-f12a-4b92-bafa-19bc76eadc26,1.3760000001639128,0.8993330002340372,2.27533300039795,1
742b36b0-6cb3-40f7-8af7-b7b4f878dadd,1.4132920000520244,0.6753749999006686,2.088666999952693,1
78c99b6d-f7a6-4539-ac91-bc04ebed21b8,1.2322079996920365,0.7515000002058514,1.983707999897888,1
53f3e46a-086f-4357-bf37-daadd6423c49,1.16375000015978,0.7042079996608663,1.8679579998206464,1
36f04867-c98f-4e60-a918-a9f5a026e734,1.1849580000671267,0.7069170001159364,1.891875000183063,1
cde9f38a-7ce8-4a34-b1d1-5fcdb3f7ef48,1.3145830002940784,0.7221249998110579,2.0367080001051363,1
304d86d7-197a-4097-9c54-b50321699920,1.1672079999698326,0.6547080001837458,1.8219160001535784,1
2300bc19-637b-4520-9368-e6df0c61cc3d,1.2944999998580897,0.6636670000261802,1.95816699988427,1
c1c195e7-f608-45c9-82c5-d6508f5688e8,1.0578750002423476,0.8007500000530854,1.858625000295433,1
35a41cf3-e9d5-4915-b758-a73a94450d06,1.183290999961173,0.7515420002164319,1.9348330001776048,1
684061e4-5eb1-437e-a287-9ddedcd2b750,1.0883330000979186,0.6778750002922607,1.7662080003901792,1
97ac562c-4197-4a6c-8ac2-7068bd594f51,1.077958000223589,0.7752500000606233,1.8532080002842122,1
acc9849d-7607-4825-8fa6-b450f216881b,1.051666999956069,2.7622079996945104,3.8138749996505794,1
9e5357b8-c6ed-422b-9dc2-2b23774d01f1,1.2457079997147957,0.6450000000768341,1.8907079997916298,1
22e7fdce-5b0a-4e1a-9ac1-292cbfff3f84,1.0689999999158317,0.7022079998932895,1.7712079998091212,1
935da4fa-d39e-4026-9547-d54308a4ebe6,1.164416999927198,0.7132499999897846,1.8776669999169826,1
5129ddfa-4cea-4735-8770-e43e54e40b3f,1.0714999998526764,0.7314170002246101,1.8029170000772865,1
530f500a-e3ec-45e9-a881-fcc9a952fc53,1.1631669999587757,0.7066250000207219,1.8697919999794976,1
f55397e2-4103-4da5-88cf-4c3253f50e25,1.0867500000131258,0.7165830002122675,1.8033330002253933,1
6fe8c510-91a0-4174-bedb-bf9a1beb6042,1.1597909997362876,0.7348750000346627,1.8946659997709503,1
66491b99-573e-4e59-9d0c-e77badba3d81,1.3827919997311255,0.6569170000148006,2.039708999745926,1
25a40940-9b27-4306-93a4-43dafccd18e1,1.4288750003288442,0.710374999925989,2.139250000254833,1
99a29b6a-d5ae-4a08-a989-2ddfa3496b8e,1.3288750001265726,0.8333749997291306,2.162249999855703,1
4c9cdb9e-73c0-4f02-b2d4-32ef072c7c3e,1.5179580000221904,0.7018749997769191,2.2198329997991095,1
6e9d6fc1-3889-4152-ac55-b294c558e419,1.3912910003455181,0.781374999860418,2.172666000205936,1
b4cac0a9-f21c-4d14-9143-ddcf403c7e58,1.402583999606577,0.6504580001092108,2.053041999715788,1
ec252c8a-ba1e-4ea8-8de4-792855cc3cfc,1.5907909996712988,0.7554590001745964,2.346249999845895,1
74311452-c7dd-4337-a163-4a64e2012068,1.1587909998524992,0.793124999745487,1.9519159995979862,1
f933c421-7c9d-4d11-b054-089ebb5f7ef2,1.2764579996655812,0.6785420000596787,1.9549999997252598,1
25cc697b-55e9-4a32-a35e-e8e68db77b95,1.3894170001549355,0.7104169999365695,2.099834000091505,1
331fa12e-45b5-4539-a192-42938c258732,1.4222079998944537,0.8280420001938182,2.250250000088272,1
7b4d15c7-8d78-46c3-bc29-c794c9371949,1.4940840001145261,0.7317499998862331,2.2258340000007593,1
f061fbf2-82b3-4007-ae88-bdda063ed239,1.3471669999489677,0.8892080004443415,2.236375000393309,1
cf801b58-94ac-4673-a643-dfc43a246c41,1.4816670000072918,0.6808749999436259,2.1625419999509177,1
f5a43518-f3af-46dc-adcb-8b9546444c34,1.376708000407234,0.6996249999247084,2.0763330003319425,1
8b98f364-0061-483f-918f-f079cf98f36a,1.2146660001235432,0.7404170000882004,1.9550830002117436,1
471938a8-4909-490f-b484-d124399e1245,1.280250000036176,0.6699999999000283,1.9502499999362044,1
2ea6fead-3350-4285-8de9-6f47bd9728ab,1.2617499996849801,0.7578750000902801,2.01962499977526,1
34ecd5fd-e0df-4eac-a2f0-4f0d72fc5ce3,1.3884160002817225,0.7148340000640019,2.1032500003457244,1
39bbaed4-bf11-401b-83bf-c68dad7911c9,1.498916999935318,0.6292920002124447,2.1282090001477627,1
e5c5ed11-0dfd-4d2c-8f53-338265918259,1.254875000086031,0.7721249999121937,2.0269999999982247,1
3d322d08-943e-44f4-bf9b-5c4c6fdebd2b,1.4396659998965333,0.7644170000276063,2.2040829999241396,1
acf07761-b0ef-4c1c-86bd-af67c43d5013,1.2514589998318115,0.870083000336308,2.1215420001681196,1
146e241e-0a59-41ec-913b-bdb8642f1b3a,1.3915419999648293,0.7189579996520479,2.110499999616877,1
3e096fb1-12a9-4bac-a61b-64229ba3a6d7,1.4350410001497949,0.6180840000524768,2.0531250002022716,1
42d7b834-f181-48bb-90d7-362bd2378df6,1.2027079997096735,0.7636670002284518,1.9663749999381253,1
85606ea5-4004-460a-b868-bc5c26b82323,1.2202910002088174,0.6980839998504962,1.9183750000593136,1
871dc2f0-3801-44cc-961d-01a2f5647d10,1.3618329999189882,0.713792000169633,2.075625000088621,1
0d45f0e8-4020-4b8a-9f8c-ffc5b77840fb,1.1960410001847777,0.7624589998158626,1.9585000000006403,1
21165cea-8d2d-45f4-a375-589dd0a51dca,1.3789169997835415,0.7919580002635485,2.17087500004709,1
3c04c5d5-ffae-4328-80ce-b1614671098c,1.295083000059094,0.7311669996852288,2.026249999744323,1
098f6f19-1619-4511-a756-cfc96ada13da,1.2985830003344745,0.7215419996100536,2.020124999944528,1
9956e0be-a432-4671-b658-a0c1619b6434,1.5222080000967253,0.8250839996435388,2.347291999740264,1
91701a9b-db55-4546-aaca-9eced7b12e80,1.4473749997705454,0.755292000121699,2.2026669998922443,1
0132802a-98de-4953-bb46-9775ee0f3634,1.3901249999435095,0.6408330000340356,2.030957999977545,1
7a8cffb1-86d7-4c9d-ad88-02fc2d292e7c,1.4578340001207835,0.7355829998232366,2.19341699994402,1
26926c30-4bde-45e9-88f8-74335c84216d,1.4099589998295414,0.7866250002734887,2.19658400010303,1
b4193570-c70e-4382-a255-d769381a0b8e,1.416499999777443,0.7421670002258907,2.1586670000033337,1
f95bf5c4-209f-4c68-836b-8ec66dd5edd6,1.4433750002353918,0.7047919998512953,2.148167000086687,1
d81ff2ef-eae3-41e4-90eb-3bda75538e2d,1.7497499998171406,0.6755419999535661,2.4252919997707068,1
98ba798c-f019-479b-a94f-92ff4d925131,1.5232089999699383,0.6431249998968269,2.1663339998667652,1
872c50ce-ca66-4471-b652-590a462cb59f,1.1782500000663276,0.7802079999237321,1.9584579999900598,1
39ce3245-3aad-4a19-b61b-77a751a69e2b,1.3311249999787833,0.7505839998884767,2.08170899986726,1
be6a0594-67df-4705-b36e-d22ec82729c0,1.5034590001050674,0.695332999839593,2.1987919999446603,1
29d59fcf-5467-46a6-bd27-6f599d1fb161,1.4555420002579922,0.8112909999908879,2.26683300024888,1
e9b29198-9e20-43b4-b92e-03cec4a4d374,1.3731249996453698,0.7764160000078846,2.1495409996532544,1
bb98e235-d044-465b-9198-6c93b5d148dc,1.3315000001057342,0.7536250000157452,2.0851250001214794,1
65c360d4-2cd7-462d-823f-0dd6c7239812,1.285166999878129,0.7471250000889995,2.0322919999671285,1
ec411a7d-56b0-4dda-96a9-6df910d55f8b,1.2960419999217265,0.6432079999285634,1.93924999985029,1
8d31de5a-0b57-4831-bcac-055d53535286,1.398624999637832,0.6883330001983268,2.0869579998361587,1
c94bc4c9-1dc3-4bce-ad1c-8ead8c98c5d0,1.3969169999654696,0.6416249998437706,2.0385419998092402,1
23f2a350-6efd-4360-98b9-a1d9a4342e88,1.4477909999186522,0.7395840002573095,2.1873750001759618,1
5a5b8b01-a706-445a-a2f6-b597853fa29d,1.3858749998689746,0.7523750000473228,2.1382499999162974,1
b77dafce-c5b8-45f8-ba8e-f89929a18688,1.5718339996055875,0.7707500003562018,2.3425839999617892,1
086edfc4-7c68-4b6d-b383-e0270026f71d,1.4599169999200967,0.6899999998495332,2.14991699976963,1
97cc4e0f-f186-4990-b4e7-d7f7923929fc,1.3203749999775027,0.7046659998195537,2.0250409997970564,1
45fde2c3-2f56-43c3-a9b5-eab798b3abb4,1.1975829997936671,0.7406250001622539,1.938207999955921,1
9b3f1456-2bb2-4e67-b3fc-44dc8befcf27,1.1630419999164587,0.7340829997701803,1.897124999686639,1
f9018f3b-be18-4356-92fc-1c75c4fe46fe,1.42008300008456,0.7080000000314612,2.128083000116021,1
26e4e928-c5a7-4131-8f51-b7f68b9a9f99,1.3326250000318396,0.6847499998912099,2.0173749999230495,1
c85d6265-3ae8-49fa-9c7b-b8b2fd86001a,1.2569580003400915,0.7715839997217699,2.0285420000618615,1
61ed72ff-e8d9-4f62-a217-490c3a52e600,1.2500000002546585,0.7756249997328268,2.0256249999874854,1
84e72e4c-1df4-4efc-81dc-ddba12c6e35c,1.3586250001935696,0.6727919999320875,2.031417000125657,1
064582f9-aafc-4a66-a5d9-01c6dda79e68,1.3627919997816207,0.7513750001635344,2.114166999945155,1
4a0b26b3-3985-4c3e-86ec-ca0ce9207249,1.1503749997245905,0.7254580000335409,1.8758329997581313,1
0710a2ce-e131-4a55-b48e-e1492e40a464,1.325167000231886,0.7573329999104317,2.0825000001423177,1
c8c28455-9e99-4496-b740-10dc5b5ecfd1,1.480208999964816,4.275791000054596,5.756000000019412,1
3e63403b-2528-46dd-b66c-a2d95557af4b,1.3589999998657731,0.6855419997009449,2.044541999566718,1
d289e1c9-9f9a-421e-8e20-d42a5211bc2a,1.4993340000728494,0.7119160000002012,2.2112500000730506,1
ab8e013e-cff0-4319-a887-35375a289fd8,1.540792000014335,0.8159579997482069,2.356749999762542,1
1cfa3ccd-6b50-41d0-99d0-463af82c658f,1.554458000100567,0.6843750002190063,2.2388330003195733,1
cc43cd42-7304-4797-8527-31e7c0931e7c,1.3817080002809234,0.6832919998487341,2.0650000001296576,1
2503032b-c104-4bc8-a6e4-cbb3da826ccb,1.397166000060679,0.6756249999853026,2.0727910000459815,1
67c7ef98-4a06-43ed-a197-9c312fd82bba,1.4279580000220449,0.7245420001709135,2.1525000001929584,1
457749e4-c34b-455f-a0ee-58447ecd651b,1.4782919997742283,0.7685830000809801,2.2468749998552084,1
08270d24-0000-4eb9-9a93-a03e39b494e3,1.4887499996802944,0.6835419999333681,2.1722919996136625,1
f69530cc-4cfc-43a4-9e1f-b680f309f49f,1.3081250003779132,0.7867499998610583,2.0948750002389716,1
4fd9b906-973a-4378-9034-4b5fd42639aa,1.202207999995153,0.6620419999308069,1.8642499999259599,1
fae4be3f-32e6-49b9-9448-4910f076d006,1.3724589998673764,0.743790999877092,2.1162499997444684,1
eab92d3d-20dd-4968-b108-2a8c553c771c,1.3885840003240446,0.6559579996974207,2.0445420000214654,1
ab1b2ee3-849a-414b-aee3-40efd63e5e18,1.344667000012123,0.6444579998969857,1.9891249999091087,1
8f647249-44b5-4130-9acf-3063a3d93c2d,1.2411249999786378,0.7167920002757455,1.9579170002543833,1
6b7ad961-55cd-4207-8cb7-cbcb4766f1dd,1.3615830002891016,0.78545899987148,2.1470420001605817,1
8e3e6b73-152d-413b-ba41-e973460dffec,1.615791999938665,0.7470410000678385,2.3628330000065034,1
97d24c76-865c-49f7-bf04-d58916a70a01,1.6743329997552792,0.7710840000072494,2.4454169997625286,1
ed5f61dd-f204-41ac-ae62-f4dc0e5b7e89,1.3512499999706051,0.6905420000293816,2.0417919999999867,1
48acbbdf-307c-46c2-8341-ddea73a5f3b4,1.341957999557053,0.7473750001736335,2.0893329997306864,1
1128f5b8-72e0-4ed0-8db0-3b6a7b9b3c89,1.4430410001295968,0.7367499997599225,2.1797909998895193,1
9d13d7cf-c8b4-4b17-aec0-906dc0c388aa,1.427416999831621,0.6799580000915739,2.107374999923195,1
bcd250f7-41f9-46ba-ab95-ab3575cb7975,1.3736249998146377,0.7793340000716853,2.152958999886323,1
a1843356-92b4-4870-a3f8-879ed21b0c33,1.4652499999101565,0.758250000217231,2.2235000001273875,1
cab3408d-bdc2-4b05-8d18-c10db0742998,1.616249999642605,0.6883750002089073,2.3046249998515123,1
39692f8b-be07-471d-b8a6-274b114c3ec5,1.5864580000197748,0.7175000000643195,2.3039580000840942,1
4efbb60a-7ed2-42ee-9e3c-cd7455d588b1,1.2514999998529674,0.6936660001883865,1.945166000041354,1
ce859860-e5b3-43f8-992c-4c8259709f9a,1.2892499998997664,0.7158329999583657,2.005082999858132,1
fe61153f-21e1-44de-a930-4ec6d581efe5,1.5487499999835563,0.7222499998533749,2.2709999998369312,1
83a1646c-7347-40d3-b85a-1a149530f180,1.415166000242607,0.6488340000032622,2.064000000245869,1
42e1cf72-0832-410e-ba68-aecedf3e9233,1.3273750000735163,0.7607089996781724,2.0880839997516887,1
e735c779-198a-47f7-9abe-c47439e4189b,1.4086660003158613,0.7244999997055857,2.133166000021447,1
3b57e221-3484-4e63-b8e5-92a5b650fa77,1.5872909998506657,0.7058340002004115,2.2931250000510772,1
7f9bec40-a7a9-4f69-9fce-54abcbe3f537,1.7128750000665605,0.6752079998477711,2.3880829999143316,1
dbc5ccf9-104a-4225-84aa-31003cc4f7d0,1.272541000162164,0.7308750000447617,2.0034160002069257,1
5cc395d3-eb3d-4176-9f17-8b0e83712a65,1.3351249999686843,0.6967920003262407,2.031917000294925,1
2ed8497b-3e88-4502-8d21-29cf874f5b1d,1.3633329999720445,0.7175830000960559,2.0809160000681004,1
984ff87c-96d6-4db3-8a6d-0280f182aa3b,1.2333330000728893,0.6408330000340356,1.874166000106925,1
e35ee18e-b8ab-4166-a70c-fbe8ccd80190,1.3148749999345455,0.7411669998873549,2.0560419998219004,1
11daf25a-0c24-46c1-9479-4ad612213b5d,1.434417000382382,0.7193329997789988,2.1537500001613807,1
28852b5a-3184-43c1-bbc9-dd156f4beeb6,1.3092909998704272,0.6517090000670578,1.960999999937485,1
5430a078-e1dd-41e8-98a0-c5fefd5d6558,1.9243330002609582,0.7193339997684234,2.6436670000293816,1
0787ab54-fde9-4f0b-a928-f7295aec0675,1.522541999747773,0.7003750001786102,2.222916999926383,1
75283890-2a31-4dc5-87b4-f76833c2fd4f,1.396415999806777,0.6877089999761665,2.0841249997829436,1
b14f72e4-4dc9-4565-9edb-dde039ece6c7,1.285041999835812,0.8413330001530994,2.1263749999889114,1
423905e4-0f13-4c9c-94a0-319fd963d991,1.4755419997527497,0.788125000326545,2.2636670000792947,1
d0df9180-22a4-4159-a1ff-d6766b77390b,1.3122499999553838,0.7141250002860033,2.026375000241387,1
33745cbf-7942-425d-ab1d-fa14a0b249c4,1.4716250002493325,0.7702089997110306,2.241833999960363,1
9bae6837-a951-4653-b819-f3b0a47caa4e,1.4664169998468424,0.7901660001152777,2.25658299996212,1
80b61fda-c63d-4af1-ad85-92956d4582ea,1.4644170000792656,0.6986669995967532,2.1630839996760187,1
32a088f3-4661-4072-acd7-48487fb4e3d2,1.298666000366211,0.6437089996325085,1.9423749999987194,1
2d5209b4-827f-463a-ae47-bf24e615ec34,1.4077499999984866,0.7031670002106694,2.110917000209156,1
edf31fde-976a-4795-9b36-60663bc37692,1.2268340001355682,0.7282080000550195,1.9550420001905877,1
58f237b7-2390-42d6-8ed3-d71304f736d5,1.3307090002854238,0.7864999997764244,2.117209000061848,1
8e1e8b8c-4365-476f-b9d2-a8ec4c330c48,1.334082999619568,0.7453749999513093,2.0794579995708773,1
879b4c6c-0fb8-46b9-ab36-f22936bea9f3,1.3195830001677678,0.6480839997493604,1.9676669999171281,1
3efd8836-1ce5-4f9a-95e5-e5b7398ee4b8,1.3385829997787368,0.7390420000774611,2.077624999856198,1
66823591-9d95-4121-a7c5-2cc4d4afa276,1.3131670002621831,0.7331659999181284,2.0463330001803115,1
2f6650dc-c433-4ad0-834c-981e62531404,1.4659590001429024,0.6681249997200212,2.1340839998629235,1
4e51e2fd-f90c-4af1-a7f9-3e125f01f772,1.2844999996559636,0.7435830002577859,2.0280829999137495,1
8621b67c-4b70-47c7-9971-2ef499dc2ee1,1.3844579998476547,0.6919580000612768,2.0764159999089316,1
027dbac1-326d-448a-95b0-bcde05303a4a,1.5251669997269346,0.7968330000949209,2.3219999998218555,1
112cd732-3b2e-47ea-88f7-3c46d85d798e,1.390291999996407,0.7390000000668806,2.1292920000632876,1
8ac7b988-b928-44f8-9406-13dd87b3143a,1.5877079999881971,0.65687500000422,2.244582999992417,1
211c7f65-f2d8-48ba-96f4-5a3c855e57f9,1.9917499998882704,0.6963750001887092,2.6881250000769796,1
33f4a570-1906-4dd6-a066-b5d3586ee39a,1.2379579998196277,0.6786670001019957,1.9166249999216234,1
76ce6907-14b4-4e72-a09f-c0bf304f1386,1.2323750001996814,0.7258750001710723,1.9582500003707537,1
66fa90bd-aa67-473b-9df4-ab16133155d7,1.6255420000561571,0.6841669996902056,2.3097089997463627,1
968984f8-42fb-4d3f-a477-01fbb9792cf9,1.51716700020188,0.649832999897626,2.167000000099506,1
68938054-fe2d-4321-b97d-24b1cc4361f4,1.2264579995644453,0.769959000081144,1.9964169996455894,1
afedc87d-e140-45e5-9d7d-df9c093fc2ac,1.183042000320711,0.7515419997616846,1.9345840000823955,1
b43021ed-07ae-4709-b4ab-9a9e373cf79d,1.519875000212778,0.7472909996977251,2.267165999910503,1
4d079f4a-d513-442b-9fa4-06906af85003,1.937166000061552,0.7078339999679883,2.6450000000295404,1
05f9f298-ae51-49c7-a8e2-715eb03013f3,1.637667000068177,0.669207999635546,2.306874999703723,1
7b6489c0-7147-4855-bf20-b0da1a7f3ba0,1.6260410002360004,5.724458999793569,7.3505000000295695,1
c0cd9daf-2c6e-442a-a115-31179dc5bf3c,1.6255420000561571,0.6952910002837598,2.320833000339917,1
01470809-1fbe-49d3-b8c9-c72e7e9ca58b,1.5977920002114843,0.6266249997679552,2.2244169999794394,1
52557173-b672-4a9e-b06d-b1cfa9c335e0,1.450499999918975,0.6897090001984907,2.1402090001174656,1
b1bf7588-5bb5-47fd-a8d7-acab590155f6,1.379374999942229,0.73533300019335,2.114708000135579,1
eca6714b-2de5-493b-af8c-0a345a7ebec8,1.4839590003248304,0.7731249997959821,2.2570840001208126,1
63e59a7a-faeb-4ed3-a88f-94916f7e6cd4,1.655208000101993,0.6686669998998696,2.3238750000018626,1
02d52f85-eadf-46df-b943-105d02a19d43,1.5741249999337015,0.6892500000503787,2.26337499998408,1
6e264f95-a0a6-4d3b-8e05-f96af0ff617e,1.3271249999888823,0.7400409999718249,2.0671659999607073,1
41d3e754-bdeb-4d14-97e5-950235c584ad,1.3474580000547576,0.6689169999845035,2.016375000039261,1
6ad0fa7e-f11e-4148-aebb-502c1ce3f357,1.5907080000943097,0.7485839996661525,2.339291999760462,1
62bba0cf-7cf2-4f8d-9888-22c31ed63e6a,1.5909169997030403,0.6943749999663851,2.2852919996694254,1
758ee3e1-3397-4df6-88a7-a08f3937f988,1.6043329997046385,0.6519590001516917,2.25629199985633,1
4112ca70-08ee-4d8b-9305-dbe9e168f8ef,1.5217909999591939,0.720834000276227,2.242625000235421,1
fb7b5c4b-7dd6-4f29-a1c5-4f093ed1392e,1.4626249999309948,0.669209000079718,2.1318340000107128,1
98f51564-69a1-4a28-b2f2-4b166f761584,1.5142909996939125,0.8035420000851445,2.317832999779057,1
eaa25e19-b22a-4e96-9da4-645860da0394,1.1974999997619307,0.7452909999301482,1.942790999692079,1
cd453ae8-184b-4113-8ff0-6e0013e67691,1.5045409995764203,0.6740000003446767,2.178540999921097,1
8fcbeea1-e73f-4552-85bf-d44baf969b04,1.547374999972817,0.661209000099916,2.208584000072733,1
fc1c20ff-7516-4607-b3fa-0fedf65d6073,1.2289579999560374,0.7729170001766761,2.0018750001327135,1
0d67262a-28fb-4fc4-96d3-a16a3450189f,1.5935410001475248,0.6682089997411822,2.261749999888707,1
52998c16-a584-4dfe-8fc5-14aeecefce5f,1.6373749999729625,0.701917000242247,2.3392920002152096,1
fe1d2ff5-8c32-4418-8c6b-aa5becd5beee,1.4194999998835556,0.6985420000091835,2.118041999892739,1
61696119-be94-42fb-8e91-d8c264892832,1.360166999802459,0.737041999855137,2.097208999657596,1
6ecba6b4-32f8-434a-ad62-467f16fb5734,1.6095000000859727,0.7125840002117911,2.322084000297764,1
a46a22d2-89e4-467e-ab2e-459ddeff1138,1.5592920003655308,0.6612079996557441,2.220500000021275,1
d4b29300-469e-4182-a772-e6b315adccf2,1.2361250001049484,0.6622910000260163,1.8984160001309647,1
21ba5114-8825-40cb-b976-d5ab876aa390,1.455166999676294,0.7124580001800496,2.1676249998563435,1
a0e55ca1-7779-490c-8a6b-cd5c85139cff,1.4042500001778535,0.7877079997342662,2.1919579999121197,1
14c79ac3-9243-4a62-95a2-e1d650a1c9a8,1.4902909997545066,0.7184999999481079,2.2087909997026145,1
1f172686-6ed3-4133-a5f8-a743b9c5ead2,1.6256250000878936,0.6674159999420226,2.293041000029916,1
873918f8-ce1f-4867-99ce-a3375174156a,1.5247910000653064,0.6857500002297456,2.210541000295052,1
21b44dfc-a854-4be3-bf58-1c044a181fe6,1.5771670000503946,0.7796250001774752,2.3567920002278697,1
c5a4b52a-08ee-49cc-b226-99f154e6a76f,1.4795000001868175,0.6599999996979022,2.1394999998847197,1
b0369e04-4a7f-40af-98dc-5a4082b6b256,1.4248330003283627,0.6814579996898829,2.1062910000182455,1
5e0e4283-c561-4363-8b75-9915af0efe07,1.3579579999714042,0.7332919999498699,2.091249999921274,1
2dfde6f0-fb0d-4aa4-aafa-1a9dd1349384,1.3755420000052254,0.7064579999678244,2.08199999997305,1
a5db31be-6cec-4377-ad0e-d75e356164f0,1.3653329997396213,0.7522079999944253,2.1175409997340466,1
39a57216-5da9-4675-b20b-bace68790d43,1.623541999833833,0.7407500002045708,2.364292000038404,1
a8b67fa0-c9f5-4bd0-a1a2-784c39ca834f,1.5232920000016748,0.7080419995872944,2.231333999588969,1
c948d844-7269-405a-9af4-efaf2ffdf884,1.5729169999758597,0.7248330002767034,2.297750000252563,1
863c32ac-50e6-42a9-abaa-310ce78c0a53,1.6825839998091396,0.6539999999404245,2.336583999749564,1
bfbfa1a3-4679-4b42-bfe5-3e9e2aa3741b,1.5840420001040911,0.6449170000450977,2.228959000149189,1
adf8d389-15f3-41d7-a903-89a67fed6d9a,1.508708000073966,0.6661249999524443,2.1748330000264104,1
1ba63e04-b1b7-4dac-b229-2fc1271a774a,1.4777080000385467,0.7263329998750123,2.204040999913559,1
d9d732c2-15fb-4933-b1c6-2b39a8aa58dd,1.5272079999704147,0.7170419999056321,2.244249999876047,1
e353cd1f-0c5f-4a88-88f0-e1de09455791,1.5765829998599656,0.6725830003233568,2.2491660001833225,1
bfdca448-6eda-4b5e-9579-a7c6b097cc6b,1.6365829997084802,2.920500000072934,4.557082999781414,1
af3848d9-9585-46d7-abc9-adc31291b7a2,1.3853330001438735,0.7089579999046691,2.0942910000485426,1
21cd5835-2176-498d-afb9-185d0c5d2a2b,1.551374999962718,0.7298330001503928,2.2812080001131108,1
52d4aa5f-1649-4b80-bfc1-fe0a80dd1561,1.6389170000365993,0.7233749997794803,2.3622919998160796,1
9b61bb49-4e6b-4d55-81e4-9abfbee1e6df,1.6539580001335707,0.7003750001786102,2.354333000312181,1
53812093-2eaf-46c8-b055-97f1e06c9fdc,1.4329170003293257,0.687999999627209,2.1209169999565347,1
e0095ddd-a94c-49f5-86e3-9c70c5c20c7d,1.5821249999135034,0.7292909999705444,2.311415999884048,1
275bd3f7-f895-47d1-a87c-0355f50e2ae1,1.3766669999313308,0.7294160000128613,2.106082999944192,1
4c0c6f84-a400-4b0d-ae03-eed80d40b876,1.630624999961583,0.6620419999308069,2.29266699989239,1
2b1f3804-3f55-45a1-a31b-02d2cbaa4ba1,1.5423330000885471,0.6600840001738106,2.2024170002623578,1
2daf3793-bc79-42f1-9af6-a0b4d542a4f2,1.745834000303148,0.7235409998429532,2.4693750001461012,1
1ed7abb0-e76d-4b25-9ba6-2adf2e873a26,1.5457500003321911,0.7276669998645957,2.273417000196787,1
25be0b0a-3d2a-42c2-a720-c5fe67f5a341,1.374166999994486,0.6548330002260627,2.029000000220549,1
e6480ff2-bb98-4a78-9a4c-b2c9ea51b81e,1.6133750000335567,0.6869169997116842,2.300291999745241,1
8d38f0c8-d42d-4d15-bc81-c3d13107db81,1.20158400022774,0.641375000213884,1.842959000441624,1
47403dc7-4b4a-490f-8426-155feb3215a9,1.6076249999059655,0.6563749998349522,2.2639999997409177,1
6df1a8dd-85e9-4255-b75d-0a9a918e3b0c,1.5107500003068708,0.698957999702543,2.209708000009414,1
83336f2e-fc20-4e51-aa7d-bb999b7c25d9,1.5383330000986462,0.7384169998658763,2.2767499999645224,1
dfecd960-1508-45a6-81c7-c8ee8f1f351c,1.7274580000048445,0.6977919997552817,2.4252499997601262,1
2b4b0ecc-9f5d-433c-b0e3-916c3ded4b06,1.9687079998220725,0.6874589998915326,2.656166999713605,1
25f96c3a-a5a6-462f-bcf6-3e6cee3e3945,1.5899589998298325,0.6925000002411252,2.2824590000709577,1
5f30cbfb-d9c0-49ab-9c8c-7dfb4c4eca26,1.227582999945298,0.6895830001667491,1.9171660001120472,1
bdd29ddf-350d-4081-8e52-5d13164f7240,1.570333000017854,0.7447499997397244,2.3150829997575784,1
569324a0-4e93-49da-8ee9-7ceb62905fcc,1.7357080000692804,0.679125000260683,2.4148330003299634,1
ba32a255-5aff-4062-9789-d0ee69541677,1.6919169997891004,0.7582920002278115,2.450209000016912,1
5698a664-3e44-4ec1-ab8a-f5ee54e87af1,1.597083999968163,0.6626660001529672,2.25975000012113,1
623b67f5-0f5e-4a4c-82f9-85095108e581,1.6471250000904547,0.6511669998872094,2.298291999977664,1
ffdc16a4-537d-4dff-bda3-ea95fc375368,1.4667089999420568,0.7034999998722924,2.1702089998143492,1
282660ec-3a77-4054-bcc6-643d33c7d5a4,1.3011250002818997,0.7037919999675069,2.0049170002494066,1
706e7dbf-a9c5-466c-8304-4861293b7146,1.7666670000835438,0.7221249998110579,2.4887919998946018,1
91879303-1804-483f-96c2-e35471f43685,1.8080419999932928,0.6496249998235726,2.4576669998168654,1
6348dd1b-6344-4b16-a0ae-a74cee878f65,1.4730000002600718,0.7493329999306297,2.2223330001907016,1
885c8630-e83c-467b-b4ed-a4d3796183e2,1.5043329999571142,0.7760000003145251,2.2803330002716393,1
47c9f310-1199-4e85-8b96-7fc2cf34f3e7,1.5122080003493465,0.6844579997959954,2.196666000145342,1
37368dfd-cffc-4e15-8672-15d6e0d8233e,1.649041999826295,0.6391659999280819,2.288207999754377,1
fbb382d4-0e1b-4de5-ac16-23bd32b17653,1.288375000058295,0.7159169999795267,2.0042920000378217,1
92b78890-a194-4327-9c6e-129f5a21e675,1.5564589998575684,0.6477910001194687,2.204249999977037,1
59debb85-529e-4470-a732-9cef406fe4e2,1.5724579998277477,0.6880830001136928,2.2605409999414405,1
2eccbff2-a183-4037-9ea0-a9dfb76039e0,1.86033399995722,0.7487499997296254,2.6090839996868453,1
2fd4e1de-e395-4a43-bcde-30eb67fd4f76,1.4397079999071138,0.6715839999742457,2.1112919998813595,1
ed3c7e0f-5d91-4e54-93a4-bd4f555cb737,1.5107500003068708,0.7259579997480614,2.236708000054932,1
dc52ca3d-a209-421f-af04-841678f09db2,1.5765000002829765,0.7231669997054269,2.2996669999884034,1
412416db-8d01-4772-9aad-efaf30974810,1.3779159999103285,0.6682500002170855,2.046166000127414,1
a13897bc-3cf3-48bf-b801-e88383cde7d1,1.4584999998987769,0.6854580001345312,2.143958000033308,1
44f93cb4-1894-409d-a480-408030e98f87,1.4439160004258156,0.7088749998729327,2.1527910002987483,1
dac5f86c-cd46-44c8-ac09-bcb3aa7d2f8c,1.205250000111846,0.6743750000168802,1.8796250001287262,1
197e332f-3ff0-4766-b57d-3ddb902d3e87,1.2509580001278664,0.7865830002629082,2.0375410003907746,1
ab2b0034-9658-42e9-afd3-9f5e8573db6d,1.559499999984837,0.6505410001409473,2.210041000125784,1
4ad0d7db-f3a4-48e8-b0af-b3fd474e1514,1.4354999998431595,0.6262500000957516,2.061749999938911,1
80cdbfc0-f9c5-44ae-b2e7-c8e02ec9ef58,1.507166999999754,0.7193329997789988,2.2264999997787527,1
767cfbfd-7386-427b-acf9-206dd2b47359,1.536416999897483,0.7154170002650062,2.2518340001624892,1
57b81a36-e660-4bf6-9c80-c841f62eb817,1.8150410000998818,3.889541999797075,5.704582999896957,1
15cf9c6d-d712-4230-b842-1d5f1c02aaf7,1.683041999967827,0.7237499999064312,2.406791999874258,1
7ceba1dc-9230-480d-bccc-ee88c41562ee,1.503041999967536,0.6735830002071452,2.176625000174681,1
8b467b5e-b709-4a66-a16c-bae0c3e3c4b0,1.4999159998296818,0.7408339997709845,2.2407499996006663,1
071c212f-3de0-4e26-b5e8-3b7cae01d269,1.5745419996164856,0.668042000143032,2.2425839997595176,1
a61d4f26-8ab1-46df-8829-49a0f2f2f5d3,1.3682090002475888,0.7150829997044639,2.0832919999520527,1
b714b852-5f14-4ee1-9f2e-3c9f7b063c62,1.5697919998274301,0.6780830003663141,2.247875000193744,1
d14b858f-5c35-45cc-9d3f-66e108e5ef3f,1.547500000015134,0.6620829999519628,2.209582999967097,1
6e983292-bbd0-4d9e-93f5-ab8225703579,1.3543750001190347,0.6979589998081792,2.052333999927214,1
0d212161-5494-4613-8654-7d7bccf35b09,1.4932090002730547,0.7402910000564589,2.2335000003295136,1
03d830df-af6b-43dc-bc77-8bbfde0d5d19,1.4092080000409624,0.6462080000346759,2.0554160000756383,1
26bfa9b5-cec9-4cec-9aff-44e633fa6932,1.5554579999843554,0.7973750002747693,2.3528330002591247,1
2c52dba1-29b9-48f6-b6fd-8ac96b51065b,1.576208000187762,0.6883750002089073,2.2645830003966694,1
a18784bf-76f6-474a-8dcd-c4a76b9e3f6b,1.4911250000295695,0.6610420000470185,2.152167000076588,1
d0d73cb5-b3ae-4a0d-84ab-76ed795e6265,1.2987919999432052,0.7234160002553836,2.0222080001985887,1
9568e2a6-47b5-459f-ae87-588a20a5537f,1.5208750000965665,0.7607499996993283,2.281624999795895,1
de5c2ef3-60b6-40dd-a354-19e0c49e9179,1.412083000104758,0.6412499997168197,2.0533329998215777,1
a20ac887-a055-4171-945f-b95b066d50e5,1.354958000320039,0.7125839997570438,2.0675420000770828,1
ec0aeb8f-b8e5-4785-9ab4-4f1af35e9c16,1.619291999759298,0.7119160000002012,2.331207999759499,1
997c905a-222b-4a5c-8c7d-b109c119e9cb,1.268625000193424,0.7161670000641607,1.9847920002575847,1
c3746691-f77e-4b63-828b-16a8df6b25e4,1.5401659998133255,0.7733750003353634,2.313541000148689,1
89d8a8c7-04be-4fa4-b38f-8390caf14003,1.3727909999943222,0.6338749999486026,2.006665999942925,1
46a89676-6745-4141-8b5d-18010c69a288,1.4648330002273724,0.6667080001534487,2.131541000380821,1
69b9a20e-09c1-499e-9c02-cbef34794ec5,1.5862499999457214,0.7388750000245636,2.325124999970285,1
b2bf20ec-bc14-42ef-971c-cfa50889345b,1.4140829998723348,0.7203330001175345,2.1344159999898693,1
691e1223-9324-42c9-987a-d27477f66bde,1.4359580000018468,0.6442079998123518,2.0801659998141986,1
94490b6d-b503-4767-8be8-2c7e049a047d,1.4184999999997672,0.7158339999477903,2.1343339999475575,1
dbd50469-9006-49d7-a119-7d3d0d246e05,1.3825829996676475,0.6450420000874146,2.027624999755062,1
cf2a1611-ffbc-4735-b375-4d0fe1a74186,1.5279579997695691,0.7431250000990985,2.2710829998686677,1
b6f07ffc-9d74-42bf-9cb5-6cd4e18add03,1.599000000169326,0.7075829998939298,2.306583000063256,1
076ae958-f569-4dd7-a1dc-a70e1f32167e,1.6809589997137664,0.6959580000511778,2.376916999764944,1
7779c101-4cdb-4c1f-a3a8-d803ef9e31d2,1.5593329999319394,0.7088749998729327,2.268207999804872,1
95bcbfde-31b3-45b0-8185-0d08193f7ac0,1.647667000270303,0.6922079996911634,2.3398749999614665,1
628dbf05-2299-44a6-af09-9d1964484e41,1.4785420003136096,0.6933329996172688,2.1718749999308784,1
32cd1c23-35a1-4299-a540-4df6f30c6fef,1.5248749996317201,0.7456250000359432,2.2704999996676634,1
ad0bf5d8-dc17-4d4a-ae23-156cc926bd33,1.4205829997990804,0.6789170001866296,2.09949999998571,1
3783f3d7-81d5-4a00-98e4-c9bb7a44a9df,1.4603329996134562,0.6907920001140155,2.1511249997274717,1
a863e3b3-1fc5-47c5-9be7-bad109e60597,1.4324170001600578,0.8100830000330461,2.242500000193104,1
8e2fdb14-dd73-4286-817a-ae5ddbdfe29a,1.8262920002598548,0.6635419999838632,2.489834000243718,1
93c71cc8-5a62-4eab-938a-2ea5059ef8d0,1.4240830000744609,0.6534169997394201,2.077499999813881,1
cc3b14e3-3379-4c9f-8cc1-4f4a5f5c97cc,1.5991249997568957,0.7025419999990845,2.30166699975598,1
e317a7df-c07f-4b4c-9539-8c053d59afaa,1.4381250002770685,0.7215000000542204,2.159625000331289,1
f5603bfd-a1d6-40d5-8247-298dccb20ab4,1.3887499999327702,0.6487499999821011,2.0374999999148713,1
aa6e0742-698b-45a1-afec-d82d7173f6d0,1.4188329996613902,0.743208000130835,2.162040999792225,1
0766b900-3cb8-436e-a25d-4f7b16528bc4,1.5566660003969446,0.6971669999984442,2.253833000395389,1
6915f63d-06fa-4e64-8976-6d377c3dc77f,1.598208000359591,0.6667089996881259,2.264917000047717,1
a5bdb6c3-9cd7-483e-9b42-07aa283389ca,1.5194160000646662,0.6945420000192826,2.2139580000839487,1
21fdc658-dba4-4dd0-9214-3bd3d0fca7c6,1.4072079998186382,0.6433749999814609,2.050582999800099,1
f7f76ab3-3f2c-4970-a4c5-e9014dca13eb,1.4371669999491132,0.6942919999346486,2.131458999883762,1
a575daef-c4e1-412a-be6d-1ffab3c25f2e,1.4068749997022678,0.7640829999218113,2.170957999624079,1
22df9afe-8ac8-458c-ab97-a075b7adec34,1.7328330000054848,0.6335420002869796,2.3663750002924644,1
b5bbe934-e77a-4c61-abc0-dada35445d64,1.4906249998603016,0.7334590000027674,2.224083999863069,1
02a8dde9-c0f5-4a8c-8170-5105d8478dd3,1.6654999999445863,0.7424169998557772,2.4079169998003636,1
224a589b-9e30-4e41-9734-5ff674adc439,1.4775419999750738,0.7236659998852701,2.201207999860344,1
e553300c-8fae-4612-89db-855ca15174e7,1.554708000185201,0.6803750002291054,2.2350830004143063,1
1658992c-a940-45f4-b499-78bb0a0a3b1b,1.5364999999292195,0.6173340002533223,2.153834000182542,1
b0f5a3b7-ad8b-48e9-80a7-c00f19e4e50c,1.494000000093365,0.6776670002182072,2.1716670003115723,1
60493a78-3129-4f83-923c-c73226185512,1.6919160002544231,0.7430840000779426,2.4350000003323657,1
0d3cc42f-c06e-40f5-9b0f-0d927f2df0fc,1.5875829999458801,0.6549589998030569,2.242541999748937,1
f858eb87-4635-42a2-bc49-cdd2f903cbf5,1.6052089999902819,0.7142079998629924,2.3194169998532743,1
4dc9134e-0e9b-492e-bce8-490ca9ce3400,1.671499999702064,0.7003330001680297,2.3718329998700938,1
2dc06956-7cd2-44b0-ab32-a06ff4400dd3,1.4969590001783217,0.6374579998009722,2.134416999979294,1
e7fd3d60-2b81-4e4e-b9b0-f1d65d3944b0,1.5979999998307903,0.7257920001393359,2.323791999970126,1
54499ccd-a3ec-4612-858b-e07eb1a00b3c,1.6077499999482825,0.6448330000239366,2.252582999972219,1
ef91eb12-415a-4606-8551-42c735312bce,1.5749579997645924,0.6404169998859288,2.215374999650521,1
acd60ab7-c1cb-48e9-95ba-876122215127,1.4731659998687974,0.7132089999686286,2.186374999837426,1
04705061-f707-41f7-86b8-dcfb29e0fa10,1.5753329998915433,0.6332920002023457,2.208625000093889,1
88df5204-3e12-4ceb-9f0a-4ba8d7176302,1.821708000079525,0.7324170001083985,2.5541250001879234,1
fa193dd9-7491-447f-b24f-a01c66541c97,1.7839589995674032,3.3304580001640716,5.114416999731475,1
c68d7fdb-ad2c-4a65-b3b0-2b1dcc2b5698,1.6811659997983952,0.6796669999857841,2.3608329997841793,1
bc54a4e6-b576-46cc-823b-90d4e5e74a1f,1.6737079999984417,0.7169169998633151,2.390624999861757,1
e9a9b766-69f8-4050-8a2d-7e678bf3f284,1.5809160004209843,0.7309999996323313,2.3119160000533157,1
668eaaff-d07f-439b-bef2-32686d6e3804,1.5279999997801497,0.6355840000651369,2.1635839998452866,1
78dcf5af-14a5-445f-9765-39c740389037,1.7164999999295105,0.7367090001935139,2.4532090001230245,1
0bfca3b7-2332-4d55-a182-a92fa50a01e2,1.6795419996924466,0.7280830000127025,2.407624999705149,1
ff8e8908-fb64-436f-8030-c1db58081385,1.4732089998688025,0.6970829999772832,2.1702919998460857,1
c0486078-e2be-48ea-b5b2-cda8a2821289,1.7414169997209683,0.7236660003400175,2.465083000060986,1
6ce3fce1-82da-4147-a9b6-24236934a232,1.7290410000896372,0.6577499998456915,2.3867909999353287,1
eb8aec23-297b-4ef2-ab4b-fba097187506,1.6037499999583815,0.7064169999466685,2.31016699990505,1
9c6984dc-d044-4dfa-b65d-caa74ba74439,1.670041000124911,0.7510000000365835,2.4210410001614946,1
da22c8f5-d63f-405d-89c9-44cd1ee9b0cc,1.7628750001676963,0.6723329997839755,2.435207999951672,1
38c5cb52-9379-40d5-90a3-f005bbef2ae1,1.8049159998554387,0.7353750002039305,2.5402910000593693,1
928831bd-6c77-4a4e-98c7-ce724ca4acb7,1.919374999943102,0.7427499999721476,2.6621249999152496,1
4014854a-25ce-4269-9aab-c6721325d843,1.7222500000571017,0.658499999644846,2.3807499997019477,1
4859c9f4-9a6e-4d4e-b390-f793f6a52be0,1.7712080002638686,0.7629589999851305,2.534167000248999,1
d4e2be99-b65f-4eb0-af66-69a3f41ecc5b,1.9174170001861057,0.6741249999322463,2.591542000118352,1
6b357447-d552-46d5-aa23-137b0aa8896c,1.7368329999953858,0.6532499996865226,2.3900829996819084,1
90eee969-38a4-435e-945d-8cdd4bd2d98d,1.7562500001986336,0.6637920000684971,2.420042000267131,1
98ac224d-aa7a-46d5-a885-8873de1c0b99,1.2745829999403213,0.7184169999163714,1.9929999998566927,1
aaea2910-2f9e-4dd2-82f3-c27a725cf8cc,1.8699590000323951,0.6549579998136323,2.5249169998460275,1
4d2484be-c3a1-43c3-a1bd-d1d109cac1c2,1.7609579999771086,0.6537499998557905,2.414707999832899,1
8f7e272a-24a8-4be1-b7ca-599784c21646,1.7288330000155838,0.6777499997951963,2.40658299981078,1
b3b974ce-bd39-409b-b7dd-16f961961a9a,1.7505840000922035,0.7192080001914292,2.4697920002836327,1
66b78b18-205c-4b81-8940-3b34cacbaa30,1.7121669998232392,0.7073329998092959,2.419499999632535,1
48c6b87f-2b7d-4697-90ef-3040f89a4943,2.0110420000492013,0.7119160000002012,2.7229580000494025,1
3335f63e-7616-4b3f-800b-cfaebe05759c,2.4805000002743327,0.6521249997604173,3.13262500003475,1
cdd37fe8-d96f-4c2d-93bc-91258155047f,2.0408330001373542,0.6447499999922002,2.6855830001295544,1
c0a74085-6057-44b9-b156-84afe6c78f32,1.7817910002122517,0.7077499999468273,2.489541000159079,1
69087699-d5e4-4725-9be3-54a518455628,1.675624999734282,0.7193750002443267,2.3949999999786087,1
79548db5-3814-4003-93d0-61e8a59e1ddd,1.8827920002877363,0.7040829996185494,2.5868749999062857,1
623f004e-da09-4264-84b4-6bcab755fd81,1.7816250001487788,0.7409579998238769,2.5225829999726557,1
72769e75-688a-4247-85a7-8414321dad1c,1.798666000013327,0.698959000146715,2.497625000160042,1
c4202df8-3578-4d0c-be2e-27a14961d4a7,1.6120000000228174,0.6605829998989066,2.272582999921724,1
a936dbf3-420d-41ae-beb1-430932723441,1.812875000268832,0.7967080000526039,2.609583000321436,1
64c684b5-ac9f-4276-8009-60bde87eadca,2.0077499998478743,0.7030000001577719,2.710750000005646,1
88b6d85b-0abf-4936-bded-a7dba99b218f,1.814499999909458,0.6580000003850728,2.4725000002945308,1
d3361046-44e5-4ee5-a733-316b59b6c190,1.7104580001614522,0.6658339998466545,2.3762920000081067,1
ddbb2604-06ef-4bc8-943b-98c8f14dc88e,1.8425420003040927,0.6970419999561273,2.53958400026022,1
354636fe-b3ee-49d0-a2a6-24ce743bc4ff,1.8172089999097807,0.7197079999059497,2.5369169998157304,1
d43c2b62-1a74-44d6-be4c-317d3a881ac3,1.8547499998931016,0.6684160002805584,2.52316600017366,1
04ec5dd0-2d78-4c86-9677-6db5d0005c62,1.8119170003956242,0.6674579999526031,2.4793750003482273,1
b490fbac-2563-4d86-944f-2680ad037607,1.7751250002220331,0.6997499999670254,2.4748750001890585,1
2a776181-ee03-45f9-8b97-40d40d158c51,1.7670409997663228,0.6993340002736659,2.4663750000399887,1
03d1c1a2-73d6-4559-aace-5b50ed1855bc,1.8269170000166923,0.7336250000662403,2.5605420000829326,1
433ab833-46a6-48e2-841c-710b67f77526,1.9305000000713335,2.427790999718127,4.35829099978946,1
3700d12b-1b85-4478-9d29-f6e41d0de453,1.333249999788677,0.6400410002243007,1.9732910000129777,1
de7addcd-5194-4410-ad30-0a8bddc0b874,1.5294170002562169,0.7681659999434487,2.2975830001996655,1
e6637d45-d2be-46c2-9f4f-2e69e49222b1,1.9603749997259001,0.74716700009958,2.70754199982548,1
bae783fc-4eda-4be8-9740-02e04d673c41,1.8992499999512802,0.7078329999785637,2.607082999929844,1
d6ee45de-3306-46d8-9584-01af9f63c349,1.6092920000119193,0.6632499998886487,2.272541999900568,1
c9fb9970-8072-43d6-93e7-d1a5cac9f40e,1.7814170000747254,0.6773330001124123,2.4587500001871376,1
1c9f8a0d-21cb-4a58-9847-765206bd94ba,1.6998749997583218,0.7337910001297132,2.433665999888035,1
9935fbea-7511-472c-b5b7-d39a798b8265,1.8757500001811422,0.6645419998676516,2.540292000048794,1
0806eacf-426b-402f-be4b-ddc56c8ccde0,1.8340420001550228,0.7447499997397244,2.5787919998947473,1
3e6469bd-8dd6-4a62-aedc-1846105b3b67,1.7932499999915308,0.7225409999591648,2.5157909999506956,1
1130f33a-b3d5-47c8-8a8a-bf7374d3cabf,1.7550409997966199,0.7446670001627353,2.499707999959355,1
333c88a8-96a1-4cdb-8a95-fd5637629b1e,1.9480420000945742,0.683917000060319,2.631959000154893,1
f8c86dca-9a63-4e13-860f-4c2c29cf3181,2.5680419998934667,0.6743330000062997,3.2423749998997664,1
99f268b9-e5eb-462c-9d12-37d10dfed7a5,2.2160000003168534,0.7784999997966224,2.994500000113476,1
704d1d31-fb5d-4e30-8e86-e97ceb5416ea,1.776292000158719,0.6466659997386159,2.422957999897335,1
4dbd65a7-d336-4b9f-beac-9052db4f8e51,1.7872080002234725,0.7416249995912949,2.5288329998147674,1
a56459af-d79a-4bd1-a175-14f4afa3f96c,1.9402079997234978,0.72462500020265,2.6648329999261477,1
2c0e7e77-9dd3-4a48-8f32-acb1adb51f37,1.3846669999111327,0.641832999917824,2.026499999828957,1
5792a360-fb78-4a2c-8579-31d5e8188c97,1.6998749997583218,0.7252499999594875,2.4251249997178093,1
3af34862-5345-4295-8a32-12b7dc698158,1.8847090000235767,0.728166000044439,2.6128750000680157,1
320e7ade-c8b9-4d74-82bc-958364df69d2,2.0201669999551086,0.6907080000928545,2.710875000047963,1
eec7cc2e-9b92-4bf1-bac5-0ad7d4cd28d8,1.8069580000883434,0.7223749998956919,2.5293329999840353,1
382ad7b5-8729-48e8-8899-086a6e010317,2.0555419996526325,0.6660000003648747,2.7215420000175072,1
7d39226f-7ab5-4ff3-95fe-9b17ea993956,1.7263749996345723,0.7200420000117447,2.446416999646317,1
bcd909ce-e133-487f-991b-e0a2300a2c1e,1.642124999762018,0.7486670001526363,2.3907919999146543,1
3fd879b3-2c5e-4ce8-bad8-eea6fcdf8efd,1.6765000000305008,0.6470419998549914,2.3235419998854923,1
0a902681-6473-4207-979a-7bb5500bd1cf,1.6301669998028956,0.7493329999306297,2.3794999997335253,1
531bb212-dfb1-4af5-933a-eb7ff12f2c92,1.5761670001666062,0.6484169998657308,2.224584000032337,1
aab9e396-e5ad-4c8c-8939-c072419b656d,1.5210829997158726,0.7523340000261669,2.2734169997420395,1
5ef74b73-88fd-4abc-93e9-947b7c8a50fa,1.7231249998985732,0.7084999997459818,2.431624999644555,1
8c5d24b6-414b-4563-8535-39d63b386847,2.0997080000597634,0.6449170000450977,2.744625000104861,1
769a4fb8-3c15-4502-bd60-814f2cf859da,1.6390000000683358,0.706458999957249,2.345459000025585,1
12fc5b12-3599-41a6-8077-97e3a13945ab,1.7363749998366984,0.787541000136116,2.5239159999728145,1
156d59b0-f288-435a-af71-5838107ba50c,1.854707999882521,0.7089579999046691,2.5636659997871902,1
a05c45f7-6cbf-4f7f-ac6d-da684d930a05,1.7840000000433065,0.6535000002259039,2.4375000002692104,1
f3ec319d-c1a0-499a-afec-1a1495638555,1.6052080000008573,0.6622920000154409,2.267500000016298,1
f8e50d3a-223f-4667-a2ea-50c8722e738f,1.7094160002670833,0.7070839997140865,2.41649999998117,1
b3c12d91-85a9-45af-afb5-cd3ed2597707,1.5832079998290283,0.7057090001580946,2.288916999987123,1
0cae58eb-70e1-4dea-ba2b-9bc28f9e0ee9,2.1707920000153536,0.6560000001627486,2.826792000178102,1
080b2ea5-9c7d-47aa-a96b-820ef3345726,1.6410419998464931,0.6586250001419103,2.2996669999884034,1
38b6db4d-4a97-4d20-9c26-fcc8a5abef12,1.5572500001326262,0.6737079997947149,2.230957999927341,1
1442e12d-03c1-4c59-826c-741868c52711,1.6066250000221771,0.7195419998424768,2.326166999864654,1
5b43443a-f3f4-4296-bf8c-6bc9c1375685,1.6596249997746781,0.7481669999833684,2.4077919997580466,1
0c7de16a-a720-4b2d-8e51-a8259f7c9379,1.9350000002305023,0.6377079998856061,2.5727080001161085,1
fd7fa928-62b5-43b5-abe5-dbd5c3494151,1.6210839999075688,0.6668750002063462,2.287959000113915,1
bc0ce52d-f2ab-43e4-af05-9a4ec9d3db3b,1.8307499999536958,0.7325420001507155,2.5632920001044113,1
dd1d2e7b-786c-41ab-a71f-49198ed57a7d,1.8612920002851752,0.6657909998466494,2.5270830001318245,1
096225e4-cf3d-492e-ae94-41ba07845a5e,1.8720419998317084,0.6920000000718574,2.5640419999035657,1
55b7ad1c-19cc-440a-895f-755a17380df1,1.7536669997753052,0.7232080001813301,2.4768749999566353,1
aa8aeef3-8c82-40a7-8618-47129ce32041,1.599500000338594,0.6229589998838492,2.222459000222443,1
ad365f25-b58a-4b0b-b0b8-04d700cac783,1.6283330000987917,0.7618749996254337,2.3902079997242254,1
9f33f751-91b2-4b55-9521-054fbb9d6123,1.7552919998706784,0.6760830001439899,2.4313750000146683,1
3ded894b-8c84-4600-87b6-82b641a1e496,1.4787499999329157,0.6557080000675342,2.13445800000045,1
8ed2d3c4-54c8-4ad9-be70-d39f4b395ff6,1.5664579996155226,4.403459000059229,5.969916999674751,1
9693cd26-a28b-4129-9bf7-d068b4b8aa80,1.460042000417161,0.6956659999559633,2.1557080003731244,1
bc22c1e7-12df-4f54-961a-0b7744b004bc,1.5942909999466792,0.6615839997721196,2.255874999718799,1
48772957-7139-44ff-a3b6-fada160b0f98,1.4391250001608569,0.713333000021521,2.152458000182378,1
d3528eae-0603-467d-abf3-84514ee8aec6,1.7491250000603031,0.7430000000567816,2.4921250001170847,1
097746ca-a085-40ef-8486-4f5b3bf36919,1.687415999640507,0.6578750003427558,2.3452909999832627,1
2c67adf7-9a48-4ea8-90db-b01fa37f9fcf,1.7142910000984557,0.7161250000535802,2.430416000152036,1
ef78d393-0200-47ea-b44c-c426fbe94bc9,1.644875000238244,0.6586249996871629,2.303499999925407,1
95577603-676a-443e-b63c-cddd40a70201,1.662957999997161,0.6435840000449389,2.3065420000421,1
34786b4b-c702-4f09-bfdb-4b6c12359b4b,1.709749999918131,0.7637080002496077,2.4734580001677386,1
7c4f1742-960f-481b-899e-d26553980bba,1.8059160001939745,0.6422090000341996,2.448125000228174,1
76595519-3b5f-4e4c-bbb3-09a9eebd44e5,1.5040419998513244,0.6584160000784323,2.1624579999297566,1
673f43f9-81cc-45e7-9828-b9cba0bac672,1.2939580001329887,0.7243749996632687,2.0183329997962574,1
d1dd487f-fc45-441e-9182-12e0e33eb449,1.5207500000542495,0.6865840000500611,2.2073340001043107,1
5b3717e2-998f-4d7e-b3fb-54f9ffb25e40,1.4365829997586843,0.6535830002576404,2.0901660000163247,1
a31a574b-b9f8-4c27-aac2-b4defc0567f4,1.581375000114349,0.725958999737486,2.307333999851835,1
9296f3ff-c0b1-4496-af26-5a3c23155856,1.5339169999606383,0.6891250000080618,2.2230419999687,1
20e444f7-2f7e-4509-97b3-1893491a0f53,1.6330419998666912,0.7169999998950516,2.3500419997617428,1
fb52743d-bb5d-43ac-be4a-4bff7337f412,1.7342910000479606,0.7084590001795732,2.4427500002275337,1
5ef08d7a-3e18-4683-ae85-6680c2d47d2c,1.704667000012705,0.6484999998974672,2.3531669999101723,1
7b8ee64f-8fec-4b39-86a7-20938dbc38b0,1.6898330000003625,0.7029170001260354,2.392750000126398,1
416c9d06-0e8d-49d2-aa18-04deef284eea,1.7263340000681637,0.7799580002938455,2.5062920003620093,1
d02bf34d-abfd-4bca-bd96-bc77534f2d3c,1.7824170004132611,0.6512919999295264,2.4337090003427875,1
086a8efa-f0c0-45da-b062-3b1481d70b81,1.8319589999009622,0.6658330003119772,2.4977920002129395,1
9c080f39-ce9c-4d51-a909-fa9cdac63c74,1.8444999996063416,0.6875420003780164,2.532041999984358,1
2e5d53cb-e7e4-4469-aa02-0ef79a3a7213,1.6014580000955903,0.6378339999173477,2.239292000012938,1
a2243cdc-b035-4059-9075-e19e69bed4cf,1.7501659999652475,0.7692499998483981,2.5194159998136456,1
88740633-a3d5-4bb4-9dca-84ed1c24d953,1.578417000018817,0.7252909999806434,2.3037079999994603,1
aa2d9385-2a0c-4846-8254-ebbeeca51cec,1.7290830001002178,0.7051669999782462,2.434250000078464,1
a007775a-5410-4860-a900-171477ac8369,1.4214580000952992,0.6966669998291763,2.1181249999244756,1
0c5b7c3d-a721-4bde-8338-f321b8e73bb7,1.735415999974066,0.7564170000478043,2.4918330000218702,1
29532a7f-5178-49bf-9a1a-3e56cc6ed034,1.8849579996640387,0.6718750000800355,2.556832999744074,1
6712822a-0077-47df-b0ec-910dac420860,1.528958000108105,0.6682500002170855,2.1972080003251904,1
356268f9-8771-49ce-a000-a49b0b3539cd,1.7129590000877215,0.7214580000436399,2.4344170001313614,1
88f89e7a-3c5c-4303-b963-e5fa2b6b430e,1.7589590001989563,0.7728750001660956,2.531834000365052,1
2ddab245-f006-48af-9f98-15ab33e5efe5,1.7210419996445125,0.6924170002093888,2.4134589998539013,1
857e00b9-ef16-4384-a1f9-5a3ed5a931a9,1.5932910000628908,0.6722499997522391,2.26554099981513,1
34589666-f002-4e10-a8ed-3e2f26d91ce4,1.9397920000301383,0.7213750000119035,2.6611670000420418,1
b998041f-151b-4196-b3d9-8f70f3e02fde,1.8249580002702714,0.7554589997198491,2.5804169999901205,1
71ec41d7-2bfe-4961-a145-c93e240ffa52,1.5270419999069418,0.7065830000101414,2.233624999917083,1
e79507e1-5389-4f2b-b90f-8fc7cfb69288,1.7229579998456757,0.6929170003786567,2.4158750002243323,1
a29adb48-5fb9-43fe-87d9-e28d7bb5f41d,1.7139159999715048,0.7625420003023464,2.476458000273851,1
a12f2fcf-5928-45fd-8b45-b1e6e989ccdf,1.3946250001026783,0.7676250002077722,2.1622500003104506,1
9c328466-5ef0-43ce-ae38-52bf29879041,1.7618749998291605,0.6597920000785962,2.4216669999077567,1
efaea8f8-6d96-493d-8c8a-f45e5a4fa7ac,1.6824999997879786,0.6794999999328866,2.361999999720865,1
76634104-bb0d-4797-b842-ddb2a48e4930,1.4760840003873454,0.646540999696299,2.1226250000836444,1
7074023c-5325-4143-91cc-56664f3a82e7,1.570041999912064,0.6462080000346759,2.21624999994674,1
3f48a999-3a8a-4d75-a344-e2ca560b6f8c,1.8052499999612337,0.7438339998770971,2.549083999838331,1
34e6d145-306a-48f7-9fcc-37ae579bfdc5,1.8909999998868443,0.774666999859619,2.6656669997464633,1
c5665915-79d9-4e56-961d-eb1e0bcd843c,2.3187080000752758,0.8391669998673024,3.157874999942578,1
7c1d8bd2-26df-4937-bfe0-ea04b2f7a3d4,1.9498750002640008,0.7374169999820879,2.6872920002460887,1
2f009867-4911-4573-a2df-44cb9ff1cfb4,1.4555000002474117,3.9004579998618283,5.35595800010924,1
dd52a1a5-e516-461d-a82b-7444a5f915fa,1.4815829999861307,0.6986670000515005,2.1802500000376313,1
9b96c96a-9bf3-425d-9737-2214ea59ad82,1.656959000229108,0.6892909996167873,2.346249999845895,1
d1bf6ec3-ca86-400c-96fa-af2eec5fef0e,1.704917000097339,0.7393329997285036,2.4442499998258427,1
051a84f4-aada-4218-b38c-19420cb5df15,1.578207999955339,0.7506669999202131,2.328874999875552,1
8ba277de-1efe-458e-bcce-7d0924a91bc5,1.7998340003941848,0.6398749997060804,2.4397090001002653,1
ec2cf1d5-c0aa-4dcf-9153-fe8012c3f41f,1.7896250001285807,0.7004170001891907,2.4900420003177715,1
4cc24622-8397-4bad-8f6f-35e1f614e6b9,1.649416999953246,0.6764169997950376,2.3258339997482835,1
4a12fcd1-4949-43b7-87f4-1499ef9ea55b,1.6472499996780243,0.6624580000789138,2.309707999756938,1
c311d3b7-eed6-4a39-9fa3-6c43162b05c1,1.6777079999883426,0.732250000055501,2.4099580000438436,1
f68b4ff4-3fa7-438d-8f1b-51d40c97542c,2.2731660001227283,0.7064169999466685,2.979583000069397,1
010dd975-586d-47bc-b7d3-aa81d6c93c5e,1.5093339998202282,0.7274999998116982,2.2368339996319264,1
d73489b0-ca14-438f-989e-5bbcb4f146fd,1.5373329997601104,0.7360829999925045,2.273415999752615,1
74065bc5-5a63-4dcd-af33-0794bf0e1908,1.5558750001218868,0.7120830000530987,2.2679580001749855,1
1ec6a95f-1045-4884-b281-81cc5cbb9c52,2.00716699964687,0.6954580003366573,2.7026249999835272,1
a93d206d-4834-400a-acef-486387333350,1.5017919999991136,0.638208000054874,2.1400000000539876,1
d04367a8-bee2-4b37-b115-50108423e2fa,1.5989579997039982,0.6889169999340083,2.2878749996380066,1
fb7349d6-6a97-4a01-bbba-3859c829e15c,1.6743749997658597,0.7469590000255266,2.4213339997913863,1
5095cd5a-0176-4158-8087-8a2d7ab5cb07,1.7569579999872076,0.672749999921507,2.4297079999087146,1
68f1c707-f00d-4710-a7c7-45779a9ac783,1.5377499998976418,0.6928329999027483,2.23058299980039,1
bc50e3cb-4bcf-42c3-ae3a-e846215c920b,1.9006659999831754,0.7436670002789469,2.6443330002621224,1
7219e3d6-08a4-4352-ba25-4ccecf600e28,1.8775829998958216,0.7299170001715538,2.6075000000673754,1
681da548-c461-4432-9139-43c44eff8c1d,1.7094169998017605,0.7579580001220165,2.467374999923777,1
c35c557e-eeec-4ab7-91ce-5fdf20f911ad,2.0284580000407004,0.6409590000657772,2.6694170001064776,1
3478d9f3-5af4-4522-b5fb-96d16f1742e6,2.0065829999111884,0.72779200036166,2.7343750002728484,1
9d9254ae-ad51-4249-96a0-620d8a309c32,1.3412910002443823,0.7045839997772418,2.045875000021624,1
c8070d4c-9dc5-4a6f-93b5-e31d66b0d264,1.513292000254296,0.6465829997068795,2.1598749999611755,1
974a3fdf-f825-4837-8241-f893e7cf9273,1.807791999908659,0.7048330003271985,2.5126250002358574,1
4f09b379-71ca-48a4-91db-269902c90c0d,1.5976670001691673,0.6697499998153944,2.2674169999845617,1
f1e7bfe0-2317-4ed1-9d00-533cdffd09c1,1.660666999669047,0.6740410003658326,2.3347080000348797,1
2c0f782c-b7ee-4eef-96a5-348ddee2c16b,1.6371669998989091,0.7854170003156469,2.422584000214556,1
8dd0aa2b-4945-48a3-a254-194b712ed68c,1.6862089996720897,0.6820410003456345,2.3682500000177242,1
18e0cd12-2797-4bca-beb0-911f3349c503,1.5294579998226254,0.6578749998880085,2.187332999710634,1
9e081b93-d1e8-497a-89b5-84a2c45c352a,1.4459160001933924,0.7523340000261669,2.1982500002195593,1
87558474-5f78-4506-9cc7-2a3c30a032d3,1.630124999792315,0.6654590001744509,2.295583999966766,1
cb6316d6-3f79-4546-bf39-34322437383c,1.671499999702064,0.6603750002796005,2.3318749999816646,1
0d786377-052b-42b4-ac85-6422fefcbffa,1.4507079999930284,0.7947920003061881,2.2455000002992165,1
6c93dad8-e201-44ac-aede-5a14d146e03c,1.815166999676876,0.7621660001859709,2.577332999862847,1
150ef820-327b-48d2-a15f-dda6ff9c45b3,1.7635839999456948,0.6657910003013967,2.4293750002470915,1
bfb3b78d-8adb-45c6-b08a-a94723e703a8,1.785666999694513,0.6664160000582342,2.452082999752747,1
8275535e-6315-4ad1-aba4-1d73949480f9,1.5026670002953324,0.7470419996025157,2.249708999897848,1
2e2ec1a0-eb72-4d25-ac85-ab06e5ba1cf9,1.6003340001589095,0.7220829998004774,2.322416999959387,1
fffee0dd-7054-4d40-b8d2-a76bb11771d1,1.4890830002514122,0.6729169999744045,2.1620000002258166,1
e6fc6a2e-1c75-420f-bab3-e4ece68cf21e,1.540792000014335,0.6908749996910046,2.2316669997053395,1
a1415c6b-5a77-48ec-9286-67bbaa66d9ec,1.5998750000107975,0.7074579998516128,2.3073329998624104,1
65ded843-319d-443e-b552-7ed2789e3ce9,1.6283750001093722,0.7067920000736194,2.3351670001829916,1
e2162c85-8f41-4003-a88d-2cad93482ece,1.625833000161947,0.7928340000944445,2.4186670002563915,1
8e6e3165-1034-4f45-a6f7-c834625ea1f3,2.5706669998726284,0.7315409998227551,3.3022079996953835,1
9fd92f12-e6e6-40a4-8776-6f2080983c50,2.4079579998215195,0.7139590002225304,3.12191700004405,1
86d9a22e-62d0-438a-9dc6-55d0245ab661,1.6413330004070303,0.7026669995866541,2.3439999999936845,1
a8163cb5-d3e0-4def-91a3-c74fb66f1adf,1.8050829999083362,0.7277079998857516,2.532790999794088,1
669a7a29-f982-4390-b298-57ef285378f1,1.9574170000851154,0.7023329999356065,2.659750000020722,1
2aa98751-5d9b-4965-9c22-22455fa984bc,1.7747500000950822,0.710583999989467,2.485334000084549,1
5be351ec-90f7-4a2d-af81-01f136a227ca,1.7185829997288238,0.706499999978405,2.4250829997072287,1
daad5dac-6670-4b24-9644-717ba2e408e1,1.8207080001957365,0.7168339998315787,2.5375420000273152,1
5dd2844b-cd92-49b4-9830-18b8633967f1,1.8890840001404285,0.6785410000702541,2.5676250002106826,1
47583ac6-86dc-4515-a98a-f75b5c0d62e5,1.7721660001370765,0.6489170000349986,2.421083000172075,1
e04aa5f9-7f05-45a9-8833-2ff68598468f,1.7933750000338478,0.691207999807375,2.4845829998412228,1
b487e86b-684e-4735-bb13-baf0a98e1f47,1.7983339998863812,0.7964159999573894,2.5947499998437706,1
08e462d8-eaca-49fa-b15c-bf593256e42a,1.9319580001138092,0.6402089998118754,2.5721669999256846,1
09f6d4d6-b6cc-4bfb-9bd0-b104af9c3188,1.7672499998298008,0.6811670000388403,2.448416999868641,1
bbc4b712-a1c4-4c7a-89e4-830565313595,1.9006669999726,0.7199579999905836,2.6206249999631837,1
b42b2f18-56e4-4b9f-a378-ddc138085d8c,1.3737499998569547,0.7467919999726291,2.120541999829584,1
dfba5a19-7dd2-4994-a367-e6855b284a09,1.836791999721754,0.653832999887527,2.490624999609281,1
028ce60d-f2f3-4741-8419-d91f94a4b919,1.7932499999915308,0.6949580001673894,2.48820800015892,1
d09cf688-3533-4626-bad4-cfea7a42c141,1.7078339997169678,0.7460830001946306,2.4539169999115984,1
f34ce1e0-355f-4e8a-b11c-d80452129914,1.6712500000721775,3.894916999797715,5.566166999869893,1
6e6bfaf4-a9b8-48ea-b210-2342467dd2dd,1.791791999949055,0.6792079998376721,2.470999999786727,1
20a90b63-308c-4a8a-9b04-b5f488c2f2c5,2.1270000002004963,0.687457999902108,2.8144580001026043,1
9b85c002-b21b-478d-a2dd-b7350ad6147a,1.7602079997232067,0.6735420001859893,2.433749999909196,1
5165babf-6a9b-47dd-b326-3d8ca6e8738b,1.4906670003256295,0.7329999998546555,2.223667000180285,1
43df8836-3431-49a6-9a92-867828f7c4b4,1.8471250000402506,0.6854170001133753,2.532542000153626,1
e0e0bb9f-834c-4ef2-994e-a35283935ba3,1.8678329997783294,0.6777500002499437,2.545583000028273,1
64d6c7c6-4c5c-436e-a2e6-299797c74ce6,1.7530830000396236,0.7624999998370185,2.515582999876642,1
2031a782-89ba-49ab-906d-667284c8ad06,1.6181249998226122,0.6494999997812556,2.2676249996038678,1
349c06a2-aa14-4eae-985b-4961e037fd90,1.745291000133875,0.7713340000918834,2.5166250002257584,1
54f650f2-15b6-44e8-93d8-e350012d3ac5,2.096958000038285,0.7711670000389859,2.8681250000772707,1
edd93ff7-d2b2-490c-9202-613010c389cb,2.0070830000804563,0.6897500002196466,2.696833000300103,1
f3ce8ea8-787b-4cba-b3c2-4c0456a2202d,1.8005410001933342,0.7425419998980942,2.5430830000914284,1
0f8dccf6-02b4-4c4a-bb40-3056353689b7,1.6161660000761913,0.9732500002428424,2.5894160003190336,1
348bc21a-8829-4ee8-ba43-3ad3afafc9de,2.1225000000413274,0.8975409996310191,3.0200409996723465,1
ffe0b856-bb52-40be-ae64-536b2b59c07d,2.3751660000925767,0.7665839998480806,3.1417499999406573,1
bfec21c3-e016-490d-8129-a488cf9712db,1.8908750002992747,0.732459000118979,2.6233340004182537,1
f63c62a9-06e6-4d68-8f7d-1e5d30deb12c,2.123499999925116,0.7350000000769796,2.8585000000020955,1
652fd908-c34a-4d10-a7dd-83074cd5642c,2.072833000056562,0.8169169996108394,2.8897499996674014,1
9ac5bb64-c756-4606-a511-04b9242fe77a,2.1132919996489363,0.9487500001341687,3.062041999783105,1
c8223704-f81f-4e04-9495-d0cc4ab866dc,2.703166000173951,0.8244169998761208,3.527583000050072,1
a319e65c-1ce3-4de8-b914-58186ffddf1e,1.619541999843932,1.2890830003016163,2.9086250001455483,1
cab9b0e3-7e00-485c-9df3-0ea3e5a2038d,2.2915419999662845,0.7504159998461546,3.041957999812439,1
7a555663-dfc3-43bd-ad46-061a6c1a47b3,2.1750420000898885,0.7884159999775875,2.963458000067476,1
b63ec166-c75a-46b8-80bf-4bdf53158ecc,2.0974579997528053,1.0413330001028953,3.1387909998557006,1
4cc759e3-19f4-48fd-9a31-2326249cc862,1.7662499999460124,0.7940420000522863,2.5602919999982987,1
3ac5518b-405a-4961-bdc0-6f9088be2d19,2.4705840000933676,0.7305829999495472,3.201167000042915,1
7c7a74cf-9d91-4b5a-8107-73fac6b7c002,2.3903340002107143,0.7673750001231383,3.1577090003338526,1
4ef80cc2-3cde-47ac-ba3b-5c3b6956a0d0,2.1461659998749383,0.6589170002371247,2.805083000112063,1
bd37903c-c502-479e-a1ab-3a7a7b28f80a,1.954166999894369,1.2996250002288434,3.2537920001232123,1
78a2342b-8908-4442-8bce-738a2dc163e5,2.650874999744701,0.9574160003467114,3.6082910000914126,1
1b6cb6a2-98dc-4ede-a7c7-2b2479cda887,2.111959000103525,0.8327079999617126,2.9446670000652375,1
e63ec3f5-ed8a-44a9-baf9-daf661c6cf29,2.236375000393309,0.8547909997105307,3.09116600010384,1
e8f60424-8302-4b95-b54b-1b1ee81e84c6,2.266583000164246,0.7529999998041603,3.0195829999684065,1
bb19e376-1d07-4cff-8d80-d5ebac169d9b,2.078583000184153,0.8889579999049602,2.9675410000891134,1
dad65918-3c92-4773-ae72-e122516d9f18,2.4459579999529524,0.9759589997884177,3.42191699974137,1
2564be29-8e14-4288-b367-5bb869fb282c,1.6327080002156436,0.8519169996361597,2.4846249998518033,1
14ca0c96-53c0-44e3-91ab-92eff3fbe3d4,2.153042000372807,0.7696669999859296,2.9227090003587364,1
4aef1c09-48f5-4b72-806b-47d7a546a3f9,2.438625000195316,0.7641249999323918,3.2027500001277076,1
91157973-2aed-4d59-a278-7737711ac043,2.3036669999783044,0.7945829997879628,3.098249999766267,1
953896aa-e33a-44a7-ba14-2beeb1376759,1.8214589999843156,0.8356250000360887,2.6570840000204043,1
4a3ceef3-8f10-4279-ae62-e0dd2d741819,2.808582999932696,0.9113330002037401,3.719916000136436,1
4192243e-c01f-4031-8939-c67f6d9fb951,2.253042000120331,3.8700830000379938,6.123125000158325,1
9e7abdae-31a2-4f95-a9f9-30539d6de1a0,2.096041000186233,0.7890419997238496,2.8850829999100824,1
d8d41724-1919-4a7d-acb8-71899eb16986,1.8493749998924613,0.905291999970359,2.7546669998628204,1
37d7a7c8-09dd-4364-9700-e41419f136fb,2.2995829999672424,0.9147499999926367,3.214332999959879,1
809b77e0-122d-4893-9381-e10a00457a02,1.5161670003180916,0.7837079997443652,2.299875000062457,1
bd8ce231-345c-422d-bb38-de7a828f2f15,2.1882080000068527,0.8380840004065249,3.0262920004133775,1
aee36e9a-7499-4a82-ae2c-61dd4f7360c0,2.1542089998547453,0.7941660001051787,2.948374999959924,1
c519ae6f-c185-48bf-ae9c-a6989d3b39f0,2.241583999875729,0.7334160000027623,2.9749999998784915,1
40585ec5-84a3-445d-9f90-08d334b50f03,1.798290999886376,0.9827500002757006,2.7810410001620767,1
a85fa0dc-32d4-46a3-a28e-f1516ec024e4,2.7173749999747088,0.8523340002284385,3.5697090002031473,1
a749009d-56bc-4353-aa9a-dce27bc7f413,2.5652499998614076,0.7272080001712311,3.2924580000326387,1
28508722-70d2-4cc1-9b5a-ac65053bd0d0,2.45433400004913,0.8160410002346907,3.2703750002838206,1
10885aa4-f751-4488-bb6c-e5638df373c2,1.810499999919557,0.7387499999822467,2.5492499999018037,1
0a0035d0-ed41-4c46-9480-767066cf9682,1.6469580000375572,0.884208999650582,2.531166999688139,1
ac7dd3d3-5515-42fc-81b7-0450e635a7b9,1.9888750002792221,7.011666999915178,9.0005420001944,1
e9042443-47fd-4c16-a6f8-99415ac88a88,5.993290999867895,3.6737089999405725,9.666999999808468,1
22e6bf18-54dd-48ae-9727-b80ce3aba30c,5.6235419997392455,1.727374999973108,7.350916999712354,1
4d2291a2-f2e7-439e-9bbf-0ee0ae208895,5.13304199967024,1.5065000002323359,6.639541999902576,1
c65c116a-1bfd-4ac2-9cac-98ad4473959a,2.358374999857915,1.1773750002248562,3.5357500000827713,1
5b194550-e594-4596-8991-04e8ed38ee9f,2.205250000315573,0.833707999845501,3.038958000161074,1
042f2f6e-3298-48eb-aea2-803983fbc899,2.0488750001277367,0.7608749997416453,2.809749999869382,1
5e1686c0-e30d-4e35-8dac-06ebe238ee4b,2.2335839998959273,0.7682909999857657,3.001874999881693,1
6f33442d-8eb1-4365-8d37-58c720fd6a0d,1.9149579998156696,0.7632500000909204,2.67820799990659,1
f52914f9-b8cb-46e6-ad9c-8ac6e5f7500f,2.46941599971251,0.8188340002561745,3.2882499999686843,1
18999eaa-e655-447f-b8e4-103ff103acab,2.076833000046463,0.8898750002117595,2.9667080002582225,1
be5c7cb3-4ef6-4a8a-8c69-e742cc7c0494,1.863374999629741,0.9086670002034225,2.7720419998331636,1
6385cbe6-edb2-451e-823a-524cb250606f,1.847292000093148,0.8062499996412953,2.6535419997344434,1
8e9af65f-6295-4f70-8bec-cfd15648fec3,2.9668749998563726,0.7927500000732834,3.759624999929656,1
7c4adffc-084b-42a6-a899-ff58a60fdc5c,2.4278330001834547,0.8124169999064179,3.2402500000898726,1
4b6329a7-714b-4669-9ef9-604a096fc699,1.9977500001004955,0.9134590000030585,2.911209000103554,1
d0cb2ff8-643e-44f4-8d7e-1d304ea8f318,1.8573749998722633,0.8603340002082405,2.7177090000805038,1
a2ae758e-ccdb-4012-a492-b7f4adc59bb6,1.964665999821591,0.7224169999062724,2.6870829997278634,1
5b64ae71-9fed-4fac-b1c8-90a0961002a3,2.031792000252608,0.7775829999445705,2.8093750001971785,1
c3365bfb-63ef-437a-af79-b436b86e0c86,1.6290829998979461,0.7238329999381676,2.3529159998361138,1
7485a58b-3f5e-4c87-b504-1d93751d587c,2.0333749998826534,0.7555420002063329,2.7889170000889862,1
b361dbe7-692f-4159-ab22-41d816f4bce0,2.3502500002905435,0.8610830000179703,3.211333000308514,1
c33e1a2c-c8be-49e0-aca8-cf78761b5d1f,1.8130829998881381,0.8163749998857384,2.6294579997738765,1
b65d1658-d709-442f-bd85-ce5124f7b966,1.5280839998013107,0.7940000000417058,2.3220839998430165,1
f6096482-04d0-4bc8-b382-bd0cdf377e27,1.7782079999051348,0.7881670003371255,2.5663750002422603,1
7d8e0efc-87b2-46ca-bae0-898b802032b5,2.0930000000589644,0.7162920001064776,2.809292000165442,1
0ad3cd6e-317d-402b-920c-d17da1dcd4db,2.5843750004241883,0.7419169996865094,3.3262920001106977,1
d205a3ce-cf37-44aa-a309-c37b90f16468,1.5338329999394773,0.8527919999323785,2.386624999871856,1
fa2d5e32-fd25-4832-a0a7-eb8b195a52ec,1.7792080002436705,0.8432089998677839,2.6224170001114544,1
3bef0339-5f40-4344-ab37-d4e5af492c64,2.3188340001070173,0.7295410000551783,3.0483750001621956,1
b872bbb1-aa34-40db-9bf9-342e7dbfb710,2.4412500001744775,0.7427919999827282,3.1840420001572056,1
eee4d0e8-8ac4-4bc0-b0ba-1136cad9c825,1.5592080003443698,0.7171669999479491,2.276375000292319,1
926af685-0a4b-4755-b799-8b53ae9d359e,2.1242500001790177,0.867332999860082,2.9915830000390997,1
396b55e4-4ff9-4845-91c5-efcf168294bc,2.553583000008075,0.9211669998876459,3.474749999895721,1
63403c91-4fae-47d5-9ee0-a893b3179a9d,2.4600409997219685,0.8606250003140303,3.320666000035999,1
6529434b-8e37-4f57-b49d-fd2735bf2378,2.2561669998140133,0.7772500002829474,3.0334170000969607,1
cf7d99ec-be27-4f3c-a226-29760f524e8f,2.532165999582503,0.7688340001550387,3.3009999997375417,1
1648d686-f625-4c01-a167-8ba0af5c74d8,2.323249999790278,0.7754590001241013,3.098708999914379,1
c6aa3298-22f6-40d2-bbf9-33c86436c680,2.200083999923663,0.987416000043595,3.187499999967258,1
31217536-13f3-427f-933b-ce4a7719814e,2.3142499999266875,0.856083000144281,3.1703330000709684,1
27eef1fa-7558-4c79-bd5f-678f77ba88a0,1.687167000000045,0.8427499997196719,2.529916999719717,1
285f0387-6d0a-476f-b71e-1a404500920b,1.826333999815688,0.7051659999888216,2.5314999998045096,1
4df6b9e3-53da-4337-b7fb-e97144435956,1.803209000172501,0.7628329999533889,2.56604200012589,1
1e795241-0df6-44d4-85e6-2300d9c7cb9f,1.9590000001699082,0.8271249998870189,2.786125000056927,1
a01ce112-9bb2-4380-9038-5bfe9e18fa8e,1.8117909999091353,1.0259999999107094,2.8377909998198447,1
d188e507-eddd-4c49-b9b0-c13cb84dcd8c,2.131249999820284,0.9380840001540491,3.069333999974333,1
8267737e-6594-41a1-8893-a6226f71d48e,2.276707999953942,0.7646670001122402,3.041375000066182,1
b46c97e3-0518-450c-8399-7c4c88febe5f,2.6282920002813626,0.7780420000926824,3.406334000374045,1
9824e30e-ed62-41d0-ae16-81de594583af,2.1577910001724376,0.7964999999785505,2.954291000150988,1
64fb6b9e-e69b-4bee-ae9a-51e255837d6c,2.421708999918337,0.8952500002123998,3.316959000130737,1
524888c9-f2b2-49da-8a0c-985a1bd90ee3,2.3108750001483713,0.7805000000189466,3.091375000167318,1
ae21a251-6cfe-435a-bb30-f587d154f9e1,2.108332999796403,0.8148340002662735,2.9231670000626764,1
e02878f8-abdf-4621-89df-b2cb6893e544,1.8964159999086405,0.773292000303627,2.6697080002122675,1
3914332c-02d0-4727-b6f7-dac0003f61a3,1.9320420001349703,0.7621249997100676,2.694166999845038,1
7262c6eb-8b27-4d2a-af89-435f68cee5b9,1.9936660000894335,0.7039590000204043,2.697625000109838,1
6f44e304-4fef-4b5c-b679-8d4114c66b88,1.7447909999646072,0.8721670001250459,2.616958000089653,1
8a163a10-d2c7-4d2e-9ba8-7c4fcd90d07e,2.1487090002665354,0.7872080000197457,2.935917000286281,1
26d06c5f-7ab3-417e-acf5-31296fff2c77,1.9842500000777363,0.7412919999296719,2.725542000007408,1
44ecf5f4-5b4c-4ef4-845c-e8c703a747b3,2.1822079997946275,0.7228750000649597,2.9050829998595873,1
ad952c42-ff28-4c23-b385-a0445c8335ba,1.8575829999463167,0.8806670002741157,2.7382500002204324,1
89670c49-4cbd-4e09-91fc-4396f75fad50,2.156790999833902,0.8137919999171572,2.970582999751059,1
2ac0b237-fbd0-4182-a6c8-c3a2b02d7c36,2.237167000203044,0.8857500001795415,3.1229170003825857,1
a72125ab-8831-4461-b0a5-7489aded8eb3,2.1919579999121197,0.8162090002770128,3.0081670001891325,1
97aab0c7-c617-4867-90fa-410d69465bc3,1.518334000138566,0.7427499999721476,2.2610840001107135,1
8858647f-5e00-41ad-807b-525119481b57,1.8187079999734124,0.8535000001756998,2.672208000149112,1
f54560c5-7e2c-4abd-9098-c83b831586a5,2.0677080001405557,0.6820839998908923,2.749792000031448,1
8cd3a9db-4c98-4c20-b470-795625e9052a,1.8039589999716554,0.8005830000001879,2.6045419999718433,1
9448f857-96bd-44f1-83a4-1be60fad2145,1.6326249997291598,0.7590840000375465,2.3917089997667063,1
264b843a-5b36-4935-8412-5392049fba54,2.206249999744614,0.7079590000103053,2.914208999754919,1
a2af83d5-5952-4194-b987-7b005911294d,1.7198330001519935,0.7025419999990845,2.422375000151078,1
0c14c04e-8816-4de5-b94d-d59d07c452c1,1.7173329997604014,0.7892080002420698,2.5065410000024713,1
96d2340d-da9d-479d-bd8a-094936b8e484,1.8893330002356379,0.8155839996106806,2.7049169998463185,1
e3d0054a-cff5-47fc-b534-03a726b4fdd4,1.8271250000907457,0.6956249999348074,2.522750000025553,1
332972cb-749f-4daa-b68b-c70434a459f1,2.3667919999752485,0.7155829998737318,3.0823749998489802,1
6db63963-e8c7-4093-a4d4-dc1ff3aad065,2.2011249998286075,0.6968749999032298,2.8979999997318373,1
8668eb6f-713d-4881-bc2f-523c288bf44b,2.0982499995625403,0.7700830001340364,2.8683329996965767,1
48cddf4c-1b7f-4732-9367-789c35416be4,2.165916999729234,0.8160000002135348,2.9819169999427686,1
6992b671-5025-41fb-a1bb-99ba718a14a5,2.3371670004053158,4.262749999725202,6.599917000130517,1
1b42c5e0-cd3e-428c-b4d5-b7b8ded9879e,1.5195410001069831,1.3172089998079173,2.8367499999149004,1
130cdfb7-448c-41d2-b1db-da26f5ce53ea,2.558915999998135,0.8606669998698635,3.4195829998679983,1
57451c2a-fff0-412c-bed9-38cc97b7ffe5,1.8707909998738614,0.8136249998642597,2.684415999738121,1
f39e969b-c654-429d-aa14-29658802ea58,1.7642499997236882,0.8439580001322611,2.6082079998559493,1
08444f85-1aea-4ee7-8568-c036b105e24c,2.0572079997691617,0.7414589999825694,2.798666999751731,1
101bf34d-3988-44ff-9243-61ec60bb4d30,2.73308400028327,0.8977499996944971,3.6308339999777672,1
2dd8ccbb-5238-4d83-a3a8-3f6acf619b3f,1.897165999707795,0.8541670003978652,2.75133300010566,1
722fabfe-a0af-476a-b4a8-472c2b3670e9,1.9884579996869434,1.1555000000953441,3.1439579997822875,1
a9e1efa1-d769-4b52-ae50-e71299a70ccd,2.212666000104946,0.9116249998442072,3.124290999949153,1
cd2d744d-f766-44b1-8eb6-a168bfaa6a2a,2.7391670000724844,0.9251659998881223,3.6643329999606067,1
ca785dc8-556a-4c90-a770-613d41e6a985,2.325124999970285,1.0010000000875152,3.3261250000578,1
434135db-b141-4a09-9340-b4419749f73b,2.983207999932347,1.1302920001980965,4.113500000130443,1
7300814a-69ef-4bbb-bb74-6a639776884a,3.074041999752808,0.9584170002199244,4.032458999972732,1
00e32bcf-5eef-4a91-9fa4-e4227ac093f6,2.463249999891559,0.8797919999778969,3.343041999869456,1
dd3697eb-0cd1-4f75-aab4-b4d47c087bd5,2.660541999830457,0.8860829998411646,3.5466249996716215,1
43cb764f-b207-44cb-ae39-fbc1c42b1e3b,1.7546250001032604,0.9539579996271641,2.7085829997304245,1
119e6d80-be0a-44a4-bc90-241fc552673e,2.821374999712134,1.0954590002256737,3.9168339999378077,1
14628145-1414-4fa3-b7b0-9f84273a6b8a,1.934166999944864,0.9473750001234293,2.8815420000682934,1
00ecbb2a-a935-42fa-a35b-4cf02211244d,1.9962909996138478,0.9499590000814351,2.946249999695283,1
472ed84d-c7f9-48bc-9a11-068e4b35d326,2.743125000051805,0.7277499998963322,3.470874999948137,1
7db5401f-18fa-4409-af9d-6494722d9020,2.637749999848893,1.3192080000408168,3.9569579998897098,1
f6b057ab-a57e-4414-a373-0ffc456710cc,2.8901250002490997,0.9822500001064327,3.8723750003555324,1
61aac86f-d699-4b52-abfc-25baa96353fb,2.5504169998384896,1.2703750003311143,3.820792000169604,1
4c826d5b-5cce-468d-b598-51e281ee8e8b,2.5877079997371766,0.8375420002266765,3.425249999963853,1
a939e139-547a-4bde-85ab-cab4a5b77dd7,2.6302080000277783,0.9186249999402207,3.548832999967999,1
ad87760f-b91e-4906-b932-044c80003112,1.787041000170575,1.570958999764116,3.357999999934691,1
0fd2f447-6fc5-4b11-bdc8-6b014e15d512,2.2321670003293548,1.0313329999007692,3.263500000230124,1
c6d1a39b-42c2-4ff3-b11e-68f6889d8be8,2.6928329998554545,1.0742079998635745,3.767040999719029,1
dec346c1-915c-4c4c-a7c6-1af4332040af,1.7775830001482973,0.7839169998078432,2.5614999999561405,1
1aed9fc5-8134-419a-93bd-d10af58bc51f,2.2576250003112364,0.8434169999418373,3.1010420002530736,1
48d0fb06-a620-45c0-ba12-3e197618c761,2.2895829997651163,1.4257080001698341,3.7152909999349504,1
a5cca957-2da5-441a-aa4e-9d22effae583,2.872167000077752,0.9657079999669804,3.8378750000447326,1
def80218-bd86-4971-906f-14f68abf4a7b,1.979666999886831,0.9672500000306172,2.9469169999174483,1
65121282-c1ba-43be-b66e-731fddda3758,1.9436669999777223,0.765875000070082,2.7095420000478043,1
f82c3038-9c40-493d-acbc-7e22a07fa13d,2.253708000353072,0.8625839996057039,3.1162919999587757,1
30f3bb44-56a1-4e76-8342-cc11a691e7ff,1.9176659998265677,1.3212090002525656,3.2388750000791333,1
223b993a-60ef-4841-8383-587b7396e3e7,3.177667000272777,1.1656659999061958,4.343333000178973,1
58c169dd-7ae2-40ac-b905-791cf4c93867,2.642458000082115,5.323500000031345,7.96595800011346,1
738da2f8-6d2d-477a-b3a0-0c25823e070b,1.9702499998857093,0.998333000097773,2.9685829999834823,1
c2c32cb1-3eaa-405b-a8ce-4e25e1ac2799,2.3395420002998435,0.8657919997858698,3.2053340000857133,1
0259bada-1b5c-4dd7-8527-58b7d8edbfd3,2.465834000304312,0.7810829997652036,3.246917000069516,1
7409d2c8-d9ce-413e-abd0-133ea38353e1,1.8937919999189035,0.8534160001545388,2.7472080000734422,1
9c0ece5e-6346-41b6-93cc-a527357de7e1,2.369833000102517,0.7873340000514872,3.157167000154004,1
30f25bdc-955a-4d1d-870f-913a07f8ea64,2.1035830000073474,0.8226249997278501,2.9262079997351975,1
18580054-c669-40de-88aa-3efd2a126353,2.3892910003269208,0.8078749997366685,3.1971660000635893,1
1c16e7cd-406c-4d24-be19-f150a42bb7ae,2.3752500001137378,0.7587909999529074,3.134041000066645,1
73bae80a-ab33-4388-8e6c-7c56444ffc85,1.7860420002762112,0.777749999997468,2.563792000273679,1
8c80edf1-46eb-4111-82a8-6de04843fd7c,2.547708000292914,0.6993749998400745,3.2470830001329887,1
bb474132-6458-4a67-9e93-5d1cc57eb231,2.452666000408499,0.7775839999339951,3.230250000342494,1
e6b3acbe-3f78-4c14-8565-c6f4f0e3c424,2.0499170000221056,0.759374999688589,2.8092919997106947,1
12852510-a214-47e9-b3ec-76fd753c7077,2.40770899972631,0.8225000001402805,3.2302089998665906,1
59956c72-df06-40e3-a654-3fe482819a57,2.047874999789201,0.7765420000396261,2.824416999828827,1
3203884d-54d1-4e7b-961e-de11114e443e,2.4413750002167944,0.7493749999412103,3.1907500001580047,1
47517608-fad9-4e63-b8dd-4fa1d8d1cc9e,2.0416249999470892,0.6947090000721801,2.7363340000192693,1
16d79041-4277-49bd-bd83-e771e36283ba,1.608167000085814,0.8232079999288544,2.4313750000146683,1
25dbf692-9564-4c75-8045-42790fb6bbed,2.013958000134153,0.7766669996271958,2.7906249997613486,1
8f2c04ad-f411-47c2-824b-a4d18a2fa2e5,2.4815830001898576,0.7384999998976127,3.2200830000874703,1
30f5e39e-c490-448e-a6ee-4bc772cca9b2,1.7157909996967646,0.6767920003767358,2.3925830000735004,1
e972af95-7064-42bd-a573-441b48215198,2.7831249999508145,0.6912089997967996,3.474333999747614,1
16ee6d47-324d-4bfb-a53f-4d17ad6d302b,2.5802079999266425,0.7952920000207087,3.375499999947351,1
63c3028c-aa1e-4a4d-af1a-ecdf53c090ff,2.377582999997685,0.6571669996446872,3.034749999642372,1
01fe494f-7882-4554-92d4-18c8d4156815,2.333249999992404,0.7595829997626424,3.0928329997550463,1
db9b4d4b-63c2-4ee6-bfe9-e449b42c991a,1.520457999959035,0.7307920000130252,2.2512499999720603,1
b2f3cfe7-daba-4b6b-96db-0c0396dfae6c,1.6548749999856227,0.8161249998011044,2.470999999786727,1
ac2ee30e-b3bf-42af-a741-b808a9047a1c,3.1859169998824655,0.7763749999867287,3.962291999869194,1
f9e17f48-1e5f-45f4-8a4f-7180654cf1e4,2.6375840002401674,0.8056659999056137,3.443250000145781,1
52c76d4a-f0a5-409d-8956-778908c7ac40,2.0306249998611747,0.7742920001874154,2.80491700004859,1
5ea8db79-2036-41f6-9330-5d7d3052f57c,2.3879579998720146,0.7597919998261204,3.147749999698135,1
35956b4c-314a-411e-8f35-52b6fe520aed,2.8226660001564596,0.6985840000197641,3.5212500001762237,1
67b4e82e-d69b-4202-9cb5-b267d0cac27f,2.8897500001221488,0.6832499998381536,3.5729999999603024,1
112616d1-50db-44b6-96c4-048798b51ac1,2.27912499985905,0.7230410001284326,3.002165999987483,1
30623cd2-68cd-4341-afa9-cc497674620d,1.9109999998363492,0.7493750003959576,2.6603750002323068,1
6a061478-726d-44b9-b431-49cc873c5fd6,2.6100420000148006,0.7154159998208343,3.325457999835635,1
47f114fe-0676-4e9a-b3ee-aed811366872,2.382874999966589,0.7604580000588612,3.14333300002545,1
f9a36d16-7320-40d5-ade5-c5a80e023e86,2.6127500000256987,3.3033749996320694,5.916124999657768,1
b55ce337-07af-49a4-9b73-d67aa3236d50,2.570624999862048,0.8453750001535809,3.4160000000156288,1
0110eb2e-c882-4234-ac18-726e3d853783,3.031042000202433,0.7653749999008141,3.796417000103247,1
e7e761d7-19bd-43e2-998f-8084b42bd0cc,2.5677499997982522,0.7842499999242136,3.351999999722466,1
f33b9b8f-f15c-4153-8c00-039f595b3999,2.8300409999246767,0.8002500003385649,3.6302910002632416,1
2c971100-d8fc-476d-9ae8-c6a71899702d,2.14125000002241,0.8274580000033893,2.9687080000257993,1
c78a1f50-e8c8-4b8c-9091-6be008ad7939,2.154499999960535,0.806583000212413,2.9610830001729482,1
47bdfc40-64cc-4062-bef4-13509972c1a7,2.1282500001689186,0.7138340001802135,2.842084000349132,1
95ba87fe-4663-4900-930d-60d96a0b78c0,2.073249999739346,0.7559170003332838,2.82916700007263,1
2f51a5d9-6478-473e-b24a-384a97a68ba8,2.67504099974758,0.7949170003485051,3.469958000096085,1
f3309b21-94a1-4109-a854-f50d824aa285,2.260416999888548,0.7147080000322603,2.9751249999208085,1
9856b8fe-2985-4bdd-a105-b76cbc418954,2.834792000157904,0.7994170000529266,3.6342090002108307,1
cef40726-4186-48e6-9045-549a4bb159d5,2.551084000060655,1.1474160000943812,3.698500000155036,1
f4b3ba55-7fba-471b-aa23-312874b35c78,2.5855409999167023,1.1792919999606966,3.764832999877399,1
cfc5105a-e5f4-46b0-b237-9af8d9d6bf10,2.2967500003687746,0.8790419997239951,3.1757920000927697,1
e1f18d84-5a90-48cd-9f18-0737f0980e70,2.331750000394095,0.7751250000183063,3.1068750004124013,1
dc6081da-f945-403e-83b2-9d3b63209181,2.380584000093222,0.9547079998810659,3.335291999974288,1
44fe0496-2fd7-4a46-96cf-38c88bbee46f,2.4170840001715987,0.875207999797567,3.2922919999691658,1
c0d54c39-4776-4d38-890c-c7db00c8d9ac,2.275875000123051,0.7049999999253487,2.9808750000483997,1
2288758e-a99c-438f-9014-d478f9bb0ba2,2.024416000040219,0.7130839999263117,2.7374999999665306,1
ad52cf0e-ac7d-4490-938b-d8c69232070c,1.8119159999514522,0.7219170001917519,2.533833000143204,1
0acbca0e-921e-4854-bf34-8a42e5d4e21c,2.249040999686258,0.8304590000989265,3.0794999997851846,1
b521448c-92dd-42ab-aaa4-63a906413287,2.398375000211672,1.0706670000217855,3.4690420002334577,1
6491d220-730f-466b-937c-49de9444960e,2.572875000169006,0.8728329999030393,3.4457080000720453,1
949882c9-b0ba-4385-9d29-2231fe11debd,2.2668749998047133,0.8946670000113954,3.1615419998161087,1
fe661872-4830-454c-ad90-a34635e83d3d,2.2934579997127003,0.9052499999597785,3.1987079996724788,1
f77218c5-457d-4706-ab49-f5e15fbb14d8,2.182499999889842,0.720750000255066,2.903250000144908,1
1dad9230-a9a7-435a-9588-c18e641e6c9d,2.4059170000327867,1.138791999892419,3.5447089999252057,1
563e5d42-2b8d-46cf-ae87-01d3b4c33339,2.601916000003257,0.9867919998214347,3.588707999824692,1
ee8ba97d-dead-4f8a-af4f-cfdfee25cf7d,2.5234170002477185,1.0155420000046433,3.538959000252362,1
ca339594-3115-45b4-b7ff-4fa5e1b9da02,2.4603339998066076,0.8308750002470333,3.291209000053641,1
cb98d7f9-4cd1-4504-bcac-3999911e580f,2.474874999734311,2.444457999899896,4.919332999634207,1
3ad07fa0-6ecc-40ea-9190-05c9629f1f23,2.2332499997901323,1.122375000250031,3.3556250000401633,1
4a7efb7f-f0b9-4098-a5a7-d39364b9909e,2.5964169999497244,1.1471249999885913,3.7435419999383157,1
3c85994c-383f-494e-9e91-0c098425bb7f,2.44266699974105,0.8277080000880233,3.270374999829073,1
82d07790-a38f-4256-bc4b-71d80210db7b,1.678916999935609,0.7249169998431171,2.403833999778726,1
9be6c1af-948d-4481-b81a-85e991eac9ab,2.196459000060713,0.9311660001003474,3.1276250001610606,1
cc7d3bd1-725c-4e30-8dd6-0ac5155abe55,2.545833000112907,0.9994580000238784,3.5452910001367854,1
a0c40bf4-05e6-4570-b880-9f650e2bcdee,2.3648330002288276,0.9282080000048154,3.293041000233643,1
729fe477-0cd4-4808-a62c-ba9c37ea8960,2.1871670001019083,0.9767910000846314,3.1639580001865397,1
b627f62c-d0c5-4356-bc84-953e1d5d1028,2.436332999877777,0.8106669997687277,3.246999999646505,1
e92f6ec5-313e-4cac-a879-07ffee9a1c19,2.212791000147263,0.8449590000054741,3.057750000152737,1
ce8f739f-ad06-40c6-ae19-2a34e3753f3d,2.3143749999690044,0.9409580002284201,3.2553330001974246,1
000a04f9-6525-48c8-98aa-d4c56fe33917,2.4513339999430173,0.9402499999850988,3.391583999928116,1
015b3bc6-4b2f-4a36-898b-142304d6bf3e,2.4359169997296704,0.9314580001955619,3.3673749999252323,1
a12e019f-cb3c-4e50-af15-dc71e41df415,2.5122910001300625,0.6907090000822791,3.2030000002123415,1
792c3ec8-67c4-4323-8324-9d27d784b186,1.8689170001380262,0.8060420000219892,2.6749590001600154,1
778f6f10-2470-419a-ab80-ca7d36bf425e,1.9856250000884756,0.830167000003712,2.8157920000921877,1
bfbf4f24-1397-4773-bfc4-b0bebb1b929f,2.5927910000973498,0.7177919997047866,3.3105829998021363,1
b3fe7272-6986-458b-a86f-4670ef7619a9,2.017291999891313,0.6403750003300956,2.6576670002214087,1
d96d8a1f-b6ed-46b5-a2d1-2fd82f55f454,2.236709000044357,0.7911249999779102,3.027834000022267,1
f9df4a05-b288-4360-bdaa-c65f40cb6f18,1.8692909998208052,0.7938749999993888,2.663165999820194,1
c27aeca5-287b-4d67-aa37-78d8ee78d69f,2.178292000280635,0.8077499996943516,2.9860419999749865,1
a2169501-82cc-4b42-8666-0b529d8b67e8,2.366415999858873,0.9927500000230793,3.3591659998819523,1
78873d61-2dea-46b1-a551-1e37a4caffba,1.9811669999398873,0.9205830001519644,2.9017500000918517,1
f20ce3c9-b92d-4f2b-963f-40161551c4a2,2.2155829997245746,0.98066700002164,3.1962499997462146,1
ad873906-24b2-41b6-9da7-2ade6d5f429d,2.402458999767987,0.7829999999557913,3.185458999723778,1
05c4a965-9d65-4158-9394-0120dab664b2,2.524708000237297,0.732916999822919,3.257625000060216,1
cf333555-af7b-4ad3-b720-3bfc6ebfa137,2.466874999754509,1.0346670001126768,3.501541999867186,1
2f122687-d591-415e-9de6-6662d3632a83,2.3830000000089058,1.020417000290763,3.403417000299669,1
c8f50bb7-1ab4-40bc-a9db-410958cc4fa7,2.6581249999253487,0.8061670000643062,3.464291999989655,1
813a59ff-60b0-4513-926b-c4116b9409c6,3.0026249996808474,0.7210000003396999,3.7236250000205473,1
f2eef6b6-0931-4e02-bb2a-5db4b35c277f,2.5134170000455924,0.9097500001189474,3.42316700016454,1
7ed56a16-e6eb-4c39-9ebb-c742e04514a4,2.5073329998122063,0.9639999998398707,3.471332999652077,1
dab82239-805a-42b0-8f3b-75ef4bd2f2bd,2.3311659997489187,0.8060840000325697,3.1372499997814884,1
846ceec8-1b15-46b8-b32c-6e8a8a88e620,3.036084000086703,0.7122909996724047,3.7483749997591076,1
2ca825b4-9b82-4e80-aba4-33de21cd300c,2.609290999771474,1.0112919999301084,3.6205829997015826,1
553fbbce-b876-49bc-a47b-b3beda303ec6,2.754749999894557,0.8815410001261625,3.6362910000207194,1
c0b8bd49-1882-4bb8-b44c-eb5d17212934,2.931125000031898,1.0472920002939645,3.9784170003258623,1
9748f0d1-d504-4d5c-8d4f-f99aa2b17e42,2.8998749999118445,0.8167080000021087,3.7165829999139532,1
c634417d-9e37-4398-97b7-576d48e5b4d4,3.112834000148723,0.7424579998769332,3.8552920000256563,1
053f374c-d19e-42b0-b3ef-dc7e2528c6cd,2.66704200021195,0.7497920000787417,3.4168340002906916,1
0088385e-f709-40db-aba0-59e89b4cbd2d,2.811041999848385,1.2153749999015417,4.026416999749927,1
ce22e5ec-fc3b-4b66-894f-9e916da5c142,3.0124580002848234,0.9120419999817386,3.924500000266562,1
26489910-e2ea-4a5f-852b-f55bc1fa6852,3.292625000085536,0.7767500001136796,4.069375000199216,1
956edb4d-3112-4594-80ee-fa2cdfd495e0,2.4530000000595464,0.7568749997517443,3.2098749998112908,1
75079dfe-f34d-4423-93f4-0ab06d9aaa99,2.4390000003222667,1.1855829998239642,3.624583000146231,1
0ded5d02-8661-4279-9afd-49db3f13e02c,3.157749999900261,1.0672080002223083,4.2249580001225695,1
b4714082-8cf3-42bf-ba78-c5c1a379418a,2.2411250001823646,0.7831660000192642,3.0242910002016288,1
36f49fe2-ec74-4e5c-8eb5-9a30045df952,2.7777079999395937,0.8209590000660683,3.598667000005662,1
fb8b491b-72c2-45bd-a948-45fd9f86928a,2.7975000002697925,1.0035410000455158,3.8010410003153083,1
9d7e00f0-55df-4d10-8600-d4c341be2f9b,2.8979589997106814,1.0868750000554428,3.984833999766124,1
f40c5b5b-aca4-4198-9e2d-3465a63f33c3,2.543375000186643,0.9082500000658911,3.451625000252534,1
b5ba5e58-c537-45a6-94ca-24b121faacc9,2.490833000138082,0.7758749998174608,3.2667079999555426,1
1cbc8c7e-dbdb-4dff-8f50-5dfceaab6bf3,2.6178329999311245,0.8594999999331776,3.477332999864302,1
1c92b77d-c78c-4b18-9a7d-962a2dc24d40,2.799667000090267,0.8788330001152644,3.6785000002055313,1
f77e3a97-1ccd-48b7-a1b1-17f2152efc13,2.738540999871475,0.9603339999557647,3.6988749998272397,1
44ed7747-0e7d-4fde-8675-6980ad573161,2.2409579996747198,0.8735000001252047,3.1144579997999244,1
7c768623-453e-4a5c-8716-797760c9d4ce,2.68845800019335,0.8777919997555728,3.5662499999489228,1
55587504-bc22-414d-bd84-b76479152018,2.867290999802208,0.7734169998911966,3.6407079996934044,1
f4d16c84-da19-4aea-9e1c-5221ab60c950,2.4580419999438163,2.813208000134182,5.271250000077998,1
703deb05-8815-47c9-bd19-93c332856aeb,2.150041999811947,1.0164159998566902,3.166457999668637,1
29a67d41-4206-44c8-93e7-cd4190c5f226,2.8750419996868004,0.8303330000671849,3.7053749997539853,1
69084f90-dca4-44c6-b801-4f1c017a73e3,2.6271249998899293,0.7523750000473228,3.379499999937252,1
9f87d4de-94ec-49eb-aaac-36c7cd4220de,2.593542000340676,0.9100419997594145,3.5035840001000906,1
c4dacce7-6777-41e8-8c8c-b486b5fd699b,2.905250000367232,1.1115829997834226,4.016833000150655,1
fb896f5d-73d1-4a65-b0c6-69bfbcde4540,2.962500000194268,0.9698329999991984,3.9323330001934664,1
3bd44258-1c95-4cc6-b051-612dd283c408,2.812083999742754,0.787916000263067,3.6000000000058208,1
e96314a8-ed7d-4fb1-a44f-a3a056cdfcd8,2.4098339999909513,0.80716599995867,3.2169999999496213,1
9b90912e-f191-4d66-9f39-b3e349f1cc0d,2.501083999959519,1.141875000030268,3.642958999989787,1
6f4ac6f6-d71c-43b0-8385-ff5161ec95a7,2.82645799961756,1.24379199996838,4.07024999958594,1
f91cfc66-a556-4fe4-ac22-c73474d8ced5,2.5585829998817644,0.8215420002670726,3.380125000148837,1
9c977126-10e1-4f24-9721-1a5489c30e6b,2.21766699996806,0.7635420001861348,2.9812090001541947,1
eddb7797-2695-4dab-b7b8-9e3b5afdc4ba,2.34641700035354,0.8275000000139698,3.17391700036751,1
4ad0c811-0b7d-43d8-994d-ecbb570b8325,2.882291999867448,1.051125000230968,3.933417000098416,1
b62a205c-a684-4f86-83e2-d4d8c1efca58,2.0236250002199085,0.9087499997804116,2.93237500000032,1
589f12e7-76c0-4fb4-8646-118d53250264,2.2016249999978754,1.2576250001075095,3.459250000105385,1
132cb3b1-5db0-4a27-9ed8-9652ddbd21bd,2.6866250000239233,0.7239999999910651,3.4106250000149885,1
64f623f9-f414-4162-8011-4a0d495bb603,1.9809999998869898,0.8266670001830789,2.8076670000700688,1
bf8fbd0b-3ddf-4a38-9062-78da861e168f,2.0564169999488513,0.8692910000718257,2.925708000020677,1
5ca3ba25-a41f-4ac5-9f09-3a919acf57d8,1.9962080000368587,0.9585840002728219,2.9547920003096806,1
a8dee8ca-68ec-4ab3-a473-449019793295,2.536541000154102,1.164958999652299,3.7014999998064013,1
2ba23674-b167-4b75-a550-398fb24a5eb1,2.3526669997409044,0.7904580002104922,3.1431249999513966,1
b8a87723-1acc-4ff7-a652-be12956c7ce4,1.5427089997501753,0.7324580001295544,2.2751669998797297,1
21588614-710a-42c7-bd78-b180910c1db4,2.197833000082028,0.7814169998709986,2.9792499999530264,1
abaf037c-6dd2-4223-ad40-304569098ae1,2.0372500002849847,0.8401669997510908,2.8774170000360755,1
eac08952-ea22-43e5-86a5-ac5a8c178ac5,1.7850419999376754,0.811249999969732,2.5962919999074074,1
8e65ffd0-bf91-40d9-9c66-b79680b1b73d,2.7934579998145637,0.8275840000351309,3.6210419998496945,1
1e0cec45-80bd-453c-b5f4-82a15fa3b656,2.4288339996019204,0.739208000140934,3.1680419997428544,1
e989100f-af66-47b2-b22e-600682f3e573,2.0996249995732796,0.8076660001279379,2.9072909997012175,1
cde251bc-753d-44ed-af03-067f64e7c197,1.7160830002467264,0.7904579997557448,2.5065410000024713,1
d7c09720-35df-40f9-ae36-42ee4945edd5,2.1664579999196576,0.8976250001069275,3.064083000026585,1
e3f66737-b641-42f1-acb2-978f9264d41d,2.333666999675188,0.7186670000010054,3.0523339996761933,1
b495e2d3-abe2-4a1a-b5e9-a05de2ead787,2.136333000180457,0.8124999999381544,2.9488330001186114,1
68233e65-3391-42a6-97af-5d1a5688f4b1,1.7273339999519521,0.7711660000495613,2.4985000000015134,1
14ebd613-be0b-4d10-808b-7dad43a6b8d6,2.037332999861974,0.8462499999950523,2.883582999857026,1
74426d8f-146f-49ed-89f7-2200570f9e5b,2.297041000019817,0.9045420001712046,3.2015830001910217,1
4428d51f-8371-4017-9a6d-ff4c621ed53f,1.8040420000033919,0.7832080000298447,2.5872500000332366,1
3d6e93d0-4df5-4146-84de-cc78dc0c1a32,1.7859580002550501,0.8541249999325373,2.6400830001875875,1
3ef4c5ef-8ef1-450c-8067-09c5979a3699,2.256209000279341,0.7553329996881075,3.0115419999674486,1
044bd07d-46ef-44c1-8343-3521a0f8c7c3,2.2708329997840337,0.8283750003101886,3.0992080000942224,1
1c095014-7816-4d76-93d9-83896ff40839,1.8789999999171414,0.8816250001473236,2.760625000064465,1
07a57341-a2e3-4ec5-99f6-10fa3b7ebb35,2.1424159999696712,0.8897919997252757,3.032207999694947,1
c83d6a20-d113-4254-8873-4cc6c0e03f70,2.2328750001179287,0.9259580001526047,3.1588330002705334,1
c98db560-543a-43a2-aabe-ea29bdd53ba2,2.017541999975947,1.1317079997752444,3.1492499997511914,1
783086a0-33ee-4be6-8f48-25bee50940da,1.7572079996170942,0.8182920000763261,2.5754999996934202,1
806e4855-9fc7-4f3d-8b07-314b862c0e44,2.0309999999881256,0.6949170001462335,2.725917000134359,1
e8bf8d6b-d68a-41b7-a960-e1fbff08b17b,1.9577909997678944,0.7833750000827422,2.7411659998506366,1
a47bc88c-e6f1-46fd-86ca-4226388e0d0a,1.7789170001378807,0.8615830001872382,2.640500000325119,1
f37b81bb-b9c3-45b7-b6e3-c665425a72bb,1.7266669997297868,0.8522500002072775,2.5789169999370642,1
e0495a38-d881-4ffd-a5eb-e807c546fd6c,2.1394999998847197,4.046250000101281,6.185749999986001,1
0ffa9af2-9c00-461e-adc9-52967c186514,2.259166999920126,0.7083750001584121,2.967542000078538,1
56ee46c3-9a19-4433-8df8-c60f59e47f5d,1.7968329998439003,0.7967090000420285,2.593541999885929,1
878737c0-5299-4763-a56c-f1a1071fb94c,2.2820419999334263,0.8721660001356213,3.1542080000690476,1
e1c8acbf-a35d-4a64-bddb-7f47989eb5e1,2.1829170000273734,0.7522079999944253,2.9351250000217988,1
7d56931b-1b12-4ebd-b09c-ab5cfb8df810,2.328499999748601,0.7752500000606233,3.1037499998092244,1
8901254c-408c-46b8-9991-02c74e40ceb7,2.2570000000996515,0.7005419997767603,2.957541999876412,1
ab2c7746-4675-4de9-a080-10ee25dff3cb,2.1429170001283637,0.781499999902735,2.9244170000310987,1
cd63e0eb-7d64-463f-a41e-90fa5d650295,2.5178750001941808,0.8521669997207937,3.3700419999149744,1
ea2860c8-a90b-4fef-845e-7720a1d4e4f9,2.2943750000194996,0.781415999881574,3.0757909999010735,1
10512afd-ee98-4575-b736-7db76bc57bbe,2.034582999840495,1.2331670000094164,3.2677499998499115,1
12323f0e-7d06-4e60-a8db-ff5e1e3c34ad,2.5750419999894802,0.6958330000088608,3.270874999998341,1
e2c544e7-feac-41e6-9c63-daaef78cdebc,2.1933749999334395,0.6845419998171565,2.877916999750596,1
1400ba87-77b1-43d0-8086-92cbec2f9769,2.2417090003727935,0.7818750000296859,3.0235840004024794,1
efd224a2-44fb-4e78-8d02-f413b68a2478,2.505416000076366,0.8151669999278965,3.3205830000042624,1
eb1e3336-e6fa-4d00-96ee-365cb06614a0,2.201166999839188,0.7293329999811249,2.930499999820313,1
5344795b-5c68-4feb-b86b-3d0c2a25abe6,2.990750000208209,0.7437919998665166,3.7345420000747254,1
d4de0f49-8f90-4047-9446-7fc91deace96,2.7017920001526363,0.7602910000059637,3.4620830001586,1
a6c82e4b-d0f6-4d6c-b318-80923c207130,1.6825419997985591,0.773665999986406,2.456207999784965,1
24b335a8-bc4e-4352-adb5-4625d66fb000,2.191582999785169,0.8777500001997396,3.0693329999849084,1
de338824-43f0-4ff4-82aa-ef074cc47065,2.0616250003513414,0.7091669999681471,2.7707920003194886,1
268310ec-0133-4072-8570-6c5507ad5d68,2.3976659999789263,0.7548749999841675,3.152540999963094,1
13ca3cd8-369e-427a-b60f-9960dce19396,1.9980410002062854,0.7459589996869909,2.7439999998932763,1
135fd795-a899-47ab-82d2-eeefbd634223,2.1247079998829577,0.8134579998113622,2.93816599969432,1
84c475f5-df81-4f93-82cd-8c647af7d60e,2.365917000133777,0.9584170002199244,3.3243340003537014,1
dd4e922e-b018-4f1f-95d7-52b1cc498bb5,2.4410000000898435,0.9543750002194429,3.3953750003092864,1
3a529f3e-a79c-4bcc-97ff-566d8c6e4a1d,2.032290999977704,1.0499999998501153,3.082290999827819,1
f100829a-a268-471f-8813-328e80416c6e,2.192666000155441,0.7940000000417058,2.986666000197147,1
33f93041-c74d-437a-ae00-f601e3b4a6c7,1.93737500012503,0.683917000060319,2.621292000185349,1
7024fcaf-ec6b-4589-a1ec-693de09faa6d,2.4890830000003916,0.8442919997833087,3.3333749997837003,1
ef26990d-a36c-4748-8a2d-3848c15547f7,2.196750000166503,0.8819999998195271,3.07874999998603,1
6b21423e-9d8e-4443-809a-933fff8f8035,1.6717910002626013,0.7882499999141146,2.460041000176716,1
73663a67-d3a1-4602-85f2-5c2b683def6d,3.0430000001615554,0.8169579996319953,3.8599579997935507,1
05a9fb73-1981-491c-b86d-402fa6db1716,2.885709000111092,0.7278329999280686,3.6135420000391605,1
3fb6038a-4e68-4f13-acdc-f407743ba94c,2.3252080000020214,0.7875840001361212,3.1127920001381426,1
e93afaea-ab63-4c84-9ac0-b61b545293c6,2.1642500000780274,0.8051250001699373,2.9693750002479646,1
507444a7-5903-4c36-aec0-8bcd245ec0a9,2.080792000015208,0.8109160003186844,2.8917080003338924,1
ff65a152-2d08-4969-b8d7-99d55d3e6d40,2.899459000218485,0.7068749996506085,3.6063339998690935,1
0fa77c27-c4f7-439e-9fcc-d1284e5a065f,2.855083999747876,0.73533300019335,3.590416999941226,1
50279e30-7a47-43e2-b2a4-9268c53b9b2c,2.4162079998859554,0.7835420001356397,3.199750000021595,1
20f45af7-29ec-4346-9bfe-f96a57b19ae9,2.287249999881169,0.8633329998701811,3.15058299975135,1
11c7da99-3c92-4141-bbc7-b6c53e143dbd,2.5283750001108274,0.987957999768696,3.5163329998795234,1
ea5f73f9-5b0a-4d32-a4b9-35d1ff01bbe4,2.6862909999181284,0.7576670000162267,3.443957999934355,1
9bb6832b-f3ee-4ecb-84cf-74ce8835363c,2.242791999833571,0.7802919999448932,3.023083999778464,1
f8f09359-aff1-4d05-958c-0e81905bd2cb,2.864415999738412,0.9665000002314628,3.830915999969875,1
b667d3a7-1460-47ef-a05f-eb17a8b8e3e8,2.5880829998641275,0.7603340000059688,3.3484169998700963,1
4f29b3d6-08e9-4c18-8b23-5289baba0656,2.445083000111481,0.7955420001053426,3.2406250002168235,1
f038235f-4e0b-496a-9891-3c1df648aa0e,2.486291999957757,0.709667000137415,3.195959000095172,1
cdac4764-00bd-4381-a2c0-1e021a64e2a4,2.7411249998294807,0.746958000036102,3.4880829998655827,1
63421b6c-ac5d-4770-8cff-410845584f56,2.927707999788254,0.8087090000117314,3.736416999799985,1
636c260a-896b-4426-9839-f46d5556ca9b,2.3043339997457224,0.6490000000667351,2.9533339998124575,1
232c10af-2d7b-49b9-a8a9-2bd241fb9af2,2.500624999811407,0.7082500001160952,3.2088749999275024,1
32339e99-8d3d-4253-9d2f-cfa399ea48f8,2.0614579998436966,0.7650000002286106,2.826458000072307,1
ea1e723b-6df6-4810-a454-d9ef67fd29d0,2.39570800022193,0.7126249997781997,3.1083330000001297,1
5946ea82-2637-4180-85c5-5465779269ce,2.359833000355138,0.7212499999695865,3.0810830003247247,1
515d7701-32ce-4d01-9199-795e3b9c3fad,1.788540999768884,0.6786670001019957,2.4672079998708796,1
0c96e23c-6f08-47f8-b90c-9acb593df047,2.5491659998806426,0.6590420002794417,3.2082080001600843,1
8db5777d-5f56-46c3-b793-d5471a8c3238,2.282207999996899,1.1640419998002471,3.4462499997971463,1
f6f764e5-a35a-4dc7-a923-8ace95d72e63,2.8153339999335003,0.6796249999752035,3.494958999908704,1
3c6767bb-c037-4add-8f58-30ffb474d15d,2.2029169999768783,0.6776250002076267,2.880542000184505,1
fce41e05-a262-41ae-9c87-22fb72d46a17,1.8199169999206788,0.7391250001091976,2.5590420000298764,1
93eaf9fb-b1ab-4eb7-ba77-bbd31d7e4de7,1.8045000001620792,0.8034170000428276,2.607917000204907,1
5ac5a521-0ab1-4567-bc3e-23b812c2ace9,1.8517079997764085,0.6877499999973224,2.539457999773731,1
785fa117-0d91-4f52-bd19-d2efd1f3307e,2.417665999928431,0.6823749999966822,3.1000409999251133,1
a0d47d66-c64a-495f-b904-1f8cf45b5edc,2.32433300016055,0.6798750000598375,3.0042080002203875,1
de71bfc6-889a-4d45-811a-f972acd3b7eb,1.9785419999607257,0.7755830001769937,2.7541250001377193,1
fe362af3-990f-4696-9e5b-40f4ce851689,2.1133330001248396,0.7401670000035665,2.853500000128406,1
ac0b3fe3-63e5-4c49-a91e-ca17a19464a6,2.3067500001161534,0.676499999826774,2.9832499999429274,1
cb82b6ed-9cb1-4410-93bf-b5ba875f753c,2.203292000103829,0.646082999992359,2.849375000096188,1
56c8e5f8-ad1b-4c25-b7a9-5e5999c65b35,2.3433330002262664,0.7420419997288263,3.085374999955093,1
22788292-9834-4f20-b3e3-3a3eb8a348fb,2.1582089998446463,0.7417910001095152,2.8999999999541615,1
8d9a4a2b-ad97-467b-a4a8-fa68c1b0e858,2.344833999814,0.7798749998073617,3.1247089996213617,1
1fc0b6a2-8624-497e-890c-f35179b0da1b,1.8336250000174914,0.6450840000979952,2.4787090001154866,1
173db90d-e007-4e69-b143-1311f8afdd7d,1.6967079995993117,0.6454170002143655,2.3421249998136773,1
cc9c475f-ecac-4557-9814-17854345277f,2.1697090000998287,0.7351660001404525,2.9048750002402812,1
71ff6dd1-9b99-4ddd-8e39-f16cbe573d97,2.8091250001125445,0.6959580000511778,3.5050830001637223,1
99dbba1c-c3e7-4e86-a0a6-dc733e09bf89,2.89345900000626,0.6534999997711566,3.5469589997774165,1
11602f0d-b3d4-43cf-854d-b80f3f4a2752,1.807666999866342,0.7483750000574219,2.556041999923764,1
85d52415-d3dc-4fe1-9aa0-fe16d5ee7b69,2.1992920001139282,0.7364170000982995,2.9357090002122277,1
96c04dc6-3442-4e82-948e-216ee0e4ef4d,2.435083000364102,0.6924999997863779,3.12758300015048,1
53bc73b1-0d87-4095-a7a2-c447da63aae2,2.626250000048458,0.672708999900351,3.298958999948809,1
82ef103a-9836-4cec-a2d7-ec4ea42f55fb,2.195583000229817,0.6510419998448924,2.8466250000747095,1
15e04f89-0db8-47ed-8218-9319726cf7a2,2.034000000094238,0.8732500000405707,2.907250000134809,1
6b87f425-83b9-4985-8b49-6120b22e9812,2.1325829998204426,0.7620840001436591,2.8946669999641017,1
d35b985e-a5b1-4f25-8299-9cd41f1870a7,2.224875000138127,0.6785410000702541,2.903416000208381,1
ada5fd1b-875c-4ba7-bf6f-48904aa62161,2.1362079996833927,0.6809580004301097,2.8171660001135024,1
20e12b94-44f8-42e9-9137-06f443d41474,2.196459000060713,0.7675830001971917,2.964042000257905,1
914a416d-a66d-47e0-b060-a84216a462bb,2.5831250000010186,0.6523329998344707,3.2354579998354893,1
8bf7ac06-851a-4952-bd01-057e21692c02,2.387917000305606,0.6898749998072162,3.0777920001128223,1
ad663a52-8305-4e30-a7a8-4144f84777b6,2.0327920001363964,0.6871249997857376,2.719916999922134,1
048808ee-dde1-465e-940a-931bf1c7e01a,2.0642920003410836,0.7554579997304245,2.819750000071508,1
42ca584d-23f2-4e7d-9e6f-534ab21a7513,2.0925410003655998,1.1210419997951249,3.2135830001607246,1
fa841165-5a7f-4eb1-8acf-0802bf8f4ca4,2.7024999999412103,0.6730000000061409,3.375499999947351,1
c18f13ea-9404-4d2b-a71a-e41b7f71a6cb,1.9162499997946725,0.7029580001471913,2.619207999941864,1
0eabcf1d-5605-4b97-826f-6e30a5e487ae,1.7360830001962313,0.7768329996906687,2.5129159998869,1
78a55cd0-8675-4ba9-8881-8105badeae2c,2.233499999874766,0.7371659999080293,2.9706659997827956,1
965b455a-753d-4041-97df-edd6dc5a9bfa,2.030625000315922,0.7626249998793355,2.7932500001952576,1
3aba0d17-c0b0-4f09-996d-111614f7a4c9,1.9573330000639544,0.6777079997846158,2.63504099984857,1
24b97243-e347-45dc-a102-4042b3e8eaab,2.0438749997993,0.7969580001372378,2.840832999936538,1
ff77886b-6eda-4ac7-91b4-93b2247ffaa9,2.0786249997399864,0.6573750001734879,2.7359999999134743,1
907cead6-8b6f-414b-a56e-b3398d8338f7,1.7148329998235567,0.6884170002194878,2.4032500000430446,1
6ca293cf-d1b9-4bac-8228-ccdcc835e8f6,1.805792000141082,0.6986249995861726,2.5044169997272547,1
83e3ae79-9cf9-481b-a46c-5ef262ec3ee5,1.9288749999759602,0.7800840003255871,2.7089590003015473,1
ac43f9d1-2832-4efc-bc0a-c826cb6fe67b,2.239333000034094,1.0257499998260755,3.2650829998601694,1
b6f753c5-b0c5-4cda-a7e2-d8431b5cbbaa,2.729583000018465,0.713458000063838,3.443041000082303,1
9cc0fea2-9744-4fdd-a7cc-316a2a78d8de,1.9151660003444704,0.7050839999465097,2.62025000029098,1
bef1573a-51e0-452d-b0d0-8e9b643a66fb,1.9649169998956495,0.7119169999896258,2.6768339998852753,1
db4f15dc-98fa-4f90-b677-b653190d289f,2.226916999916284,0.736375000087719,2.963292000004003,1
d3263c1f-f4f4-41dd-8594-41b118764a00,1.858832999914739,0.7224589999168529,2.581291999831592,1
c8fb6a2e-5937-453c-a0ed-a66984dc6a05,2.1963330000289716,2.619291999963025,4.8156249999919964,1
adebedaa-9d81-4010-868f-af746ef3f766,1.780208000127459,0.668042000143032,2.448250000270491,1
579e64ab-164b-456b-95b6-37f5e021a6fb,1.8611659997986862,0.6830839997746807,2.544249999573367,1
56db73a6-0d51-4a7b-84e5-a44d08c9b30d,1.7934170000444283,0.7715830001870927,2.565000000231521,1
d40d128a-ff09-4afb-bb5b-da0cf5348795,1.6333749999830616,0.7419170001412567,2.3752920001243183,1
d6d6c884-486b-4ee4-8016-2be50b37ca7b,2.0954579999852285,0.6612500001210719,2.7567080001063005,1
bfabce2a-4ae1-45fd-a133-75f8a4d00a4c,2.4364169998989382,0.6611660000999109,3.097582999998849,1
de6e1589-f5e8-4bd6-987c-5ea2e9948f0f,2.1066250001240405,0.6756669999958831,2.7822920001199236,1
7f92001d-5723-49c0-bfa6-28a3a2f2b63d,2.3096249997252016,0.702499999988504,3.0121249997137056,1
f26ce424-33b6-4378-9203-d13e7bd7e564,2.2686249999424035,0.7409999998344574,3.009624999776861,1
52be8bfc-7cfa-4f27-93f8-8000dc061628,2.1802920000482118,0.7442910000463598,2.9245830000945716,1
11b3d42c-a435-46a4-94b2-6f5f5469e0ea,2.021833000071638,1.1015840000254684,3.123417000097106,1
d38f1669-6daa-478f-a2b0-26909ab189da,2.5849580001704453,0.8446249998996791,3.4295830000701244,1
26f0ce0c-90cc-4d5e-a279-12be57bf8b54,2.5060409998332034,0.7534589999522723,3.2594999997854757,1
8dbcb559-c466-4175-88bf-2e4727dac6ac,2.488417000222398,0.7357079998655536,3.2241250000879518,1
23f9fe21-1fe7-4263-9d4c-328a1aafeaba,1.7467500001657754,0.6905420000293816,2.437292000195157,1
25306d8b-eff8-488b-aacb-9c77b2c426f3,2.1236669999780133,0.7501249997403647,2.873791999718378,1
d2cd15b4-494a-4beb-b2d8-7238bc87ecdb,2.457749999848602,0.8115410000755219,3.2692909999241238,1
eafc0347-7182-441c-9415-192063d65253,2.9494170003090403,0.7349999996222323,3.6844169999312726,1
40043d26-28d9-4248-9942-ee7209543dff,1.8883329998971021,0.7109589996616705,2.5992919995587727,1
d340dbc4-1c2d-4e1b-bdf3-11767d236f27,1.903750000110449,0.6889999999657448,2.592750000076194,1
fc59f7ea-78aa-414b-bfcb-61f57900c86b,2.39366699997845,0.7087909998517716,3.1024579998302215,1
b2499489-fb39-45a1-baab-54df6e73e83c,2.549416999954701,0.7428330000038841,3.2922499999585852,1
e8fb6c3c-fecd-48c5-951c-1d452c29cbc7,2.05820799965295,0.7267500000125438,2.784957999665494,1
e6d833fb-9f27-4c3f-b8a8-3ff4b8525655,2.1214999997027917,0.7958330002111325,2.917332999913924,1
11bbcd6a-677b-48ba-b6e3-bb51b87bd0cd,2.0146670003668987,0.7984999997461273,2.813167000113026,1
e81d5cd8-289e-4e44-87ba-8596603aa1bc,2.7733339998121664,0.754166000206169,3.5275000000183354,1
f806bb1e-ff80-403a-a56b-01bf0d9f532a,2.4061670001174207,0.6606669999200676,3.0668340000374883,1
a7b16185-6e7a-4f28-98ad-56b19fbfa655,2.7118749999317515,0.7710419999966689,3.4829169999284204,1
c4bc59ee-f284-4a1c-9efc-c17918540eb9,2.2167080001054273,0.7760419998703583,2.9927499999757856,1
c74ac71d-aa49-4168-b31f-d6534f52ca9a,2.153334000013274,0.7647080001333961,2.91804200014667,1
f0b7e09a-8fb2-4e8b-95ba-504f0c5a01b1,2.2992079998402914,0.675459000376577,2.9746670002168685,1
e14ae647-72c0-4332-83f3-6b8369a1bd42,2.0180000001346343,0.740250000035303,2.7582500001699373,1
90e533ce-7f49-4691-bb87-1adee68f29d2,2.0143750002716843,0.7596659997943789,2.774041000066063,1
090305e1-a81a-4972-b982-77d7a3881486,3.003625000019383,0.7003749997238629,3.703999999743246,1
b7fe7bc3-a2bd-4771-b138-d8df3055da3f,2.2527090000039607,0.746832999993785,2.9995419999977457,1
31213f1c-a1b0-45da-8a2c-1d4051312560,1.6712500000721775,0.6970409999667027,2.36829100003888,1
70fc3ddf-c6fc-45d8-8dcc-6e857660305f,2.108915999997407,5.125708999912604,7.234624999910011,1
76085d9a-4165-43a8-a4fd-0d117a66beba,2.6797079999596463,0.7575829999950656,3.437290999954712,1
f4d3ac9e-963e-447d-aa70-f75d66aa2d6b,2.2501670000565355,0.8190409998860559,3.0692079999425914,1
dc93ccd2-6665-4215-a458-1ca3c9ae2a06,2.179207999688515,0.7536670000263257,2.9328749997148407,1
08ad8e7f-ba24-4b02-9bc2-569684d1ee7f,2.530750000005355,0.6864580000183196,3.2172080000236747,1
86dc6685-02cd-491b-946e-d02766052136,2.287290999902325,0.6591249998564308,2.946415999758756,1
c17d4ba0-7449-4058-bbd3-b6063479ad7f,2.867165999759891,0.7171669999479491,3.58433299970784,1
93a4ce2f-d569-4111-84c9-08385617453a,2.349917000174173,0.6635830000050191,3.0135000001791923,1
858cf191-3516-4b62-89d0-51664ec67318,2.038500000253407,0.6745419996150304,2.7130419998684374,1
aa52d0ed-bfbe-4277-a460-e714a8f2b2c9,2.2555830000783317,0.679457999922306,2.9350410000006377,1
0056a28c-84f7-4d06-b07d-a548b9f2f018,2.223082999989856,0.7629579999957059,2.986040999985562,1
694eada8-3275-43ae-9b55-18121963e794,2.3995000001377775,0.7677919998059224,3.1672919999437,1
7067c514-2a1a-4718-9fc3-d79f18b8d842,3.4914590000880708,0.7031659997664974,4.194624999854568,1
b6fd6af2-5cc4-49bc-af3e-34db070a3a5e,2.118792000146641,0.7484580000891583,2.8672500002357992,1
b5846e13-a464-421e-b0b4-51011957696e,2.0992910003769794,0.7188339995991555,2.818124999976135,1
aacbddb1-b979-402f-96c1-e7a77b3f6cc8,2.0177910000711563,0.6868340001346951,2.7046250002058514,1
ab9c49b3-39a6-469d-adf9-e2a72f7199a8,2.1537500001613807,0.9027500000229338,3.0565000001843146,1
99e9d007-71d1-4beb-b21f-2f79171559a2,2.26304199986771,0.8275830000457063,3.090624999913416,1
1893917e-2986-48ca-9664-610148081a6b,2.2431659999710973,0.7729590001872566,3.016125000158354,1
a43a1169-2a15-4da7-9474-8663edea2b20,2.5492909999229596,1.045541999701527,3.5948329996244865,1
f19e595b-ee8b-4afe-8497-8da5f1dfb969,2.591667000160669,0.860042000113026,3.451709000273695,1
11520d06-e596-4569-8b53-58add6b04415,2.050707999842416,1.0016669998549332,3.0523749996973493,1
4058e702-be86-48e3-9dba-d4d746dd86fe,2.384375000019645,0.795666000158235,3.18004100017788,1
b9ff807d-ee14-4d42-97ba-1776557887a6,2.4173750002773886,0.826624999717751,3.2439999999951397,1
da5aada4-3f77-4e2c-96d2-f34c72e39f42,2.0968339999853924,0.8975000000646105,2.994334000050003,1
8423705a-5773-4556-be5e-f60048a73d4d,1.9165420003446343,0.833707999845501,2.7502500001901353,1
c61b0f02-9a88-48fa-bf1e-6abea0331ec8,2.172167000026093,0.7500419997086283,2.922208999734721,1
dda3c2ec-866f-4aac-bf66-289c50de53cc,2.2590409998883842,0.717291999990266,2.9763329998786503,1
51bfbfc4-e7c8-4f06-a52e-27c5185ce3a2,2.14804200004437,0.7247079997796391,2.872749999824009,1
909bd066-4b6c-41de-bd3c-d7186083dd74,1.9918329999200068,0.7846670000617451,2.776499999981752,1
1ff283f4-d18b-4fcd-bc16-0a12c90ee1a5,2.0606660000339616,0.7849590001569595,2.845625000190921,1
8c566c51-69aa-4acf-96f0-3ab6aa0c56ce,2.2249170001487073,0.8150829999067355,3.040000000055443,1
0a86b062-aef9-4887-9bde-c940840fea5c,2.1536670001296443,0.9798749997571576,3.133541999886802,1
d9acbb12-152f-49dd-ac71-452deb349b51,1.954166999894369,0.9832079999796406,2.9373749998740095,1
6ecf992e-8663-41c4-b702-6af3a7342616,2.455584000017552,0.8801660001154232,3.3357500001329754,1
5ef0da68-4738-4b62-a1a4-02ead06685eb,2.5048750003406894,0.8442499997727282,3.3491250001134176,1
7c5a30dc-78d8-4f38-8ae1-0856a01a441f,1.9458749998193525,0.9023750003507303,2.848250000170083,1
8e7f1ae0-6101-46ac-9c82-def60547a766,2.4514169999747537,0.9004579997053952,3.351874999680149,1
121a6e13-eb46-4167-991e-a1d3f56a6b44,2.694999999675929,0.8211660001506971,3.516165999826626,1
c0e08381-abbf-407e-8aa3-a60f7b6f6d22,1.7115000000558211,0.7525000000896398,2.464000000145461,1
abaf5d13-ae0a-49ac-8583-77b0d15a8535,1.919042000281479,0.8740419998503057,2.7930840001317847,1
7ac77129-2281-47ba-89c6-1a338f4b3255,2.1834999997736304,0.7705830003033043,2.9540830000769347,1
12266577-0acc-42cd-ad29-6c90e0058bf4,1.9817500001408916,0.7333749999816064,2.715125000122498,1
8c8cea22-4230-4f13-9c28-0789d073d2f9,1.7310419998466386,0.713458000063838,2.4444999999104766,1
fc906c24-70d2-49e6-b92c-0f3b4daad649,1.874707999832026,0.8190839998860611,2.693791999718087,1
5f3f87da-e516-4046-bbb3-7c0cc46a221c,1.942667000093934,0.7449169997926219,2.687583999886556,1
e05ffcf6-8e99-4993-ba5f-245e0fa236b4,2.0104579998587724,0.8210000000872242,2.8314579999459966,1
2dd47802-a8c3-4fcd-a38d-5a10774f5361,1.8123329996342363,0.7915000001048611,2.6038329997390974,1
8940eb9a-4655-411f-9270-ebacd389e8c0,1.9661660003293946,5.279459000121278,7.245625000450673,1
736f4cdd-8903-48c9-bf96-dc996807bf65,1.6890420001800521,0.7297910001398122,2.4188330003198644,1
4297dc12-355a-4e34-bd71-12a28a6911d0,1.9385000000511354,0.7448750002367888,2.683375000287924,1
de1712da-2553-4af8-9088-0259e4b9f4a1,1.840124999944237,0.738416000331199,2.578541000275436,1
8cc7cf5e-fef5-45fc-bf17-15be925708b7,1.8814169998222496,0.7858330000090064,2.667249999831256,1
dd1b7c3b-33da-4406-9c38-def920bc2e8e,1.7335829998046393,0.7574170003863401,2.4910000001909793,1
22a4f0be-375a-43a2-8482-c297d01f7b45,1.9577920002120663,0.6911249997756386,2.648916999987705,1
855c58ef-e191-47b7-a163-04ffcc64d836,1.9514589998834708,0.6699579998894478,2.6214169997729186,1
fbdcfc0c-c18b-4242-b3ca-d4f961926522,1.7810829999689304,0.751417000174115,2.5325000001430453,1
491ddee6-4ef0-4378-82de-a9c650e5e7c3,1.7786250000426662,0.7837500002096931,2.5623750002523593,1
338c72bc-ce22-438c-ae75-c26bbcfcc369,2.0102919997952995,0.714124999831256,2.7244169996265555,1
0364381f-1ea8-4873-adf3-a62303ab35ad,2.007458000207407,0.6657499998254934,2.6732080000329006,1
93b2b171-e0dd-40b8-81cf-045df9bd9656,1.7654580001362774,0.6675829999949201,2.4330410001311975,1
fb4f76d0-1830-4e8e-b3ee-7f79b7a446cd,1.7606249998607382,0.7644160000381817,2.52504099989892,1
f7fcf74f-2e16-4cda-a31c-9a2cea0794ef,2.295499999945605,0.7137500001590524,3.0092500001046574,1
a8e1de2b-3f79-4d32-b716-0219aa2b7f50,1.7001659998641117,0.7188340000539029,2.4189999999180145,1
9fb821ec-ed80-45d3-9494-c47c70b6ab52,1.8095839996021823,0.7305410003937141,2.5401249999958964,1
be5507fb-ac3e-41d9-84c9-e5e536cf0eb5,1.9887090002157493,0.6563749998349522,2.6450840000507014,1
ef613dac-6733-4640-b223-81a1209bf985,1.893040999675577,0.69862500004092,2.591665999716497,1
7c5e5ec4-96e8-4e08-bd8d-1642c276cff5,1.7319580001640134,0.7693339998695592,2.5012920000335725,1
317fb4c6-c91e-4a64-9677-235a43b311df,1.8346250003560272,0.8155830000760034,2.6502080004320305,1
ad920c61-4522-4d7d-abf9-a1871327b547,1.9330420000187587,0.7000000000516593,2.633042000070418,1
9a240f5a-46cc-43d5-bf1b-062ec6cbe2e6,1.7723749997458071,0.6647919999522856,2.4371669996980927,1
b6e4bf19-9448-432e-aa84-a70ff55a449b,1.7034160000548582,0.6567089999407472,2.3601249999956053,1
4d21c696-cc9a-4439-b58f-c13145d6dd00,1.7632499998398998,0.728957999854174,2.492207999694074,1
a673de5e-7fe0-4a91-a85d-7b93b53b9da2,1.9377080002414004,0.7144169999264705,2.652125000167871,1
fd02c46d-fa8d-4af3-8891-6e89a142f0ff,1.7457919998378202,0.7686250000915607,2.514416999929381,1
00a8a089-a0c1-48e4-8b33-3027118823c1,1.7885419997583085,0.79254199999923,2.5810839997575385,1
f41842fe-8c92-491f-baff-c14e2acb96c0,2.0371249997879204,0.7798750002621091,2.8170000000500295,1
d8aa1048-424c-4e29-98a7-21028ababb26,2.000041999963287,0.7449159998031973,2.744957999766484,1
7f265935-6d4f-44d0-861c-22e1d8f3e014,1.885333000245737,0.7056249996821862,2.590957999927923,1
0c799057-e53e-4484-baa7-ca772a916617,1.8137500001103035,0.7699170000705635,2.583667000180867,1
1e3e302f-ff0f-4423-b940-9b428846519d,2.0014170004287735,0.6783329999962007,2.679750000424974,1
cac0dac3-33b3-4121-a472-f5271c0272eb,1.8900830000347923,0.695332999839593,2.5854159998743853,1
73d4c1df-3578-47ea-a735-e37d634bad01,1.8506669998714642,0.6992499997977575,2.5499169996692217,1
5778d152-7615-4006-b8c1-764cbf47f374,1.9426660001045093,0.7154999998419953,2.6581659999465046,1
5af4318b-5bcd-4b23-b16d-288779f09986,2.048290999937308,0.6777089997740404,2.725999999711348,1
87d67530-9065-4aaf-98e1-c28e6b1beb81,1.8125409997082897,0.6609590000152821,2.473499999723572,1
19330897-43f0-45e6-87ff-e40dd02f9a0c,1.7365000003337627,0.7275419998222787,2.4640420001560415,1
e9fc8c1d-c8cd-4180-8e20-d38c95f8aadf,1.7940419998012658,0.7199159999800031,2.513957999781269,1
bd23ce64-7272-4b88-a32f-e4a52064b40f,1.811166999686975,2.76879100010774,4.579957999794715,1
c48c7169-4633-4835-828f-c71d3dc3318c,1.6299160001835844,0.6723339997734001,2.3022499999569845,1
e6df29f0-2d58-4e63-aa0c-cd5f08818ee8,1.787666999916837,0.6624580000789138,2.450124999995751,1
ef24a709-7437-4d98-a827-1962d3c9d4aa,1.8535839999458403,0.645832999907725,2.4994169998535654,1
832774fb-1fe6-4715-83d9-380b4812b6d7,1.7616660002204299,0.7249169998431171,2.486583000063547,1
a10cb016-ebec-4bf0-bd00-aedd62659f83,1.7944169999282167,0.7383749998552958,2.5327919997835124,1
2924d733-833d-4429-a30f-6b8d3b0f6202,1.9267090001449105,0.7242079996103712,2.6509169997552817,1
c94fe579-5fc0-40b9-a372-617845751826,1.8922920003205945,0.6672909998997056,2.5595830002203,1
293c3173-aa74-4b94-a6be-fe20e491266d,1.7237920001207385,0.6369580000864516,2.36075000020719,1
258efdb1-fdc9-42e9-9841-1d26bbef4389,1.7121670002779865,1.2180829999124398,2.9302500001904264,1
a3a8fe0e-5eb8-4e74-bd48-523b7fc909e4,2.6742499999272695,0.9323750000476139,3.6066249999748834,1
315c5efe-5930-4517-8ec7-b00ded6920a8,1.8155000002479937,0.8785420000094746,2.6940420002574683,1
ff2ea3a9-1be1-4db1-9f3f-62e19ff69e58,1.930667000124231,1.1054999999942083,3.0361670001184393,1
da2833ed-f9b3-41da-8702-94f42e8c2363,2.7771250001933367,1.0591249997560226,3.8362499999493593,1
97961173-b946-405d-bd7d-d293729f743e,2.0642909998969117,0.9044170001288876,2.9687080000257993,1
d40e2ca5-a4dc-436b-ae2f-ec97368a097a,1.8886249999923166,1.7849159999059339,3.6735409998982504,1
db8993f0-06e7-4c97-abb2-2797754b40b6,3.0546250000043074,1.0161660002268036,4.070791000231111,1
56f5e40d-3fcf-4faa-81bf-3a13f73968de,1.977958000225044,0.8480839996991563,2.8260419999242004,1
e326a7ac-3125-4552-92b9-b7018c31d4d3,2.0471249999900465,0.830417000088346,2.8775420000783924,1
baca9b82-68ea-4188-8336-ae6a95bacc92,2.050250000138476,0.8172080001713766,2.8674580003098527,1
3a6a6f0e-4921-45f4-877b-4870d4209cf6,2.095957999699749,0.8056249998844578,2.901582999584207,1
7a052555-603c-41f0-9478-7762c36761bc,1.8672090000109165,0.8114580000437854,2.678667000054702,1
6b3db321-0742-4274-9754-4e9cbd5de0ac,1.9651659999908588,0.8480839996991563,2.813249999690015,1
f030a77b-3e3a-4437-b3e0-3e4ea53856f7,2.3848749997341656,0.7363330000771384,3.121207999811304,1
2e5582d7-471e-4247-a3db-e8b7cfa86eff,1.877959000012197,0.6676660000266565,2.5456250000388536,1
e1bdd608-1bcc-4cf0-8585-61e9da8b3be5,2.1046249999017164,0.8387919997403515,2.943416999642068,1
cd08a11d-c538-4cc3-a3d1-c72844cb4fcb,2.027874999839696,0.7780830001138384,2.8059579999535345,1
9b4e4efd-a8d1-4ee5-bd61-b3e0f8e5c0ba,2.066832999844337,0.709542000095098,2.776374999939435,1
ea749441-a4ef-4622-b820-b359ea9b6a11,1.820750000206317,0.7557909998467949,2.576541000053112,1
74603347-96ed-44f1-a981-382a5bf52d34,2.0313340000939206,0.7827909998923133,2.814124999986234,1
23bb8b81-931c-4643-9239-103e252e0d09,1.9317500000397558,0.6998339999881864,2.6315840000279422,1
eba3103c-678d-4f67-ab89-af03f3907d1b,1.8281669999851147,0.6901669999024307,2.5183339998875454,1
cdc96eb9-97ee-444a-921e-f6aa99aec06b,1.911959000153729,0.8060410000325646,2.7180000001862936,1
f8720914-2a17-4397-8884-0f661122a925,2.1677080003428273,0.7652919998690777,2.933000000211905,1
b859703f-204d-4390-a080-eb638769eaa8,2.0624580001822324,0.8407499999520951,2.9032080001343274,1
afb6a15b-8b95-4ab4-a7ba-7ad32488ba1b,2.0266249998712738,0.8877499999471183,2.914374999818392,1
db165193-c9c0-47e4-9bc6-e9ee7fa710a1,2.3507920000156446,0.9635000001253502,3.314292000140995,1
e0e12920-1c49-4e03-baae-37c727a93c2b,2.3180420002972824,0.8061659996201342,3.1242079999174166,1
24bdaf77-dc2d-4426-af5b-8970d44e99ce,1.9370830000298156,0.6787090001125762,2.6157920001423918,1
d5e7a9ce-583b-4db0-8d6d-858f665b6be9,2.0942500000273867,0.7894580003267038,2.8837080003540905,1
92ed8e9d-911b-41ef-bcd0-bf007df3ad37,2.393166999809182,0.7554580001851718,3.148624999994354,1
225d440e-8dbc-4077-aec1-341243dd9cef,1.7895410001074197,0.7829169999240548,2.5724580000314745,1
e172ee22-69a0-4968-9f9d-a0827a93ba43,1.8568329996924149,0.8557500000279106,2.7125829997203255,1
9c7d2dfd-9143-40a6-8737-e249d7041e73,2.1492920000127924,0.8053750002545712,2.9546670002673636,1
570e204d-1b1b-40cc-ae93-c178d2f1fe0a,1.7969999998967978,0.6767499999114079,2.4737499998082058,1
c823ae67-8134-4f87-a8da-a57ba9e9bae9,1.945250000062515,4.17974999982107,6.124999999883585,1
4922e518-b88b-4078-9542-1f425eb6e9a1,1.923333999911847,0.7205409997368406,2.6438749996486877,1
84a31fb3-1c45-4a70-845b-31371db93b57,1.9062500000472937,0.6653749996985425,2.5716249997458362,1
7ead1c7f-365a-49ac-ade4-9c053cbb5fec,1.8417500000396103,0.7438329998876725,2.585582999927283,1
9f14ca99-dab1-4d76-93a1-388daf25f26d,1.7495830002189905,0.7757079997645633,2.5252909999835538,1
cf2527ef-bab1-45b5-ae79-14b94fbb3f24,2.370374999827618,0.8142920000864251,3.184666999914043,1
86269369-b99f-4555-8757-5add91a6fb87,2.1438750000015716,0.8279579997179098,2.9718329997194814,1
3f7c7027-a981-4aa3-b8ed-db556ddfd508,1.9856670000990562,0.867582999944716,2.853250000043772,1
6762a30e-108c-4bfd-9532-6ad1dbf488ed,2.059749999716587,0.810708000244631,2.870457999961218,1
3f485c6b-aacd-4c60-8e50-898c96aaaa77,2.3985829998309782,0.8385000000998843,3.2370829999308626,1
234c9dfb-99eb-41a1-a9e7-d2042e0305ff,2.2817079998276313,0.7590000000163855,3.0407079998440167,1
1f4d564f-8aba-401b-bff0-e5a64d0ed628,2.006833999985247,0.7260829997903784,2.7329169997756253,1
39dca3bf-49ae-4e3a-91ce-b8a8b18d7f90,2.0732500001940934,0.727915999959805,2.8011660001538985,1
edbbf0fa-a261-43af-9b6a-23abbe3730fc,2.031792000252608,0.7368749998022395,2.7686670000548474,1
1508ebde-4826-4d41-9ff7-34a8ceec1a6d,1.922333000038634,0.7043749997137638,2.626707999752398,1
c8cf8c86-c29f-4e5e-9489-d83e9b118fc3,2.005917000133195,0.7299169997168065,2.7358339998500014,1
8e521c03-3dbc-4b39-9af8-3a8e95ca8012,2.0169589997749426,0.6840830001237919,2.7010419998987345,1
ba91b396-726b-4776-b5b8-4a0eda492588,2.1762080000371498,0.7139169997572026,2.8901249997943523,1
0ac1f90d-99ef-4781-920e-8c518f12dc04,1.791209000202798,0.7293749999917054,2.5205840001945035,1
a8481aa3-0af1-4f3a-877e-b609a72cd788,1.7271249998884741,0.7618340000590251,2.4889589999474993,1
a15b84f4-f0a9-4526-8215-2a6c5df67884,2.0421669996721903,0.6831670002611645,2.725333999933355,1
af4a7826-369f-4b78-96da-9818d47e9342,2.0136250000177824,0.6809589999647869,2.6945839999825694,1
55da51c6-d802-4e56-851c-7ea82213f6ac,1.6582919997745194,0.6505410001409473,2.3088329999154666,1
73509a2e-f739-4fa6-9ba7-c5fe730f8795,1.7925830002241128,0.771333999637136,2.5639169998612488,1
4857afda-9bba-4b59-b1b8-ccf3aa6dc8a9,2.030334000210132,0.7387499999822467,2.769084000192379,1
3f7768a5-de65-49d7-93fa-9142187d370d,1.8935000002784363,0.7484999996449915,2.641999999923428,1
add380dd-451c-4249-916c-4c91a273da57,1.7011249997267441,0.7517910003116413,2.4529160000383854,1
99089a27-0863-4af1-9ae1-e8fcf3c5fb0c,1.780167000106303,0.7343329998548143,2.5144999999611173,1
00255a72-3584-4d7d-b927-33db3cd2b855,1.994834000015544,0.7475000002159504,2.7423340002314944,1
5b067e00-7ea3-457f-a9d9-096010e1cd3d,1.8162080000365677,0.6900419998601137,2.5062499998966814,1
78e5962a-116e-4f4e-82ca-0b0e527485b4,1.7850419999376754,0.7895829999142734,2.574624999851949,1
6b9ad158-ddce-4b98-b662-2ce3f929f612,2.040916999703768,0.7261660002768622,2.76708299998063,1
1391e162-93d7-4209-bbc6-2de1922b900c,2.024375000019063,1.3557920001403545,3.3801670001594175,1
7dcefea6-6d40-4d82-8be7-d3cbcf4f6c54,2.1945419998701254,0.9465000002819579,3.1410420001520833,1
8f415810-8f32-4085-86fc-4b39abfb08f9,2.45970900004977,0.7927500000732834,3.2524590001230536,1
80b4cdf4-7f3c-445b-b6e9-0c95dd5f362d,3.5637080000014976,0.7080000000314612,4.271708000032959,1
be0cf0cb-fab7-4433-9e05-d8eb270431b0,1.8397089997961302,0.7869999999456923,2.6267089997418225,1
4f8985ad-aab7-45d9-8f86-736c07099e7c,2.006540999900608,0.9978339999179298,3.0043749998185376,1
d2c90d38-d59f-40fd-9293-d462eb156e56,2.519375000247237,0.9540410001136479,3.473416000360885,1
38312bc5-e6d8-44d1-ae4a-70532183cf61,1.880500000424945,0.8554159999221156,2.7359160003470606,1
d7433cd0-8349-4266-84ed-6868590f2fd6,1.8799580002450966,5.6221670001832535,7.50212500042835,1
b88a89d9-a8b7-42cd-a730-54d32614a479,1.881874999980937,0.9700410000732518,2.8519160000541888,1
99ffcab5-4da3-4523-86e5-6935c4c22f1b,2.1177909998186806,1.0062090000246826,3.123999999843363,1
f4fc308e-aeca-4942-bda2-208f8b3d085d,2.642083999944589,0.7927080000627029,3.434792000007292,1
f630c2a4-090d-45f8-b827-eb57f14e7a9e,2.031874999829597,0.8683750002091983,2.9002500000387954,1
6a803b74-2c0a-4c1e-89b5-52fd4223e8b7,2.39254100006292,0.6939589998182782,3.086499999881198,1
56d76534-167c-4206-9429-3d41587600c7,2.058666999801062,0.8747080000830465,2.9333749998841085,1
aaa1df23-428e-4749-b254-c728ca39f4e7,2.629458999763301,1.007165999908466,3.636624999671767,1
820d9712-00b7-4971-a8ca-bcbbb933acef,2.0299169996178534,0.9175830000458518,2.9474999996637052,1
921cd09d-44b8-4e97-81aa-799d47c8c738,1.9315000004098692,0.8331249996444967,2.764625000054366,1
c9b43b5c-680c-4479-b633-e5c0b7cc6e66,2.1835000002283778,0.8072919999904116,2.9907920002187893,1
b3232d60-0054-4094-a81a-e608a291fb76,2.2962499997447594,0.8405000003222085,3.136750000066968,1
b868ad52-029b-4e9e-a94d-a219616da4be,1.9725420002032479,1.1227499999222346,3.0952920001254824,1
a16f9997-bdbd-4fd2-b688-bbaa47388734,2.941833000022598,1.0088750000250002,3.950708000047598,1
5dc6a6ad-bfa6-4570-840e-c38d218d67a4,2.6884589997280273,0.8304580001095019,3.518916999837529,1
633c4343-80ae-4f5d-bbf6-e5116dd71952,2.608708000025217,0.8017499999368738,3.410457999962091,1
da583dfc-ecb9-4a34-acb6-814fdcf8409a,2.1424999999908323,0.932541999645764,3.0750419996365963,1
e92e040d-6bc9-45bb-add1-65b4c10e9183,2.80995899993286,1.0553749998507556,3.8653339997836156,1
fd50e453-c12c-4c4c-9d79-58b13ac2158c,2.092082999752165,0.9537920000184386,3.0458749997706036,1
3edef76d-e85e-4531-ad51-47771a4c711b,2.2441669998443103,0.8615830001872382,3.1057500000315486,1
60deecb6-0741-41a7-a97d-92ce09e0224d,2.543166000123165,0.796541999989131,3.339708000112296,1
e0a19d45-391c-449e-ab5a-2e5da802681a,2.0378330000312417,0.8938340001805045,2.931667000211746,1
0341d75f-f7c0-4859-a6d8-22eef6664da5,2.3104590000002645,0.9638329997869732,3.2742919997872377,1
c687aa16-bc85-42e8-a2c4-866143acb747,2.632416999858833,0.9178750001410663,3.5502919999998994,1
64c4ce2a-ef37-438b-b0d7-08a892671e19,2.851499999906082,0.7164170001487946,3.5679170000548766,1
86e59f82-0d07-4dfc-a949-063dd190c030,2.8324999998403655,0.8210410001083801,3.6535409999487456,1
6459731e-cffc-417d-a416-2839a05d3202,2.4348339998141455,0.8812910000415286,3.316124999855674,1
55bedc03-a150-4578-b5ae-0c324331a642,2.727000000049884,1.0265829996569664,3.7535829997068504,1
a43fb07d-f1c5-46ec-99fb-429e49773cee,2.348167000036483,0.8858750002218585,3.2340420002583414,1
19c87416-8f3f-412a-868f-2853c82628aa,2.1974159999444964,0.9729590001370525,3.170375000081549,1
bb6fede1-5bea-469b-b6c6-0ff8fb74b298,2.5478749998910644,0.8334160002050339,3.3812910000960983,1
c13ce6f8-f913-41fe-8ef2-109043946182,2.286833000198385,1.5246250000018335,3.8114580002002185,1
6487fa8d-27f5-43c1-9405-ee9e4b5f54af,2.7797500001724984,1.4440830000239657,4.223833000196464,1
6dba6367-3829-42e2-bd32-1e09772dc8bf,2.7623330001915747,0.9851669997260615,3.747499999917636,1
6cb6777c-ee3d-4d24-8d44-ae52d7af565a,2.7557910002542485,0.9109999996326223,3.666790999886871,1
8c5e43bb-251b-4543-aee2-ba7089d4c3c7,2.07554100006746,1.1524589999680757,3.2280000000355358,1
3e6a8df3-4e7c-4b49-b1b7-dbab9adef834,2.4129999997057894,0.8246249999501742,3.2376249996559636,1
0e042580-04b0-4326-9dfd-d31fee4c9c8f,2.0000839999738673,0.7414159999825642,2.7414999999564316,1
6b01d980-b5e5-44ba-a1bd-572d7e8de169,1.882541999748355,0.7173750000220025,2.5999169997703575,1
e3885b39-8b4a-4475-8f04-d63b47555212,1.9119170001431485,0.691332999849692,2.6032499999928405,1
af1725c8-a366-42d2-bd5c-b5b5527cc7ae,1.9665840000016033,0.754582999888953,2.7211669998905563,1
34e695d7-5f85-4650-b56b-52df0e28c537,1.8172080003751034,0.9351669996249257,2.752375000000029,1
a203b5fb-f4f2-4677-82a6-d8725faad303,1.8170829998780391,0.8207500000025902,2.6378329998806294,1
b3047092-da9f-4c08-bd20-438d5e209ab8,2.035083000009763,0.7989170003384061,2.834000000348169,1
d141849b-c7e4-4edc-bb75-ae570ede4e3f,2.0347499998933927,0.7573339998998563,2.792083999793249,1
961a5452-90aa-40e3-932c-0d84e7e585de,1.818042000195419,0.7677079997847613,2.5857499999801803,1
caaabd2c-732a-4316-aa66-15440a32a9b5,2.0942500000273867,0.7581249997201667,2.8523749997475534,1
57291419-ded3-4a6d-9c19-51eb0afa85e6,2.0628339998438605,0.7633330001226568,2.8261669999665173,1
d9c9082c-538d-4949-9830-446051cdcaba,1.786875000107102,0.7765830000607821,2.563458000167884,1
63710bd1-6831-4ba2-9d24-c42f13e48860,1.9163749998369894,0.8219999999710126,2.738374999808002,1
aafa54c4-47a8-444c-8022-393010cf77a1,2.1692079999411362,0.7548749999841675,2.9240829999253037,1
1dbdf9cf-0ce5-44d0-9e41-87970d147f6f,1.9274579999546404,0.72870799976954,2.6561659997241804,1
d94456d6-0a7d-4309-a41d-afc994b32446,1.7105000001720327,0.7735829999546695,2.4840830001267022,1
35116bf5-6898-4366-a982-9758d3dd7f66,1.9259159998910036,0.8259169999291771,2.7518329998201807,1
6383b467-8bbc-4f7e-a067-903f601acfa8,2.168624999740132,0.7560419999208534,2.9246669996609853,1
8a674764-6271-4aa5-98de-8ca22aa98b61,1.8298340000910684,0.6536659998346295,2.483499999925698,1
52789389-f350-42cf-882a-3d1f3f4b6d7c,1.783209000222996,0.7504159998461546,2.5336250000691507,1
b538527e-47cb-4e36-9476-a3f10cdbb64e,2.047208000021783,0.6773339996470895,2.7245419996688724,1
61309626-1a67-4daf-b5aa-1d5dc5b53fca,1.9278749996374245,0.712875000317581,2.6407499999550055,1
216929dd-8780-4145-90d1-a50c45cb11c8,1.786916000128258,0.7865840002523328,2.573500000380591,1
00afd983-61bc-4714-82a9-fb013f30eb7a,1.9952500001636508,0.7145419999687874,2.7097920001324383,1
556ef938-307e-4bb2-ad85-f242b608fff4,1.9627080000645947,0.677416999678826,2.6401249997434206,1
f5b59219-e3b8-40c8-8aa3-8fed1256446c,1.7954159998225805,0.6912919998285361,2.4867079996511166,1
e679b864-02ae-4e10-bb67-8fd6335a0dfa,1.8291249998583226,0.8801250000942673,2.70924999995259,1
5fec4108-9f09-4e09-9a7c-56fcd17280b7,1.4374160000443226,0.6944169999769656,2.131833000021288,1
8f06f159-333a-47a9-a8f3-d9d841318311,2.3030840002320474,0.7562079999843263,3.0592920002163737,1
e399e244-ff03-4de5-b5df-bd59a29b5fac,1.7853750000540458,0.6752499998583517,2.4606249999123975,1
e54313d5-8a27-4d29-85a4-d5d453ff9cdd,1.6907500003071618,0.7797919997756253,2.470542000082787,1
b9e4ed16-04a8-4141-8dc0-9d5bb39c5c04,2.084166000258847,0.7641249999323918,2.8482910001912387,1
e1f70dcc-12f5-40ac-b928-a04175aa126f,2.0581670000865415,0.7409999998344574,2.799166999920999,1
ea9e593c-fb3d-4c3d-bd24-b30ee8b058c4,1.6193750002457818,0.7889169996815326,2.4082919999273145,1
8ff7f2c5-e516-41be-963b-2ae261ff06e0,1.8336660000386473,0.6942089999029122,2.5278749999415595,1
d58affb1-503a-4166-a201-c268e48aa7e6,1.9445839998297743,0.6800830001338909,2.624666999963665,1
1dfced16-0032-42e8-a975-9074b53ad77e,1.5834589999030868,0.6344160001390264,2.2178750000421132,1
c83128f1-5d3b-42bd-a5f2-3bdc71db320e,1.4752500001122826,0.867000000198459,2.3422500003107416,1
09bd4862-87cf-4afb-bc92-9f558ed1c8d4,1.449583000066923,0.6748750001861481,2.124458000253071,1
7944cb70-83b2-4d32-b612-c6f0f1b8e00f,1.4100829998824338,0.74354200023663,2.1536250001190638,1
cc7bb2be-e1d6-4155-9fe5-f9ed8fe96929,1.369625000279484,0.7061669998620346,2.0757920001415187,1
05a91947-a0bb-4672-ab95-5c094713ed55,1.7331250001006993,0.8247920000030717,2.557917000103771,1
75556d3f-f59b-4e65-868d-17d69726617b,2.3599160003868747,0.699416999850655,3.0593330002375296,1
9878a1ff-9d55-4dd4-abe6-44846e1a74ff,1.9514999999046267,0.7173750000220025,2.6688749999266292,1
323b3f20-39b6-4b87-bf9a-37256f0c5b9f,1.6358749999199063,0.78116599979694,2.4170409997168463,1
45caf515-d924-4e4b-85bb-44d06d2409bd,1.8874170000344748,0.7397499998660351,2.62716699990051,1
bc2afe30-a7c5-41d0-ac92-6d286d604cf6,1.903625000068132,0.6816669997533609,2.585291999821493,1
b2957c78-5972-47c3-b02d-3cbec7e5737e,1.727791000121215,0.688249999711843,2.416040999833058,1
4e3e046f-6994-4ea5-ae0a-ad6d3e1cf142,1.6552920001231541,0.7716669997535064,2.4269589998766605,1
1b0466d9-cc18-4d64-b654-4de9939013d8,1.351959000203351,0.728500000150234,2.080459000353585,1
7b41d43b-9090-4d3e-a95e-a00062baa8cf,2.16520899994066,0.736125000003085,2.901333999943745,1
dd2aee20-e374-4fb1-8b27-b0cd186cf50c,1.8184169998676225,0.7759999998597777,2.5944169997274003,1
bb28c399-0921-4f14-8a3f-46e854458ac4,1.5042080003695446,0.6694589997096045,2.173667000079149,1
af9cda3f-7930-4524-aa27-a86c78f95c55,1.258750000033615,0.6840000000920554,1.9427500001256703,1
e77ac7e7-7ba1-436d-aaa1-c0018faad013,1.3424589997157454,0.679125000260683,2.0215839999764285,1
b0ae3802-5870-4c8b-83d8-5211ac7d189b,1.3170829997761757,0.8543750000171713,2.171457999793347,1
5e975665-1f21-4994-a92d-b2db7b4f9d2a,1.4003750002302695,4.205833000014536,5.606208000244806,1
22e2fa21-d8b1-4274-9d25-96f204257403,2.8562500001498847,0.7588749999740685,3.615125000123953,1
e4379b2b-a38e-48e6-b676-336a0352b27b,1.5846250003050955,0.7996669996828132,2.3842919999879086,1
199f7900-5221-4c00-9931-ad1f43cb81d1,1.5549169997939316,0.7865830002629082,2.34150000005684,1
079d2624-8d38-4c47-bfc3-5d3dffc0aca1,1.332583000021259,0.706374999936088,2.038957999957347,1
c61fe888-9b80-40cd-9d9e-0d7463b809fd,1.3429169998744328,0.7592910001221753,2.102207999996608,1
a5cfa50f-b1d0-4670-ad3d-fc92b4bd4873,1.3407499995992112,0.8095830003185256,2.1503329999177367,1
f9da5226-2e54-4a33-990a-dc539b6578bc,1.4669579995825188,0.7868330003475421,2.253790999930061,1
8d8b3480-48de-4d6f-b78c-d4219e40aa0f,1.3867500001651933,0.710124999841355,2.0968750000065484,1
d9788f40-c0d5-41b3-a1b8-85042225216e,1.3184589997763396,0.8053750002545712,2.123834000030911,1
5775c92a-5a75-4590-9d60-bc404d7c7dc5,1.438959000097384,0.8357080000678252,2.274667000165209,1
336ef52f-0cef-4ca5-a184-77052c0639d4,1.543541000046389,0.7113749998097774,2.2549159998561663,1
2badb422-3498-47a8-8833-eea4b7e6b240,2.32229199991707,0.6947080000827555,3.0169999999998254,1
d93ca0e1-47e2-42e6-9721-5679fb2e9aaa,1.683749999756401,0.7537080000474816,2.4374579998038826,1
c16fbc32-ff66-4c90-8672-2d728e8459af,1.6310000000885339,0.7174160000431584,2.3484160001316923,1
a52a7837-bab8-4f05-9685-334b34d67da7,1.34524999975838,0.6829580001976865,2.0282079999560665,1
f6bff609-8639-401d-af0c-6d58d6904948,2.4428339997939474,0.6892080000397982,3.1320419998337456,1
de20f760-fa4f-41c5-8f36-b98d64ac2c42,1.8189580000580463,0.7837079997443652,2.6026659998024115,1
a4740997-4041-4a69-8b1f-fc898b2289ae,1.472500000090804,0.7002499996815459,2.17274999977235,1
cdd8256f-50e9-49a8-8275-72278d158601,1.3283329999467242,0.6461250000029395,1.9744579999496636,1
a795bd94-cf02-481d-9e35-fb2368d97814,1.265790999696037,0.6667920001746097,1.9325829998706467,1
ddf3b783-206e-4281-8144-726a0f6e9c98,1.4388330000656424,0.8177089998753218,2.256541999940964,1
9e94819f-0c73-421d-a4fd-c47dda706649,1.3984580000396818,0.8465420000902668,2.2450000001299486,1
8fe6514e-c870-4abc-b333-7aac5244727d,1.2577500001498265,0.6713749999107677,1.9291250000605942,1
4e97d0d8-1236-4e08-b01f-e42e9ce942f3,1.3079169998491125,0.7823330001883733,2.0902500000374857,1
d4325454-5b00-47c6-bf37-01e29bf837dd,1.2515000003077148,0.7415410000248812,1.993041000332596,1
f02ea2a7-34e3-46f8-bb4e-f6982117c931,1.4923749999979918,0.8173750002242741,2.309750000222266,1
e6f97d88-cf75-4def-a207-899d51903918,2.3620840001967736,0.7596659997943789,3.1217499999911524,1
5e244fe3-cb24-48ed-a3dd-ff27c4557f80,2.082791999782785,0.7368749998022395,2.8196669995850243,1
760b8717-3cf2-44ed-8bbb-d53e1b965aa6,1.7161249998025596,0.728500000150234,2.4446249999527936,1
37c188f4-11de-487d-993f-377327b9aaf7,1.8995830000676506,0.7377920001090388,2.6373750001766894,1
5cff1e24-ec29-46ee-9c7a-cec600976e71,2.0646660000238626,0.6646249998993881,2.7292909999232506,1
e114910d-4319-47cc-845e-4f3cf28a06ad,1.8477919998076686,0.6955829999242269,2.5433749997318955,1
832a206b-2c28-475f-b022-560d65ba6ca4,1.7744579999998678,0.8917079999264388,2.6661659999263065,1
a993588e-47ee-4b34-90ac-be68331cd6b1,2.280000000155269,0.7327499997700215,3.0127499999252905,1
2ada8204-c385-4500-8a9e-f1dd76e4c3c9,1.9177079998371482,0.7334169999921869,2.651124999829335,1
852f0c47-1d54-44a4-a198-7f647f0d6cf9,1.7283339998357405,0.7211249999272695,2.44945899976301,1
c772c2b4-7e33-4532-ab74-9178d4a01da8,1.5759169996272249,0.7144999999582069,2.2904169995854318,1
1e7def0b-36c2-4254-82c8-6cdfe33e5f04,1.356666999981826,0.6712499998684507,2.0279169998502766,1
a2a69c38-6168-4efe-83cf-21e8c9a8e505,2.3091249995559338,0.7452910003848956,3.0544159999408294,1
f5984a05-2f5f-462a-b7f0-38c240b8680e,1.7936659996848903,0.8262500000455475,2.6199159997304378,1
73c7d002-2dd4-492e-9479-210f9cdbfe33,1.9963750000897562,0.8338749998983985,2.8302499999881547,1
b3b3d9b7-82fd-44df-bfaf-7fc566b79dc9,1.5957499999785796,0.788125000326545,2.3838750003051246,1
cb4cf399-0dbf-4720-a269-3ff494cb1cce,2.051665999715624,4.258959000253526,6.31062499996915,1
b7858d04-72f5-43f8-b8f1-ba83590925d0,1.6684170000189624,0.8323750003000896,2.500792000319052,1
17fb5e50-0299-46d0-82eb-f14e24e99e50,1.3949169997431454,0.8196250000764849,2.2145419998196303,1
48f43837-72c9-4f19-b5d1-04b1aa0039a1,1.607125000191445,1.441333000002487,3.048458000193932,1
e68159aa-9d44-4a87-b0c4-650333af8fe5,2.0556660001602722,0.9079999999812571,2.9636660001415294,1
d6b418ef-a061-4540-88be-0055fa14cf3c,2.291208999849914,0.863125000250875,3.154334000100789,1
b635bc42-657b-4534-8591-2d0ed72528c0,2.9472500000338187,0.8224580001296999,3.7697080001635186,1
071640a8-3313-4521-b45d-28c79073e62a,1.8828329998541449,0.7942090001051838,2.6770419999593287,1
67ae7450-affe-48d2-834f-716f6cd2d5bb,1.9619580002654402,0.8932089999689197,2.85516700023436,1
bf26ba7f-dda1-493a-9f8d-6632012acbf1,2.1290829999998095,0.7071670002005703,2.83625000020038,1
1e6c68db-ac35-498b-8127-4e40de750bee,1.802709000003233,0.7427909999933036,2.5454999999965366,1
3c0459ab-adc4-4d5f-8027-ceaa00fb6ead,1.7517500000394648,0.8297079998556001,2.581457999895065,1
19d4aaac-3925-4cd4-8ce9-16b6de735c27,2.1537080001508,0.8235420000346494,2.9772500001854496,1
2e2724f5-1e6c-413b-9ecf-c6f8746f9e55,2.4686249998921994,2.0959580001544964,4.564583000046696,1
a2ce82d7-86ea-4a12-ac23-4bf4c75e21cc,1.8082919996231794,0.7170000003497989,2.5252919999729784,1
3795f97f-8b4a-4a56-b4b6-5c94fbb62b37,2.2167909996824164,0.6952920002731844,2.912082999955601,1
ebb52c52-fb89-41d9-8041-d90698e04152,2.0778329999302514,0.7409590002680488,2.8187920001983002,1
95bf2f4d-520d-44c9-a846-9b205a5dcfb2,1.8684169999687583,0.7075410003380966,2.575958000306855,1
9ff526bd-7879-4dec-a76b-9ef039cd98da,2.0507080002971634,0.7129589998839947,2.763667000181158,1
480857be-de99-43fc-b323-9a0448f3661c,1.927249999880587,0.6944589999875461,2.621708999868133,1
3a2071a2-cca9-488a-80c4-ff20ea8ce956,1.7870839997158328,0.8539999998902204,2.641083999606053,1
15dcd416-ea65-46af-9858-b9d0014f1511,2.4877079999896523,1.047792000008485,3.5354999999981374,1
38dae699-3a96-4e1c-b031-a2b7bf5c787b,1.825665999604098,0.7995420000952436,2.6252079996993416,1
dbd85ba7-5023-4cd2-a810-3c93ba7db618,1.6253750000032596,0.8909170001061284,2.516292000109388,1
a820032f-a648-4e4d-8740-c6300d80545a,1.7592079998394183,0.9722499999043066,2.731457999743725,1
a8a0d12c-94f6-4139-a381-32f1a9812046,1.5712919998804864,0.8323330002895091,2.4036250001699955,1
f1669149-24ce-47cf-8c2a-82111da481dc,1.4578330001313589,0.7319169999391306,2.1897500000704895,1
07a6227a-4b18-454b-8bff-3ee011b31718,2.320040999620687,0.7504170002903265,3.0704579999110138,1
c44170f6-0250-4577-a043-2d06fade076c,1.7589160001989512,0.7848749996810511,2.5437909998800023,1
cb0b91f7-7d11-4cff-860c-8083dee9a779,1.93074999970122,0.765083000260347,2.695832999961567,1
0f9c9a10-3c1f-4673-a2d3-f23d16d62b22,2.052958000149374,0.7386669999505102,2.7916250000998843,1
4c57b55c-7c07-40f7-936c-136f7033a5a3,1.878791999843088,0.6938750002518645,2.5726670000949525,1
c2ce749b-17b1-4702-b539-c57bb40c507a,1.77366699972481,0.8860830002959119,2.659750000020722,1
eaf7cd61-7e84-498a-93e1-66cd8aee800e,1.5177919999587175,0.7668329999432899,2.2846249999020074,1
b5ca395d-963b-4243-b964-f711220c5a4b,1.3416250003501773,0.6538339998769516,1.9954590002271289,1
546d9cb2-f04b-4641-824b-148fdae5883f,1.3900409999223484,0.8118749997265695,2.201915999648918,1
6dd5f827-5562-4b9c-bab0-4bfdbd2f1506,2.2044170000299346,0.8205829999496927,3.0249999999796273,1
ee670619-b419-451a-b63c-8df6723d1276,1.9923330000892747,0.7891669997661666,2.7814999998554413,1
5c0cf3b3-5471-4e61-8b83-6764ff999c63,2.1959160003461875,0.729708999642753,2.9256249999889405,1
0abc2bd3-0975-4667-950b-c69ae7a15928,1.847208000071987,0.6943749999663851,2.541583000038372,1
5412f62f-d5e4-4e2b-8101-86031a034477,1.7897920001814782,0.8530420000170125,2.6428340001984907,1
eb4e81ea-ff90-4672-83c0-0f7a1ed7297c,2.022957999997743,0.6825000000389991,2.7054580000367423,1
db66fa17-a2e8-48b5-8110-250cc9ba451d,1.955958000053215,0.6984589999774471,2.654417000030662,1
e08be601-ea37-4d35-a193-7109b318be1f,1.7744579999998678,0.7672920000914019,2.5417500000912696,1
16262d28-353c-49e7-bd9c-aee25fe04b9e,1.9319170000926533,0.6769999999960419,2.608917000088695,1
cfac9e85-4218-4a0f-b612-9d14f7da9897,2.2080000003370515,0.7002919996921264,2.908292000029178,1
c6f597f4-bc85-4fef-bd28-f33827a3fbd3,1.8199589999312593,0.6897080002090661,2.5096670001403254,1
014fb6b4-9e67-4d94-b304-eb09b9b966a9,1.8123750000995642,0.7647499996892293,2.5771249997887935,1
5533c344-e2ee-4355-ad58-3f517bb9a34b,1.4317909999590483,0.8027499998206622,2.2345409997797105,1
6ddc1faf-f8c8-451d-98e5-d625a98d1ccd,2.2361670003192557,0.6884579997858964,2.924625000105152,1
c82d08d6-f138-4158-a38f-a3ec200a3a30,1.7935420000867452,0.7592080000904389,2.552750000177184,1
aae4d3b2-61fd-4ef5-a233-881800818e4d,1.6381669997826975,0.9015830000862479,2.5397499998689455,1
26ae1160-b05f-4f4f-a48c-1467e444c500,2.0935420002388128,0.9381249997204577,3.0316669999592705,1
10ea22d9-942d-4590-af65-4cbf2eb513e9,1.769125000009808,0.9324999996351835,2.7016249996449915,1
035c2141-4e8c-4c28-a821-52a83582eccd,1.641416999973444,0.8427499997196719,2.484166999693116,1
23395d02-02eb-4445-9e2b-6be15fa4defe,1.678000000083557,0.8167499995579419,2.494749999641499,1
8d91f7b7-9986-472f-b09a-909de0d4f7e1,1.5826250000827713,0.731667000309244,2.3142920003920153,1
fddad7ee-cf2d-4816-baa0-60a883437d36,1.4635000002272136,0.8969579998847621,2.3604580001119757,1
61e6054f-de4c-4c62-ad98-cd99becf2e49,1.4262919999055157,0.9370829998260888,2.3633749997316045,1
e7917e64-14bc-492c-a554-ded36a0e7150,2.4826660001053824,0.7782089996908326,3.260874999796215,1
2d3281ba-15f8-497a-a499-914eebc06e06,2.055583000128536,0.7163749996834667,2.7719579998120025,1
75a64794-49e1-42da-a9d7-d17510528524,1.8556660002104763,0.7264169998961734,2.5820830001066497,1
57c954ee-dced-409b-8b98-0c6889361a5e,2.1534580000661663,0.73691699981282,2.8903749998789863,1
436256cb-557d-4085-bef6-7ec9b4672d95,2.023042000018904,0.7505409998884716,2.773582999907376,1
da0cdbcc-f474-46fc-9677-8d5d17ef3305,1.8450000002303568,0.7232919997477438,2.5682919999781006,1
92a91f74-2e89-45d9-927c-860bc3f73f0a,1.7325839999102755,0.8086249999905704,2.541208999900846,1
b3ebb044-a408-4041-bab1-db223cadb27e,1.3901249999435095,0.7488329997613619,2.1389579997048713,1
ced2103c-4da2-49cf-8ed5-3522bdf94578,1.3681659997928364,0.7009170003584586,2.069083000151295,1
c0f409b3-5505-423b-95bc-b65eedd7b13f,1.3934170001448365,0.7860829996388929,2.1794999997837294,1
37827986-b65d-419b-9d15-da89e8f26c82,1.4254170000640443,0.829832999897917,2.2552499999619613,1
5ce4b2df-071c-4b1e-98d2-a2fab3a649ab,1.3706250001632725,0.7555000001957524,2.126125000359025,1
4dea2555-c4c3-43c3-94c9-b98a2a208617,2.3510420001002785,0.7728750001660956,3.123917000266374,1
ddedab59-d2e7-4e0f-838f-e5217dbb78e1,1.7183750001095177,0.7065830000101414,2.424958000119659,1
e4acd7c1-3666-43f9-8d0f-092db816e28b,1.7887909998535179,0.7527090001531178,2.5415000000066357,1
f3ad4fb9-f05f-4fe1-a7b6-bfe63c78f46c,2.1589170000879676,0.6691660000797128,2.8280830001676804,1
13e689fe-b7c1-435b-82be-c05bd8d6c2a6,1.8046249997496489,0.7745000002614688,2.5791250000111177,1
556dcc84-ad38-4544-83c8-8458e9665ebe,1.7181250000248838,0.7726250000814616,2.4907500001063454,1
17a8a833-f7e5-4379-b0d7-1acbb07a0a7c,2.224625000053493,1.0682079996513494,3.2928329997048422,1
96366a50-879a-4ccd-b509-2a110cab3981,2.654583000094135,0.9341670001958846,3.5887500002900197,1
d461aeb6-65d8-4aa0-b212-9b46b8aa01e0,2.0619169999918086,0.8473749999211577,2.9092919999129663,1
eb6ad5bd-4dd0-44e8-8dec-23e8229184c8,2.913416999945184,0.788667000051646,3.7020839999968302,1
2d11b4b7-18e9-4d70-b814-c02b25c3b7cb,2.5150830001621216,0.7039170000098238,3.2190000001719454,1
a8884be8-c10a-446a-a74e-761bc679a4c2,1.809915999729128,0.8400840001741017,2.6499999999032298,1
ed2b70e6-a5bc-4547-a5b1-313714062ffc,1.6172499999811407,0.744791999750305,2.3620419997314457,1
90f66613-07b9-4201-8c14-22c623fa68a3,1.4590830000997812,0.8326669999405567,2.291750000040338,1
7d97872f-d756-4ff1-8cc3-de8db3b27183,2.4988750001284643,0.8073340000009921,3.3062090001294564,1
556dea87-9fe6-4789-842a-63f8f0902cb8,1.7627500001253793,0.7840829998713161,2.5468329999966954,1
1f866c28-b49c-40f9-86ae-b1645c8ad4c4,1.9849169998451544,0.7130409999263065,2.697957999771461,1
a0fbf731-5e74-482d-8f53-b5749ddbef51,2.1027919997322897,0.7030410001789278,2.8058329999112175,1
e91cbdd7-6278-49ec-a44e-6b662fbc7942,1.8397079998067056,0.7256670000970189,2.5653749999037245,1
bc73f577-94e2-4e66-9ab3-03d23d2bc832,1.8054160000247066,0.8005839999896125,2.606000000014319,1
4a966d76-7d4c-4552-b15b-f60405c7d5ac,2.2666249997200794,0.7907909998721152,3.0574159995921946,1
6785bdd1-7380-4214-b824-4f0a04d8ccbf,2.228625000043394,0.7504579998567351,2.979082999900129,1
aadc468b-6bbf-4c76-a582-60ec147514e6,1.8732500002442976,0.6877079999867419,2.5609580002310395,1
fbed3121-68f5-44d9-87d1-03a9c07d498d,1.888958000108687,0.7179579997682595,2.6069159998769464,1
20d4f578-7b99-4a75-a63e-41a4079474c6,1.454499999908876,0.8292080001410795,2.2837080000499554,1
2537a988-d695-47a8-8f13-cd8317b52d4f,2.308041999640409,2.5737500000104774,4.881791999650886,1
4cc76c74-c310-4607-a003-398a2a7a8d44,1.6990829999485868,0.7000000000516593,2.399083000000246,1
9558c479-e12e-42b5-aca2-393299f5b9dc,2.1645410001838172,0.6570420000571175,2.821583000240935,1
e1dce97e-8020-4448-b9b1-b8f1c5f0c47c,1.8756250001388253,0.7855829999243724,2.6612080000631977,1
74ff2cb4-0a0f-44cc-953d-7beaaf065718,1.7479580001236172,0.7378750001407752,2.4858330002643925,1
70425327-3e93-466f-b75f-789798611e1f,1.9837089998873125,0.7107910000740958,2.6944999999614083,1
dd690444-123d-461a-b3e7-86fa64f863e2,2.2152500000629516,0.6807079998907284,2.89595799995368,1
cb0d44b1-f8bc-4094-a929-0dcc2b01b18d,1.8105000003743044,0.6634579999627022,2.4739580003370065,1
8c497fe5-ad58-45b1-bcb7-3bbf0bee1bee,1.4832910001132404,0.9430840000277385,2.426375000140979,1
f0166340-1ddb-4e05-b288-42c3438c5321,1.4191659997777606,0.6816250001975277,2.1007909999752883,1
27b92627-ddaa-4381-8174-7bac7126ddb4,1.4311670001916355,0.7300829997802794,2.161249999971915,1
a91d76cf-8a11-45d4-b1f7-5a5690fa7055,1.4318329999696289,0.8382500000152504,2.2700829999848793,1
257286eb-9a09-4819-82ac-8bea26c9dc63,2.1036670000285085,0.725291999970068,2.8289589999985765,1
b1a5f523-e3d0-43d4-beda-7793accbbdea,2.011999999922409,0.6784580000385176,2.690457999960927,1
5a0d9a93-6451-4f95-b225-ba0251d4531e,1.9550419997358404,0.7197909999376861,2.6748329996735265,1
a9f25027-928f-4989-b165-c9ee32ef7129,1.9468750001578883,0.7067500000630389,2.653625000220927,1
a039240a-91c2-4412-bac7-47beb58f3e81,1.78437499971551,0.7735419999335136,2.5579169996490236,1
4eca63d1-4582-400c-b532-c65cb158bd1a,2.2012499998709245,0.7691659998272371,2.9704159996981616,1
c9c33f2f-8fd2-4a5f-b408-588a8c778a5b,2.115750000029948,0.7541669997408462,2.869916999770794,1
bd953ddd-6c45-4623-92ae-1efc76dd19e1,1.735083000312443,0.7259999997586419,2.461083000071085,1
5a877543-0953-4172-a8a0-e25411b2d074,2.022124999712105,0.7093750000422006,2.7314999997543055,1
4e8c9b3c-7821-407a-becd-e94d078d11c5,2.0661670000663435,0.6861249999019492,2.7522919999682927,1
23ba6bb5-2d5d-4dc7-afd9-bb0c2d07d081,1.7667080001046997,0.6787079996684042,2.445415999773104,1
4b5d8388-6a77-41eb-8cc4-733aa10e4bff,1.8177090000790486,0.8379159999094554,2.655624999988504,1
48563b8d-1d09-4f17-a98a-f3ad6ede63c0,1.4373330000125861,0.7312499997169652,2.1685829997295514,1
15d69242-9bbd-4729-b423-ee25c9af1b44,1.3783750000584405,0.7420419997288263,2.120416999787267,1
bbe8f8d1-9635-4eff-937b-73b993e4ae13,1.4441250000345462,0.7775829999445705,2.2217079999791167,1
438fb623-d718-47d7-a93e-0dae4e27ac5e,1.5300830000342103,0.7521249999626889,2.282207999996899,1
b462ce13-ad71-4be5-b3d6-59d91a94390d,1.4636669998253637,0.739333000183251,2.2030000000086147,1
9b2e0424-b108-435e-9c74-ea1221bd3ed2,2.332624999780819,0.7596670002385508,3.09229200001937,1
8a208748-7d19-4507-87df-3b08c5f4621c,1.9322079997436958,0.8197500001188018,2.7519579998624977,1
6e32c14f-e8c4-44b4-ba56-58a470049cca,1.993958000184648,0.7888340001045435,2.7827920002891915,1
3fb41486-5e6f-4f2b-9fed-fca50c98c000,2.0057500000802975,0.7032090002212499,2.7089590003015473,1
43cf6d06-97af-4cdd-94bf-32b180583238,1.8061249998027051,0.7298750001609733,2.5359999999636784,1
4d20e23a-93d8-4f70-b32e-37b27e31937b,1.8082090000461903,0.7704580002609873,2.5786670003071777,1
0306fe6f-2da6-48d3-87fc-eff3e8e52a6d,1.509749999968335,0.7089999999152496,2.2187499998835847,1
3dbac51e-5ca0-43e8-84fb-dbb10856a56c,1.2819580001632858,0.7654169999113947,2.0473750000746804,1
49130f3d-46a1-428a-92dc-fee348772eda,1.6447919997517602,1.1482499999146967,2.793041999666457,1
2f9cc855-7aa2-4fc0-a672-9d4aef7a7619,1.8426249998810817,0.9695410003587313,2.812166000239813,1
36641185-db11-4b12-b92f-3950f91d8f80,1.731625000047643,0.840458000311628,2.572083000359271,1
930101c8-ae8a-4f2b-a649-b0f87effb458,1.442834000044968,1.0669160001270939,2.509750000172062,1
97850b79-8123-4c05-b0b3-c442eafcfb01,2.4412500001744775,0.8193329999812704,3.260583000155748,1
e773426a-c738-4207-b359-47a960a2ea9a,1.4942080001674185,0.8210000000872242,2.3152080002546427,1
9754e8a4-694f-4ccd-b5a8-1f04be636778,1.7830830001912545,0.8296249998238636,2.612708000015118,1
318c7f07-44bf-45b5-8c09-1bec969cd652,1.4225840000108292,0.8025000001907756,2.225084000201605,1
3d5d458c-284e-43c1-a244-6e1ff56b191c,1.4966249996177794,0.7883750004111789,2.2850000000289583,1
4138da8e-7db9-4b25-9336-af918df8414f,1.6114160002871358,0.8282919998237048,2.4397080001108407,1
98c4b303-8409-4bb2-b02d-17770ba4f1a9,1.3812919996780693,0.7625420003023464,2.1438339999804157,1
2d1b2b2b-ba84-4f65-896b-7e8b98df14f6,1.356749999558815,0.7638340002813493,2.1205839998401643,1
1753b87b-c86e-4ec9-a650-da823c5a32de,1.4271659997575625,0.8697920002305182,2.2969579999880807,1
d2d8c3e4-e5dd-4e91-8f80-700ee86bd158,1.5715829999862763,0.7556250002380693,2.3272080002243456,1
21cf2308-aa48-470e-abfc-d127a6003545,2.2476250001091103,0.7067920000736194,2.9544170001827297,1
ece3564d-67d4-46b8-98c8-95fdacd25b7f,1.7929170003299078,0.7195829998636327,2.5125000001935405,1
c29a281e-3dae-4a7a-8c9b-172eba2bc2f0,1.8911249999291613,0.8171670001502207,2.708292000079382,1
aba1a87c-0464-4b3a-84fa-4604747c716d,1.440249999632215,0.7260840002345503,2.1663339998667652,1
3f4bbf88-5ef7-4abb-8b8d-2fca6db43d4a,1.4353749998008425,0.7403750000776199,2.1757499998784624,1
863eea81-38c1-4d68-aef2-295a2e466ad7,1.3467909998325922,0.8138749999488937,2.160665999781486,1
d7e0470c-5ccf-43e9-9f5b-5fdaf9c9c5ee,1.6160830000444548,0.9005830002024595,2.5166660002469143,1
2f537002-28ea-407a-bbc0-9171a98e2995,1.5266250002241577,0.7978329999787093,2.324458000202867,1
bae11ad5-0191-4b6f-a67b-d637c73b1a88,1.3752909999311669,0.7092499999998836,2.0845409999310505,1
1f035947-9cf3-4eae-8a22-975f305df375,1.5651250000701111,0.7242920000862796,2.2894170001563907,1
474052e2-c00a-437a-9496-8c4a7442ea4d,1.8023329998868576,0.6908340001245961,2.4931670000114536,1
9fb4557d-fedf-434f-9bbe-29dcf3200551,1.48799999988114,0.8669999997437117,2.3549999996248516,1
66778617-b22a-4880-994b-4e206ad05dde,1.5185840002231998,0.7197079999059497,2.2382920001291495,1
a9798e9c-30fe-4748-bacb-d6b3fdc7cdfa,1.4140829998723348,0.8225830001720169,2.2366660000443517,1
9afa4ff2-fe55-4b84-8af5-7e13228cbbf8,1.5185409997684474,0.7838750002520101,2.3024160000204574,1
c338d575-5b8b-45a1-ae53-6397e0e57607,1.5120830003070296,0.8643329997539695,2.376416000060999,1
ec87fc29-878b-46f8-bd74-f17a4aeaaaea,1.4436249998652784,0.7466249999197316,2.19024999978501,1
de5aba8f-e742-4703-bd9e-a04b2ebcebfa,1.3798749996567494,0.7190410001385317,2.098915999795281,1
95732e17-13d7-4950-b145-6dc4ea80f0a6,2.3687080001764116,0.781499999902735,3.1502080000791466,1
9a903e7d-c2b5-4853-8622-429b2ab530b9,1.927499999965221,0.7537920000686427,2.6812920000338636,1
ef440641-b80d-4ba5-93ff-75084230b00c,2.125541000168596,0.7614999999532301,2.887041000121826,1
06401117-345e-46d8-97a3-052047b09891,2.062750000277447,0.7052079999994021,2.767958000276849,1
9fadf954-0f32-4479-a1c1-bb3f01e51bba,1.89749999981359,0.7138330001907889,2.611333000004379,1
928b4c0c-5fc2-4a5d-b410-62df8f302fce,1.8009579998761183,0.8207920000131708,2.621749999889289,1
1f7018f2-8b2b-4fa2-a56d-bac941d3b043,2.2179169995979464,0.7448330002262082,2.9627499998241547,1
4f666e67-1e0c-4cdb-90a3-1b2440f34e7f,2.110583000103361,0.7516670002587489,2.86225000036211,1
9030b5b8-dcbb-4995-9900-7147bbcf54e1,1.9142500000270957,0.710333999904833,2.6245839999319287,1
9041271b-ce69-4e2c-8a37-5b60631d8fe7,2.1857500000805885,0.7149580001168943,2.9007080001974828,1
eeeacf18-9790-46ae-b346-c0d222f63892,2.2990000002209854,0.6613749997086416,2.960374999929627,1
dafe9aa5-e75e-437c-aca3-e0102db87453,1.8714169996201235,0.6434169999920414,2.514833999612165,1
de7601b7-aa2e-4728-8291-3f083ab71759,1.8928750000668515,0.822874999812484,2.7157499998793355,1
e4bb000d-bb52-4ffe-8f1f-477f9b04e75c,2.554708999923605,0.7334160000027623,3.2881249999263673,1
5eeae85b-623e-45b2-826a-8b729d62f403,2.278833000218583,0.7877499997448467,3.0665829999634298,1
035d01d7-78df-4f8c-bdaf-81d59cf516c5,2.000584000143135,0.7209159998637915,2.7215000000069267,1
d19f92ee-159a-411b-8d4b-9f3375fcd4ab,2.0923749998473795,0.7099160002326244,2.802291000080004,1
508e0cb4-583c-4718-8338-18ea92557b69,2.1101249999446736,0.7278329999280686,2.837957999872742,1
810391cb-d9b4-4f3c-8f99-294c3b723e8a,2.024582999638369,0.6786250000914151,2.703207999729784,1
64a4a10c-8e62-4c6e-be1f-612bda26a73a,1.8919590002042241,0.778082999659091,2.670041999863315,1
8d08f8cd-0317-4ca7-a7ba-9e7385e707a1,2.211833999808732,0.7253750000018044,2.9372089998105366,1
f58a81b2-f885-41b8-9b66-29b4a0b67af2,2.0752499999616703,0.7339170001614548,2.809167000123125,1
af4b008d-a74d-4a90-8f4f-bbab673421b1,1.7552909998812538,0.7841249998818967,2.5394159997631505,1
9e154acf-3a3b-492c-9335-1a6ee7695d58,2.044625000053202,0.7023339999250311,2.746958999978233,1
41f493cd-1f82-4807-9d5a-60e5641ec007,2.4596670000391896,1.934082999923703,4.393749999962893,1
69dd8ca3-5431-46f7-b253-36570c7b0290,1.8024169999080186,0.6547080001837458,2.4571250000917644,1
3312c3fb-0afa-451d-82f1-7460c62034cb,2.061583999875438,0.7400409999718249,2.801624999847263,1
4dae4b07-ce12-4816-90ed-e4bba25b5ab2,2.339375000246946,0.6694159997095994,3.0087909999565454,1
81a1f217-e958-4aa6-8794-0ed51d51da2c,1.9320420001349703,0.680374999774358,2.6124169999093283,1
71c46c64-26d3-4f41-9b16-e86f13446ed9,2.140083000085724,0.8574999997108534,2.9975829997965775,1
3e955a1b-71e9-4f17-8b73-11592fe23687,2.473416000157158,0.740209000014147,3.213625000171305,1
270ee751-1da3-4fe2-bbda-55e6100da97f,2.122458000030747,0.6820419998803118,2.8044999999110587,1
882c0052-6843-4cfc-8d62-53cfb468a33f,2.1770409998680407,0.6962090001252363,2.873249999993277,1
92949e1a-1d89-4121-9e94-8bbc265f836f,1.9914589997824805,0.7928330001050199,2.7842919998875004,1
12f3eb79-fd94-46c7-9a6c-c65eca9963e3,2.250125000045955,0.6944589999875461,2.944584000033501,1
2ce25813-2e97-4ea8-a387-0f9a871c6e02,1.9599170000219601,0.6756660000064585,2.6355830000284186,1
98af8af3-1aec-4391-b2e1-65c3da511a9c,1.9882910000887932,0.7694999999330321,2.7577910000218253,1
ff757545-6456-4313-b86b-de19b4347dd5,2.313166000021738,0.68083399992247,2.993999999944208,1
928fee88-96f6-435d-8cb1-93e9577e9871,2.1437499999592546,0.6742089999534073,2.817958999912662,1
da86a5fb-f3ca-42cd-90a2-6d29d1ff57d4,2.018958999997267,0.7450409998455143,2.763999999842781,1
0586b6e2-2191-4074-b3c9-9720f2ef7d56,1.9183750000593136,0.7051659999888216,2.623541000048135,1
dc13f8eb-3e87-4d7a-96c0-2ce1fc7ff252,2.045665999958146,0.7252920004248153,2.7709580003829615,1
78011efd-d5e3-49b6-84b0-3871a39ddcd2,2.0686249999926076,0.7455830000253627,2.8142080000179703,1
9e1280b1-5c5b-40c6-887c-5c253d81d429,1.9457920002423634,0.7410829998661939,2.6868750001085573,1
11ad0007-a334-468f-88f1-94ed6ea2dd84,2.341709000120318,0.7194999998318963,3.061208999952214,1
d3c7b23e-6782-48c5-a666-6e573b9a497e,2.0842499998252606,0.6535420002364845,2.737792000061745,1
c7bf87cd-c9b9-4500-88ff-17f0215e89fc,2.0577919999595906,0.7039580000309797,2.7617499999905704,1
7fd7b626-86df-4270-9054-5b1f2147576d,2.0070830000804563,0.665791999836074,2.67287499991653,1
2e311514-60a7-4470-917b-9720039e8510,2.001332999952865,0.6876249999550055,2.6889579999078705,1
4563f203-d2a3-4c8f-a935-c7d063a3c6e0,1.891083000373328,0.7335419995797565,2.6246249999530846,1
25782591-1d96-4c21-9efc-e44bb4e3c667,1.8294159999641124,0.7774589998916781,2.6068749998557905,1
359c988a-c2ab-4aad-9608-9ddfc595b073,2.267541000037454,0.7184170003711188,2.985958000408573,1
b4f4ea05-b387-4a40-bc40-20647fee9550,2.02670799990301,0.7065830000101414,2.7332909999131516,1
25c33bb9-0cf8-408d-970a-df03e11d3902,1.8422080001982977,0.7224169999062724,2.56462500010457,1
0cc09ca4-763f-4c16-8835-e734b5d64880,2.0274169996810087,0.6692920001114544,2.696708999792463,1
e1248da7-ef5b-41a4-a4e9-834359c53615,2.0637079996959073,0.6482500002675806,2.711957999963488,1
124fcc70-c7ec-4845-ba78-69ecbe4d46b5,1.8189160000474658,0.7690839997849253,2.587999999832391,1
0be47092-34c7-4ef6-99bc-480a5b4dae37,1.686707999851933,0.8070829999269336,2.4937909997788665,1
48fe4f08-737f-4609-9022-8fee1c92bf8d,1.5533750001850422,0.6498749999082065,2.2032500000932487,1
cf67f997-d42e-46ae-bd37-e07c56c986bc,1.3884999998481362,1.4890000002196757,2.877500000067812,1
0ccfdc01-bf3d-4e99-8d56-f174baec298a,1.4822919997641293,0.7452499999089923,2.2275419996731216,1
444fbe3e-ab0f-4df3-85e7-9691b664f57c,2.1144160000403645,0.7817499999873689,2.8961660000277334,1
39d2db64-25a3-4069-a221-f2a632bd36ae,2.2330840001814067,0.7370829998762929,2.9701670000576996,1
8ea0d45c-6bda-4f56-bd74-60b54f4477f0,2.0795830000679416,0.6672919998891302,2.746874999957072,1
5ee7b4ee-faf5-4d28-a947-54a8898d1e85,1.79462500000227,0.6453749997490377,2.4399999997513078,1
835f741c-75e6-4bcd-95f9-bdf07ab0616c,1.4450419998865982,0.7072920002428873,2.1523340001294855,1
94c83b05-82fb-42d3-8de0-79eda0154116,1.3735829998040572,0.6966249998185958,2.070207999622653,1
b8a965c0-ef2f-4128-894e-4c0f2a2c042b,1.4047079998817935,0.7539170001109596,2.158624999992753,1
b4ea6aa0-8503-4f6b-86e3-16c9d37637ca,1.4483330000985006,0.7681669999328733,2.216500000031374,1
6c9d065e-766d-41e3-a185-83b73b3e878a,1.5304999997169944,0.830167000003712,2.3606669997207064,1
395814b3-6afa-4397-9f1d-cb0fe9a2b1f6,2.348667000205751,0.7017500001893495,3.0504170003951003,1
04d80c6d-298b-433d-b99f-5b777e5f84d1,1.8526670000937884,0.724041000012221,2.5767080001060094,1
a6606868-4dd4-4ef9-83dd-3142864ec324,1.7784579999897687,0.7887500000833825,2.567208000073151,1
5bee321e-feb2-46dd-bc06-29bc2b94638f,2.1116670000083104,0.7523330000367423,2.8640000000450527,1
b58a12fe-ab2b-469d-9534-4583d27edd59,2.2211249997781124,0.6544160000885313,2.8755409998666437,1
7851071e-319b-436f-a022-975c23cd0e6a,1.773457999661332,0.6624170000577578,2.43587499971909,1
7115a7c9-0be5-4d31-8f53-4b59b6a11be3,1.498541999808367,0.821541000277648,2.320083000086015,1
f8aeb9b8-d401-49b1-adf9-d4ad86b113cb,1.450374999876658,0.7087080002747825,2.1590830001514405,1
9563d585-a35d-46ee-8d0f-39c950b12602,1.4741660002073331,0.7292089999282325,2.2033750001355656,1
dd835fd2-f0f5-4c08-8138-d7d6a885fbc6,1.4194159998623945,0.7728340001449396,2.192250000007334,1
13597964-9d07-493f-905c-cd6acae2371a,1.5042499999253778,0.8773750000727887,2.3816249999981665,1
e648fe6c-3710-4500-9e5c-24bbe25914cb,1.494125000135682,0.7294170000022859,2.223542000137968,1
8bc662c6-14ea-468b-8913-86ba2fd99e5d,1.3284579999890411,0.6952499998078565,2.0237079997968976,1
bfee3663-6a11-402f-80b0-921f3d527490,2.7317499998389394,0.7747499998913554,3.506499999730295,1
f07a8062-d41b-42ba-baea-bec1b4aa7b6e,1.9915000002583838,0.7190829996943648,2.7105829999527487,1
17734d9a-ca57-4f6e-9f01-d49f6a065d0f,1.9710840001607721,0.7274999998116982,2.6985839999724703,1
889f9d01-d342-4c36-9213-354e2da84b6a,2.369291999912093,0.788000000284228,3.157292000196321,1
c0a5ea56-1e4b-43a0-8705-c281d6868a3a,2.435291999972833,0.9142499998233689,3.3495419997962017,1
513e1ad8-2a9e-48d9-9fd5-9fe7edebf3c2,2.0663749996856495,0.8669580001878785,2.933332999873528,1
43378e45-0312-4b51-a2ec-16dda1e7da41,2.34229099987715,0.7278749999386491,3.0701659998157993,1
bdb39eef-0279-4306-abcc-dced7227e188,1.946874999703141,1.0077910001200507,2.9546659998231917,1
37728b1a-4194-4c9d-bcfc-9f0687898b6f,2.5660410001364653,0.730083999769704,3.2961249999061693,1
0df8e583-8492-4443-8744-d16796efbda5,2.0890840000902244,0.8233749999817519,2.9124590000719763,1
b34b2c39-c9ba-4ece-bae8-e31ffbdeff2b,2.157208999960858,0.7899580000412243,2.947167000002082,1
598d2d55-794a-49bf-8c1d-8dec22275634,1.9861669998135767,0.7741670001450984,2.760333999958675,1
8f2fe0c7-094e-44c4-9cc4-0de1fcd7f592,2.0129580002503644,0.8018329999686102,2.8147910002189747,1
ee60bda1-6dbe-47fe-a432-0a38ed6f4850,2.2839580001345894,0.7076249999045103,2.9915830000390997,1
3be6dd17-da47-463a-8805-1e27f3f7ea56,2.1302499999364954,0.6785000000490982,2.8087499999855936,1
a3789fef-8f7a-4398-b0bb-6bd292b94ca2,2.0752079999510897,0.7764169999973092,2.851624999948399,1
8641664d-ca70-4f1b-8de7-7e971073e0cf,1.6514160001861455,0.7702499997321866,2.421665999918332,1
a261c5b4-cbe2-434c-b1ab-1b93913a901b,1.4926660001037817,0.7007919998613943,2.193457999965176,1
9313d0a9-3126-490b-8ee1-897012975fd2,1.3948329997219844,0.751417000174115,2.1462499998960993,1
b5914905-0a99-46e7-812c-0ef8a8c86ac2,2.433208000184095,0.7408749997921404,3.1740829999762354,1
7b3152e8-fd6b-446f-86e0-ac44e6208b6a,1.9582499999160063,0.7447499997397244,2.702999999655731,1
da714736-9f31-41c4-bf3b-0a2c60c47810,1.4902919997439312,0.6935830001566501,2.1838749999005813,1
66b502a0-ae86-4b6f-a146-15a466aa2c1f,1.3751250003224413,0.6982499999139691,2.0733750002364104,1
56b3232f-a5d1-4e9d-8d43-589db237508c,1.4699159996780509,0.8375420002266765,2.3074579999047273,1
4c669e70-2b7e-4347-b573-9e046fa5a94e,1.5373750002254383,0.8567079999011185,2.3940830001265567,1
c092ca94-f08e-4ba3-a620-f867b66f62d5,1.4101669999035948,0.7685830000809801,2.178749999984575,1
ea850232-af73-4512-82b0-6abdc8c0c1cc,1.3237500002105662,0.6680409996988601,1.9917909999094263,1
799dccb1-b9f9-4edd-b7d7-1846a5d4712c,1.3474170000336017,0.7223749998956919,2.0697919999292935,1
91455f66-5716-44bd-892f-fa5aac9e27db,1.8644580000000133,2.0239590003257035,3.888417000325717,1
00447804-3f1b-44f2-bde3-fbad9924b212,1.3757499996245315,0.7167080002545845,2.092457999879116,1
90c7df78-7043-4e0e-80dd-7224d3cab132,1.4187909996508097,0.777749999997468,2.1965409996482776,1
c9d2b643-3ebf-49eb-a865-c84e9d82b553,1.4432499997383275,0.7210410003608558,2.1642910000991833,1
693c2483-7655-4bec-8540-107ab22946a9,1.477041999805806,0.780041000325582,2.257083000131388,1
e9fa15d8-32ae-471d-962a-cdb93561a6e7,1.5583750000587315,0.7269580000865972,2.2853330001453287,1
23abdab8-4c69-4d30-9845-cf8fec17f968,1.4185420000103477,0.7307920000130252,2.149334000023373,1
ce775fcc-ead4-40b8-afbf-bc2110bfd164,1.6886250000425207,0.8415420002165774,2.530167000259098,1
17e2e36e-8928-437f-8e83-2d93a5958fb6,2.2729590000380995,0.7694999999330321,3.0424589999711316,1
b62151d0-6284-464d-86cc-dd4f43b305e4,1.5329160000874253,0.7902089996605355,2.323124999747961,1
5a471918-6dba-465c-a1f8-96c1b66326b8,1.5082909999364347,0.6562090002262266,2.1645000001626613,1
1bdbb400-06e7-4d6b-a119-ec931a2f10d6,1.3302920001478924,0.690541000039957,2.0208330001878494,1
3c4858fc-1cc2-4960-bf95-fe199857fba3,1.4336669996737328,0.7415420000143058,2.1752089996880386,1
4c210477-710e-4bdb-8b14-905f60fb74a0,1.527541000086785,0.8514999999533757,2.3790410000401607,1
df4d6550-8761-4355-874e-bdc354f0d730,1.4853339998808224,0.7248749998325366,2.210208999713359,1
d818fe00-6073-4f57-944e-6abf6f454119,1.3762080002379662,0.6612089996451687,2.037416999883135,1
5c57b37b-5465-4616-a07d-e402665a2389,1.3980420003463223,0.7402919995911361,2.1383339999374584,1
5f847aed-6e39-41b3-bfa4-f5fcd365de8e,1.8464169997969293,0.7089169998835132,2.5553339996804425,1
9af89696-e86c-4f99-bf4c-db403a64e904,1.4520419999826117,0.785249999808002,2.2372919997906138,1
72722044-8e8e-4328-a7ca-2b3bb5e8f483,1.5101249996405386,0.6785000000490982,2.1886249996896368,1
f1b16ab5-5140-4492-99e3-9db8fa55cb83,1.3102089997119037,0.7111660002010467,2.0213749999129504,1
ea80ee7a-a700-465c-95a0-fd8856f17336,1.4121660001364944,0.7487919997402059,2.1609579998767003,1
057c7f2f-59b8-4c1c-ae0e-d08f01c6cbc5,1.5015419999144797,0.7945409997773822,2.296082999691862,1
e5e9df42-e10a-4940-ac13-ea0f3822cc76,1.4992080000411079,0.7235420002871251,2.222750000328233,1
9581fa8f-1b61-4342-8c16-f5501815f2b6,1.3312920000316808,0.6587079997188994,1.9899999997505802,1
c0ee6d3b-30cb-45b4-96c2-9804b7235ea1,1.2930829998367699,0.7293749999917054,2.0224579998284753,1
fec5f286-b194-40c6-9bbb-91b69b5816d4,1.4252500000111468,0.7699589996263967,2.1952089996375435,1
6382f996-76e2-494f-8be2-6863a0242536,2.404124999884516,0.703082999734761,3.107207999619277,1
c7c41455-baf7-4fed-afd0-c04e28bf8f3e,2.216625000073691,0.6934170000931772,2.910042000166868,1
46014f24-dba4-4bbc-8e62-aa77cdd19950,1.896708000003855,0.7126669997887802,2.609374999792635,1
fb5f8d8c-2637-4dca-af3c-c48ce4d21737,1.9354169999132864,0.7393750001938315,2.674792000107118,1
7fe0119b-f156-40e5-b7b8-01a65d620240,2.1879160003663856,0.7823339997230505,2.970250000089436,1
eb0828f5-a15f-4c38-85f0-3c0c2c18b0c7,2.0864170001004823,0.7387910000034026,2.825208000103885,1
91532335-4282-4593-9b0b-c6381c9a4794,1.8803339999067248,0.7140829998206755,2.5944169997274003,1
5088bdd1-deb5-4124-89ef-fa4da6eae9ff,1.490791999913199,0.6896670001879102,2.1804590001011093,1
1cea503f-3675-479c-8703-df1512e255b2,1.4214580000952992,0.73645900010888,2.157917000204179,1
d5807c04-8cc8-4cd7-8a1b-ffc17c977d8b,2.5499579996903776,0.7000000000516593,3.249957999742037,1
2273d4be-489f-460e-9ff1-4855bc67fe22,1.7773750000742439,0.7208750002973829,2.498250000371627,1
44e4cc9d-22d2-46fc-9275-b0a79210ded2,1.8275000002176967,0.7781249996696715,2.605624999887368,1
31d95725-1f05-47b0-8b30-acf1135caefb,1.4327499998216808,0.6810830000176793,2.11383299983936,1
7a645ede-01f3-4ecd-8c34-fd1356243b51,1.3592089999292511,0.6911659997967945,2.0503749997260456,1
a5c872f5-d626-40a1-9aef-c32fa9558185,1.3634589995490387,0.7947080002850271,2.158166999834066,1
2365ddda-7fb5-4397-8922-46190d392c30,1.4774159999433323,0.8260420004262414,2.3034580003695737,1
15cb7280-b873-4f97-b562-cac47a6fe9bd,1.434208000318904,0.7195419998424768,2.1537500001613807,1
82544e8d-64bd-445a-9f06-95ab07e27149,2.903916999912326,0.6896670001879102,3.593584000100236,1
c8f1b350-07ae-43cb-97a0-66525532b094,1.92349999997532,0.6679160001112905,2.5914160000866104,1
7e13dd19-ab50-49d2-8ffc-478841065605,1.9479579996186658,1.3985000000502623,3.346457999668928,1
268379bb-9ff4-4865-8cdf-53905de59d70,2.007082999625709,0.6527090004055935,2.6597920000313025,1
9da1985b-b71f-46ac-a026-13d25dc5ea95,2.047749999746884,0.6287080000220158,2.6764579997688998,1
57cb2b68-e7ab-44f6-ba43-241f9b2107d7,1.8285420001120656,0.6510419998448924,2.479583999956958,1
f25f8f23-3ebc-4612-bd1b-3e66d43ba2c1,1.7937500001607987,0.8142080000652641,2.6079580002260627,1
0deaefbb-cbd4-4ef7-a34c-bdaf69a14606,2.386500000284286,0.7438329998876725,3.1303330001719587,1
72419cc1-639a-4d5a-a7dc-20acf8d47e13,2.0377499999995052,0.6814579996898829,2.719207999689388,1
d7f80288-5b69-4d20-a49e-6976d15e9de6,2.313666000191006,0.639208999928087,2.952875000119093,1
329fc849-f238-4d1d-97bb-8e4a047d4f0b,2.051542000117479,0.6614999997509585,2.7130419998684374,1
411e9fd6-5b0a-4fb8-ac66-f65cd7052cdf,2.1832080001331633,0.6730830000378774,2.8562910001710407,1
321a102b-7890-4eb3-a4f0-0967ae04744b,2.0103329998164554,0.6290000001172302,2.6393329999336856,1
4a1b5b40-9060-43ee-9190-d7d3f50b4499,1.8806250000125146,0.7890829997450055,2.66970799975752,1
e8402326-2f35-436a-bd6f-5e884536b595,2.3022499999569845,0.7427499999721476,3.044999999929132,1
426a7612-9f04-4b45-82ef-b605d234655a,2.1358750000217697,0.7476250002582674,2.883500000280037,1
236f1980-56e0-49c1-b88a-c3e95df8a70b,1.8830839999282034,0.7221250002658053,2.6052090001940087,1
59c3dc34-a645-4d36-8b15-e72ab3b11679,1.5911670002424216,0.6579579999197449,2.2491250001621665,1
7f086488-d08f-4a45-b850-80cfe1779005,1.430415999948309,0.706709000041883,2.137124999990192,1
e6a2a58c-e74e-477c-ac53-9e63cf02527f,1.355167000383517,0.6471249998867279,2.002292000270245,1
2433a4c6-f9d0-4e66-b8cc-0bbb8367d31f,1.452500000141299,0.626708000254439,2.079208000395738,1
0c2550c7-57df-4e99-b128-df6579e0960c,2.0384580002428265,0.7270829996741668,2.7655409999169933,1
aecad422-696e-4e4e-8455-2111133b18b8,1.612042000033398,0.7157919999372098,2.3278339999706077,1
f02903d9-fe66-49ca-86aa-530fdd11c5ad,1.4262919999055157,0.6412499997168197,2.0675419996223354,1
794240be-4bfb-4bf5-8181-77721ed9dac6,1.296832999742037,0.6960420000723389,1.9928749998143758,1
c6cef36f-fd21-48d2-b96e-139b8694d6f8,1.3788329997623805,0.7813339998392621,2.1601669996016426,1
7971ae88-a655-476e-aa2d-b4e4b7b1c7a7,1.487667000219517,0.8618329998171248,2.3495000000366417,1
c3361fe2-640f-44c1-8c45-adfba1ff743b,1.4882079999551934,0.6737920002706232,2.1620000002258166,1
540c8d4b-4f6c-4c6a-a5ff-18a0b80cbf27,1.3611250001304143,0.6998750000093423,2.0610000001397566,1
334c9960-7b5a-4cfb-b09d-f2bc245105d8,2.71129100019607,0.68445899978542,3.39574999998149,1
65846783-1137-46d7-b663-484ccb991402,2.0947090001754987,0.8097079999060952,2.904417000081594,1
7f2062d3-72c7-47fd-a5e1-03f2618a6c47,1.574207999965438,0.7234170002448082,2.297625000210246,1
7b2d2b79-1628-4a39-b05d-8b993d9072c2,1.4017499997862615,0.708791000306519,2.1105410000927805,1
6326521b-582b-4d64-a69b-1acbdbe1e424,1.3185410002733988,0.7097089996932482,2.028249999966647,1
85adb023-cdb5-4b36-b680-2baa2ed026c8,1.4257500001804146,0.7200420000117447,2.1457920001921593,1
a628445a-3ed8-4759-9b8f-1c8cee2d1555,1.494457999797305,0.7787079998706758,2.273165999667981,1
ef61f3d0-c710-4d85-b2e0-b9114a6a16e8,1.3665839996974682,0.747208000120736,2.113791999818204,1
0c1d8bd0-fa23-49cb-8de8-03752fc27001,1.4754999997421692,0.7980410000527627,2.273540999794932,1
d9683425-1aef-4d23-8063-e4e5f284fb2b,1.4932090002730547,0.8522499997525301,2.345459000025585,1
4ca14b2e-d2d6-4395-8e91-cda4383b6212,2.838083999904484,0.7370000002993038,3.5750840002037876,1
74285ecb-735a-48b9-a5be-4272a783b0f1,1.90775000010035,0.7733749998806161,2.681124999980966,1
7208d004-2bae-469a-ab15-124c9cb6c4f7,1.8755420001070888,0.7636669997737044,2.6392089998807933,1
8d247b14-f1fe-4ed9-940e-df2befb32057,1.5412500001730223,0.6989170001361344,2.2401670003091567,1
e7cd7650-f4b5-4f90-b369-4a1e2773c9a4,1.3838340000802418,0.6754999999429856,2.0593340000232274,1
ade30006-e095-45fa-bf53-a9e32e1a3370,1.338207999651786,0.6527090004055935,1.9909170000573795,1
400c32a8-378d-4f02-9f23-f9bedbe3cd67,1.4430420001190214,0.766916999964451,2.2099590000834723,1
b14ddef7-916b-4dc0-9d55-17fc29f11a91,1.5390829998978006,0.759167000069283,2.2982499999670836,1
9fdbb831-88d5-4185-9056-8153639c3a9f,1.4908339999237796,0.6949160001568089,2.1857500000805885,1
72f85a0a-4a33-4a7b-9d3e-2e18b280155d,1.2922920000164595,0.6373330002134026,1.929625000229862,1
07c106f7-7757-43a3-9e11-52b8dd1f3d9f,2.8701249998448475,0.698959000146715,3.5690839999915625,1
22ea49d8-02a2-4022-b810-4a70c06efa06,2.0968339999853924,0.657250000131171,2.7540840001165634,1
615aac39-57ed-40cf-bdf6-6f28fb1c3590,2.1495830001185823,0.7022079998932895,2.851791000011872,1
4ff2e008-1164-4e0e-acb1-98827c3dd5a2,2.2265420002440806,0.6691670000691374,2.895709000313218,1
6fb197ca-d582-4cef-b41b-dcfda20f3bfc,1.893042000119749,0.6656249997831765,2.5586669999029255,1
2c304021-0a78-4be3-87f2-1b5dbf6b5264,1.7273339999519521,2.5095830001191644,4.2369170000711165,1
f66a2c6e-aa25-4927-bcf2-03d06d124d78,1.5636250000170548,0.6863329999760026,2.2499579999930575,1
3631f664-03ca-4721-9a18-9d3cf87fd9fa,1.3539579999815032,0.6902089999130112,2.0441669998945144,1
f3b92d8e-6071-4bb4-a81e-cb26ebb38e4d,2.714415999889752,0.7305419999283913,3.4449579998181434,1
65781c5f-a44d-4aeb-9f55-c19ccec8906c,1.6620420001345337,0.7697080000070855,2.4317500001416192,1
334362cc-a542-4e87-b277-ab94679938ab,1.5868750001573062,0.6932920000508602,2.2801670002081664,1
48d074b1-5f35-4280-ba75-7bc7e8935093,1.3797080000585993,0.7006669998190773,2.0803749998776766,1
285c14a4-bd06-4457-9c0a-f9c52c9dfb90,1.3472499999807042,0.6643339997935982,2.0115839997743024,1
10e381f6-68c8-40f5-8567-74b3802351af,1.4193749998412386,0.7866669998293219,2.2060419996705605,1
ba6c4269-df02-45b7-9539-df383922e672,1.494457999797305,0.8498749998580024,2.3443329996553075,1
a97be5c7-1dc5-4626-80b8-2dbd1ecf6dc7,1.392540999859193,0.6620420003855543,2.0545830002447474,1
3898489d-af7c-4c18-aff9-8f2be159f02c,1.3825840001118195,0.7357499998761341,2.1183339999879536,1
03360120-d225-4960-b32d-b2237f89f310,1.310000000103173,0.7533749999311112,2.0633750000342843,1
a1dbf122-e2cd-4a84-bd11-454117a6a2ba,1.628750000236323,0.6467919997703575,2.2755420000066806,1
dc49a348-4810-401c-9116-f42a9079f1cf,2.1832499996889965,0.6798340000386816,2.863083999727678,1
6f1a3de1-1377-4f5b-8a4f-14aacec75b1d,2.363791999869136,0.7133750000321015,3.0771669999012374,1
d0968e18-9938-4578-8a59-bc066fc690c2,1.9456249997347186,0.7467909999832045,2.692415999717923,1
604facda-f50c-486b-8b4b-5571a3a553a1,1.9589590001487522,0.7847500000934815,2.7437090002422337,1
008317d6-4dc5-4dc3-8069-7c037fcded86,2.342374999898311,0.7314579997910187,3.07383299968933,1
24853f93-849b-401d-8cb5-8291a329fef5,2.1957500002827146,0.6588749997717969,2.8546250000545115,1
7f5e0a0d-c088-4f89-8e16-87fa343c4631,2.048500000000786,0.671708000027138,2.720208000027924,1
b334795a-6397-4f42-ab88-188e60edb4e1,2.1261670003696054,0.6662079999841808,2.792375000353786,1
96707a2b-998d-409f-8a47-114536dcdf04,2.315625000392174,0.6697919998259749,2.985417000218149,1
a85b7640-03e5-4cca-a5cd-efe54f202e18,1.8667920003281324,0.6520409997392562,2.5188330000673886,1
e4fa4c32-06d1-455b-870e-55ecb08843a8,1.8435000001773005,0.7866659998398973,2.630166000017198,1
5d5290e1-8ad4-4212-acac-8f6e57f74404,2.4285419999614533,0.7132920000003651,3.1418339999618183,1
d32fa8bd-752e-4d49-a468-64851b4bce95,2.27045800011183,0.6954170003155014,2.9658750004273315,1
29023cee-4d49-47fc-9c74-381233e82381,2.246250000098371,0.6563329998243717,2.9025829999227426,1
33365b12-7bf6-4c5c-9a5b-7075a214519a,2.2874169999340666,0.680249999732041,2.9676669996661076,1
f1ec5be3-a6d4-4410-81cb-4f89403ca2a5,2.1809999998367857,0.6917499999872234,2.872749999824009,1
1c3d1a4a-f79f-4d76-9c32-a22f152a04d1,1.9825419999506266,0.757791000069119,2.7403330000197457,1
1a98b3f0-72ec-4fdd-a242-28539e3069d8,2.0713330000035057,0.8022500001061417,2.8735830001096474,1
0bb5e7f2-dbc0-4974-99bc-967d5cb6bcc2,1.5242919998854632,0.7223329998851113,2.2466249997705745,1
b0c62058-1345-4682-beda-f95dc7a21c8e,2.8581659998963005,0.7107920000635204,3.568957999959821,1
225416da-8e08-4cac-8332-73ce6ba1252e,1.9116670000585145,0.6583750000572763,2.570042000115791,1
cdc02898-2167-45a2-bb5b-77124e3e0d5d,1.9383750000088185,0.7618330000696005,2.700208000078419,1
4508aab3-455c-4628-918e-3c18d5ceebdd,1.4883750000080909,0.7106250000106229,2.1990000000187138,1
bc761770-7e15-4e71-9974-c8fbdb1002cf,1.4096670001890743,0.7249159998536925,2.134583000042767,1
0cb8cff1-9e0a-4eec-bcf6-41d1e89c2bfe,1.3948330001767317,0.7061669998620346,2.1010000000387663,1
3651a6b7-69e8-4686-84ff-310b7f022ebb,1.4999159998296818,0.8513339998899028,2.3512499997195846,1
6789af5e-c0ec-4e40-a55d-ee35db7814aa,1.5370830001302238,0.6637920000684971,2.200875000198721,1
59f62f9f-d0cb-4664-b9df-420cb2490197,1.3794999999845459,0.755042000037065,2.134542000021611,1
3fcea95c-abd0-4e98-8851-fbaea8caade3,1.30695799998648,0.7545420003225445,2.0615000003090245,1
edc745de-afd6-4f23-8213-3c6d282d9cf7,2.709708000111277,0.8354579999831913,3.5451660000944685,1
abf13233-4944-4fca-9567-336c8d5d67cd,1.3202919999457663,1.2927500001751469,2.613042000120913,1
488e54d2-bd5f-4ee8-bc1d-2b7d34a21daa,1.372708000417333,0.6673749999208667,2.0400830003382,1
3160beec-f050-4839-bc94-cd0a0e14941b,1.3943750000180444,0.6772090000595199,2.0715840000775643,1
84fbc9f2-6982-4e52-bdd4-7dc61de0f8cf,1.34479200005444,0.654499999654945,1.999291999709385,1
b4e4fc00-6e30-4f8e-a800-bdad4eb3c085,2.699250000205211,0.7194159998107352,3.4186660000159463,1
009c3129-b1fd-4d1f-b8d9-034d754a7e46,2.2090830002525763,0.6762499997421401,2.8853329999947164,1
e4aa11f4-93bb-46b8-8ebc-de0d54272a5d,2.1257920002426545,0.668665999910445,2.7944580001530994,1
6af0dc3b-2875-44aa-b7e2-518fff268bd5,2.2699579999425623,0.627584000085335,2.8975420000278973,1
ad218294-a3b6-4287-9234-06e348d9b33a,1.8934169997919525,0.6653750001532899,2.5587919999452424,1
8d33280c-e53c-4501-9741-67e851f53e18,1.4412079999601701,0.8058749999690917,2.247082999929262,1
dfb29396-6be0-4a1a-b208-7e9f637f4882,1.4150829997561232,0.6694170001537714,2.0844999999098945,1
530d9514-3726-43aa-9a48-2b7f79c50728,1.4179999998304993,0.7225839999591699,2.140583999789669,1
598f3476-aec5-477a-88b0-dc9353022856,1.4218330002222501,0.7706249998591375,2.1924580000813876,1
efc88e2e-7df4-4ccc-acc1-077ad7524a37,2.756584000053408,0.7685000000492437,3.5250840001026518,1
4a275030-b582-4f7a-9342-69959d7b98e0,1.6142500003297755,0.7057499997245031,2.3200000000542786,1
6c8efb7c-551c-47fe-9b72-43e84b3c29eb,1.4526659997500246,0.6859590002932237,2.1386250000432483,1
7e4ff5f5-0d5d-4693-a75d-f7bb0baff2b0,1.3229999999566644,0.660083000184386,1.9830830001410504,1
f31954f3-145a-43a0-8cf5-4525647d54a0,1.4966660000936827,0.8214170002247556,2.3180830003184383,1
437eef63-b568-463b-be52-25a9969145d5,1.4596249998248823,0.8212920001824386,2.280917000007321,1
8ddbe738-7b33-441a-ac15-bcae26378ab8,1.4866659998915566,0.6751670002813626,2.161833000172919,1
f2a471cb-23db-4e89-baae-03bf47456375,1.438290999885794,0.6645419998676516,2.1028329997534456,1
c0d42752-5a31-42a5-b9ad-b8b5f67ece37,2.9057500000817527,0.6252089997360599,3.5309589998178126,1
0a87de0d-e03c-4c4f-920f-2a34414642ee,1.5724169998065918,0.7782920001773164,2.350708999983908,1
dca60bdb-a30e-40dd-a027-51bee5d88203,1.5700420003668114,0.6662499999947613,2.2362920003615727,1
2fb90c33-5e18-4186-89c5-0a4830705073,1.3551249999181891,0.6562919998032157,2.011416999721405,1
885aa352-e619-4bb0-b04b-16c90e3b423d,1.3706669997191057,0.7536660000369011,2.1243329997560068,1
a5bd20fb-3d68-4571-9dc2-9a5b79969114,1.5386250001938606,0.8234169999923324,2.362042000186193,1
a8edb07a-d616-4ae4-af0d-fa1af5ed191f,1.4563340000677272,0.6620409999413823,2.1183750000091095,1
ea143d7f-eac7-47c1-a7f7-a8a3beb6121a,1.4238750000004075,0.7031670002106694,2.127042000211077,1
8590cd5d-7846-463e-ba36-ec5acca392d6,1.363875000151893,0.804291999884299,2.168167000036192,1
a01a4629-20be-49c1-a1c5-076cda418bba,1.5303330001188442,0.8080839998001466,2.3384169999189908,1
087478a0-0396-4427-945b-bba8caddca4c,1.5872920002948376,0.7164579997152032,2.303750000010041,1
4b7c67f1-0360-49b3-b224-802cb500728f,1.3137089999872842,0.6623750000471773,1.9760840000344615,1
9428a238-6c51-42c7-8917-1c566b2ee0db,3.1003330000203277,0.7065419999889855,3.8068750000093132,1
f40451cd-20de-43cb-b7fa-8d13232bbd5d,2.126667000084126,0.6829579997429391,2.809624999827065,1
31a895b0-03dc-49b1-a9fd-68f316a08cf0,2.1209579999776906,0.7071249997352425,2.828082999712933,1
0233cf7b-5ddf-44e8-8e88-f1b46f978158,2.3163339997154253,0.6396250000761938,2.955958999791619,1
2832a731-c390-4916-9f61-e08f4b3f8738,1.8845419999706792,0.6742499999745633,2.5587919999452424,1
293b370e-dc0b-44ad-b10b-8d09e7818f7e,1.9458749998193525,0.8433329999206762,2.7892079997400288,1
d2873453-9c48-446c-b8f0-30694d916d1b,1.5252080002028379,0.7623749997947016,2.2875829999975394,1
8e8b63e0-b5c3-4150-86f5-09125674455f,1.4271249997364066,0.6581249999726424,2.085249999709049,1
dc7d490b-f696-448d-97a9-3e4ecd2ade63,1.42370799994751,0.8154170000125305,2.2391249999600404,1
40786801-b81c-4a3f-b559-b53c26c55169,1.4438329999393318,0.7673330001125578,2.2111660000518896,1
9d02ad1f-e4b8-43bf-922c-4dfdd260c1a3,1.5677500000492728,0.664665999920544,2.2324159999698168,1
6a1439e2-924b-42fe-9ac9-7ccabdc03ccb,1.373957999931008,0.7743749997644045,2.1483329996954126,1
a0fef9ca-671d-4e1c-87b5-a2eb55b380c7,1.4931249997971463,0.660665999930643,2.1537909997277893,1
53e810c0-9297-4bc3-a18c-ed0d94ebc061,2.4007500001062,0.6753749999006686,3.0761250000068685,1
c285f4ee-4d1a-4305-b293-5323ec7e8219,2.5256250000893488,0.6308749998424901,3.156499999931839,1
fbeed3cb-4c84-449b-b64e-2384fcb1ac39,1.8507499999032007,0.6604999998671701,2.5112499997703708,1
9ebef154-67b5-4a2a-885d-dac241b23094,2.013583000007202,0.7391669996650307,2.7527499996722327,1
900bb02a-d38e-4c1f-bd0a-6558ea5cfa94,1.5163749999373977,0.7153750002544257,2.2317500001918233,1
9e8e0a2f-6307-4c91-a530-d15a09400b2c,1.438499999949272,0.7407080001939903,2.1792080001432623,1
accba3aa-1f2c-48a9-ab39-f48aff2f12d8,1.5306250002140587,0.7855829999243724,2.316208000138431,1
df9cda10-b8e0-4e78-8093-24f7c395570f,1.4896249999765132,0.6747080001332506,2.164333000109764,1
7be3af7e-79ce-4070-9cb7-828d569159f5,1.401584000177536,0.7462909998139367,2.1478749999914726,1
1087a6d0-5323-4842-b494-39c6b8e6468c,1.4673749997200503,0.7371250003416208,2.204500000061671,1
4ab21f6d-1d0c-4627-a10a-ffab5efa4d57,1.5413750002153392,0.740707999739243,2.282082999954582,1
d3c6bbf4-c46a-4b75-84cd-0995e9410e85,1.3469169998643338,0.7536670000263257,2.1005839998906595,1
1456b04c-9481-4c71-8be9-d83d866b0e5f,1.523916000223835,0.70020899966039,2.224124999884225,1
222900bc-a576-4510-b8b1-3c6a490dabeb,2.7921670002797327,0.6702499999846623,3.462417000264395,1
12784b27-1ecd-48f8-96b9-ea07cea08a06,2.119957999639155,0.623042000370333,2.743000000009488,1
cd95da95-f600-4c5e-b503-5f3023b20626,2.134332999958133,0.6609590000152821,2.795291999973415,1
d7e52f98-bc3d-4329-9044-1ea1514aa828,2.181166999889683,0.6852080000498972,2.8663749999395804,1
3c0ef971-b9fa-47da-9f8f-cd00b597c874,1.3871669998479774,0.7107910000740958,2.097957999922073,1
ad703daa-fb34-41ec-a939-27a17ea23f95,1.469166999868321,0.736125000003085,2.205291999871406,1
24af0ce5-ccc6-47b9-8c3b-1f62988a0444,1.4325000001917942,0.8449580000160495,2.2774580002078437,1
384aaf00-17c1-4abd-9a58-7d4bd0f3e574,3.093667000030109,0.6600000001526496,3.753667000182759,1
38dc733f-67b6-4e2e-9978-685dc454dc42,2.0001249999950232,0.7281670000338636,2.728292000028887,1
f5d2f6cb-bf03-47e0-b90f-59bd55da39ee,1.9919169999411679,0.7641669999429723,2.75608399988414,1
75fd11e9-03fb-4dbc-bdc0-192401dc71c1,1.4963749999878928,1.964624999800435,3.460999999788328,1
063dafad-46cf-410b-910e-8e09a42a3e53,1.3747090001743345,0.7122080000954156,2.08691700026975,1
839e22c3-bbd6-47f5-9402-7d4fcdd522d0,1.4452909999818075,0.7763339999655727,2.2216249999473803,1
1128f24b-170e-4b50-b913-97d70aa136d4,1.3782919995719567,0.75108300006832,2.1293749996402767,1
0f969647-3f83-456d-a184-924b08851102,1.3989580002089497,0.7613329999003327,2.1602910001092823,1
62764a31-9d51-431d-8115-341f6b5fe8f6,1.4360420000230079,0.8546670001123857,2.2907090001353936,1
52c516b0-b47d-40e2-9f36-b48b33abdf60,1.373875000354019,0.7152919997679419,2.089167000121961,1
51a3d589-abca-416e-82f5-b7448e28baae,1.3512919999811857,0.7307079999918642,2.08199999997305,1
96db7f4f-db09-4511-8348-1bf92f28ac46,2.6371250000920554,0.8183749996533152,3.4554999997453706,1
a9be782c-3676-48aa-80c1-f9ae5a2c31d8,1.5786250000928703,0.8107919998110447,2.389416999903915,1
9b07404d-b42a-487e-8ed9-b8ce87e526b7,1.4987910003583238,0.6784170000173617,2.1772080003756855,1
c4ff927a-7b81-443c-b406-88f61ea7cda8,1.392915999986144,0.7831670000086888,2.176082999994833,1
799466a2-6cbc-4b72-b731-b8d6ecd39527,1.42687500010652,0.793249999787804,2.220124999894324,1
da37f4ae-ad4e-4af7-a7c1-67cf0019b2be,1.4014160001352138,0.668958999995084,2.070375000130298,1
6fe10a21-9f02-4329-a62c-bc63a8f28e92,1.3717500000893779,0.7652089998373413,2.136958999926719,1
7457b515-0452-4714-9b73-ea1840824615,1.3792090003335034,0.8492080000905844,2.2284170004240877,1
8518f321-36ac-44e3-8697-5d46f6fc7928,1.4820840001448232,0.7306659999812837,2.212750000126107,1
23ff48b7-60e8-42df-b121-354fb093c8c0,1.4678749998893181,0.7942080001157592,2.2620830000050773,1
1e9c6001-433e-4fee-bf29-19a68f459a3c,1.4814579999438138,0.848417000270274,2.3298750002140878,1
5dce7d8e-7a4b-4981-bc80-7020bcac42aa,6.100957999933598,2.427792000162299,8.528750000095897,1
3b782712-f6d4-439e-b36d-937f646975b5,4.448791999948298,2.7364580000721617,7.18525000002046,1
79712c7c-28d1-44d4-a83c-97890bf2955b,6.136999999853288,1.4099999998506973,7.546999999703985,1
1280a091-60a4-40fa-8f0c-313199bb07d8,5.254582999896229,1.372166999772162,6.626749999668391,1
942177dd-14e8-49b8-91f9-5072eb209ef8,2.139209000233677,1.0475409999344265,3.1867500001681037,1
f578a222-ff3f-4143-a971-4e77c64a7e66,2.3519159999523254,1.0868340000342869,3.4387499999866122,1
b5e4fcfd-a89b-4494-b593-4fa97c80e6b8,1.8325419996472192,0.982958000349754,2.815499999996973,1
63a5f446-3308-40c4-b901-62f35f440785,1.7696249997243285,0.9099590001824254,2.679583999906754,1
ed14b1b5-2d78-42ff-a2b5-52102790b77e,1.7043749999174906,0.7229170000755403,2.427291999993031,1
9db14175-43ff-472d-98f3-90e79f2c7750,1.5764999998282292,0.8853330000420101,2.4618329998702393,1
1e7f9607-4eb1-487d-92fe-5f4cc07f1bea,1.5865829996073444,0.956958000188024,2.5435409997953684,1
d41ef88d-7fa6-4117-93a6-932d37124c48,2.2517080001307477,0.9926669999913429,3.2443750001220906,1
da0361e3-ae9a-41ee-a631-581d71cc3037,2.6367499999651045,0.8173329997589462,3.4540829997240508,1
fce26d34-0598-4fe6-8a36-a3879403875d,2.6915409998764517,0.7465419998879952,3.438082999764447,1
63c1a2fe-5dc1-462e-b2b8-6fa426e44a9b,2.182374999847525,0.8861669998623256,3.0685419997098506,1
b3d8b523-8115-469e-a7e9-47f409293904,1.7117079996751272,0.8736670001781022,2.5853749998532294,1
9dfc50ca-0f4a-4406-9d58-9a137bfa4675,1.731374999963009,1.1583329996938119,2.889707999656821,1
a5190276-827c-4793-91c1-62e3aad4794d,1.611791999948764,0.8734160001040436,2.4852080000528076,1
e99725e2-fdfc-4f52-b039-8a4debdfb564,1.7790000001696171,0.8847919998515863,2.6637920000212034,1
6d8c39cf-4687-46f8-b7a9-230dc424cc13,1.6653749999022693,0.7391670001197781,2.4045420000220474,1
59ab98f7-764f-4a01-9e9c-4b244aa28652,1.6001250000954315,0.7905839997874864,2.390708999882918,1
f145563a-e62d-46d6-b9de-71b07d7bdae7,2.1915000002081797,0.8529579999958514,3.044458000204031,1
926222ff-ec92-40e0-8563-348c07795522,2.178834000005736,1.1973330001637805,3.3761670001695165,1
ad2c66f5-6582-4ae2-acc7-db8f0f7ecde3,3.042416999960551,0.992082999800914,4.034499999761465,1
26788ba9-63da-46a0-b753-3651809f721a,2.441749999888998,0.7328330002565053,3.1745830001455033,1
09705068-900f-440e-8d21-2cad8edac006,2.707250000185013,0.7214579995888926,3.4287079997739056,1
a78962cf-b8f1-4bc4-8e1e-6e431e17bfb5,1.8406670001240855,1.0177499998462736,2.858416999970359,1
69ff7ac9-b49e-4ec0-af29-e268db7229ef,1.9733340000129829,1.4404580001610157,3.4137920001739985,1
0e5bcf64-1705-48bc-854e-fd221c768096,1.968374999705702,1.032167000175832,3.000541999881534,1
d5845f4d-bc45-474b-b68b-57e4a6fa890f,1.9214589997318399,0.9038329999384587,2.8252919996702985,1
8713ff37-09cb-48ce-b8f6-b5ccb06a4b43,2.789958999983355,0.7266659999913827,3.516624999974738,1
e75283b6-30d5-4a17-8a51-87f0f331abf0,1.749166000081459,0.7634590001543984,2.5126250002358574,1
04bc05ce-e324-4fbd-b260-f19ab0d4a06a,1.8406670001240855,0.9252909999304393,2.7659580000545247,1
bbc8054b-c4ac-4be9-a449-a1497c90dd96,2.4329160000888805,1.1317920002511528,3.5647080003400333,1
c8661c14-7cfc-4936-a3fc-430b431744c4,1.7677909995654773,0.8596670004408224,2.6274580000062997,1
707eb811-8e74-40e0-ad6f-24f51994e0dc,1.9422909999775584,0.8577089997743315,2.79999999975189,1
c3cd127c-1085-46d5-9ce5-168a7751ab67,1.6965830000117421,0.7572919998892758,2.453874999901018,1
22dfcae1-0b63-44d0-86e5-d9e3f31aa8d2,1.4635409997936222,0.8296249998238636,2.293165999617486,1
b6983311-917a-4ae8-baae-571469c2d575,1.5882500001680455,0.8966669997789722,2.4849169999470178,1
c451db5d-89b3-44c6-83c1-b9d87a7d2364,2.4774170001364837,1.0039580001830473,3.481375000319531,1
fc3a76d6-92d9-4144-86d5-7a2ccd2ffd1f,2.7218750001338776,0.8324999998876592,3.554375000021537,1
5eb00cfd-58a3-4b3a-bbb1-0d636fce1a92,3.683749999709107,0.8965830002125585,4.580332999921666,1
152c6d01-6d95-4143-9803-db1e32c8ecd7,1.8082500000673463,0.8420829999522539,2.6503330000196,1
33cadec0-5d6f-4011-b4a2-ede9454c8759,1.7102500000873988,0.8523330002390139,2.5625830003264127,1
0a869b5b-f04f-4798-bd36-6e19ffae1f23,2.044415999989724,0.9078750003936875,2.9522910003834113,1
bc24af83-df83-4357-a7a2-368e4317cd50,1.6586249998908897,1.0429579997435212,2.701582999634411,1
04ea249c-9da9-479b-a803-23ab8c50990d,1.7987499995797407,0.8190000003196474,2.617749999899388,1
3b69aef3-9176-4d82-b080-e0a15fe94a8f,1.536207999834005,0.7072079997669789,2.243415999600984,1
6804f3b5-2201-4d56-b801-5ddc118689db,1.5950420001900056,0.8082079998530389,2.4032500000430446,1
62870f21-497d-4c54-a998-375624d7e0f3,1.6000410000742704,0.8889169998838042,2.4889579999580747,1
15d4db9a-e59a-42de-a394-bd9095f24e03,1.7666670000835438,1.0864579999179114,2.853125000001455,1
8ef58513-039e-4cdb-9d83-6e1a36824d6a,2.729541999997309,0.9772079997674155,3.7067499997647246,1
3da5777e-b792-4f49-bbc0-80636cd6e7e1,2.590916999906767,0.8885410002221761,3.4794580001289432,1
6a34f654-81ea-47ed-aba3-3b4aec0eba1e,1.7270829998778936,0.8859169997776917,2.6129999996555853,1
c8583a5a-09a7-4403-95ba-16df8c734a6d,1.5234580000651476,0.7477919998564175,2.271249999921565,1
fc621190-f5ac-4c6a-82c1-f1cf93f2a0fa,1.8225419998998404,1.0528749999139109,2.8754169998137513,1
264bc80c-bb7d-46b5-bf41-02a89b9789d6,2.2162919999573205,1.0351250002713641,3.2514170002286846,1
cc67bb49-d93d-466f-a103-3811807f7fc9,1.8962089998240117,0.8499579998897389,2.7461669997137506,1
bd039edc-acc5-48f0-8cde-11aec8d3546b,1.5869999997448758,0.9520830003566516,2.5390830001015274,1
83c2fe65-ab00-4261-bbe0-2d5b62f1f16f,2.669291000074736,0.7726250000814616,3.4419160001561977,1
0317596a-c66c-4358-b8cb-50e45f8a99ab,2.527250000184722,0.8407089999309392,3.367959000115661,1
43c2d78b-d521-4499-a259-2206d0c77caf,2.782041000045865,1.0808339998220617,3.862874999867927,1
09ddfa7a-bf95-4978-8199-641cc507740c,2.626083999984985,0.8978330001809809,3.523917000165966,1
d9105fa5-7641-48bf-b001-7e5038cd5478,3.035916000044381,0.7090419999258302,3.744957999970211,1
bd29846b-4625-4973-8512-0b3dc7302600,1.8873750000238942,0.8956669998951838,2.783041999919078,1
e50bbed5-62f0-43f0-be84-3f8f74428343,1.5510000002905144,0.8904159999474359,2.4414160002379504,1
76b3ce0a-c3ee-48ab-93a1-c69372b44f4e,2.0726249999825086,1.029000000016822,3.1016249999993306,1
aad5ecd8-2140-4acc-a409-bcf9230d6e81,1.7969579998862173,0.9759170002325845,2.772875000118802,1
53d8dacb-e352-4e3b-8de3-eea65b711660,1.77683399988382,0.8096249998743588,2.586458999758179,1
5a66d6b0-8975-4ae7-951f-c81e0df64e20,1.8777079999381385,3.7320000001273,5.609708000065439,1
0abe027b-37aa-44da-b465-a0e26131b45e,1.5573750001749431,0.8741249998820422,2.4315000000569853,1
cebdc9ab-0a83-4c76-a110-d69bf41561c9,2.7211669998905563,0.9867920002761821,3.7079590001667384,1
37229861-743f-4537-b187-a8d0106067d3,2.5567080001565046,0.8284999998977582,3.385208000054263,1
93db4519-9c13-4b78-9a07-74419ac6f4e0,2.537958000175422,0.8060000000114087,3.3439580001868308,1
69614a52-9cc1-4b89-9388-3dbc801701b6,2.418332999695849,0.8081250002760498,3.226457999971899,1
a57d1ae2-e171-429c-afdb-fee98da5e836,2.449499999784166,0.7331250003517198,3.182625000135886,1
33863f9f-8cd2-42db-aadd-ab34e7651157,2.338042000246787,0.6967499998609128,3.0347920001077,1
7d563359-1950-41e9-9f21-0bdf3478eb46,2.1226660001048003,0.7346669999606092,2.8573330000654096,1
76d32d40-28e6-4db4-b3f4-001547e7e0c2,1.8234589997518924,0.8328330000040296,2.656291999755922,1
7ad2f5fa-7011-4385-9b7c-2755b24021ed,1.562333000038052,0.8208329995795793,2.3831659996176313,1
d6836626-493e-4bf5-b4bd-333939642930,1.3837500000590808,0.7334169999921869,2.1171670000512677,1
d3fa2af3-62ae-424a-90a5-259fd91fdd63,1.6752500000620785,0.752332999581995,2.4275829996440734,1
d2d72109-ae34-4696-b65c-bae2cc657925,1.7587500001354783,0.8227920002354949,2.5815420003709733,1
47a753d4-571d-4718-8dd3-f7bb5bc5de3d,1.5143330001592403,0.6993329998294939,2.2136659999887343,1
cda3dc61-5ec9-4ba4-b7e9-d0c6bd5c38ed,1.6864999997778796,0.7272090001606557,2.4137089999385353,1
28901e45-d246-4586-bf30-8819e1ce1e47,2.2424170001613675,0.7312080001611321,2.9736250003224995,1
95e8d2a3-6408-451f-97fb-85f748450438,2.1279999996295373,0.8390840002903133,2.9670839999198506,1
4e7a3f62-3bc1-4734-991a-90fa5a8ce711,2.6116250000995933,0.7750409999971453,3.3866660000967386,1
c64cf126-c91f-4713-8864-b6bf257b7ba9,2.5446670001656457,0.7702080001763534,3.314875000341999,1
f1893405-9195-4bf6-b1b8-97c109544f24,2.0886249999421125,0.7375830000455608,2.8262079999876732,1
f8c84828-49c6-4079-8436-3e02fa91c492,1.6563330000280985,0.7287919997907011,2.3851249998187996,1
0b80d515-d5f3-4728-a46d-a94e90f40b8e,1.5686249998907442,0.7596250002279703,2.3282500001187145,1
efc58ec0-125b-4e51-9792-f79228ff9a9a,1.4951660000406264,1.6312499997184204,3.126415999759047,1
163228ea-73c4-4afb-9417-41a69b3b783c,1.5519580001637223,0.83791699989888,2.3898750000626023,1
5a6df13a-78c3-4364-be0e-1d512a66a1e6,2.7254999999968277,0.7180000002335873,3.443500000230415,1
a2d85f66-3a2d-4471-a0ea-93356ad33d71,2.641749999838794,0.6552499999088468,3.2969999997476407,1
870c5010-169b-482d-aab4-ef8be73c64d8,2.313083999979426,0.830082999982551,3.143166999961977,1
f1740170-73f5-43c1-b962-2ef15baee843,1.6739999996389088,0.7081250000737782,2.382124999712687,1
3e03557b-6283-4022-86e4-abe97d3180e5,2.5353749997520936,0.6732920001013554,3.208666999853449,1
74555b5d-1486-4b8d-b264-253d769ce950,2.058875000329863,0.7754169996587734,2.8342919999886362,1
cc014984-32e3-4c84-abeb-005b6d4b3e03,2.0028330000059213,0.8245829999395937,2.827415999945515,1
5c0f02ee-00d3-4487-83e5-ede4445b7606,1.495749999776308,0.6787500001337321,2.17449999991004,1
ea7bd7a5-3361-4e1a-a02f-6f0e1c777cbb,1.5009170001576422,0.7152080002015282,2.2161250003591704,1
7aa8a5c3-3d14-43ff-a041-9c7984b1367e,1.4936250004211615,0.8304579996547545,2.324083000075916,1
73c7f068-cd59-4a43-ad03-5e646f96fdbc,1.5683749998061103,0.7991250004124595,2.3675000002185698,1
adf30d17-6797-4203-a896-12c44d848f40,1.6064579999692796,0.709999999799038,2.3164579997683177,1
11f8ccbd-6246-4bb4-9474-50d937aed127,1.4325829997687833,0.7526250001319568,2.18520799990074,1
24277858-c2e9-48a6-8720-14bf7dec50dd,1.5342080000664282,0.676708999890252,2.2109169999566802,1
9e54720f-e241-4053-9789-bfc06af015e6,2.633583999795519,0.7042080001156137,3.3377919999111327,1
09cc58f6-9a87-4a96-bced-0eb7d830c4b1,1.7368339999848104,0.676290999763296,2.4131249997481063,1
7fc910e5-35a4-413a-92df-eca75d87f6b2,1.411250000273867,0.713207999979204,2.124458000253071,1
a4bf1f35-c5bd-4015-a4fb-cc5cbac56eb0,1.4246669998101424,0.7217080001282739,2.1463749999384163,1
6a5456a3-4fcb-49d4-b245-31219af4e4ee,1.5423330000885471,0.6857499997749983,2.2280829998635454,1
4f26fc8b-c1b9-4859-8f99-b973e2d0b42e,2.073999999993248,0.7511669996347337,2.8251669996279816,1
4962cdec-fd93-4d1b-8343-b07919f536b9,1.5257500003826863,0.6944579999981215,2.220208000380808,1
e0ae6c11-cecb-448c-ad51-93fbb6603dd6,1.3462920001074963,0.7084160001795681,2.0547080002870644,1
675d7746-fbe6-4ebd-82d1-da70343dc807,1.461041999846202,0.765666000006604,2.226707999852806,1
29ac0fec-d82d-4b0d-8bf6-3714625d5d5a,1.4779159996578528,0.8007500000530854,2.278665999710938,1
b5020ee0-14c8-430c-9e31-c6687c5d1029,1.4114159998825926,0.6856670001980092,2.0970830000806018,1
937d86ee-1c8c-448a-aa73-8fb89f812287,1.4567920002264145,0.751624999793421,2.2084170000198355,1
b5cf68dc-80ff-4ea5-9169-a1c5b730d410,1.412208000147075,0.8207500000025902,2.232958000149665,1
